#File written by RizomUV 2023.0.71.gd738df3e. Compilation :Nov  3 2023,11:50:08
mtllib lanza.mtl
#begin vertices
v 0.033372 -3.021428 0.033372
v 0.045205 -3.021428 0
v 0 -3.021428 0.045205
v 0.033372 0.918817 0.033372
v 0.034312 0.920017 0.034312
v 0.034312 0.937252 0.034312
v 0.033372 0.938452 0.033372
v 0.045205 0.938452 0
v 0.046478 0.937252 0
v 0.046478 0.920017 0
v 0.045205 0.918817 0
v 0 0.918817 0.045205
v 0 0.920017 0.046478
v 0 0.937252 0.046478
v 0 0.938452 0.045205
v 0.033372 1.112049 0.033372
v 0.034312 1.113249 0.034312
v 0.034312 1.130484 0.034312
v 0.033372 1.131684 0.033372
v 0.045205 1.131684 0
v 0.046478 1.130484 0
v 0.046478 1.113249 0
v 0.045205 1.112049 0
v 0 1.112049 0.045205
v 0 1.113249 0.046478
v 0 1.130484 0.046478
v 0 1.131684 0.045205
v 0.034378 1.280097 0.034378
v 0.034517 1.280275 0.034517
v 0 1.229118 0.046543
v 0 1.229295 0.046732
v 0 1.23799 0.046732
v 0 1.238168 0.046543
v 0.034517 1.23799 0.034517
v 0.034378 1.238168 0.034378
v 0.034517 1.229295 0.034517
v 0.034378 1.229118 0.034378
v 0 1.178139 0.046543
v 0 1.178316 0.046732
v 0 1.187011 0.046732
v 0 1.187189 0.046543
v 0.034517 1.187011 0.034517
v 0.034378 1.187189 0.034378
v 0.034517 1.178316 0.034517
v 0.034378 1.178139 0.034378
v 0.045205 1.187366 0
v 0.045394 1.187189 0
v 0.045394 1.178139 0
v 0.045205 1.177961 0
v 0.045205 1.238346 0
v 0.045394 1.238168 0
v 0.045394 1.229118 0
v 0.045205 1.22894 0
v 0.045205 1.289325 0
v 0.045394 1.289147 0
v 0.045394 1.280097 0
v 0.045205 1.279919 0
v 0.033372 1.279919 0.033372
v 0.033511 1.280097 0.033511
v 0.033511 1.289147 0.033511
v 0.033372 1.289325 0.033372
v 0.033372 1.22894 0.033372
v 0.033511 1.229118 0.033511
v 0.033511 1.238168 0.033511
v 0.033372 1.238346 0.033372
v 0.033372 1.177961 0.033372
v 0.033511 1.178139 0.033511
v 0.033511 1.187189 0.033511
v 0.033372 1.187366 0.033372
v 0 1.279919 0.045205
v 0 1.280097 0.045394
v 0 1.289147 0.045394
v 0 1.289325 0.045205
v 0 1.22894 0.045205
v 0 1.229118 0.045394
v 0 1.238168 0.045394
v 0 1.238346 0.045205
v 0 1.177961 0.045205
v 0 1.178139 0.045394
v 0 1.187189 0.045394
v 0 1.187366 0.045205
v 0.034517 1.288969 0.034517
v 0.034378 1.289147 0.034378
v 0 1.288969 0.046732
v 0 1.289147 0.046543
v 0 1.280097 0.046543
v 0 1.280275 0.046732
v 0.046732 1.178316 0
v 0.046543 1.178139 0
v 0.046543 1.187189 0
v 0.046732 1.187011 0
v 0.046732 1.229295 0
v 0.046543 1.229118 0
v 0.046543 1.238168 0
v 0.046732 1.23799 0
v 0.046732 1.280275 0
v 0.046543 1.280097 0
v 0.046543 1.289147 0
v 0.046732 1.288969 0
v 0.051654 0.937252 0
v 0.052918 0.936059 0
v 0.052918 0.92121 0
v 0.051654 0.920017 0
v 0 0.920017 0.051654
v 0 0.92121 0.052918
v 0 0.936059 0.052918
v 0 0.937252 0.051654
v 0.038223 0.937252 0.038223
v 0.039159 0.936059 0.039159
v 0.039159 0.92121 0.039159
v 0.038223 0.920017 0.038223
v 0.038223 1.113249 0.038223
v 0.039159 1.114442 0.039159
v 0.038223 1.130484 0.038223
v 0.039159 1.129292 0.039159
v 0 1.129292 0.052918
v 0 1.130484 0.051654
v 0 1.113249 0.051654
v 0 1.114442 0.052918
v 0.052918 1.114442 0
v 0.051654 1.113249 0
v 0.051654 1.130484 0
v 0.052918 1.129292 0
v 0.033372 0.221746 0.033372
v 0.03394 0.22102 0.03394
v 0 0.22102 0.045974
v 0 0.221746 0.045205
v 0.045205 0.221746 0
v 0.045974 0.22102 0
v 0.036177 -0.003401 0.036177
v 0.035608 0.22102 0.035608
v 0.036177 0.220295 0.036177
v 0.048944 -0.003401 0
v 0.048175 0.22102 0
v 0.048944 0.220295 0
v 0 0.220295 0.048944
v 0 0.22102 0.048175
v 0 -0.003401 0.048944
v 0 -0.028308 0.045205
v 0 -0.027203 0.046377
v 0.033372 -0.028308 0.033372
v 0.034237 -0.027203 0.034237
v 0.046377 -0.027203 0
v 0.045205 -0.028308 0
v 0 -0.008397 0.04998
v 0 -0.007442 0.048846
v 0.036897 -0.008401 0.036897
v 0.036069 -0.007443 0.036069
v 0.048846 -0.007442 0
v 0.04998 -0.008397 0
v 0 -0.027203 0.05254
v 0 -0.026098 0.053711
v 0.038887 -0.027203 0.038887
v 0.039753 -0.026098 0.039753
v 0.053711 -0.026098 0
v 0.05254 -0.027203 0
v 0 -0.009019 0.053711
v 0 -0.008064 0.052551
v 0.039753 -0.009019 0.039753
v 0.038894 -0.008061 0.038894
v 0.052551 -0.008064 0
v 0.053711 -0.009019 0
v 0.049428 -3.071222 0.049428
v 0.066955 -3.071222 0
v 0 -3.071222 0.066955
v 0.049428 -3.076559 0.049428
v 0.066955 -3.076559 0
v 0 -3.076559 0.066955
v 0.040418 -3.129008 0.040418
v 0.05475 -3.129008 0
v 0 -3.129008 0.05475
v 0.040418 -3.135274 0.040418
v 0.05475 -3.135274 0
v 0 -3.135274 0.05475
v 0.030228 -3.135274 0.030228
v 0.040947 -3.135274 0
v 0 -3.135274 0.040947
v 0.030228 -3.27483 0.030228
v 0.040947 -3.27483 0
v 0 -3.27483 0.040947
v 0.019875 -3.467753 0.019875
v 0.026923 -3.467753 0
v 0 -3.467753 0.026923
v 0.012763 -3.635524 0.012763
v 0.016946 -3.641478 0
v 0 -3.641478 0.016946
v 0 -3.654684 0
v 0 1.335601 0
v 0.032307 1.335601 0.032307
v 0.033372 1.334241 0.033372
v 0.043762 1.335601 0
v 0.045205 1.334241 0
v 0 1.334241 0.045205
v 0 1.335601 0.043762
v -0.033372 -3.021428 0.033372
v -0.045205 -3.021428 0
v -0.033372 0.918817 0.033372
v -0.034312 0.920017 0.034312
v -0.034312 0.937252 0.034312
v -0.033372 0.938452 0.033372
v -0.045205 0.938452 0
v -0.046478 0.937252 0
v -0.046478 0.920017 0
v -0.045205 0.918817 0
v -0.033372 1.112049 0.033372
v -0.034312 1.113249 0.034312
v -0.034312 1.130484 0.034312
v -0.033372 1.131684 0.033372
v -0.045205 1.131684 0
v -0.046478 1.130484 0
v -0.046478 1.113249 0
v -0.045205 1.112049 0
v -0.034378 1.280097 0.034378
v -0.034517 1.280275 0.034517
v -0.034517 1.23799 0.034517
v -0.034378 1.238168 0.034378
v -0.034517 1.229295 0.034517
v -0.034378 1.229118 0.034378
v -0.034517 1.187011 0.034517
v -0.034378 1.187189 0.034378
v -0.034517 1.178316 0.034517
v -0.034378 1.178139 0.034378
v -0.045205 1.187366 0
v -0.045394 1.187189 0
v -0.045394 1.178139 0
v -0.045205 1.177961 0
v -0.045205 1.238346 0
v -0.045394 1.238168 0
v -0.045394 1.229118 0
v -0.045205 1.22894 0
v -0.045205 1.289325 0
v -0.045394 1.289147 0
v -0.045394 1.280097 0
v -0.045205 1.279919 0
v -0.033372 1.279919 0.033372
v -0.033511 1.280097 0.033511
v -0.033511 1.289147 0.033511
v -0.033372 1.289325 0.033372
v -0.033372 1.22894 0.033372
v -0.033511 1.229118 0.033511
v -0.033511 1.238168 0.033511
v -0.033372 1.238346 0.033372
v -0.033372 1.177961 0.033372
v -0.033511 1.178139 0.033511
v -0.033511 1.187189 0.033511
v -0.033372 1.187366 0.033372
v -0.034517 1.288969 0.034517
v -0.034378 1.289147 0.034378
v -0.046732 1.178316 0
v -0.046543 1.178139 0
v -0.046543 1.187189 0
v -0.046732 1.187011 0
v -0.046732 1.229295 0
v -0.046543 1.229118 0
v -0.046543 1.238168 0
v -0.046732 1.23799 0
v -0.046732 1.280275 0
v -0.046543 1.280097 0
v -0.046543 1.289147 0
v -0.046732 1.288969 0
v -0.051654 0.937252 0
v -0.052918 0.936059 0
v -0.052918 0.92121 0
v -0.051654 0.920017 0
v -0.038223 0.937252 0.038223
v -0.039159 0.936059 0.039159
v -0.039159 0.92121 0.039159
v -0.038223 0.920017 0.038223
v -0.038223 1.113249 0.038223
v -0.039159 1.114442 0.039159
v -0.038223 1.130484 0.038223
v -0.039159 1.129292 0.039159
v -0.052918 1.114442 0
v -0.051654 1.113249 0
v -0.051654 1.130484 0
v -0.052918 1.129292 0
v -0.033372 0.221746 0.033372
v -0.03394 0.22102 0.03394
v -0.045205 0.221746 0
v -0.045974 0.22102 0
v -0.036177 -0.003401 0.036177
v -0.035608 0.22102 0.035608
v -0.036177 0.220295 0.036177
v -0.048944 -0.003401 0
v -0.048175 0.22102 0
v -0.048944 0.220295 0
v -0.033372 -0.028308 0.033372
v -0.034237 -0.027203 0.034237
v -0.046377 -0.027203 0
v -0.045205 -0.028308 0
v -0.036897 -0.008401 0.036897
v -0.036069 -0.007443 0.036069
v -0.048846 -0.007442 0
v -0.04998 -0.008397 0
v -0.038887 -0.027203 0.038887
v -0.039753 -0.026098 0.039753
v -0.053711 -0.026098 0
v -0.05254 -0.027203 0
v -0.039753 -0.009019 0.039753
v -0.038894 -0.008061 0.038894
v -0.052551 -0.008064 0
v -0.053711 -0.009019 0
v -0.049428 -3.071222 0.049428
v -0.066955 -3.071222 0
v -0.049428 -3.076559 0.049428
v -0.066955 -3.076559 0
v -0.040418 -3.129008 0.040418
v -0.05475 -3.129008 0
v -0.040418 -3.135274 0.040418
v -0.05475 -3.135274 0
v -0.030228 -3.135274 0.030228
v -0.040947 -3.135274 0
v -0.030228 -3.27483 0.030228
v -0.040947 -3.27483 0
v -0.019875 -3.467753 0.019875
v -0.026923 -3.467753 0
v -0.012763 -3.635524 0.012763
v -0.016946 -3.641478 0
v -0.032307 1.335601 0.032307
v -0.033372 1.334241 0.033372
v -0.043762 1.335601 0
v -0.045205 1.334241 0
v 0.033372 -3.021428 -0.033372
v 0 -3.021428 -0.045205
v 0.033372 0.918817 -0.033372
v 0.034312 0.920017 -0.034312
v 0.034312 0.937252 -0.034312
v 0.033372 0.938452 -0.033372
v 0 0.918817 -0.045205
v 0 0.920017 -0.046478
v 0 0.937252 -0.046478
v 0 0.938452 -0.045205
v 0.033372 1.112049 -0.033372
v 0.034312 1.113249 -0.034312
v 0.034312 1.130484 -0.034312
v 0.033372 1.131684 -0.033372
v 0 1.112049 -0.045205
v 0 1.113249 -0.046478
v 0 1.130484 -0.046478
v 0 1.131684 -0.045205
v 0.034378 1.280097 -0.034378
v 0.034517 1.280275 -0.034517
v 0 1.229118 -0.046543
v 0 1.229295 -0.046732
v 0 1.23799 -0.046732
v 0 1.238168 -0.046543
v 0.034517 1.23799 -0.034517
v 0.034378 1.238168 -0.034378
v 0.034517 1.229295 -0.034517
v 0.034378 1.229118 -0.034378
v 0 1.178139 -0.046543
v 0 1.178316 -0.046732
v 0 1.187011 -0.046732
v 0 1.187189 -0.046543
v 0.034517 1.187011 -0.034517
v 0.034378 1.187189 -0.034378
v 0.034517 1.178316 -0.034517
v 0.034378 1.178139 -0.034378
v 0.033372 1.279919 -0.033372
v 0.033511 1.280097 -0.033511
v 0.033511 1.289147 -0.033511
v 0.033372 1.289325 -0.033372
v 0.033372 1.22894 -0.033372
v 0.033511 1.229118 -0.033511
v 0.033511 1.238168 -0.033511
v 0.033372 1.238346 -0.033372
v 0.033372 1.177961 -0.033372
v 0.033511 1.178139 -0.033511
v 0.033511 1.187189 -0.033511
v 0.033372 1.187366 -0.033372
v 0 1.279919 -0.045205
v 0 1.280097 -0.045394
v 0 1.289147 -0.045394
v 0 1.289325 -0.045205
v 0 1.22894 -0.045205
v 0 1.229118 -0.045394
v 0 1.238168 -0.045394
v 0 1.238346 -0.045205
v 0 1.177961 -0.045205
v 0 1.178139 -0.045394
v 0 1.187189 -0.045394
v 0 1.187366 -0.045205
v 0.034517 1.288969 -0.034517
v 0.034378 1.289147 -0.034378
v 0 1.288969 -0.046732
v 0 1.289147 -0.046543
v 0 1.280097 -0.046543
v 0 1.280275 -0.046732
v 0 0.920017 -0.051654
v 0 0.92121 -0.052918
v 0 0.936059 -0.052918
v 0 0.937252 -0.051654
v 0.038223 0.937252 -0.038223
v 0.039159 0.936059 -0.039159
v 0.039159 0.92121 -0.039159
v 0.038223 0.920017 -0.038223
v 0.038223 1.113249 -0.038223
v 0.039159 1.114442 -0.039159
v 0.038223 1.130484 -0.038223
v 0.039159 1.129292 -0.039159
v 0 1.129292 -0.052918
v 0 1.130484 -0.051654
v 0 1.113249 -0.051654
v 0 1.114442 -0.052918
v 0.033372 0.221746 -0.033372
v 0.03394 0.22102 -0.03394
v 0 0.22102 -0.045974
v 0 0.221746 -0.045205
v 0.036177 -0.003401 -0.036177
v 0.035608 0.22102 -0.035608
v 0.036177 0.220295 -0.036177
v 0 0.220295 -0.048944
v 0 0.22102 -0.048175
v 0 -0.003401 -0.048944
v 0 -0.028308 -0.045205
v 0 -0.027203 -0.046377
v 0.033372 -0.028308 -0.033372
v 0.034237 -0.027203 -0.034237
v 0 -0.008397 -0.04998
v 0 -0.007442 -0.048846
v 0.036897 -0.008401 -0.036897
v 0.036069 -0.007443 -0.036069
v 0 -0.027203 -0.05254
v 0 -0.026098 -0.053711
v 0.038887 -0.027203 -0.038887
v 0.039753 -0.026098 -0.039753
v 0 -0.009019 -0.053711
v 0 -0.008064 -0.052551
v 0.039753 -0.009019 -0.039753
v 0.038894 -0.008061 -0.038894
v 0.049428 -3.071222 -0.049428
v 0 -3.071222 -0.066955
v 0.049428 -3.076559 -0.049428
v 0 -3.076559 -0.066955
v 0.040418 -3.129008 -0.040418
v 0 -3.129008 -0.05475
v 0.040418 -3.135274 -0.040418
v 0 -3.135274 -0.05475
v 0.030228 -3.135274 -0.030228
v 0 -3.135274 -0.040947
v 0.030228 -3.27483 -0.030228
v 0 -3.27483 -0.040947
v 0.019875 -3.467753 -0.019875
v 0 -3.467753 -0.026923
v 0.012763 -3.635524 -0.012763
v 0 -3.641478 -0.016946
v 0.032307 1.335601 -0.032307
v 0.033372 1.334241 -0.033372
v 0 1.334241 -0.045205
v 0 1.335601 -0.043762
v -0.033372 -3.021428 -0.033372
v -0.033372 0.918817 -0.033372
v -0.034312 0.920017 -0.034312
v -0.034312 0.937252 -0.034312
v -0.033372 0.938452 -0.033372
v -0.033372 1.112049 -0.033372
v -0.034312 1.113249 -0.034312
v -0.034312 1.130484 -0.034312
v -0.033372 1.131684 -0.033372
v -0.034378 1.280097 -0.034378
v -0.034517 1.280275 -0.034517
v -0.034517 1.23799 -0.034517
v -0.034378 1.238168 -0.034378
v -0.034517 1.229295 -0.034517
v -0.034378 1.229118 -0.034378
v -0.034517 1.187011 -0.034517
v -0.034378 1.187189 -0.034378
v -0.034517 1.178316 -0.034517
v -0.034378 1.178139 -0.034378
v -0.033372 1.279919 -0.033372
v -0.033511 1.280097 -0.033511
v -0.033511 1.289147 -0.033511
v -0.033372 1.289325 -0.033372
v -0.033372 1.22894 -0.033372
v -0.033511 1.229118 -0.033511
v -0.033511 1.238168 -0.033511
v -0.033372 1.238346 -0.033372
v -0.033372 1.177961 -0.033372
v -0.033511 1.178139 -0.033511
v -0.033511 1.187189 -0.033511
v -0.033372 1.187366 -0.033372
v -0.034517 1.288969 -0.034517
v -0.034378 1.289147 -0.034378
v -0.038223 0.937252 -0.038223
v -0.039159 0.936059 -0.039159
v -0.039159 0.92121 -0.039159
v -0.038223 0.920017 -0.038223
v -0.038223 1.113249 -0.038223
v -0.039159 1.114442 -0.039159
v -0.038223 1.130484 -0.038223
v -0.039159 1.129292 -0.039159
v -0.033372 0.221746 -0.033372
v -0.03394 0.22102 -0.03394
v -0.036177 -0.003401 -0.036177
v -0.035608 0.22102 -0.035608
v -0.036177 0.220295 -0.036177
v -0.033372 -0.028308 -0.033372
v -0.034237 -0.027203 -0.034237
v -0.036897 -0.008401 -0.036897
v -0.036069 -0.007443 -0.036069
v -0.038887 -0.027203 -0.038887
v -0.039753 -0.026098 -0.039753
v -0.039753 -0.009019 -0.039753
v -0.038894 -0.008061 -0.038894
v -0.049428 -3.071222 -0.049428
v -0.049428 -3.076559 -0.049428
v -0.040418 -3.129008 -0.040418
v -0.040418 -3.135274 -0.040418
v -0.030228 -3.135274 -0.030228
v -0.030228 -3.27483 -0.030228
v -0.019875 -3.467753 -0.019875
v -0.012763 -3.635524 -0.012763
v -0.032307 1.335601 -0.032307
v -0.033372 1.334241 -0.033372
v 0.006773 1.073404 0.02368
v 0.006773 1.073404 -0.02368
v 0.013447 0.987399 0.02368
v 0.013447 0.987399 -0.02368
v 0.025876 1.039493 -0.02368
v 0.025876 1.039493 0.02368
v 0.043618 1.114927 -0
v 0.043729 0.939081 -0
v 0.058544 1.005582 -0
v 0.058263 1.081016 -0
v 0.038885 1.114927 -0.01184
v 0.038996 0.939081 -0.01184
v 0.053531 1.081016 -0.01184
v 0.053811 1.005582 -0.01184
v 0.053811 1.005582 0.01184
v 0.038885 1.114927 0.01184
v 0.038996 0.939081 0.01184
v 0.053531 1.081016 0.01184
v 0.032465 0.939081 0.020596
v 0.028072 0.945128 0.02368
v 0.030225 0.940852 0.022777
v 0.064461 1.054809 0.02368
v 0.070035 1.05216 0.020592
v 0.069018 1.05851 0.020468
v 0.067628 1.053299 0.022775
v 0.068493 1.055329 0.022442
v 0.070124 1.055458 0.020978
v 0.067107 1.057003 0.022737
v 0.028015 1.111293 0.02368
v 0.032443 1.114927 0.020476
v 0.030156 1.113863 0.022742
v 0.028072 0.945128 -0.02368
v 0.032465 0.939081 -0.020596
v 0.030225 0.940852 -0.022777
v 0.069018 1.05851 -0.020468
v 0.070035 1.05216 -0.020592
v 0.064461 1.054809 -0.02368
v 0.070124 1.055458 -0.020978
v 0.068493 1.055329 -0.022442
v 0.067628 1.053299 -0.022775
v 0.067107 1.057003 -0.022737
v 0.032443 1.114927 -0.020476
v 0.028015 1.111293 -0.02368
v 0.030156 1.113863 -0.022742
v 0.042526 1.009935 0.02368
v 0.04728 1.005582 0.020594
v 0.044934 1.006857 0.022776
v 0.042526 1.009935 -0.02368
v 0.04728 1.005582 -0.020594
v 0.044934 1.006857 -0.022776
v 0.04286 1.076963 0.02368
v 0.047091 1.081016 0.020472
v 0.044861 1.079829 0.022741
v 0.04286 1.076963 -0.02368
v 0.047091 1.081016 -0.020472
v 0.044861 1.079829 -0.022741
v 0.080193 1.058503 -0
v 0.081298 1.052163 -0
v 0.081676 1.055456 -0
v 0.076565 1.052161 -0.01184
v 0.075457 1.058506 -0.01184
v 0.076942 1.055456 -0.01184
v 0.076565 1.052161 0.01184
v 0.075457 1.058506 0.01184
v 0.076942 1.055456 0.01184
v 0.02368 1.073404 -0.006773
v -0.02368 1.073404 -0.006773
v 0.02368 0.987399 -0.013447
v -0.02368 0.987399 -0.013447
v -0.02368 1.039493 -0.025876
v 0.02368 1.039493 -0.025876
v -0 1.114927 -0.043618
v -0 0.939081 -0.043729
v -0 1.005582 -0.058544
v -0 1.081016 -0.058263
v -0.01184 1.114927 -0.038885
v -0.01184 0.939081 -0.038996
v -0.01184 1.081016 -0.053531
v -0.01184 1.005582 -0.053811
v 0.01184 1.005582 -0.053811
v 0.01184 1.114927 -0.038885
v 0.01184 0.939081 -0.038996
v 0.01184 1.081016 -0.053531
v 0.020596 0.939081 -0.032465
v 0.02368 0.945128 -0.028072
v 0.022777 0.940852 -0.030225
v 0.02368 1.054809 -0.064461
v 0.020592 1.05216 -0.070035
v 0.020468 1.05851 -0.069018
v 0.022775 1.053299 -0.067628
v 0.022442 1.055329 -0.068493
v 0.020978 1.055458 -0.070124
v 0.022737 1.057003 -0.067107
v 0.02368 1.111293 -0.028015
v 0.020476 1.114927 -0.032443
v 0.022742 1.113863 -0.030156
v -0.02368 0.945128 -0.028072
v -0.020596 0.939081 -0.032465
v -0.022777 0.940852 -0.030225
v -0.020468 1.05851 -0.069018
v -0.020592 1.05216 -0.070035
v -0.02368 1.054809 -0.064461
v -0.020978 1.055458 -0.070124
v -0.022442 1.055329 -0.068493
v -0.022775 1.053299 -0.067628
v -0.022737 1.057003 -0.067107
v -0.020476 1.114927 -0.032443
v -0.02368 1.111293 -0.028015
v -0.022742 1.113863 -0.030156
v 0.02368 1.009935 -0.042526
v 0.020594 1.005582 -0.04728
v 0.022776 1.006857 -0.044934
v -0.02368 1.009935 -0.042526
v -0.020594 1.005582 -0.04728
v -0.022776 1.006857 -0.044934
v 0.02368 1.076963 -0.04286
v 0.020472 1.081016 -0.047091
v 0.022741 1.079829 -0.044861
v -0.02368 1.076963 -0.04286
v -0.020472 1.081016 -0.047091
v -0.022741 1.079829 -0.044861
v -0 1.058503 -0.080193
v -0 1.052163 -0.081298
v -0 1.055456 -0.081676
v -0.01184 1.052161 -0.076565
v -0.01184 1.058506 -0.075457
v -0.01184 1.055456 -0.076942
v 0.01184 1.052161 -0.076565
v 0.01184 1.058506 -0.075457
v 0.01184 1.055456 -0.076942
v -0.006773 1.073404 -0.02368
v -0.006773 1.073404 0.02368
v -0.013447 0.987399 -0.02368
v -0.013447 0.987399 0.02368
v -0.025876 1.039493 0.02368
v -0.025876 1.039493 -0.02368
v -0.043618 1.114927 -0
v -0.043729 0.939081 -0
v -0.058544 1.005582 -0
v -0.058263 1.081016 -0
v -0.038885 1.114927 0.01184
v -0.038996 0.939081 0.01184
v -0.053531 1.081016 0.01184
v -0.053811 1.005582 0.01184
v -0.053811 1.005582 -0.01184
v -0.038885 1.114927 -0.01184
v -0.038996 0.939081 -0.01184
v -0.053531 1.081016 -0.01184
v -0.032465 0.939081 -0.020596
v -0.028072 0.945128 -0.02368
v -0.030225 0.940852 -0.022777
v -0.064461 1.054809 -0.02368
v -0.070035 1.05216 -0.020592
v -0.069018 1.05851 -0.020468
v -0.067628 1.053299 -0.022775
v -0.068493 1.055329 -0.022442
v -0.070124 1.055458 -0.020978
v -0.067107 1.057003 -0.022737
v -0.028015 1.111293 -0.02368
v -0.032443 1.114927 -0.020476
v -0.030156 1.113863 -0.022742
v -0.028072 0.945128 0.02368
v -0.032465 0.939081 0.020596
v -0.030225 0.940852 0.022777
v -0.069018 1.05851 0.020468
v -0.070035 1.05216 0.020592
v -0.064461 1.054809 0.02368
v -0.070124 1.055458 0.020978
v -0.068493 1.055329 0.022442
v -0.067628 1.053299 0.022775
v -0.067107 1.057003 0.022737
v -0.032443 1.114927 0.020476
v -0.028015 1.111293 0.02368
v -0.030156 1.113863 0.022742
v -0.042526 1.009935 -0.02368
v -0.04728 1.005582 -0.020594
v -0.044934 1.006857 -0.022776
v -0.042526 1.009935 0.02368
v -0.04728 1.005582 0.020594
v -0.044934 1.006857 0.022776
v -0.04286 1.076963 -0.02368
v -0.047091 1.081016 -0.020472
v -0.044861 1.079829 -0.022741
v -0.04286 1.076963 0.02368
v -0.047091 1.081016 0.020472
v -0.044861 1.079829 0.022741
v -0.080193 1.058503 -0
v -0.081298 1.052163 -0
v -0.081676 1.055456 -0
v -0.076565 1.052161 0.01184
v -0.075457 1.058506 0.01184
v -0.076942 1.055456 0.01184
v -0.076565 1.052161 -0.01184
v -0.075457 1.058506 -0.01184
v -0.076942 1.055456 -0.01184
v -0.02368 1.073404 0.006773
v 0.02368 1.073404 0.006773
v -0.02368 0.987399 0.013447
v 0.02368 0.987399 0.013447
v 0.02368 1.039493 0.025876
v -0.02368 1.039493 0.025876
v 0 1.114927 0.043618
v 0 0.939081 0.043729
v 0 1.005582 0.058544
v 0 1.081016 0.058263
v 0.01184 1.114927 0.038885
v 0.01184 0.939081 0.038996
v 0.01184 1.081016 0.053531
v 0.01184 1.005582 0.053811
v -0.01184 1.005582 0.053811
v -0.01184 1.114927 0.038885
v -0.01184 0.939081 0.038996
v -0.01184 1.081016 0.053531
v -0.020596 0.939081 0.032465
v -0.02368 0.945128 0.028072
v -0.022777 0.940852 0.030225
v -0.02368 1.054809 0.064461
v -0.020592 1.05216 0.070035
v -0.020468 1.05851 0.069018
v -0.022775 1.053299 0.067628
v -0.022442 1.055329 0.068493
v -0.020978 1.055458 0.070124
v -0.022737 1.057003 0.067107
v -0.02368 1.111293 0.028015
v -0.020476 1.114927 0.032443
v -0.022742 1.113863 0.030156
v 0.02368 0.945128 0.028072
v 0.020596 0.939081 0.032465
v 0.022777 0.940852 0.030225
v 0.020468 1.05851 0.069018
v 0.020592 1.05216 0.070035
v 0.02368 1.054809 0.064461
v 0.020978 1.055458 0.070124
v 0.022442 1.055329 0.068493
v 0.022775 1.053299 0.067628
v 0.022737 1.057003 0.067107
v 0.020476 1.114927 0.032443
v 0.02368 1.111293 0.028015
v 0.022742 1.113863 0.030156
v -0.02368 1.009935 0.042526
v -0.020594 1.005582 0.04728
v -0.022776 1.006857 0.044934
v 0.02368 1.009935 0.042526
v 0.020594 1.005582 0.04728
v 0.022776 1.006857 0.044934
v -0.02368 1.076963 0.04286
v -0.020472 1.081016 0.047091
v -0.022741 1.079829 0.044861
v 0.02368 1.076963 0.04286
v 0.020472 1.081016 0.047091
v 0.022741 1.079829 0.044861
v 0 1.058503 0.080193
v 0 1.052163 0.081298
v 0 1.055456 0.081676
v 0.01184 1.052161 0.076565
v 0.01184 1.058506 0.075457
v 0.01184 1.055456 0.076942
v -0.01184 1.052161 0.076565
v -0.01184 1.058506 0.075457
v -0.01184 1.055456 0.076942
v 0.018995 0.118816 0.02368
v 0.018995 0.118816 -0.02368
v 0.013447 0.035553 0.02368
v 0.013447 0.035553 -0.02368
v 0.025876 0.087647 -0.02368
v 0.025876 0.087647 0.02368
v 0.05584 0.160339 -0
v 0.043729 -0.012765 -0
v 0.058544 0.053736 -0
v 0.058263 0.12917 -0
v 0.051108 0.160339 -0.01184
v 0.038996 -0.012765 -0.01184
v 0.053531 0.12917 -0.01184
v 0.053811 0.053736 -0.01184
v 0.053811 0.053736 0.01184
v 0.051108 0.160339 0.01184
v 0.038996 -0.012765 0.01184
v 0.053531 0.12917 0.01184
v 0.032465 -0.012765 0.020596
v 0.028072 -0.006718 0.02368
v 0.030225 -0.010994 0.022777
v 0.064461 0.102962 0.02368
v 0.070035 0.100313 0.020592
v 0.069018 0.106664 0.020468
v 0.067628 0.101453 0.022775
v 0.068493 0.103483 0.022442
v 0.070124 0.103611 0.020978
v 0.067107 0.105157 0.022737
v 0.040237 0.156704 0.02368
v 0.044666 0.160339 0.020476
v 0.042378 0.159274 0.022742
v 0.028072 -0.006718 -0.02368
v 0.032465 -0.012765 -0.020596
v 0.030225 -0.010994 -0.022777
v 0.069018 0.106664 -0.020468
v 0.070035 0.100313 -0.020592
v 0.064461 0.102962 -0.02368
v 0.070124 0.103611 -0.020978
v 0.068493 0.103483 -0.022442
v 0.067628 0.101453 -0.022775
v 0.067107 0.105157 -0.022737
v 0.044666 0.160339 -0.020476
v 0.040237 0.156704 -0.02368
v 0.042378 0.159274 -0.022742
v 0.042526 0.058089 0.02368
v 0.04728 0.053736 0.020594
v 0.044934 0.055011 0.022776
v 0.042526 0.058089 -0.02368
v 0.04728 0.053736 -0.020594
v 0.044934 0.055011 -0.022776
v 0.04286 0.125117 0.02368
v 0.047091 0.12917 0.020472
v 0.044861 0.127983 0.022741
v 0.04286 0.125117 -0.02368
v 0.047091 0.12917 -0.020472
v 0.044861 0.127983 -0.022741
v 0.080193 0.106657 -0
v 0.081298 0.100316 -0
v 0.081676 0.10361 -0
v 0.076565 0.100315 -0.01184
v 0.075457 0.10666 -0.01184
v 0.076942 0.10361 -0.01184
v 0.076565 0.100315 0.01184
v 0.075457 0.10666 0.01184
v 0.076942 0.10361 0.01184
v 0.055449 0.209373 -0
v 0.050716 0.209373 -0.01184
v 0.050716 0.209373 0.01184
v 0.039845 0.205739 0.02368
v 0.044274 0.209373 0.020476
v 0.041986 0.208309 0.022742
v 0.044274 0.209373 -0.020476
v 0.039845 0.205739 -0.02368
v 0.041986 0.208309 -0.022742
v 0.048537 0.219145 -0
v 0.043805 0.219145 -0.01184
v 0.043805 0.219145 0.01184
v 0.032934 0.21551 0.02368
v 0.037362 0.219145 0.020476
v 0.035075 0.218081 0.022742
v 0.037362 0.219145 -0.020476
v 0.032934 0.21551 -0.02368
v 0.035075 0.218081 -0.022742
v 0.02368 0.118816 -0.018995
v -0.02368 0.118816 -0.018995
v 0.02368 0.035553 -0.013447
v -0.02368 0.035553 -0.013447
v -0.02368 0.087647 -0.025876
v 0.02368 0.087647 -0.025876
v -0 0.160339 -0.05584
v -0 -0.012765 -0.043729
v -0 0.053736 -0.058544
v -0 0.12917 -0.058263
v -0.01184 0.160339 -0.051108
v -0.01184 -0.012765 -0.038996
v -0.01184 0.12917 -0.053531
v -0.01184 0.053736 -0.053811
v 0.01184 0.053736 -0.053811
v 0.01184 0.160339 -0.051108
v 0.01184 -0.012765 -0.038996
v 0.01184 0.12917 -0.053531
v 0.020596 -0.012765 -0.032465
v 0.02368 -0.006718 -0.028072
v 0.022777 -0.010994 -0.030225
v 0.02368 0.102962 -0.064461
v 0.020592 0.100313 -0.070035
v 0.020468 0.106664 -0.069018
v 0.022775 0.101453 -0.067628
v 0.022442 0.103483 -0.068493
v 0.020978 0.103611 -0.070124
v 0.022737 0.105157 -0.067107
v 0.02368 0.156704 -0.040237
v 0.020476 0.160339 -0.044666
v 0.022742 0.159274 -0.042378
v -0.02368 -0.006718 -0.028072
v -0.020596 -0.012765 -0.032465
v -0.022777 -0.010994 -0.030225
v -0.020468 0.106664 -0.069018
v -0.020592 0.100313 -0.070035
v -0.02368 0.102962 -0.064461
v -0.020978 0.103611 -0.070124
v -0.022442 0.103483 -0.068493
v -0.022775 0.101453 -0.067628
v -0.022737 0.105157 -0.067107
v -0.020476 0.160339 -0.044666
v -0.02368 0.156704 -0.040237
v -0.022742 0.159274 -0.042378
v 0.02368 0.058089 -0.042526
v 0.020594 0.053736 -0.04728
v 0.022776 0.055011 -0.044934
v -0.02368 0.058089 -0.042526
v -0.020594 0.053736 -0.04728
v -0.022776 0.055011 -0.044934
v 0.02368 0.125117 -0.04286
v 0.020472 0.12917 -0.047091
v 0.022741 0.127983 -0.044861
v -0.02368 0.125117 -0.04286
v -0.020472 0.12917 -0.047091
v -0.022741 0.127983 -0.044861
v -0 0.106657 -0.080193
v -0 0.100316 -0.081298
v -0 0.10361 -0.081676
v -0.01184 0.100315 -0.076565
v -0.01184 0.10666 -0.075457
v -0.01184 0.10361 -0.076942
v 0.01184 0.100315 -0.076565
v 0.01184 0.10666 -0.075457
v 0.01184 0.10361 -0.076942
v -0 0.209373 -0.055449
v -0.01184 0.209373 -0.050716
v 0.01184 0.209373 -0.050716
v 0.02368 0.205739 -0.039845
v 0.020476 0.209373 -0.044274
v 0.022742 0.208309 -0.041986
v -0.020476 0.209373 -0.044274
v -0.02368 0.205739 -0.039845
v -0.022742 0.208309 -0.041986
v -0 0.219145 -0.048537
v -0.01184 0.219145 -0.043805
v 0.01184 0.219145 -0.043805
v 0.02368 0.21551 -0.032934
v 0.020476 0.219145 -0.037362
v 0.022742 0.218081 -0.035075
v -0.020476 0.219145 -0.037362
v -0.02368 0.21551 -0.032934
v -0.022742 0.218081 -0.035075
v -0.018995 0.118816 -0.02368
v -0.018995 0.118816 0.02368
v -0.013447 0.035553 -0.02368
v -0.013447 0.035553 0.02368
v -0.025876 0.087647 0.02368
v -0.025876 0.087647 -0.02368
v -0.05584 0.160339 -0
v -0.043729 -0.012765 -0
v -0.058544 0.053736 -0
v -0.058263 0.12917 -0
v -0.051108 0.160339 0.01184
v -0.038996 -0.012765 0.01184
v -0.053531 0.12917 0.01184
v -0.053811 0.053736 0.01184
v -0.053811 0.053736 -0.01184
v -0.051108 0.160339 -0.01184
v -0.038996 -0.012765 -0.01184
v -0.053531 0.12917 -0.01184
v -0.032465 -0.012765 -0.020596
v -0.028072 -0.006718 -0.02368
v -0.030225 -0.010994 -0.022777
v -0.064461 0.102962 -0.02368
v -0.070035 0.100313 -0.020592
v -0.069018 0.106664 -0.020468
v -0.067628 0.101453 -0.022775
v -0.068493 0.103483 -0.022442
v -0.070124 0.103611 -0.020978
v -0.067107 0.105157 -0.022737
v -0.040237 0.156704 -0.02368
v -0.044666 0.160339 -0.020476
v -0.042378 0.159274 -0.022742
v -0.028072 -0.006718 0.02368
v -0.032465 -0.012765 0.020596
v -0.030225 -0.010994 0.022777
v -0.069018 0.106664 0.020468
v -0.070035 0.100313 0.020592
v -0.064461 0.102962 0.02368
v -0.070124 0.103611 0.020978
v -0.068493 0.103483 0.022442
v -0.067628 0.101453 0.022775
v -0.067107 0.105157 0.022737
v -0.044666 0.160339 0.020476
v -0.040237 0.156704 0.02368
v -0.042378 0.159274 0.022742
v -0.042526 0.058089 -0.02368
v -0.04728 0.053736 -0.020594
v -0.044934 0.055011 -0.022776
v -0.042526 0.058089 0.02368
v -0.04728 0.053736 0.020594
v -0.044934 0.055011 0.022776
v -0.04286 0.125117 -0.02368
v -0.047091 0.12917 -0.020472
v -0.044861 0.127983 -0.022741
v -0.04286 0.125117 0.02368
v -0.047091 0.12917 0.020472
v -0.044861 0.127983 0.022741
v -0.080193 0.106657 -0
v -0.081298 0.100316 -0
v -0.081676 0.10361 -0
v -0.076565 0.100315 0.01184
v -0.075457 0.10666 0.01184
v -0.076942 0.10361 0.01184
v -0.076565 0.100315 -0.01184
v -0.075457 0.10666 -0.01184
v -0.076942 0.10361 -0.01184
v -0.055449 0.209373 0
v -0.050716 0.209373 0.01184
v -0.050716 0.209373 -0.01184
v -0.039845 0.205739 -0.02368
v -0.044274 0.209373 -0.020476
v -0.041986 0.208309 -0.022742
v -0.044274 0.209373 0.020476
v -0.039845 0.205739 0.02368
v -0.041986 0.208309 0.022742
v -0.048537 0.219145 0
v -0.043805 0.219145 0.01184
v -0.043805 0.219145 -0.01184
v -0.032934 0.21551 -0.02368
v -0.037362 0.219145 -0.020476
v -0.035075 0.218081 -0.022742
v -0.037362 0.219145 0.020476
v -0.032934 0.21551 0.02368
v -0.035075 0.218081 0.022742
v -0.02368 0.118816 0.018995
v 0.02368 0.118816 0.018995
v -0.02368 0.035553 0.013447
v 0.02368 0.035553 0.013447
v 0.02368 0.087647 0.025876
v -0.02368 0.087647 0.025876
v -0 0.160339 0.05584
v 0 -0.012765 0.043729
v 0 0.053736 0.058544
v 0 0.12917 0.058263
v 0.01184 0.160339 0.051108
v 0.01184 -0.012765 0.038996
v 0.01184 0.12917 0.053531
v 0.01184 0.053736 0.053811
v -0.01184 0.053736 0.053811
v -0.01184 0.160339 0.051108
v -0.01184 -0.012765 0.038996
v -0.01184 0.12917 0.053531
v -0.020596 -0.012765 0.032465
v -0.02368 -0.006718 0.028072
v -0.022777 -0.010994 0.030225
v -0.02368 0.102962 0.064461
v -0.020592 0.100313 0.070035
v -0.020468 0.106664 0.069018
v -0.022775 0.101453 0.067628
v -0.022442 0.103483 0.068493
v -0.020978 0.103611 0.070124
v -0.022737 0.105157 0.067107
v -0.02368 0.156704 0.040237
v -0.020476 0.160339 0.044666
v -0.022742 0.159274 0.042378
v 0.02368 -0.006718 0.028072
v 0.020596 -0.012765 0.032465
v 0.022777 -0.010994 0.030225
v 0.020468 0.106664 0.069018
v 0.020592 0.100313 0.070035
v 0.02368 0.102962 0.064461
v 0.020978 0.103611 0.070124
v 0.022442 0.103483 0.068493
v 0.022775 0.101453 0.067628
v 0.022737 0.105157 0.067107
v 0.020476 0.160339 0.044666
v 0.02368 0.156704 0.040237
v 0.022742 0.159274 0.042378
v -0.02368 0.058089 0.042526
v -0.020594 0.053736 0.04728
v -0.022776 0.055011 0.044934
v 0.02368 0.058089 0.042526
v 0.020594 0.053736 0.04728
v 0.022776 0.055011 0.044934
v -0.02368 0.125117 0.04286
v -0.020472 0.12917 0.047091
v -0.022741 0.127983 0.044861
v 0.02368 0.125117 0.04286
v 0.020472 0.12917 0.047091
v 0.022741 0.127983 0.044861
v 0 0.106657 0.080193
v 0 0.100316 0.081298
v 0 0.10361 0.081676
v 0.01184 0.100315 0.076565
v 0.01184 0.10666 0.075457
v 0.01184 0.10361 0.076942
v -0.01184 0.100315 0.076565
v -0.01184 0.10666 0.075457
v -0.01184 0.10361 0.076942
v 0 0.209373 0.055449
v 0.01184 0.209373 0.050716
v -0.01184 0.209373 0.050716
v -0.02368 0.205739 0.039845
v -0.020476 0.209373 0.044274
v -0.022742 0.208309 0.041986
v 0.020476 0.209373 0.044274
v 0.02368 0.205739 0.039845
v 0.022742 0.208309 0.041986
v 0 0.219145 0.048537
v 0.01184 0.219145 0.043805
v -0.01184 0.219145 0.043805
v -0.02368 0.21551 0.032934
v -0.020476 0.219145 0.037362
v -0.022742 0.218081 0.035075
v 0.020476 0.219145 0.037362
v 0.02368 0.21551 0.032934
v 0.022742 0.218081 0.035075
v 0.006646 -3.125989 0.047594
v 0.006646 -3.151872 0.059476
v 0.006646 -3.302041 0.063009
v 0.006646 -3.42836 0.076259
v 0.006646 -3.589129 0.097459
v 0.006646 -3.730464 0.12661
v 0.006646 -3.73515 0.078472
v 0.006646 -3.761562 0.051208
v 0.006646 -3.804162 0.061006
v 0.006646 -3.840372 0.095086
v 0.006646 -3.862949 0.053338
v 0.006646 -3.916198 -0
v 0.006646 -3.125988 -0
v 0.006646 -3.42836 -0
v 0.006646 -3.30204 -0
v 0.006646 -3.151872 -0
v 0.006646 -3.65656 0.111367
v 0.006646 -3.816855 -0
v 0.006646 -3.76744 -0
v 0.006646 -3.684366 -0
v 0.006646 -3.589128 -0
v 0.006646 -3.678442 0.048142
v 0.006646 -3.72685 0.028312
v 0.006646 -3.786276 0.031399
v 0.006646 -3.825663 0.035719
v 0.006646 -3.866527 -0
v 0.006646 -3.84756 0.038008
v 0.006646 -3.125989 -0.047594
v 0.006646 -3.151872 -0.059476
v 0.006646 -3.302041 -0.063009
v 0.006646 -3.42836 -0.076259
v 0.006646 -3.589129 -0.097459
v 0.006646 -3.730464 -0.12661
v 0.006646 -3.73515 -0.078472
v 0.006646 -3.761562 -0.051208
v 0.006646 -3.804162 -0.061006
v 0.006646 -3.840372 -0.095086
v 0.006646 -3.862949 -0.053338
v 0.006646 -3.65656 -0.111367
v 0.006646 -3.678442 -0.048142
v 0.006646 -3.72685 -0.028312
v 0.006646 -3.786276 -0.031399
v 0.006646 -3.825663 -0.035719
v 0.006646 -3.84756 -0.038008
v -0.007354 -3.125989 0.047594
v -0.007354 -3.151872 0.059476
v -0.007354 -3.302041 0.063009
v -0.007354 -3.42836 0.076259
v -0.007354 -3.589129 0.097459
v -0.007354 -3.730464 0.12661
v -0.007354 -3.73515 0.078472
v -0.007354 -3.761562 0.051208
v -0.007354 -3.804162 0.061006
v -0.007354 -3.840372 0.095086
v -0.007354 -3.862949 0.053338
v -0.007354 -3.916198 -0
v -0.007354 -3.125988 -0
v -0.007354 -3.42836 -0
v -0.007354 -3.30204 -0
v -0.007354 -3.151872 -0
v -0.007354 -3.65656 0.111367
v -0.007354 -3.816855 -0
v -0.007354 -3.76744 -0
v -0.007354 -3.684366 -0
v -0.007354 -3.589128 -0
v -0.007354 -3.678442 0.048142
v -0.007354 -3.72685 0.028312
v -0.007354 -3.786276 0.031399
v -0.007354 -3.825663 0.035719
v -0.007354 -3.866527 -0
v -0.007354 -3.84756 0.038008
v -0.007354 -3.125989 -0.047594
v -0.007354 -3.151872 -0.059476
v -0.007354 -3.302041 -0.063009
v -0.007354 -3.42836 -0.076259
v -0.007354 -3.589129 -0.097459
v -0.007354 -3.730464 -0.12661
v -0.007354 -3.73515 -0.078472
v -0.007354 -3.761562 -0.051208
v -0.007354 -3.804162 -0.061006
v -0.007354 -3.840372 -0.095086
v -0.007354 -3.862949 -0.053338
v -0.007354 -3.65656 -0.111367
v -0.007354 -3.678442 -0.048142
v -0.007354 -3.72685 -0.028312
v -0.007354 -3.786276 -0.031399
v -0.007354 -3.825663 -0.035719
v -0.007354 -3.84756 -0.038008
v 0.047594 -3.125989 -0.006646
v 0.059476 -3.151872 -0.006646
v 0.063009 -3.302041 -0.006646
v 0.076259 -3.42836 -0.006646
v 0.097459 -3.589129 -0.006646
v 0.12661 -3.730464 -0.006646
v 0.078472 -3.73515 -0.006646
v 0.051208 -3.761562 -0.006646
v 0.061006 -3.804162 -0.006646
v 0.095086 -3.840372 -0.006646
v 0.053338 -3.862949 -0.006646
v -0 -3.916198 -0.006646
v -0 -3.125988 -0.006646
v -0 -3.42836 -0.006646
v -0 -3.30204 -0.006646
v -0 -3.151872 -0.006646
v 0.111367 -3.65656 -0.006646
v -0 -3.816855 -0.006646
v -0 -3.76744 -0.006646
v -0 -3.684366 -0.006646
v -0 -3.589128 -0.006646
v 0.048142 -3.678442 -0.006646
v 0.028312 -3.72685 -0.006646
v 0.031399 -3.786276 -0.006646
v 0.035719 -3.825663 -0.006646
v -0 -3.866527 -0.006646
v 0.035878 -3.848623 -0.006646
v -0.047594 -3.125989 -0.006646
v -0.059476 -3.151872 -0.006646
v -0.063009 -3.302041 -0.006646
v -0.076259 -3.42836 -0.006646
v -0.097459 -3.589129 -0.006646
v -0.12661 -3.730464 -0.006646
v -0.078472 -3.73515 -0.006646
v -0.051208 -3.761562 -0.006646
v -0.061006 -3.804162 -0.006646
v -0.095086 -3.840372 -0.006646
v -0.053338 -3.862949 -0.006646
v -0.111367 -3.65656 -0.006646
v -0.048142 -3.678442 -0.006646
v -0.028312 -3.72685 -0.006646
v -0.031399 -3.786276 -0.006646
v -0.035719 -3.825663 -0.006646
v -0.035878 -3.848623 -0.006646
v 0.047594 -3.125989 0.007354
v 0.059476 -3.151872 0.007354
v 0.063009 -3.302041 0.007354
v 0.076259 -3.42836 0.007354
v 0.097459 -3.589129 0.007354
v 0.12661 -3.730464 0.007354
v 0.078472 -3.73515 0.007354
v 0.051208 -3.761562 0.007354
v 0.061006 -3.804162 0.007354
v 0.095086 -3.840372 0.007354
v 0.053338 -3.862949 0.007354
v 0 -3.916198 0.007354
v 0 -3.125988 0.007354
v 0 -3.42836 0.007354
v 0 -3.30204 0.007354
v 0 -3.151872 0.007354
v 0.111367 -3.65656 0.007354
v 0 -3.816855 0.007354
v 0 -3.76744 0.007354
v 0 -3.684366 0.007354
v 0 -3.589128 0.007354
v 0.048142 -3.678442 0.007354
v 0.028312 -3.72685 0.007354
v 0.031399 -3.786276 0.007354
v 0.035719 -3.825663 0.007354
v 0 -3.866527 0.007354
v 0.035878 -3.848623 0.007354
v -0.047594 -3.125989 0.007354
v -0.059476 -3.151872 0.007354
v -0.063009 -3.302041 0.007354
v -0.076259 -3.42836 0.007354
v -0.097459 -3.589129 0.007354
v -0.12661 -3.730464 0.007354
v -0.078472 -3.73515 0.007354
v -0.051208 -3.761562 0.007354
v -0.061006 -3.804162 0.007354
v -0.095086 -3.840372 0.007354
v -0.053338 -3.862949 0.007354
v -0.111367 -3.65656 0.007354
v -0.048142 -3.678442 0.007354
v -0.028312 -3.72685 0.007354
v -0.031399 -3.786276 0.007354
v -0.035719 -3.825663 0.007354
v -0.035878 -3.848623 0.007354
v 0 1.54688 0.161805
v 0.038835 1.542186 0.122363
v 0 1.588414 0.138375
v 0.038835 1.578609 0.101489
v 0 1.519275 0.138494
v 0.038835 1.501802 0.08985
v 0 1.481856 0.113957
v 0.038835 1.454159 0.063268
v 0 1.424193 0.077702
v 0.037288 1.401464 0.042801
v 0 1.375118 0.055976
v 0.033362 1.371195 0.038458
v 0 1.333245 0.04438
v 0.015608 1.326564 0.014575
v 0 1.638103 0.121812
v 0.038835 1.630854 0.084415
v 0 1.70374 0.118131
v 0.038835 1.694957 0.079201
v 0 1.759563 0.122425
v 0.038835 1.75078 0.084517
v 0 1.809865 0.138375
v 0.038835 1.801082 0.099955
v 0 1.853279 0.168114
v 0 1.916704 0.229879
v 0 1.960872 0.206912
v 0 1.846947 0.163776
v 0.038159 1.87909 0.10016
v 0 2.021704 0.184419
v 0.046702 2.001471 0.12255
v 0 2.095903 0.169395
v 0.046702 2.081653 0.10588
v 0 2.18066 0.160425
v 0.046702 2.168657 0.096447
v 0 2.297403 0.151066
v 0.046702 2.290132 0.08638
v 0 2.452051 0.144103
v 0.046702 2.450381 0.07903
v 0 2.604898 0.138479
v 0.044784 2.603229 0.073407
v 0 2.775638 0.128255
v 0.042483 2.772861 0.063183
v 0 2.935131 0.11752
v 0.040948 2.932355 0.052448
v 0 3.110982 0.103207
v 0.037112 3.109866 0.038135
v 0 3.285705 0.086009
v 0.033857 3.289608 0
v 0 3.538105 0.049713
v 0.023042 3.536731 0
v 0 3.769524 0.006518
v 0.004559 3.771866 0
v 0 3.779127 0
v 0 3.774326 0.004014
v 0.038824 1.848598 0.124334
v 0.038457 1.848162 0.125142
v 0.038835 1.841654 0.121319
v 0.038721 1.848269 0.12473
v 0.041 1.898446 0.198589
v 0.040561 1.898592 0.199934
v 0.04086 1.898491 0.19932
v 0.046338 1.940796 0.145525
v 0.046633 1.940145 0.144683
v 0.046702 1.941218 0.144828
v 0.046575 1.94054 0.145079
v 0.038063 1.841949 0.120451
v 0 1.962953 0.206142
v 0.04665 1.940925 0.14455
v -0.038835 1.542186 0.122363
v -0.038835 1.578609 0.101489
v -0.038835 1.501802 0.08985
v -0.038835 1.454159 0.063268
v -0.037288 1.401464 0.042801
v -0.033362 1.371195 0.038458
v -0.015608 1.326564 0.014575
v -0.038835 1.630854 0.084415
v -0.038835 1.694957 0.079201
v -0.038835 1.75078 0.084517
v -0.038835 1.801082 0.099955
v -0.038159 1.87909 0.10016
v -0.046702 2.001471 0.12255
v -0.046702 2.081653 0.10588
v -0.046702 2.168657 0.096447
v -0.046702 2.290132 0.08638
v -0.046702 2.450381 0.07903
v -0.044784 2.603229 0.073407
v -0.042483 2.772861 0.063183
v -0.040948 2.932355 0.052448
v -0.037112 3.109866 0.038135
v -0.033857 3.289608 0
v -0.023042 3.536731 0
v -0.004559 3.771866 0
v -0.038824 1.848598 0.124334
v -0.038457 1.848162 0.125142
v -0.038835 1.841654 0.121319
v -0.038721 1.848269 0.12473
v -0.041 1.898446 0.198589
v -0.040561 1.898592 0.199934
v -0.04086 1.898491 0.19932
v -0.046338 1.940796 0.145525
v -0.046633 1.940145 0.144683
v -0.046702 1.941218 0.144828
v -0.046575 1.94054 0.145079
v -0.038063 1.841949 0.120451
v -0.04665 1.940925 0.14455
v 0 1.54688 -0.161805
v 0.038835 1.542186 -0.122363
v 0 1.588414 -0.138375
v 0.038835 1.578609 -0.101489
v 0 1.519275 -0.138494
v 0.038835 1.501802 -0.08985
v 0 1.481856 -0.113957
v 0.038835 1.454159 -0.063268
v 0 1.424193 -0.077702
v 0.037288 1.401464 -0.042801
v 0 1.375118 -0.055976
v 0.033362 1.371195 -0.038458
v 0 1.333245 -0.04438
v 0.015608 1.326564 -0.014575
v 0 1.638103 -0.121812
v 0.038835 1.630854 -0.084415
v 0 1.70374 -0.118131
v 0.038835 1.694957 -0.079201
v 0 1.759563 -0.122425
v 0.038835 1.75078 -0.084517
v 0 1.809865 -0.138375
v 0.038835 1.801082 -0.099955
v 0 1.853279 -0.168114
v 0 1.916704 -0.229879
v 0 1.960872 -0.206912
v 0 1.846947 -0.163776
v 0.038159 1.87909 -0.10016
v 0 2.021704 -0.184419
v 0.046702 2.001471 -0.12255
v 0 2.095903 -0.169395
v 0.046702 2.081653 -0.10588
v 0 2.18066 -0.160425
v 0.046702 2.168657 -0.096447
v 0 2.297403 -0.151066
v 0.046702 2.290132 -0.08638
v 0 2.452051 -0.144103
v 0.046702 2.450381 -0.07903
v 0 2.604898 -0.138479
v 0.044784 2.603229 -0.073407
v 0 2.775638 -0.128255
v 0.042483 2.772861 -0.063183
v 0 2.935131 -0.11752
v 0.040948 2.932355 -0.052448
v 0 3.110982 -0.103207
v 0.037112 3.109866 -0.038135
v 0 3.285705 -0.086009
v 0 3.538105 -0.049713
v 0 3.769524 -0.006518
v 0 3.774326 -0.004014
v 0.038824 1.848598 -0.124334
v 0.038457 1.848162 -0.125142
v 0.038835 1.841654 -0.121319
v 0.038721 1.848269 -0.12473
v 0.041 1.898446 -0.198589
v 0.040561 1.898592 -0.199934
v 0.04086 1.898491 -0.19932
v 0.046338 1.940796 -0.145525
v 0.046633 1.940145 -0.144683
v 0.046702 1.941218 -0.144828
v 0.046575 1.94054 -0.145079
v 0.038063 1.841949 -0.120451
v 0 1.962953 -0.206142
v 0.04665 1.940925 -0.14455
v -0.038835 1.542186 -0.122363
v -0.038835 1.578609 -0.101489
v -0.038835 1.501802 -0.08985
v -0.038835 1.454159 -0.063268
v -0.037288 1.401464 -0.042801
v -0.033362 1.371195 -0.038458
v -0.015608 1.326564 -0.014575
v -0.038835 1.630854 -0.084415
v -0.038835 1.694957 -0.079201
v -0.038835 1.75078 -0.084517
v -0.038835 1.801082 -0.099955
v -0.038159 1.87909 -0.10016
v -0.046702 2.001471 -0.12255
v -0.046702 2.081653 -0.10588
v -0.046702 2.168657 -0.096447
v -0.046702 2.290132 -0.08638
v -0.046702 2.450381 -0.07903
v -0.044784 2.603229 -0.073407
v -0.042483 2.772861 -0.063183
v -0.040948 2.932355 -0.052448
v -0.037112 3.109866 -0.038135
v -0.038824 1.848598 -0.124334
v -0.038457 1.848162 -0.125142
v -0.038835 1.841654 -0.121319
v -0.038721 1.848269 -0.12473
v -0.041 1.898446 -0.198589
v -0.040561 1.898592 -0.199934
v -0.04086 1.898491 -0.19932
v -0.046338 1.940796 -0.145525
v -0.046633 1.940145 -0.144683
v -0.046702 1.941218 -0.144828
v -0.046575 1.94054 -0.145079
v -0.038063 1.841949 -0.120451
v -0.04665 1.940925 -0.14455
v 0.079772 1.542186 0
v 0.07632 1.578609 0
v 0.067114 1.501802 0
v 0.053689 1.454159 0
v 0.046784 1.402119 0
v 0.043049 1.352533 0
v 0.041515 1.32227 0
v 0.062511 1.630854 0
v 0.068265 1.694957 0
v 0.068265 1.75078 0
v 0.068265 1.801082 0
v 0.065379 1.848112 0
v 0.076132 1.933998 0
v 0.074028 1.87909 0
v 0.073063 2.001471 0
v 0.072296 2.081653 0
v 0.070378 2.168657 0
v 0.067309 2.290132 0
v 0.063473 2.450381 0
v 0.062323 2.603229 0
v 0.058103 2.772861 0
v 0.055035 2.932355 0
v 0.042376 3.109866 0
v 0.025465 1.542186 0.122363
v 0.025465 1.578609 0.101489
v 0.025465 1.501802 0.08985
v 0 1.450909 0.07355
v 0 1.407944 0.059096
v 0 1.349738 0.044644
v 0.001402 1.324869 0.043151
v 0.025465 1.630854 0.084415
v 0.025465 1.694957 0.079201
v 0.025465 1.75078 0.084517
v 0.025465 1.801082 0.099955
v 0.025465 1.849772 0.1297
v 0.033332 1.929018 0.153343
v 0.029008 1.87743 0.107906
v 0.033332 2.001471 0.12255
v 0.033332 2.081653 0.10588
v 0.033332 2.168657 0.096447
v 0.033332 2.290132 0.08638
v 0.033332 2.450381 0.07903
v 0.031414 2.603229 0.073407
v 0.029112 2.772861 0.063183
v 0.027578 2.932355 0.052448
v 0.023742 3.109866 0.038135
v 0.020487 3.271355 0.008006
v 0.067227 2.168657 0.016075
v 0.06467 2.290132 0.014397
v 0.064155 1.75078 0.014086
v 0.064155 1.801082 0.016659
v 0.052008 1.453998 0.010705
v 0.063196 1.501802 0.014975
v 0.061474 2.450381 0.013172
v 0.06175 1.848112 0.023646
v 0.046255 1.402225 0.007785
v 0.060195 2.603229 0.012235
v 0.069549 1.87909 0.016693
v 0.04284 1.35312 0.006127
v 0.056295 2.772861 0.010531
v 0.072022 1.933998 0.02362
v 0.041561 1.322857 0.006733
v 0.053482 2.932355 0.008741
v 0.069465 2.001471 0.020425
v 0.070868 1.578609 0.016915
v 0.05936 1.630854 0.014069
v 0.042294 3.109866 0.006356
v 0.068826 2.081653 0.017647
v 0.064155 1.694957 0.0132
v 0.073745 1.542186 0.020394
v 0.022517 3.286566 0.001334
v 0.023517 3.289608 0
v 0.07508 1.904331 0
v 0.03117 1.902671 0.128965
v 0.070785 1.904331 0.019327
v 0.043067 1.542186 0.122363
v 0.043833 1.542186 0.121598
v 0.043513 1.542179 0.122083
v 0.043849 1.578609 0.100741
v 0.043068 1.578609 0.101489
v 0.04352 1.578666 0.101242
v 0.040731 1.501802 0.08985
v 0.041495 1.501802 0.089086
v 0.041175 1.501724 0.089573
v 0.039489 1.453167 0.064353
v 0.040197 1.45321 0.063444
v 0.039914 1.453133 0.064008
v 0.03607 1.401414 0.045753
v 0.036787 1.401338 0.044795
v 0.036495 1.401335 0.045387
v 0.032263 1.352622 0.035771
v 0.033047 1.352681 0.034896
v 0.032711 1.352621 0.035448
v 0.027912 1.320356 0.032604
v 0.02706 1.320382 0.033446
v 0.027521 1.320337 0.033119
v 0.043783 1.630854 0.08363
v 0.043068 1.630854 0.084415
v 0.043501 1.630884 0.084177
v 0.043841 1.694957 0.078449
v 0.043068 1.694957 0.079201
v 0.043518 1.694957 0.078979
v 0.04383 1.75078 0.083755
v 0.043067 1.75078 0.084517
v 0.043514 1.750751 0.084287
v 0.043801 1.801082 0.09917
v 0.043067 1.801082 0.099955
v 0.043508 1.801024 0.099696
v 0.040413 1.849759 0.129309
v 0.039708 1.849772 0.130109
v 0.040147 1.849768 0.129827
v 0.050934 1.929018 0.153343
v 0.051607 1.92905 0.152503
v 0.051347 1.929012 0.153037
v 0.045347 1.877445 0.107352
v 0.04459 1.87743 0.108153
v 0.045039 1.877429 0.107852
v 0.051616 2.001471 0.121744
v 0.050935 2.001471 0.12255
v 0.051358 2.001517 0.122298
v 0.051629 2.081653 0.105092
v 0.050935 2.081653 0.10588
v 0.051362 2.081677 0.105645
v 0.051627 2.168657 0.095668
v 0.050935 2.168657 0.096447
v 0.051361 2.168672 0.096218
v 0.051617 2.290132 0.085605
v 0.050935 2.290132 0.08638
v 0.051358 2.290142 0.086152
v 0.051593 2.450381 0.078252
v 0.050935 2.450381 0.07903
v 0.051351 2.450389 0.078802
v 0.04969 2.603229 0.072638
v 0.049017 2.603229 0.073407
v 0.049438 2.603239 0.073181
v 0.047387 2.772861 0.062416
v 0.046716 2.772861 0.063183
v 0.047135 2.772873 0.062958
v 0.045856 2.932355 0.051683
v 0.045181 2.932355 0.052448
v 0.045602 2.932369 0.052223
v 0.041895 3.109866 0.037345
v 0.041345 3.109866 0.038135
v 0.041728 3.109895 0.037899
v 0.0344 3.271111 0.007396
v 0.033552 3.271355 0.008006
v 0.034024 3.271272 0.00783
v 0.034186 3.289608 0
v 0.034805 3.28775 0
v 0.034591 3.289063 0
v 0.034551 3.286566 0.001334
v 0.035172 3.284591 0.00139
v 0.034957 3.285987 0.001351
v 0.04752 1.902683 0.128379
v 0.046801 1.902671 0.129205
v 0.047224 1.902577 0.128882
v -0.079772 1.542186 0
v -0.07632 1.578609 0
v -0.067114 1.501802 0
v -0.053689 1.454159 0
v -0.046784 1.402119 0
v -0.043049 1.352533 0
v -0.041515 1.32227 0
v -0.062511 1.630854 0
v -0.068265 1.694957 0
v -0.068265 1.75078 0
v -0.068265 1.801082 0
v -0.065379 1.848112 0
v -0.076132 1.933998 0
v -0.074028 1.87909 0
v -0.073063 2.001471 0
v -0.072296 2.081653 0
v -0.070378 2.168657 0
v -0.067309 2.290132 0
v -0.063473 2.450381 0
v -0.062323 2.603229 0
v -0.058103 2.772861 0
v -0.055035 2.932355 0
v -0.042376 3.109866 0
v -0.025465 1.542186 0.122363
v -0.025465 1.578609 0.101489
v -0.025465 1.501802 0.08985
v -0.001402 1.324869 0.043151
v -0.025465 1.630854 0.084415
v -0.025465 1.694957 0.079201
v -0.025465 1.75078 0.084517
v -0.025465 1.801082 0.099955
v -0.025465 1.849772 0.1297
v -0.033332 1.929018 0.153343
v -0.029008 1.87743 0.107906
v -0.033332 2.001471 0.12255
v -0.033332 2.081653 0.10588
v -0.033332 2.168657 0.096447
v -0.033332 2.290132 0.08638
v -0.033332 2.450381 0.07903
v -0.031414 2.603229 0.073407
v -0.029112 2.772861 0.063183
v -0.027578 2.932355 0.052448
v -0.023742 3.109866 0.038135
v -0.020487 3.271355 0.008006
v -0.067227 2.168657 0.016075
v -0.06467 2.290132 0.014397
v -0.064155 1.75078 0.014086
v -0.064155 1.801082 0.016659
v -0.052008 1.453998 0.010705
v -0.063196 1.501802 0.014975
v -0.061474 2.450381 0.013172
v -0.06175 1.848112 0.023646
v -0.046255 1.402225 0.007785
v -0.060195 2.603229 0.012235
v -0.069549 1.87909 0.016693
v -0.04284 1.35312 0.006127
v -0.056295 2.772861 0.010531
v -0.072022 1.933998 0.02362
v -0.041561 1.322857 0.006733
v -0.053482 2.932355 0.008741
v -0.069465 2.001471 0.020425
v -0.070868 1.578609 0.016915
v -0.05936 1.630854 0.014069
v -0.042294 3.109866 0.006356
v -0.068826 2.081653 0.017647
v -0.064155 1.694957 0.0132
v -0.073745 1.542186 0.020394
v -0.022517 3.286566 0.001334
v -0.023517 3.289608 0
v -0.07508 1.904331 0
v -0.03117 1.902671 0.128965
v -0.070785 1.904331 0.019327
v -0.043067 1.542186 0.122363
v -0.043833 1.542186 0.121598
v -0.043513 1.542179 0.122083
v -0.043849 1.578609 0.100741
v -0.043068 1.578609 0.101489
v -0.04352 1.578666 0.101242
v -0.040731 1.501802 0.08985
v -0.041495 1.501802 0.089086
v -0.041175 1.501724 0.089573
v -0.039489 1.453167 0.064353
v -0.040197 1.45321 0.063444
v -0.039914 1.453133 0.064008
v -0.03607 1.401414 0.045753
v -0.036787 1.401338 0.044795
v -0.036495 1.401335 0.045387
v -0.032263 1.352622 0.035771
v -0.033047 1.352681 0.034896
v -0.032711 1.352621 0.035448
v -0.027912 1.320356 0.032604
v -0.02706 1.320382 0.033446
v -0.027521 1.320337 0.033119
v -0.043783 1.630854 0.08363
v -0.043068 1.630854 0.084415
v -0.043501 1.630884 0.084177
v -0.043841 1.694957 0.078449
v -0.043068 1.694957 0.079201
v -0.043518 1.694957 0.078979
v -0.04383 1.75078 0.083755
v -0.043067 1.75078 0.084517
v -0.043514 1.750751 0.084287
v -0.043801 1.801082 0.09917
v -0.043067 1.801082 0.099955
v -0.043508 1.801024 0.099696
v -0.040413 1.849759 0.129309
v -0.039708 1.849772 0.130109
v -0.040147 1.849768 0.129827
v -0.050934 1.929018 0.153343
v -0.051607 1.92905 0.152503
v -0.051347 1.929012 0.153037
v -0.045347 1.877445 0.107352
v -0.04459 1.87743 0.108153
v -0.045039 1.877429 0.107852
v -0.051616 2.001471 0.121744
v -0.050935 2.001471 0.12255
v -0.051358 2.001517 0.122298
v -0.051629 2.081653 0.105092
v -0.050935 2.081653 0.10588
v -0.051362 2.081677 0.105645
v -0.051627 2.168657 0.095668
v -0.050935 2.168657 0.096447
v -0.051361 2.168672 0.096218
v -0.051617 2.290132 0.085605
v -0.050935 2.290132 0.08638
v -0.051358 2.290142 0.086152
v -0.051593 2.450381 0.078252
v -0.050935 2.450381 0.07903
v -0.051351 2.450389 0.078802
v -0.04969 2.603229 0.072638
v -0.049017 2.603229 0.073407
v -0.049438 2.603239 0.073181
v -0.047387 2.772861 0.062416
v -0.046716 2.772861 0.063183
v -0.047135 2.772873 0.062958
v -0.045856 2.932355 0.051683
v -0.045181 2.932355 0.052448
v -0.045602 2.932369 0.052223
v -0.041895 3.109866 0.037345
v -0.041345 3.109866 0.038135
v -0.041728 3.109895 0.037899
v -0.0344 3.271111 0.007396
v -0.033552 3.271355 0.008006
v -0.034024 3.271272 0.00783
v -0.034186 3.289608 0
v -0.034805 3.28775 0
v -0.034591 3.289063 0
v -0.034551 3.286566 0.001334
v -0.035172 3.284591 0.00139
v -0.034957 3.285987 0.001351
v -0.04752 1.902683 0.128379
v -0.046801 1.902671 0.129205
v -0.047224 1.902577 0.128882
v 0.025465 1.542186 -0.122363
v 0.025465 1.578609 -0.101489
v 0.025465 1.501802 -0.08985
v 0 1.450909 -0.07355
v 0 1.407944 -0.059096
v 0 1.349738 -0.044644
v 0.001402 1.324869 -0.043151
v 0.025465 1.630854 -0.084415
v 0.025465 1.694957 -0.079201
v 0.025465 1.75078 -0.084517
v 0.025465 1.801082 -0.099955
v 0.025465 1.849772 -0.1297
v 0.033332 1.929018 -0.153343
v 0.029008 1.87743 -0.107906
v 0.033332 2.001471 -0.12255
v 0.033332 2.081653 -0.10588
v 0.033332 2.168657 -0.096447
v 0.033332 2.290132 -0.08638
v 0.033332 2.450381 -0.07903
v 0.031414 2.603229 -0.073407
v 0.029112 2.772861 -0.063183
v 0.027578 2.932355 -0.052448
v 0.023742 3.109866 -0.038135
v 0.020487 3.271355 -0.008006
v 0.067227 2.168657 -0.016075
v 0.06467 2.290132 -0.014397
v 0.064155 1.75078 -0.014086
v 0.064155 1.801082 -0.016659
v 0.052008 1.453998 -0.010705
v 0.063196 1.501802 -0.014975
v 0.061474 2.450381 -0.013172
v 0.06175 1.848112 -0.023646
v 0.046255 1.402225 -0.007785
v 0.060195 2.603229 -0.012235
v 0.069549 1.87909 -0.016693
v 0.04284 1.35312 -0.006127
v 0.056295 2.772861 -0.010531
v 0.072022 1.933998 -0.02362
v 0.041561 1.322857 -0.006733
v 0.053482 2.932355 -0.008741
v 0.069465 2.001471 -0.020425
v 0.070868 1.578609 -0.016915
v 0.05936 1.630854 -0.014069
v 0.042294 3.109866 -0.006356
v 0.068826 2.081653 -0.017647
v 0.064155 1.694957 -0.0132
v 0.073745 1.542186 -0.020394
v 0.022517 3.286566 -0.001334
v 0.03117 1.902671 -0.128965
v 0.070785 1.904331 -0.019327
v 0.043067 1.542186 -0.122363
v 0.043833 1.542186 -0.121598
v 0.043513 1.542179 -0.122083
v 0.043849 1.578609 -0.100741
v 0.043068 1.578609 -0.101489
v 0.04352 1.578666 -0.101242
v 0.040731 1.501802 -0.08985
v 0.041495 1.501802 -0.089086
v 0.041175 1.501724 -0.089573
v 0.039489 1.453167 -0.064353
v 0.040197 1.45321 -0.063444
v 0.039914 1.453133 -0.064008
v 0.03607 1.401414 -0.045753
v 0.036787 1.401338 -0.044795
v 0.036495 1.401335 -0.045387
v 0.032263 1.352622 -0.035771
v 0.033047 1.352681 -0.034896
v 0.032711 1.352621 -0.035448
v 0.027912 1.320356 -0.032604
v 0.02706 1.320382 -0.033446
v 0.027521 1.320337 -0.033119
v 0.043783 1.630854 -0.08363
v 0.043068 1.630854 -0.084415
v 0.043501 1.630884 -0.084177
v 0.043841 1.694957 -0.078449
v 0.043068 1.694957 -0.079201
v 0.043518 1.694957 -0.078979
v 0.04383 1.75078 -0.083755
v 0.043067 1.75078 -0.084517
v 0.043514 1.750751 -0.084287
v 0.043801 1.801082 -0.09917
v 0.043067 1.801082 -0.099955
v 0.043508 1.801024 -0.099696
v 0.040413 1.849759 -0.129309
v 0.039708 1.849772 -0.130109
v 0.040147 1.849768 -0.129827
v 0.050934 1.929018 -0.153343
v 0.051607 1.92905 -0.152503
v 0.051347 1.929012 -0.153037
v 0.045347 1.877445 -0.107352
v 0.04459 1.87743 -0.108153
v 0.045039 1.877429 -0.107852
v 0.051616 2.001471 -0.121744
v 0.050935 2.001471 -0.12255
v 0.051358 2.001517 -0.122298
v 0.051629 2.081653 -0.105092
v 0.050935 2.081653 -0.10588
v 0.051362 2.081677 -0.105645
v 0.051627 2.168657 -0.095668
v 0.050935 2.168657 -0.096447
v 0.051361 2.168672 -0.096218
v 0.051617 2.290132 -0.085605
v 0.050935 2.290132 -0.08638
v 0.051358 2.290142 -0.086152
v 0.051593 2.450381 -0.078252
v 0.050935 2.450381 -0.07903
v 0.051351 2.450389 -0.078802
v 0.04969 2.603229 -0.072638
v 0.049017 2.603229 -0.073407
v 0.049438 2.603239 -0.073181
v 0.047387 2.772861 -0.062416
v 0.046716 2.772861 -0.063183
v 0.047135 2.772873 -0.062958
v 0.045856 2.932355 -0.051683
v 0.045181 2.932355 -0.052448
v 0.045602 2.932369 -0.052223
v 0.041895 3.109866 -0.037345
v 0.041345 3.109866 -0.038135
v 0.041728 3.109895 -0.037899
v 0.0344 3.271111 -0.007396
v 0.033552 3.271355 -0.008006
v 0.034024 3.271272 -0.00783
v 0.034551 3.286566 -0.001334
v 0.035172 3.284591 -0.00139
v 0.034957 3.285987 -0.001351
v 0.04752 1.902683 -0.128379
v 0.046801 1.902671 -0.129205
v 0.047224 1.902577 -0.128882
v -0.025465 1.542186 -0.122363
v -0.025465 1.578609 -0.101489
v -0.025465 1.501802 -0.08985
v -0.001402 1.324869 -0.043151
v -0.025465 1.630854 -0.084415
v -0.025465 1.694957 -0.079201
v -0.025465 1.75078 -0.084517
v -0.025465 1.801082 -0.099955
v -0.025465 1.849772 -0.1297
v -0.033332 1.929018 -0.153343
v -0.029008 1.87743 -0.107906
v -0.033332 2.001471 -0.12255
v -0.033332 2.081653 -0.10588
v -0.033332 2.168657 -0.096447
v -0.033332 2.290132 -0.08638
v -0.033332 2.450381 -0.07903
v -0.031414 2.603229 -0.073407
v -0.029112 2.772861 -0.063183
v -0.027578 2.932355 -0.052448
v -0.023742 3.109866 -0.038135
v -0.020487 3.271355 -0.008006
v -0.067227 2.168657 -0.016075
v -0.06467 2.290132 -0.014397
v -0.064155 1.75078 -0.014086
v -0.064155 1.801082 -0.016659
v -0.052008 1.453998 -0.010705
v -0.063196 1.501802 -0.014975
v -0.061474 2.450381 -0.013172
v -0.06175 1.848112 -0.023646
v -0.046255 1.402225 -0.007785
v -0.060195 2.603229 -0.012235
v -0.069549 1.87909 -0.016693
v -0.04284 1.35312 -0.006127
v -0.056295 2.772861 -0.010531
v -0.072022 1.933998 -0.02362
v -0.041561 1.322857 -0.006733
v -0.053482 2.932355 -0.008741
v -0.069465 2.001471 -0.020425
v -0.070868 1.578609 -0.016915
v -0.05936 1.630854 -0.014069
v -0.042294 3.109866 -0.006356
v -0.068826 2.081653 -0.017647
v -0.064155 1.694957 -0.0132
v -0.073745 1.542186 -0.020394
v -0.022517 3.286566 -0.001334
v -0.03117 1.902671 -0.128965
v -0.070785 1.904331 -0.019327
v -0.043067 1.542186 -0.122363
v -0.043833 1.542186 -0.121598
v -0.043513 1.542179 -0.122083
v -0.043849 1.578609 -0.100741
v -0.043068 1.578609 -0.101489
v -0.04352 1.578666 -0.101242
v -0.040731 1.501802 -0.08985
v -0.041495 1.501802 -0.089086
v -0.041175 1.501724 -0.089573
v -0.039489 1.453167 -0.064353
v -0.040197 1.45321 -0.063444
v -0.039914 1.453133 -0.064008
v -0.03607 1.401414 -0.045753
v -0.036787 1.401338 -0.044795
v -0.036495 1.401335 -0.045387
v -0.032263 1.352622 -0.035771
v -0.033047 1.352681 -0.034896
v -0.032711 1.352621 -0.035448
v -0.027912 1.320356 -0.032604
v -0.02706 1.320382 -0.033446
v -0.027521 1.320337 -0.033119
v -0.043783 1.630854 -0.08363
v -0.043068 1.630854 -0.084415
v -0.043501 1.630884 -0.084177
v -0.043841 1.694957 -0.078449
v -0.043068 1.694957 -0.079201
v -0.043518 1.694957 -0.078979
v -0.04383 1.75078 -0.083755
v -0.043067 1.75078 -0.084517
v -0.043514 1.750751 -0.084287
v -0.043801 1.801082 -0.09917
v -0.043067 1.801082 -0.099955
v -0.043508 1.801024 -0.099696
v -0.040413 1.849759 -0.129309
v -0.039708 1.849772 -0.130109
v -0.040147 1.849768 -0.129827
v -0.050934 1.929018 -0.153343
v -0.051607 1.92905 -0.152503
v -0.051347 1.929012 -0.153037
v -0.045347 1.877445 -0.107352
v -0.04459 1.87743 -0.108153
v -0.045039 1.877429 -0.107852
v -0.051616 2.001471 -0.121744
v -0.050935 2.001471 -0.12255
v -0.051358 2.001517 -0.122298
v -0.051629 2.081653 -0.105092
v -0.050935 2.081653 -0.10588
v -0.051362 2.081677 -0.105645
v -0.051627 2.168657 -0.095668
v -0.050935 2.168657 -0.096447
v -0.051361 2.168672 -0.096218
v -0.051617 2.290132 -0.085605
v -0.050935 2.290132 -0.08638
v -0.051358 2.290142 -0.086152
v -0.051593 2.450381 -0.078252
v -0.050935 2.450381 -0.07903
v -0.051351 2.450389 -0.078802
v -0.04969 2.603229 -0.072638
v -0.049017 2.603229 -0.073407
v -0.049438 2.603239 -0.073181
v -0.047387 2.772861 -0.062416
v -0.046716 2.772861 -0.063183
v -0.047135 2.772873 -0.062958
v -0.045856 2.932355 -0.051683
v -0.045181 2.932355 -0.052448
v -0.045602 2.932369 -0.052223
v -0.041895 3.109866 -0.037345
v -0.041345 3.109866 -0.038135
v -0.041728 3.109895 -0.037899
v -0.0344 3.271111 -0.007396
v -0.033552 3.271355 -0.008006
v -0.034024 3.271272 -0.00783
v -0.034551 3.286566 -0.001334
v -0.035172 3.284591 -0.00139
v -0.034957 3.285987 -0.001351
v -0.04752 1.902683 -0.128379
v -0.046801 1.902671 -0.129205
v -0.047224 1.902577 -0.128882
#end vertices

#begin 2237 textures vertices 
vt 0.409489 0.1386765 0
vt 0.4153737 0.1342264 0
vt 0.4035426 0.1430355 0
vt 0.8980981 0.7931704 0
vt 0.8982989 0.7934527 0
vt 0.9016514 0.7981122 0
vt 0.9018501 0.7983939 0
vt 0.9078266 0.793976 0
vt 0.9076221 0.7936982 0
vt 0.9042128 0.7890768 0
vt 0.904006 0.7887974 0
vt 0.8922003 0.7975436 0
vt 0.892398 0.7978279 0
vt 0.8956825 0.8025152 0
vt 0.8958801 0.8027972 0
vt 0.9224996 0.827044 0
vt 0.9226842 0.8273112 0
vt 0.9257836 0.8317602 0
vt 0.9259687 0.8320243 0
vt 0.9321229 0.8274201 0
vt 0.9319415 0.8271599 0
vt 0.9288519 0.8227941 0
vt 0.9286664 0.8225321 0
vt 0.9165283 0.8317539 0
vt 0.9167165 0.8320339 0
vt 0.9199289 0.8366221 0
vt 0.9201225 0.8368977 0
vt 0.9426627 0.8527579 0
vt 0.9426865 0.8527847 0
vt 0.9326249 0.852344 0
vt 0.9326576 0.8523774 0
vt 0.9337959 0.8535663 0
vt 0.933831 0.8535986 0
vt 0.9378186 0.8477949 0
vt 0.9378448 0.8478272 0
vt 0.9369237 0.8466822 0
vt 0.9368998 0.8466506 0
vt 0.9258264 0.8445031 0
vt 0.9258563 0.8445419 0
vt 0.9269038 0.8459011 0
vt 0.9269349 0.8459396 0
vt 0.9321523 0.8405561 0
vt 0.9321785 0.8405928 0
vt 0.9312293 0.8392887 0
vt 0.9312043 0.8392524 0
vt 0.9382503 0.8360973 0
vt 0.9382267 0.8360605 0
vt 0.9371068 0.8344059 0
vt 0.9370831 0.8343695 0
vt 0.9432848 0.8433772 0
vt 0.943265 0.843343 0
vt 0.9422933 0.8418323 0
vt 0.9422739 0.8417994 0
vt 0.9477983 0.8499874 0
vt 0.9477845 0.8499518 0
vt 0.9469141 0.848491 0
vt 0.9469 0.8484593 0
vt 0.9425364 0.8526206 0
vt 0.9425597 0.8526473 0
vt 0.9438099 0.8538209 0
vt 0.9438375 0.8538492 0
vt 0.9367744 0.8464827 0
vt 0.9367982 0.8465144 0
vt 0.9379603 0.8479681 0
vt 0.9379861 0.8480002 0
vt 0.9310701 0.8390594 0
vt 0.931095 0.8390959 0
vt 0.9322945 0.8407522 0
vt 0.9323204 0.8407888 0
vt 0.9401395 0.858216 0
vt 0.9401768 0.8582367 0
vt 0.941917 0.8591784 0
vt 0.9419584 0.8591947 0
vt 0.9324575 0.8521666 0
vt 0.9324898 0.8522003 0
vt 0.9339792 0.8537368 0
vt 0.934014 0.8537689 0
vt 0.9256711 0.8442996 0
vt 0.9257008 0.8443385 0
vt 0.927067 0.8461025 0
vt 0.9270978 0.8461408 0
vt 0.9436539 0.8536741 0
vt 0.9436815 0.8537026 0
vt 0.9416985 0.8590873 0
vt 0.9417401 0.8591041 0
vt 0.9403315 0.8583273 0
vt 0.9403694 0.8583474 0
vt 0.9372331 0.8345936 0
vt 0.9372094 0.8345571 0
vt 0.9381225 0.8359049 0
vt 0.9380985 0.8358675 0
vt 0.9423997 0.842 0
vt 0.9423801 0.8419668 0
vt 0.9431742 0.8431995 0
vt 0.9431543 0.8431647 0
vt 0.9470011 0.8486477 0
vt 0.946987 0.8486154 0
vt 0.9477037 0.8498083 0
vt 0.9476896 0.8497724 0
vt 0.9070467 0.7929167 0
vt 0.9068406 0.792637 0
vt 0.905 0.7901415 0
vt 0.904793 0.7898615 0
vt 0.8929553 0.798624 0
vt 0.8931539 0.7989084 0
vt 0.8949324 0.8014386 0
vt 0.8951294 0.8017223 0
vt 0.9010627 0.7972815 0
vt 0.9008656 0.7970034 0
vt 0.8990896 0.7945627 0
vt 0.8988914 0.7942844 0
vt 0.9232334 0.8280966 0
vt 0.9234185 0.8283601 0
vt 0.925228 0.8309754 0
vt 0.9250413 0.8307122 0
vt 0.9191853 0.8355728 0
vt 0.9193812 0.8358495 0
vt 0.9172467 0.8328174 0
vt 0.9174392 0.8330964 0
vt 0.9295589 0.8237928 0
vt 0.9293719 0.8235279 0
vt 0.9314273 0.8264241 0
vt 0.9312415 0.8261585 0
vt 0.81193 0.6776361 0
vt 0.8117987 0.6774704 0
vt 0.8058956 0.6820133 0
vt 0.8060321 0.682173 0
vt 0.8179012 0.6731912 0
vt 0.8177749 0.6730225 0
vt 0.7836887 0.6401901 0
vt 0.8115292 0.6771289 0
vt 0.8113987 0.6769642 0
vt 0.789811 0.6356321 0
vt 0.8175228 0.6726859 0
vt 0.8173961 0.6725166 0
vt 0.8054871 0.6815348 0
vt 0.8056239 0.6816945 0
vt 0.7775283 0.6447818 0
vt 0.7736805 0.6386119 0
vt 0.7738476 0.6388882 0
vt 0.7795685 0.6342067 0
vt 0.7797512 0.6344717 0
vt 0.7856467 0.6300511 0
vt 0.7854553 0.6297927 0
vt 0.7769331 0.6438365 0
vt 0.7770872 0.6440818 0
vt 0.7830548 0.6392798 0
vt 0.783219 0.6395158 0
vt 0.7893153 0.6349641 0
vt 0.7891418 0.6347302 0
vt 0.774455 0.6398812 0
vt 0.7746255 0.6401559 0
vt 0.7804513 0.6354806 0
vt 0.7806334 0.6357412 0
vt 0.7865301 0.6312436 0
vt 0.7863376 0.6309837 0
vt 0.7765158 0.643171 0
vt 0.7766732 0.6434216 0
vt 0.7825925 0.6386168 0
vt 0.7827601 0.6388568 0
vt 0.7888488 0.6343347 0
vt 0.7886715 0.6340957 0
vt 0.4025264 0.1300943 0
vt 0.4089473 0.1256365 0
vt 0.3961609 0.1350032 0
vt 0.401906 0.1292843 0
vt 0.4082717 0.1247351 0
vt 0.3954789 0.1341248 0
vt 0.395633 0.1205305 0
vt 0.4017326 0.1160316 0
vt 0.3894483 0.1250461 0
vt 0.3949426 0.1195197 0
vt 0.4009345 0.1149773 0
vt 0.38877 0.1239105 0
vt 0.3934305 0.1173215 0
vt 0.3994189 0.1129615 0
vt 0.387482 0.1216877 0
vt 0.376926 0.09409666 0
vt 0.3822243 0.09026981 0
vt 0.3714568 0.0976651 0
vt 0.3544854 0.06110483 0
vt 0.3580271 0.05852061 0
vt 0.350812 0.06349391 0
vt 0.3347158 0.0325878 0
vt 0.3364241 0.03023453 0
vt 0.3317214 0.03307289 0
vt 0.3344525 0.02765406 0
vt 0.08549723 0.02039291 0
vt 0.9504003 0.8575522 0
vt 0.9500481 0.8573624 0
vt 0.9519348 0.8565462 0
vt 0.9517781 0.8561774 0
vt 0.9498077 0.8600633 0
vt 0.9502044 0.8599933 0
vt 0.3976628 0.1474625 0
vt 0.3918151 0.1518857 0
vt 0.8863242 0.8019357 0
vt 0.8865099 0.8022302 0
vt 0.8897159 0.8069008 0
vt 0.8899264 0.8071764 0
vt 0.8840502 0.81159 0
vt 0.8837684 0.811375 0
vt 0.8804989 0.8065876 0
vt 0.8804128 0.8062418 0
vt 0.9106853 0.8365071 0
vt 0.9108788 0.8368107 0
vt 0.9142688 0.8415958 0
vt 0.9144923 0.8418792 0
vt 0.9089993 0.8467609 0
vt 0.9086862 0.8465239 0
vt 0.9049327 0.8413724 0
vt 0.9048142 0.8409928 0
vt 0.9397927 0.8645966 0
vt 0.9398467 0.8646097 0
vt 0.9307915 0.8597448 0
vt 0.9308373 0.8597777 0
vt 0.9292513 0.8585262 0
vt 0.9292073 0.8584919 0
vt 0.9221576 0.851473 0
vt 0.9221948 0.8515128 0
vt 0.920909 0.8500344 0
vt 0.920873 0.849994 0
vt 0.9177121 0.8571917 0
vt 0.9176572 0.8571594 0
vt 0.9156907 0.8551405 0
vt 0.9156566 0.8550866 0
vt 0.928263 0.8661805 0
vt 0.9281926 0.8661594 0
vt 0.9254328 0.8644825 0
vt 0.9253795 0.8644334 0
vt 0.9433338 0.8710147 0
vt 0.9432453 0.8710317 0
vt 0.9392936 0.8710142 0
vt 0.9392078 0.8709949 0
vt 0.9395038 0.864507 0
vt 0.9395581 0.8645217 0
vt 0.9420529 0.8652462 0
vt 0.94211 0.8652529 0
vt 0.928973 0.8583023 0
vt 0.9290167 0.8583375 0
vt 0.931038 0.8599232 0
vt 0.9310845 0.8599562 0
vt 0.9206816 0.8497723 0
vt 0.9207177 0.8498134 0
vt 0.9223563 0.8516885 0
vt 0.9223937 0.8517285 0
vt 0.941746 0.8651916 0
vt 0.9418026 0.8651985 0
vt 0.9158504 0.8554484 0
vt 0.9158161 0.8553946 0
vt 0.9174131 0.8570295 0
vt 0.9173582 0.8569969 0
vt 0.9257001 0.8647684 0
vt 0.9256466 0.8647201 0
vt 0.927888 0.8660759 0
vt 0.9278182 0.8660544 0
vt 0.9397464 0.8711371 0
vt 0.9396608 0.8711187 0
vt 0.9428708 0.8711193 0
vt 0.9427836 0.8711347 0
vt 0.8828699 0.8108072 0
vt 0.8825826 0.8105796 0
vt 0.8807842 0.8080146 0
vt 0.8806802 0.8076583 0
vt 0.8891122 0.8060924 0
vt 0.8889124 0.8058215 0
vt 0.8872523 0.8033538 0
vt 0.8870651 0.803074 0
vt 0.9114596 0.8376807 0
vt 0.9116571 0.8379675 0
vt 0.9136276 0.8407687 0
vt 0.9134148 0.8404931 0
vt 0.9053388 0.8429171 0
vt 0.905204 0.8425343 0
vt 0.9077102 0.8459066 0
vt 0.9073965 0.8456629 0
vt 0.8001586 0.6867137 0
vt 0.7999967 0.6865709 0
vt 0.7945238 0.6914734 0
vt 0.7943099 0.6913955 0
vt 0.771324 0.6494461 0
vt 0.7996695 0.6862763 0
vt 0.799512 0.686135 0
vt 0.7651245 0.6542532 0
vt 0.7938349 0.6912638 0
vt 0.7936136 0.6911803 0
vt 0.7678119 0.643029 0
vt 0.7679541 0.6433297 0
vt 0.7619178 0.6476785 0
vt 0.7618877 0.6473408 0
vt 0.7707295 0.6484868 0
vt 0.7708821 0.6487356 0
vt 0.7646664 0.6534812 0
vt 0.7644431 0.6532565 0
vt 0.7685164 0.644436 0
vt 0.7686657 0.6447184 0
vt 0.7620308 0.6493912 0
vt 0.7619746 0.6490346 0
vt 0.7703078 0.6477912 0
vt 0.7704602 0.6480426 0
vt 0.7640267 0.6528995 0
vt 0.7637991 0.6526697 0
vt 0.3890087 0.139858 0
vt 0.3811428 0.145789 0
vt 0.3883635 0.1390375 0
vt 0.3802749 0.1447806 0
vt 0.3828337 0.1294477 0
vt 0.3755363 0.1332463 0
vt 0.3823666 0.1282398 0
vt 0.375141 0.1318798 0
vt 0.3813698 0.125547 0
vt 0.3753401 0.1288308 0
vt 0.3658735 0.1010943 0
vt 0.3600939 0.1042691 0
vt 0.3470416 0.06571739 0
vt 0.3431648 0.06771498 0
vt 0.3299786 0.03555311 0
vt 0.3269523 0.03577223 0
vt 0.9515072 0.8629841 0
vt 0.9511745 0.8632249 0
vt 0.9577627 0.8657959 0
vt 0.9579668 0.8661609 0
vt 0.4213073 0.1298418 0
vt 0.4271719 0.1253734 0
vt 0.9099279 0.7844447 0
vt 0.9101406 0.7847205 0
vt 0.9136244 0.7893172 0
vt 0.9138357 0.7895918 0
vt 0.915847 0.7800912 0
vt 0.9160643 0.7803667 0
vt 0.9196235 0.7849345 0
vt 0.9198385 0.7852091 0
vt 0.9349878 0.818249 0
vt 0.9351845 0.8185131 0
vt 0.938381 0.822973 0
vt 0.9385714 0.8232388 0
vt 0.9413865 0.8141844 0
vt 0.9415952 0.8144614 0
vt 0.9449678 0.8191024 0
vt 0.9451669 0.8193841 0
vt 0.9525191 0.8466544 0
vt 0.9525245 0.846691 0
vt 0.9556261 0.8369798 0
vt 0.955643 0.8370246 0
vt 0.9562935 0.8385831 0
vt 0.9563074 0.8386296 0
vt 0.9494836 0.8400919 0
vt 0.9495004 0.8401307 0
vt 0.9488099 0.838796 0
vt 0.9487927 0.8387596 0
vt 0.9505761 0.8275268 0
vt 0.9506018 0.8275702 0
vt 0.951521 0.8290773 0
vt 0.9515455 0.8291217 0
vt 0.9446428 0.8320498 0
vt 0.9446665 0.832089 0
vt 0.9437803 0.8307077 0
vt 0.9437564 0.8306698 0
vt 0.9524678 0.8464659 0
vt 0.9524739 0.8465021 0
vt 0.9529102 0.8482339 0
vt 0.9529143 0.8482742 0
vt 0.9486907 0.8385707 0
vt 0.9487083 0.838607 0
vt 0.9495814 0.8402979 0
vt 0.949598 0.8403363 0
vt 0.9436244 0.8304698 0
vt 0.9436486 0.8305077 0
vt 0.9447727 0.8322589 0
vt 0.9447962 0.8322977 0
vt 0.9583802 0.8465733 0
vt 0.9583796 0.8466174 0
vt 0.9584275 0.8486664 0
vt 0.9584201 0.8487115 0
vt 0.9555295 0.8367482 0
vt 0.9555469 0.8367929 0
vt 0.9563746 0.8388259 0
vt 0.9563883 0.8388722 0
vt 0.9504384 0.8273014 0
vt 0.9504642 0.8273447 0
vt 0.9516517 0.8293092 0
vt 0.951676 0.8293532 0
vt 0.9528681 0.8480168 0
vt 0.9528726 0.8480573 0
vt 0.9584501 0.8484229 0
vt 0.9584431 0.8484684 0
vt 0.9583891 0.8468042 0
vt 0.9583877 0.8468485 0
vt 0.9166707 0.7811421 0
vt 0.9168873 0.7814183 0
vt 0.9188071 0.783887 0
vt 0.9190226 0.784162 0
vt 0.9130022 0.7885051 0
vt 0.9127935 0.7882335 0
vt 0.9109747 0.7858071 0
vt 0.9107655 0.7855349 0
vt 0.9357616 0.8192946 0
vt 0.9359538 0.819558 0
vt 0.9378137 0.822182 0
vt 0.9376244 0.8219161 0
vt 0.94421 0.8180256 0
vt 0.9444102 0.8183087 0
vt 0.9421776 0.8152406 0
vt 0.942383 0.8155205 0
vt 0.8238608 0.6687289 0
vt 0.8237382 0.6685565 0
vt 0.8297682 0.6641895 0
vt 0.8298831 0.6643655 0
vt 0.7959166 0.6310565 0
vt 0.8234855 0.6682021 0
vt 0.8233639 0.6680307 0
vt 0.8294234 0.663663 0
vt 0.8295384 0.6638392 0
vt 0.8020692 0.6264515 0
vt 0.7972539 0.6210053 0
vt 0.7974701 0.6212452 0
vt 0.7913589 0.6254006 0
vt 0.7915631 0.6256496 0
vt 0.8013354 0.6256088 0
vt 0.8015258 0.6258273 0
vt 0.7952171 0.6301947 0
vt 0.7953986 0.6304178 0
vt 0.7982442 0.6221141 0
vt 0.7984578 0.6223564 0
vt 0.7923402 0.6266014 0
vt 0.7925405 0.6268484 0
vt 0.8008189 0.6250162 0
vt 0.8010134 0.6252397 0
vt 0.7947067 0.6295672 0
vt 0.7948914 0.6297946 0
vt 0.4150225 0.1207243 0
vt 0.4215196 0.1159848 0
vt 0.4144177 0.1199003 0
vt 0.4208655 0.1150803 0
vt 0.4077453 0.1114217 0
vt 0.413803 0.1067267 0
vt 0.4069736 0.1104707 0
vt 0.4128968 0.1057624 0
vt 0.4052696 0.1084107 0
vt 0.4111101 0.1038983 0
vt 0.3873353 0.08619968 0
vt 0.3922412 0.08189294 0
vt 0.3614564 0.05578866 0
vt 0.3647311 0.05287828 0
vt 0.3391439 0.02920588 0
vt 0.3403998 0.02644444 0
vt 0.9539608 0.8562948 0
vt 0.9540464 0.8559072 0
vt 0.9564251 0.8570262 0
vt 0.9561506 0.8573207 0
vt 0.4330843 0.1209899 0
vt 0.9217678 0.7757504 0
vt 0.922001 0.7760185 0
vt 0.9256072 0.7805291 0
vt 0.9258147 0.7808166 0
vt 0.9477417 0.810204 0
vt 0.9479827 0.8104908 0
vt 0.9515625 0.815382 0
vt 0.9517719 0.815691 0
vt 0.9641738 0.8486301 0
vt 0.9641642 0.8486854 0
vt 0.963182 0.8381025 0
vt 0.9631973 0.8381585 0
vt 0.9625969 0.836163 0
vt 0.9625791 0.836108 0
vt 0.9584437 0.8265895 0
vt 0.9584705 0.8266393 0
vt 0.9574774 0.8248654 0
vt 0.9574494 0.8248164 0
vt 0.9642158 0.8483295 0
vt 0.9642073 0.8483856 0
vt 0.9637673 0.850958 0
vt 0.9637504 0.8510128 0
vt 0.9624833 0.8358105 0
vt 0.9625018 0.8358658 0
vt 0.9632614 0.8384054 0
vt 0.9632765 0.8384619 0
vt 0.9572975 0.8245513 0
vt 0.9573262 0.8246006 0
vt 0.9585859 0.8268583 0
vt 0.9586128 0.8269084 0
vt 0.9638467 0.8506565 0
vt 0.9638307 0.8507115 0
vt 0.9249969 0.7796994 0
vt 0.9247917 0.7794243 0
vt 0.9228787 0.7770754 0
vt 0.922661 0.7768101 0
vt 0.9486658 0.8113379 0
vt 0.9488894 0.8116219 0
vt 0.9509454 0.8144953 0
vt 0.9507392 0.8142015 0
vt 0.8359018 0.6600247 0
vt 0.8358095 0.6598292 0
vt 0.8083034 0.6218297 0
vt 0.8356178 0.6594324 0
vt 0.835526 0.6592415 0
vt 0.8031554 0.6166321 0
vt 0.8034073 0.6168496 0
vt 0.8075394 0.6210019 0
vt 0.8077382 0.6212144 0
vt 0.8043274 0.6176857 0
vt 0.8045605 0.6179049 0
vt 0.8069807 0.6204136 0
vt 0.8071826 0.6206262 0
vt 0.4281794 0.1104867 0
vt 0.4275691 0.1096321 0
vt 0.4198665 0.1015894 0
vt 0.4188341 0.100791 0
vt 0.416502 0.09908299 0
vt 0.3970404 0.07743298 0
vt 0.3678713 0.04982932 0
vt 0.343251 0.02541602 0
vt 0.9580947 0.8600314 0
vt 0.9584706 0.8598788 0
vt 0.9540709 0.1487007 0
vt 0.8278181 0.146133 0
vt 0.9439581 0.05390146 0
vt 0.8417662 0.05183496 0
vt 0.8399427 0.1064391 0
vt 0.9435706 0.1085425 0
vt 0.8903048 0.1788 0
vt 0.8936225 0.01514772 0
vt 0.8923593 0.07777616 0
vt 0.8909727 0.1460457 0
vt 0.8767295 0.179641 0
vt 0.8816665 0.01399725 0
vt 0.8780452 0.1465798 0
vt 0.8797838 0.07688536 0
vt 0.9049604 0.07739506 0
vt 0.9038347 0.1801929 0
vt 0.9056151 0.01447946 0
vt 0.9038677 0.1471056 0
vt 0.9157627 0.01341813 0
vt 0.9218502 0.01820478 0
vt 0.918904 0.0146597 0
vt 0.9130418 0.1213874 0
vt 0.9081754 0.1189591 0
vt 0.908121 0.1240844 0
vt 0.9105883 0.120028 0
vt 0.909772 0.1215415 0
vt 0.9081787 0.1215531 0
vt 0.9105741 0.1229288 0
vt 0.9213793 0.1799293 0
vt 0.9147503 0.181888 0
vt 0.9182078 0.1815812 0
vt 0.8652949 0.01706666 0
vt 0.87157 0.01252867 0
vt 0.8683815 0.01364425 0
vt 0.8747322 0.1234059 0
vt 0.8748862 0.118283 0
vt 0.869925 0.1205115 0
vt 0.8747775 0.1208745 0
vt 0.8731859 0.1207982 0
vt 0.8724318 0.1192529 0
vt 0.8723281 0.1221517 0
vt 0.8657542 0.1808903 0
vt 0.8592108 0.178663 0
vt 0.8623122 0.1804428 0
vt 0.9220493 0.08035016 0
vt 0.9156191 0.07694916 0
vt 0.9189244 0.07787346 0
vt 0.8625891 0.07914606 0
vt 0.8691517 0.07600846 0
vt 0.8658116 0.07679816 0
vt 0.9211174 0.1452886 0
vt 0.9145263 0.1479418 0
vt 0.9179424 0.1473042 0
vt 0.8608836 0.1440638 0
vt 0.8673613 0.1469822 0
vt 0.863974 0.1462064 0
vt 0.8914452 0.1228391 0
vt 0.8915372 0.1183114 0
vt 0.8914916 0.1205546 0
vt 0.882614 0.118106 0
vt 0.8824282 0.1233307 0
vt 0.8827629 0.1207075 0
vt 0.9004614 0.1184685 0
vt 0.9004347 0.1236966 0
vt 0.9002069 0.121062 0
vt 0.9540709 0.1487007 0
vt 0.8278181 0.146133 0
vt 0.9439581 0.05390146 0
vt 0.8417662 0.05183496 0
vt 0.8399427 0.1064391 0
vt 0.9435706 0.1085425 0
vt 0.8903048 0.1788 0
vt 0.8936225 0.01514772 0
vt 0.8923593 0.07777616 0
vt 0.8909727 0.1460457 0
vt 0.8767295 0.179641 0
vt 0.8816665 0.01399725 0
vt 0.8780452 0.1465798 0
vt 0.8797838 0.07688536 0
vt 0.9049604 0.07739506 0
vt 0.9038347 0.1801929 0
vt 0.9056151 0.01447946 0
vt 0.9038677 0.1471056 0
vt 0.9157627 0.01341813 0
vt 0.9218502 0.01820478 0
vt 0.918904 0.0146597 0
vt 0.9130418 0.1213874 0
vt 0.9081754 0.1189591 0
vt 0.908121 0.1240844 0
vt 0.9105883 0.120028 0
vt 0.909772 0.1215415 0
vt 0.9081787 0.1215531 0
vt 0.9105741 0.1229288 0
vt 0.9213793 0.1799293 0
vt 0.9147503 0.181888 0
vt 0.9182078 0.1815812 0
vt 0.8652949 0.01706666 0
vt 0.87157 0.01252867 0
vt 0.8683815 0.01364425 0
vt 0.8747322 0.1234059 0
vt 0.8748862 0.118283 0
vt 0.869925 0.1205115 0
vt 0.8747775 0.1208745 0
vt 0.8731859 0.1207982 0
vt 0.8724318 0.1192529 0
vt 0.8723281 0.1221517 0
vt 0.8657542 0.1808903 0
vt 0.8592108 0.178663 0
vt 0.8623122 0.1804428 0
vt 0.9220493 0.08035016 0
vt 0.9156191 0.07694916 0
vt 0.9189244 0.07787346 0
vt 0.8625891 0.07914606 0
vt 0.8691517 0.07600846 0
vt 0.8658116 0.07679816 0
vt 0.9211174 0.1452886 0
vt 0.9145263 0.1479418 0
vt 0.9179424 0.1473042 0
vt 0.8608836 0.1440638 0
vt 0.8673613 0.1469822 0
vt 0.863974 0.1462064 0
vt 0.8914452 0.1228391 0
vt 0.8915372 0.1183114 0
vt 0.8914916 0.1205546 0
vt 0.882614 0.118106 0
vt 0.8824282 0.1233307 0
vt 0.8827629 0.1207075 0
vt 0.9004614 0.1184685 0
vt 0.9004347 0.1236966 0
vt 0.9002069 0.121062 0
vt 0.9540709 0.1487007 0
vt 0.8278181 0.146133 0
vt 0.9439581 0.05390146 0
vt 0.8417662 0.05183496 0
vt 0.8399427 0.1064391 0
vt 0.9435706 0.1085425 0
vt 0.8903048 0.1788 0
vt 0.8936225 0.01514772 0
vt 0.8923593 0.07777616 0
vt 0.8909727 0.1460457 0
vt 0.8767295 0.179641 0
vt 0.8816665 0.01399725 0
vt 0.8780452 0.1465798 0
vt 0.8797838 0.07688536 0
vt 0.9049604 0.07739506 0
vt 0.9038347 0.1801929 0
vt 0.9056151 0.01447946 0
vt 0.9038677 0.1471056 0
vt 0.9157627 0.01341813 0
vt 0.9218502 0.01820478 0
vt 0.918904 0.0146597 0
vt 0.9130418 0.1213874 0
vt 0.9081754 0.1189591 0
vt 0.908121 0.1240844 0
vt 0.9105883 0.120028 0
vt 0.909772 0.1215415 0
vt 0.9081787 0.1215531 0
vt 0.9105741 0.1229288 0
vt 0.9213793 0.1799293 0
vt 0.9147503 0.181888 0
vt 0.9182078 0.1815812 0
vt 0.8652949 0.01706666 0
vt 0.87157 0.01252867 0
vt 0.8683815 0.01364425 0
vt 0.8747322 0.1234059 0
vt 0.8748862 0.118283 0
vt 0.869925 0.1205115 0
vt 0.8747775 0.1208745 0
vt 0.8731859 0.1207982 0
vt 0.8724318 0.1192529 0
vt 0.8723281 0.1221517 0
vt 0.8657542 0.1808903 0
vt 0.8592108 0.178663 0
vt 0.8623122 0.1804428 0
vt 0.9220493 0.08035016 0
vt 0.9156191 0.07694916 0
vt 0.9189244 0.07787346 0
vt 0.8625891 0.07914606 0
vt 0.8691517 0.07600846 0
vt 0.8658116 0.07679816 0
vt 0.9211174 0.1452886 0
vt 0.9145263 0.1479418 0
vt 0.9179424 0.1473042 0
vt 0.8608836 0.1440638 0
vt 0.8673613 0.1469822 0
vt 0.863974 0.1462064 0
vt 0.8914452 0.1228391 0
vt 0.8915372 0.1183114 0
vt 0.8914916 0.1205546 0
vt 0.882614 0.118106 0
vt 0.8824282 0.1233307 0
vt 0.8827629 0.1207075 0
vt 0.9004614 0.1184685 0
vt 0.9004347 0.1236966 0
vt 0.9002069 0.121062 0
vt 0.8278181 0.146133 0
vt 0.9540709 0.1487007 0
vt 0.8417662 0.05183496 0
vt 0.9439581 0.05390146 0
vt 0.9435706 0.1085425 0
vt 0.8399427 0.1064391 0
vt 0.8903048 0.1788 0
vt 0.8936225 0.01514772 0
vt 0.8923593 0.07777616 0
vt 0.8909727 0.1460457 0
vt 0.9038347 0.1801929 0
vt 0.9056151 0.01447946 0
vt 0.9038677 0.1471056 0
vt 0.9049604 0.07739506 0
vt 0.8797838 0.07688536 0
vt 0.8767295 0.179641 0
vt 0.8816665 0.01399725 0
vt 0.8780452 0.1465798 0
vt 0.87157 0.01252867 0
vt 0.8652949 0.01706666 0
vt 0.8683815 0.01364425 0
vt 0.869925 0.1205115 0
vt 0.8748862 0.118283 0
vt 0.8747322 0.1234059 0
vt 0.8724318 0.1192529 0
vt 0.8731859 0.1207982 0
vt 0.8747775 0.1208745 0
vt 0.8723281 0.1221517 0
vt 0.8592108 0.178663 0
vt 0.8657542 0.1808903 0
vt 0.8623122 0.1804428 0
vt 0.9218502 0.01820478 0
vt 0.9157627 0.01341813 0
vt 0.918904 0.0146597 0
vt 0.908121 0.1240844 0
vt 0.9081754 0.1189591 0
vt 0.9130418 0.1213874 0
vt 0.9081787 0.1215531 0
vt 0.909772 0.1215415 0
vt 0.9105883 0.120028 0
vt 0.9105741 0.1229288 0
vt 0.9147503 0.181888 0
vt 0.9213793 0.1799293 0
vt 0.9182078 0.1815812 0
vt 0.8625891 0.07914606 0
vt 0.8691517 0.07600846 0
vt 0.8658116 0.07679816 0
vt 0.9220493 0.08035016 0
vt 0.9156191 0.07694916 0
vt 0.9189244 0.07787346 0
vt 0.8608836 0.1440638 0
vt 0.8673613 0.1469822 0
vt 0.863974 0.1462064 0
vt 0.9211174 0.1452886 0
vt 0.9145263 0.1479418 0
vt 0.9179424 0.1473042 0
vt 0.8914452 0.1228391 0
vt 0.8915372 0.1183114 0
vt 0.8914916 0.1205546 0
vt 0.9004614 0.1184685 0
vt 0.9004347 0.1236966 0
vt 0.9002069 0.121062 0
vt 0.882614 0.118106 0
vt 0.8824282 0.1233307 0
vt 0.8827629 0.1207075 0
vt 0.7882503 0.136872 0
vt 0.6790138 0.1344714 0
vt 0.786031 0.05042032 0
vt 0.6850301 0.04819792 0
vt 0.6830938 0.1014188 0
vt 0.7856257 0.1036727 0
vt 0.7327913 0.1739131 0
vt 0.7363512 0.01205415 0
vt 0.7349738 0.07460792 0
vt 0.7334176 0.1454321 0
vt 0.7202175 0.1738512 0
vt 0.7245413 0.01085629 0
vt 0.7196465 0.1451356 0
vt 0.7226053 0.07360242 0
vt 0.7473745 0.07414782 0
vt 0.7453558 0.1744041 0
vt 0.7482022 0.01137737 0
vt 0.7471882 0.1457417 0
vt 0.7582525 0.01029086 0
vt 0.7642698 0.01502481 0
vt 0.7613619 0.0115144 0
vt 0.7554209 0.1189398 0
vt 0.7505453 0.1167048 0
vt 0.7505442 0.1219774 0
vt 0.752954 0.1176926 0
vt 0.7521572 0.1192884 0
vt 0.7505707 0.1193731 0
vt 0.7529751 0.1206677 0
vt 0.7614356 0.1720974 0
vt 0.7557689 0.1750572 0
vt 0.7589392 0.1743065 0
vt 0.7083284 0.01379275 0
vt 0.7145483 0.009328326 0
vt 0.711388 0.01041374 0
vt 0.7173373 0.1212471 0
vt 0.7175679 0.1159797 0
vt 0.7125988 0.117998 0
vt 0.7174253 0.1186442 0
vt 0.715844 0.1184898 0
vt 0.7151181 0.1168606 0
vt 0.7149662 0.1198318 0
vt 0.7097858 0.174046 0
vt 0.7042548 0.1708401 0
vt 0.7066517 0.1731567 0
vt 0.7642103 0.07681652 0
vt 0.7578768 0.07353012 0
vt 0.7611333 0.07439582 0
vt 0.7056685 0.07552842 0
vt 0.7121403 0.07252272 0
vt 0.708849 0.07324482 0
vt 0.7649709 0.1422357 0
vt 0.758513 0.1456832 0
vt 0.76201 0.1447007 0
vt 0.702035 0.1408521 0
vt 0.7083352 0.1445798 0
vt 0.7048847 0.1434447 0
vt 0.7339532 0.1210475 0
vt 0.7340558 0.1163758 0
vt 0.734005 0.118689 0
vt 0.7252341 0.1160729 0
vt 0.7250369 0.1214874 0
vt 0.7253732 0.1187729 0
vt 0.7428823 0.116461 0
vt 0.7428416 0.121879 0
vt 0.7426249 0.1191523 0
vt 0.7318102 0.2185293 0
vt 0.7205798 0.2191831 0
vt 0.743001 0.2196762 0
vt 0.7579732 0.2177849 0
vt 0.7526101 0.2206106 0
vt 0.7556118 0.2199117 0
vt 0.7109388 0.2196941 0
vt 0.7057052 0.2166354 0
vt 0.7079708 0.2188639 0
vt 0.731568 0.2295401 0
vt 0.7181269 0.2298925 0
vt 0.7449807 0.2304831 0
vt 0.7617457 0.228403 0
vt 0.755821 0.230985 0
vt 0.7590103 0.2302806 0
vt 0.707275 0.2299173 0
vt 0.7014695 0.2270773 0
vt 0.7041198 0.2290733 0
vt 0.7882503 0.136872 0
vt 0.6790138 0.1344714 0
vt 0.786031 0.05042032 0
vt 0.6850301 0.04819792 0
vt 0.6830938 0.1014188 0
vt 0.7856257 0.1036727 0
vt 0.7327913 0.1739131 0
vt 0.7363512 0.01205415 0
vt 0.7349738 0.07460792 0
vt 0.7334176 0.1454321 0
vt 0.7202175 0.1738512 0
vt 0.7245413 0.01085629 0
vt 0.7196465 0.1451356 0
vt 0.7226053 0.07360242 0
vt 0.7473745 0.07414782 0
vt 0.7453558 0.1744041 0
vt 0.7482022 0.01137737 0
vt 0.7471882 0.1457417 0
vt 0.7582525 0.01029086 0
vt 0.7642698 0.01502481 0
vt 0.7613619 0.0115144 0
vt 0.7554209 0.1189398 0
vt 0.7505453 0.1167048 0
vt 0.7505442 0.1219774 0
vt 0.752954 0.1176926 0
vt 0.7521572 0.1192884 0
vt 0.7505707 0.1193731 0
vt 0.7529751 0.1206677 0
vt 0.7614356 0.1720974 0
vt 0.7557689 0.1750572 0
vt 0.7589392 0.1743065 0
vt 0.7083284 0.01379275 0
vt 0.7145483 0.009328326 0
vt 0.711388 0.01041374 0
vt 0.7173373 0.1212471 0
vt 0.7175679 0.1159797 0
vt 0.7125988 0.117998 0
vt 0.7174253 0.1186442 0
vt 0.715844 0.1184898 0
vt 0.7151181 0.1168606 0
vt 0.7149662 0.1198318 0
vt 0.7097858 0.174046 0
vt 0.7042548 0.1708401 0
vt 0.7066517 0.1731567 0
vt 0.7642103 0.07681652 0
vt 0.7578768 0.07353012 0
vt 0.7611333 0.07439582 0
vt 0.7056685 0.07552842 0
vt 0.7121403 0.07252272 0
vt 0.708849 0.07324482 0
vt 0.7649709 0.1422357 0
vt 0.758513 0.1456832 0
vt 0.76201 0.1447007 0
vt 0.702035 0.1408521 0
vt 0.7083352 0.1445798 0
vt 0.7048847 0.1434447 0
vt 0.7339532 0.1210475 0
vt 0.7340558 0.1163758 0
vt 0.734005 0.118689 0
vt 0.7252341 0.1160729 0
vt 0.7250369 0.1214874 0
vt 0.7253732 0.1187729 0
vt 0.7428823 0.116461 0
vt 0.7428416 0.121879 0
vt 0.7426249 0.1191523 0
vt 0.7318102 0.2185293 0
vt 0.7205798 0.2191831 0
vt 0.743001 0.2196762 0
vt 0.7579732 0.2177849 0
vt 0.7526101 0.2206106 0
vt 0.7556118 0.2199117 0
vt 0.7109388 0.2196941 0
vt 0.7057052 0.2166354 0
vt 0.7079708 0.2188639 0
vt 0.731568 0.2295401 0
vt 0.7181269 0.2298925 0
vt 0.7449807 0.2304831 0
vt 0.7617457 0.228403 0
vt 0.755821 0.230985 0
vt 0.7590103 0.2302806 0
vt 0.707275 0.2299173 0
vt 0.7014695 0.2270773 0
vt 0.7041198 0.2290733 0
vt 0.7882503 0.136872 0
vt 0.6790138 0.1344714 0
vt 0.786031 0.05042032 0
vt 0.6850301 0.04819792 0
vt 0.6830938 0.1014188 0
vt 0.7856257 0.1036727 0
vt 0.7327913 0.1739131 0
vt 0.7363512 0.01205415 0
vt 0.7349738 0.07460792 0
vt 0.7334176 0.1454321 0
vt 0.7202175 0.1738512 0
vt 0.7245413 0.01085629 0
vt 0.7196465 0.1451356 0
vt 0.7226053 0.07360242 0
vt 0.7473745 0.07414782 0
vt 0.7453558 0.1744041 0
vt 0.7482022 0.01137737 0
vt 0.7471882 0.1457417 0
vt 0.7582525 0.01029086 0
vt 0.7642698 0.01502481 0
vt 0.7613619 0.0115144 0
vt 0.7554209 0.1189398 0
vt 0.7505453 0.1167048 0
vt 0.7505442 0.1219774 0
vt 0.752954 0.1176926 0
vt 0.7521572 0.1192884 0
vt 0.7505707 0.1193731 0
vt 0.7529751 0.1206677 0
vt 0.7614356 0.1720974 0
vt 0.7557689 0.1750572 0
vt 0.7589392 0.1743065 0
vt 0.7083284 0.01379275 0
vt 0.7145483 0.009328326 0
vt 0.711388 0.01041374 0
vt 0.7173373 0.1212471 0
vt 0.7175679 0.1159797 0
vt 0.7125988 0.117998 0
vt 0.7174253 0.1186442 0
vt 0.715844 0.1184898 0
vt 0.7151181 0.1168606 0
vt 0.7149662 0.1198318 0
vt 0.7097858 0.174046 0
vt 0.7042548 0.1708401 0
vt 0.7066517 0.1731567 0
vt 0.7642103 0.07681652 0
vt 0.7578768 0.07353012 0
vt 0.7611333 0.07439582 0
vt 0.7056685 0.07552842 0
vt 0.7121403 0.07252272 0
vt 0.708849 0.07324482 0
vt 0.7649709 0.1422357 0
vt 0.758513 0.1456832 0
vt 0.76201 0.1447007 0
vt 0.702035 0.1408521 0
vt 0.7083352 0.1445798 0
vt 0.7048847 0.1434447 0
vt 0.7339532 0.1210475 0
vt 0.7340558 0.1163758 0
vt 0.734005 0.118689 0
vt 0.7252341 0.1160729 0
vt 0.7250369 0.1214874 0
vt 0.7253732 0.1187729 0
vt 0.7428823 0.116461 0
vt 0.7428416 0.121879 0
vt 0.7426249 0.1191523 0
vt 0.7318102 0.2185293 0
vt 0.7205798 0.2191831 0
vt 0.743001 0.2196762 0
vt 0.7579732 0.2177849 0
vt 0.7526101 0.2206106 0
vt 0.7556118 0.2199117 0
vt 0.7109388 0.2196941 0
vt 0.7057052 0.2166354 0
vt 0.7079708 0.2188639 0
vt 0.731568 0.2295401 0
vt 0.7181269 0.2298925 0
vt 0.7449807 0.2304831 0
vt 0.7617457 0.228403 0
vt 0.755821 0.230985 0
vt 0.7590103 0.2302806 0
vt 0.707275 0.2299173 0
vt 0.7014695 0.2270773 0
vt 0.7041198 0.2290733 0
vt 0.6790138 0.1344714 0
vt 0.7882503 0.136872 0
vt 0.6850301 0.04819792 0
vt 0.786031 0.05042032 0
vt 0.7856257 0.1036727 0
vt 0.6830938 0.1014188 0
vt 0.7327913 0.1739131 0
vt 0.7363512 0.01205415 0
vt 0.7349738 0.07460792 0
vt 0.7334176 0.1454321 0
vt 0.7453558 0.1744041 0
vt 0.7482022 0.01137737 0
vt 0.7471882 0.1457417 0
vt 0.7473745 0.07414782 0
vt 0.7226053 0.07360242 0
vt 0.7202175 0.1738512 0
vt 0.7245413 0.01085629 0
vt 0.7196465 0.1451356 0
vt 0.7145483 0.009328326 0
vt 0.7083284 0.01379275 0
vt 0.711388 0.01041374 0
vt 0.7125988 0.117998 0
vt 0.7175679 0.1159797 0
vt 0.7173373 0.1212471 0
vt 0.7151181 0.1168606 0
vt 0.715844 0.1184898 0
vt 0.7174253 0.1186442 0
vt 0.7149662 0.1198318 0
vt 0.7042548 0.1708401 0
vt 0.7097858 0.174046 0
vt 0.7066517 0.1731567 0
vt 0.7642698 0.01502481 0
vt 0.7582525 0.01029086 0
vt 0.7613619 0.0115144 0
vt 0.7505442 0.1219774 0
vt 0.7505453 0.1167048 0
vt 0.7554209 0.1189398 0
vt 0.7505707 0.1193731 0
vt 0.7521572 0.1192884 0
vt 0.752954 0.1176926 0
vt 0.7529751 0.1206677 0
vt 0.7557689 0.1750572 0
vt 0.7614356 0.1720974 0
vt 0.7589392 0.1743065 0
vt 0.7056685 0.07552842 0
vt 0.7121403 0.07252272 0
vt 0.708849 0.07324482 0
vt 0.7642103 0.07681652 0
vt 0.7578768 0.07353012 0
vt 0.7611333 0.07439582 0
vt 0.702035 0.1408521 0
vt 0.7083352 0.1445798 0
vt 0.7048847 0.1434447 0
vt 0.7649709 0.1422357 0
vt 0.758513 0.1456832 0
vt 0.76201 0.1447007 0
vt 0.7339532 0.1210475 0
vt 0.7340558 0.1163758 0
vt 0.734005 0.118689 0
vt 0.7428823 0.116461 0
vt 0.7428416 0.121879 0
vt 0.7426249 0.1191523 0
vt 0.7252341 0.1160729 0
vt 0.7250369 0.1214874 0
vt 0.7253732 0.1187729 0
vt 0.7318102 0.2185293 0
vt 0.743001 0.2196762 0
vt 0.7205798 0.2191831 0
vt 0.7057052 0.2166354 0
vt 0.7109388 0.2196941 0
vt 0.7079708 0.2188639 0
vt 0.7526101 0.2206106 0
vt 0.7579732 0.2177849 0
vt 0.7556118 0.2199117 0
vt 0.731568 0.2295401 0
vt 0.7449807 0.2304831 0
vt 0.7181269 0.2298925 0
vt 0.7014695 0.2270773 0
vt 0.707275 0.2299173 0
vt 0.7041198 0.2290733 0
vt 0.755821 0.230985 0
vt 0.7617457 0.228403 0
vt 0.7590103 0.2302806 0
vt 0.4265577 0.8595412 0
vt 0.4234513 0.8430373 0
vt 0.3740745 0.7690136 0
vt 0.3321083 0.7059066 0
vt 0.2785485 0.6256332 0
vt 0.2309705 0.5540871 0
vt 0.2092706 0.5719664 0
vt 0.1869863 0.5720716 0
vt 0.1734603 0.5501692 0
vt 0.1727392 0.5208934 0
vt 0.1459079 0.5287248 0
vt 0.1015224 0.5285104 0
vt 0.4037039 0.8757522 0
vt 0.2979608 0.73494 0
vt 0.344353 0.7915464 0
vt 0.394913 0.863314 0
vt 0.2557463 0.5912825 0
vt 0.1426575 0.5701126 0
vt 0.1631269 0.590794 0
vt 0.1974881 0.6253631 0
vt 0.2362866 0.6646679 0
vt 0.2202637 0.6080857 0
vt 0.1918008 0.5960304 0
vt 0.1684678 0.5699194 0
vt 0.1539683 0.5516351 0
vt 0.1220895 0.5493117 0
vt 0.1458601 0.5415171 0
vt 0.4265577 0.8595412 0
vt 0.4234513 0.8430373 0
vt 0.3740745 0.7690136 0
vt 0.3321083 0.7059066 0
vt 0.2785485 0.6256332 0
vt 0.2309705 0.5540871 0
vt 0.2092706 0.5719664 0
vt 0.1869863 0.5720716 0
vt 0.1734603 0.5501692 0
vt 0.1727392 0.5208934 0
vt 0.1459079 0.5287248 0
vt 0.2557463 0.5912825 0
vt 0.2202637 0.6080857 0
vt 0.1918008 0.5960304 0
vt 0.1684678 0.5699194 0
vt 0.1539683 0.5516351 0
vt 0.1458601 0.5415171 0
vt 0.4442957 0.8477246 0
vt 0.430264 0.8384973 0
vt 0.3809911 0.7644098 0
vt 0.3389298 0.7013613 0
vt 0.2854895 0.6210132 0
vt 0.2377807 0.5495523 0
vt 0.2626375 0.5364083 0
vt 0.2713151 0.5158834 0
vt 0.2563093 0.4949671 0
vt 0.2295682 0.4830295 0
vt 0.2471268 0.4612821 0
vt 0.2640187 0.420236 0
vt 0.4680624 0.8328844 0
vt 0.3788792 0.6810388 0
vt 0.4132372 0.7456674 0
vt 0.4599732 0.8199788 0
vt 0.2625643 0.5867313 0
vt 0.2865751 0.4742179 0
vt 0.2977808 0.5010722 0
vt 0.3164546 0.5460965 0
vt 0.3377902 0.5970455 0
vt 0.2917387 0.560462 0
vt 0.2915731 0.529552 0
vt 0.2764591 0.4979639 0
vt 0.2651671 0.4775422 0
vt 0.2752973 0.4472266 0
vt 0.2589512 0.4661634 0
vt 0.4442957 0.8477246 0
vt 0.430264 0.8384973 0
vt 0.3809911 0.7644098 0
vt 0.3389298 0.7013613 0
vt 0.2854895 0.6210132 0
vt 0.2377807 0.5495523 0
vt 0.2626375 0.5364083 0
vt 0.2713151 0.5158834 0
vt 0.2563093 0.4949671 0
vt 0.2295682 0.4830295 0
vt 0.2471268 0.4612821 0
vt 0.2625643 0.5867313 0
vt 0.2917387 0.560462 0
vt 0.2915731 0.529552 0
vt 0.2764591 0.4979639 0
vt 0.2651671 0.4775422 0
vt 0.2589512 0.4661634 0
vt 0.4265577 0.8595412 0
vt 0.4234513 0.8430373 0
vt 0.3740745 0.7690136 0
vt 0.3321083 0.7059066 0
vt 0.2785485 0.6256332 0
vt 0.2309705 0.5540871 0
vt 0.2092706 0.5719664 0
vt 0.1869863 0.5720716 0
vt 0.1734603 0.5501692 0
vt 0.1727392 0.5208934 0
vt 0.1459079 0.5287248 0
vt 0.1015224 0.5285104 0
vt 0.4037039 0.8757522 0
vt 0.2979608 0.73494 0
vt 0.344353 0.7915464 0
vt 0.394913 0.863314 0
vt 0.2557463 0.5912825 0
vt 0.1426575 0.5701126 0
vt 0.1631269 0.590794 0
vt 0.1974881 0.6253631 0
vt 0.2362866 0.6646679 0
vt 0.2202637 0.6080857 0
vt 0.1918008 0.5960304 0
vt 0.1684678 0.5699194 0
vt 0.1539683 0.5516351 0
vt 0.1220895 0.5493117 0
vt 0.1458601 0.5415171 0
vt 0.4442957 0.8477246 0
vt 0.430264 0.8384973 0
vt 0.3809911 0.7644098 0
vt 0.3389298 0.7013613 0
vt 0.2854895 0.6210132 0
vt 0.2377807 0.5495523 0
vt 0.2626375 0.5364083 0
vt 0.2713151 0.5158834 0
vt 0.2563093 0.4949671 0
vt 0.2295682 0.4830295 0
vt 0.2471268 0.4612821 0
vt 0.2625643 0.5867313 0
vt 0.2917387 0.560462 0
vt 0.2915731 0.529552 0
vt 0.2764591 0.4979639 0
vt 0.2651671 0.4775422 0
vt 0.2589512 0.4661634 0
vt 0.4442957 0.8477246 0
vt 0.430264 0.8384973 0
vt 0.3809911 0.7644098 0
vt 0.3389298 0.7013613 0
vt 0.2854895 0.6210132 0
vt 0.2377807 0.5495523 0
vt 0.2626375 0.5364083 0
vt 0.2713151 0.5158834 0
vt 0.2563093 0.4949671 0
vt 0.2295682 0.4830295 0
vt 0.2471268 0.4612821 0
vt 0.2640187 0.420236 0
vt 0.4680624 0.8328844 0
vt 0.3788792 0.6810388 0
vt 0.4132372 0.7456674 0
vt 0.4599732 0.8199788 0
vt 0.2625643 0.5867313 0
vt 0.2865751 0.4742179 0
vt 0.2977808 0.5010722 0
vt 0.3164546 0.5460965 0
vt 0.3377902 0.5970455 0
vt 0.2917387 0.560462 0
vt 0.2915731 0.529552 0
vt 0.2764591 0.4979639 0
vt 0.2651671 0.4775422 0
vt 0.2752973 0.4472266 0
vt 0.2589512 0.4661634 0
vt 0.4265577 0.8595412 0
vt 0.4234513 0.8430373 0
vt 0.3740745 0.7690136 0
vt 0.3321083 0.7059066 0
vt 0.2785485 0.6256332 0
vt 0.2309705 0.5540871 0
vt 0.2092706 0.5719664 0
vt 0.1869863 0.5720716 0
vt 0.1734603 0.5501692 0
vt 0.1727392 0.5208934 0
vt 0.1459079 0.5287248 0
vt 0.2557463 0.5912825 0
vt 0.2202637 0.6080857 0
vt 0.1918008 0.5960304 0
vt 0.1684678 0.5699194 0
vt 0.1539683 0.5516351 0
vt 0.1458601 0.5415171 0
vt 0.04089603 0.1042236 0
vt 0.0227422 0.1012723 0
vt 0.04089603 0.1201393 0
vt 0.01971084 0.1185956 0
vt 0.04089603 0.09352473 0
vt 0.02091866 0.07952127 0
vt 0.04089603 0.07698335 0
vt 0.02188609 0.0578542 0
vt 0.04089603 0.05014967 0
vt 0.02380205 0.03614298 0
vt 0.04089603 0.02852513 0
vt 0.02636379 0.02461778 0
vt 0.04089603 0.01121576 0
vt 0.02955532 0.00390625 0
vt 0.04089603 0.1408133 0
vt 0.01893157 0.1399326 0
vt 0.04089603 0.1677148 0
vt 0.01923022 0.1642666 0
vt 0.04089603 0.1909255 0
vt 0.01989425 0.1852147 0
vt 0.04089603 0.2128149 0
vt 0.02036507 0.2046348 0
vt 0.04089603 0.2322872 0
vt 0.04089603 0.2601226 0
vt 0.04089603 0.2766231 0
vt 0.04089603 0.2296589 0
vt 0.00390625 0.2338691 0
vt 0.04089603 0.2997397 0
vt 0.008411524 0.2955344 0
vt 0.04089603 0.3296255 0
vt 0.008826978 0.327767 0
vt 0.04089603 0.3637634 0
vt 0.009453565 0.3616039 0
vt 0.04089603 0.4103098 0
vt 0.009386507 0.4091227 0
vt 0.04089603 0.4715155 0
vt 0.009381117 0.4719926 0
vt 0.04089603 0.5316623 0
vt 0.009824846 0.5322912 0
vt 0.04089603 0.5988388 0
vt 0.01027299 0.5993686 0
vt 0.04089603 0.661629 0
vt 0.0106101 0.66246 0
vt 0.04089603 0.730899 0
vt 0.01141162 0.7327959 0
vt 0.04089603 0.7996162 0
vt 0.004961581 0.805416 0
vt 0.04089603 0.8994945 0
vt 0.01950456 0.9021739 0
vt 0.04089603 0.9918493 0
vt 0.0380104 0.9934319 0
vt 0.04089603 0.9960937 0
vt 0.04089603 0.993668 0
vt 0.01808107 0.2251141 0
vt 0.01855196 0.2251146 0
vt 0.01895672 0.2221126 0
vt 0.01833196 0.2250891 0
vt 0.02798008 0.2540744 0
vt 0.02832689 0.2542265 0
vt 0.02815545 0.2541507 0
vt 0.008919002 0.2682197 0
vt 0.008616517 0.2677307 0
vt 0.008645798 0.2684396 0
vt 0.008741549 0.2680027 0
vt 0.01849966 0.2220206 0
vt 0.04089603 0.2773116 0
vt 0.008542769 0.2682644 0
vt 0.05904987 0.1012723 0
vt 0.06208123 0.1185956 0
vt 0.0608734 0.07952127 0
vt 0.05990598 0.0578542 0
vt 0.05799001 0.03614298 0
vt 0.05542827 0.02461778 0
vt 0.05223674 0.00390625 0
vt 0.06286049 0.1399326 0
vt 0.06256184 0.1642666 0
vt 0.06189781 0.1852147 0
vt 0.061427 0.2046348 0
vt 0.07788582 0.2338691 0
vt 0.07338054 0.2955344 0
vt 0.07296509 0.327767 0
vt 0.0723385 0.3616039 0
vt 0.07240556 0.4091227 0
vt 0.07241095 0.4719926 0
vt 0.07196722 0.5322912 0
vt 0.07151907 0.5993686 0
vt 0.07118197 0.66246 0
vt 0.07038044 0.7327959 0
vt 0.07683049 0.805416 0
vt 0.0622875 0.9021739 0
vt 0.04378167 0.9934319 0
vt 0.063711 0.2251141 0
vt 0.06324011 0.2251146 0
vt 0.06283535 0.2221126 0
vt 0.06346011 0.2250891 0
vt 0.05381199 0.2540744 0
vt 0.05346517 0.2542265 0
vt 0.05363662 0.2541507 0
vt 0.07287306 0.2682197 0
vt 0.07317555 0.2677307 0
vt 0.07314627 0.2684396 0
vt 0.07305052 0.2680027 0
vt 0.0632924 0.2220206 0
vt 0.0732493 0.2682644 0
vt 0.04089603 0.1042236 0
vt 0.0227422 0.1012723 0
vt 0.04089603 0.1201393 0
vt 0.01971084 0.1185956 0
vt 0.04089603 0.09352473 0
vt 0.02091866 0.07952127 0
vt 0.04089603 0.07698335 0
vt 0.02188609 0.0578542 0
vt 0.04089603 0.05014967 0
vt 0.02380205 0.03614298 0
vt 0.04089603 0.02852513 0
vt 0.02636379 0.02461778 0
vt 0.04089603 0.01121576 0
vt 0.02955532 0.00390625 0
vt 0.04089603 0.1408133 0
vt 0.01893157 0.1399326 0
vt 0.04089603 0.1677148 0
vt 0.01923022 0.1642666 0
vt 0.04089603 0.1909255 0
vt 0.01989425 0.1852147 0
vt 0.04089603 0.2128149 0
vt 0.02036507 0.2046348 0
vt 0.04089603 0.2322872 0
vt 0.04089603 0.2601226 0
vt 0.04089603 0.2766231 0
vt 0.04089603 0.2296589 0
vt 0.00390625 0.2338691 0
vt 0.04089603 0.2997397 0
vt 0.008411524 0.2955344 0
vt 0.04089603 0.3296255 0
vt 0.008826978 0.327767 0
vt 0.04089603 0.3637634 0
vt 0.009453565 0.3616039 0
vt 0.04089603 0.4103098 0
vt 0.009386507 0.4091227 0
vt 0.04089603 0.4715155 0
vt 0.009381117 0.4719926 0
vt 0.04089603 0.5316623 0
vt 0.009824846 0.5322912 0
vt 0.04089603 0.5988388 0
vt 0.01027299 0.5993686 0
vt 0.04089603 0.661629 0
vt 0.0106101 0.66246 0
vt 0.04089603 0.730899 0
vt 0.01141162 0.7327959 0
vt 0.04089603 0.7996162 0
vt 0.04089603 0.8994945 0
vt 0.04089603 0.9918493 0
vt 0.04089603 0.993668 0
vt 0.01808107 0.2251141 0
vt 0.01855196 0.2251146 0
vt 0.01895672 0.2221126 0
vt 0.01833196 0.2250891 0
vt 0.02798008 0.2540744 0
vt 0.02832689 0.2542265 0
vt 0.02815545 0.2541507 0
vt 0.008919002 0.2682197 0
vt 0.008616517 0.2677307 0
vt 0.008645798 0.2684396 0
vt 0.008741549 0.2680027 0
vt 0.01849966 0.2220206 0
vt 0.04089603 0.2773116 0
vt 0.008542769 0.2682644 0
vt 0.05904987 0.1012723 0
vt 0.06208123 0.1185956 0
vt 0.0608734 0.07952127 0
vt 0.05990598 0.0578542 0
vt 0.05799001 0.03614298 0
vt 0.05542827 0.02461778 0
vt 0.05223674 0.00390625 0
vt 0.06286049 0.1399326 0
vt 0.06256184 0.1642666 0
vt 0.06189781 0.1852147 0
vt 0.061427 0.2046348 0
vt 0.07788582 0.2338691 0
vt 0.07338054 0.2955344 0
vt 0.07296509 0.327767 0
vt 0.0723385 0.3616039 0
vt 0.07240556 0.4091227 0
vt 0.07241095 0.4719926 0
vt 0.07196722 0.5322912 0
vt 0.07151907 0.5993686 0
vt 0.07118197 0.66246 0
vt 0.07038044 0.7327959 0
vt 0.063711 0.2251141 0
vt 0.06324011 0.2251146 0
vt 0.06283535 0.2221126 0
vt 0.06346011 0.2250891 0
vt 0.05381199 0.2540744 0
vt 0.05346517 0.2542265 0
vt 0.05363662 0.2541507 0
vt 0.07287306 0.2682197 0
vt 0.07317555 0.2677307 0
vt 0.07314627 0.2684396 0
vt 0.07305052 0.2680027 0
vt 0.0632924 0.2220206 0
vt 0.0732493 0.2682644 0
vt 0.2340299 0.1826397 0
vt 0.2474213 0.1985714 0
vt 0.2181747 0.1637933 0
vt 0.1992944 0.1413652 0
vt 0.1791422 0.1174358 0
vt 0.1601128 0.09484419 0
vt 0.1486271 0.08120929 0
vt 0.2677082 0.222745 0
vt 0.2921365 0.2518629 0
vt 0.3132381 0.2769983 0
vt 0.3323501 0.2997305 0
vt 0.3504455 0.3212397 0
vt 0.3833606 0.3603514 0
vt 0.362587 0.3356677 0
vt 0.4092202 0.3910834 0
vt 0.4397866 0.4274128 0
vt 0.4728589 0.4667188 0
vt 0.5189502 0.5214865 0
vt 0.5797633 0.5937337 0
vt 0.6377384 0.6626018 0
vt 0.7020524 0.738998 0
vt 0.7624845 0.8107829 0
vt 0.8298237 0.8907725 0
vt 0.2917224 0.1290481 0
vt 0.3033842 0.1530893 0
vt 0.2617792 0.118694 0
vt 0.2393293 0.09329688 0
vt 0.2160791 0.08183553 0
vt 0.1872012 0.06340359 0
vt 0.1753379 0.05513137 0
vt 0.3165151 0.1825645 0
vt 0.3374409 0.2126184 0
vt 0.3599401 0.2347019 0
vt 0.3845386 0.2510442 0
vt 0.4144187 0.265998 0
vt 0.4560139 0.2968258 0
vt 0.4203712 0.2837807 0
vt 0.4755579 0.3395726 0
vt 0.4979485 0.3813927 0
vt 0.5260054 0.423855 0
vt 0.5672338 0.4821696 0
vt 0.6242714 0.557204 0
vt 0.6797905 0.6282051 0
vt 0.7396264 0.7086238 0
vt 0.7953287 0.7847501 0
vt 0.8562199 0.8709991 0
vt 0.9011832 0.9571421 0
vt 0.48026 0.4605513 0
vt 0.5255718 0.5159645 0
vt 0.319939 0.2713452 0
vt 0.3401908 0.2932062 0
vt 0.2040877 0.1369885 0
vt 0.2246621 0.1576521 0
vt 0.5857773 0.5886973 0
vt 0.361635 0.31189 0
vt 0.1827319 0.1144482 0
vt 0.6433367 0.6579162 0
vt 0.3701111 0.3288778 0
vt 0.1630877 0.09276948 0
vt 0.7068882 0.7349587 0
vt 0.393853 0.3514831 0
vt 0.1517854 0.07899926 0
vt 0.7665129 0.8074459 0
vt 0.4185748 0.3833014 0
vt 0.2554523 0.1924207 0
vt 0.2745395 0.2170684 0
vt 0.8327085 0.8883499 0
vt 0.4479203 0.4206203 0
vt 0.2983586 0.2464951 0
vt 0.2426357 0.1748849 0
vt 0.9007686 0.9701211 0
vt 0.8983904 0.9722203 0
vt 0.3720031 0.3468562 0
vt 0.4348771 0.2893567 0
vt 0.3807513 0.3392082 0
vt 0.2856267 0.1364391 0
vt 0.2852106 0.1368542 0
vt 0.2854283 0.1366424 0
vt 0.2935539 0.1587052 0
vt 0.2940526 0.1582237 0
vt 0.2938268 0.1584531 0
vt 0.2584469 0.1269606 0
vt 0.2579662 0.1274518 0
vt 0.2582112 0.1271866 0
vt 0.228336 0.1146579 0
vt 0.22787 0.1151871 0
vt 0.2281136 0.1148973 0
vt 0.1999197 0.09831762 0
vt 0.1993881 0.09881915 0
vt 0.1996683 0.09854277 0
vt 0.1766755 0.08007747 0
vt 0.1762174 0.08061738 0
vt 0.176462 0.08032323 0
vt 0.1629403 0.06638995 0
vt 0.1634233 0.06588774 0
vt 0.1631903 0.06611502 0
vt 0.3072015 0.1886819 0
vt 0.3077111 0.1882457 0
vt 0.3074866 0.1884434 0
vt 0.3292299 0.219831 0
vt 0.3297323 0.2193952 0
vt 0.3295078 0.2195901 0
vt 0.3528266 0.2432001 0
vt 0.3533133 0.2427421 0
vt 0.3530926 0.2429447 0
vt 0.3784715 0.2605655 0
vt 0.3789662 0.2600978 0
vt 0.3787332 0.2603074 0
vt 0.4087727 0.2722985 0
vt 0.4091722 0.2718781 0
vt 0.4089803 0.2720835 0
vt 0.4493797 0.3037228 0
vt 0.4489239 0.3040995 0
vt 0.4491613 0.3038971 0
vt 0.4128952 0.2914232 0
vt 0.4134217 0.2908778 0
vt 0.4131611 0.2911461 0
vt 0.4656368 0.3449871 0
vt 0.4661466 0.3445367 0
vt 0.4659236 0.3447445 0
vt 0.4885506 0.3871357 0
vt 0.4890723 0.3867436 0
vt 0.4888434 0.3869197 0
vt 0.5169208 0.4300673 0
vt 0.5174289 0.4296723 0
vt 0.5172059 0.4298487 0
vt 0.5583515 0.4886843 0
vt 0.5588508 0.4882845 0
vt 0.5586308 0.4884627 0
vt 0.6155147 0.563854 0
vt 0.6160069 0.5634559 0
vt 0.6157907 0.5636326 0
vt 0.6709723 0.6347705 0
vt 0.6714657 0.6343735 0
vt 0.6712477 0.634551 0
vt 0.7307162 0.7150781 0
vt 0.7312105 0.7146833 0
vt 0.7309926 0.7148597 0
vt 0.7863 0.7910486 0
vt 0.7867985 0.7906582 0
vt 0.7865782 0.7908333 0
vt 0.846768 0.8766356 0
vt 0.8472555 0.8762724 0
vt 0.8470454 0.8764356 0
vt 0.8932684 0.9593736 0
vt 0.8938878 0.9591465 0
vt 0.8936025 0.9592522 0
vt 0.8957323 0.9690628 0
vt 0.8954221 0.9686943 0
vt 0.8956206 0.9689302 0
vt 0.8956251 0.9676995 0
vt 0.894955 0.9668872 0
vt 0.8953648 0.9674863 0
vt 0.4308606 0.2977721 0
vt 0.431399 0.2973271 0
vt 0.4311333 0.2975297 0
vt 0.2340299 0.1826397 0
vt 0.2474213 0.1985714 0
vt 0.2181747 0.1637933 0
vt 0.1992944 0.1413652 0
vt 0.1791422 0.1174358 0
vt 0.1601128 0.09484419 0
vt 0.1486271 0.08120929 0
vt 0.2677082 0.222745 0
vt 0.2921365 0.2518629 0
vt 0.3132381 0.2769983 0
vt 0.3323501 0.2997305 0
vt 0.3504455 0.3212397 0
vt 0.3833606 0.3603514 0
vt 0.362587 0.3356677 0
vt 0.4092202 0.3910834 0
vt 0.4397866 0.4274128 0
vt 0.4728589 0.4667188 0
vt 0.5189502 0.5214865 0
vt 0.5797633 0.5937337 0
vt 0.6377384 0.6626018 0
vt 0.7020524 0.738998 0
vt 0.7624845 0.8107829 0
vt 0.8298237 0.8907725 0
vt 0.2917224 0.1290481 0
vt 0.3033842 0.1530893 0
vt 0.2617792 0.118694 0
vt 0.1753379 0.05513137 0
vt 0.3165151 0.1825645 0
vt 0.3374409 0.2126184 0
vt 0.3599401 0.2347019 0
vt 0.3845386 0.2510442 0
vt 0.4144187 0.265998 0
vt 0.4560139 0.2968258 0
vt 0.4203712 0.2837807 0
vt 0.4755579 0.3395726 0
vt 0.4979485 0.3813927 0
vt 0.5260054 0.423855 0
vt 0.5672338 0.4821696 0
vt 0.6242714 0.557204 0
vt 0.6797905 0.6282051 0
vt 0.7396264 0.7086238 0
vt 0.7953287 0.7847501 0
vt 0.8562199 0.8709991 0
vt 0.9011832 0.9571421 0
vt 0.48026 0.4605513 0
vt 0.5255718 0.5159645 0
vt 0.319939 0.2713452 0
vt 0.3401908 0.2932062 0
vt 0.2040877 0.1369885 0
vt 0.2246621 0.1576521 0
vt 0.5857773 0.5886973 0
vt 0.361635 0.31189 0
vt 0.1827319 0.1144482 0
vt 0.6433367 0.6579162 0
vt 0.3701111 0.3288778 0
vt 0.1630877 0.09276948 0
vt 0.7068882 0.7349587 0
vt 0.393853 0.3514831 0
vt 0.1517854 0.07899926 0
vt 0.7665129 0.8074459 0
vt 0.4185748 0.3833014 0
vt 0.2554523 0.1924207 0
vt 0.2745395 0.2170684 0
vt 0.8327085 0.8883499 0
vt 0.4479203 0.4206203 0
vt 0.2983586 0.2464951 0
vt 0.2426357 0.1748849 0
vt 0.9007686 0.9701211 0
vt 0.8983904 0.9722203 0
vt 0.3720031 0.3468562 0
vt 0.4348771 0.2893567 0
vt 0.3807513 0.3392082 0
vt 0.2856267 0.1364391 0
vt 0.2852106 0.1368542 0
vt 0.2854283 0.1366424 0
vt 0.2935539 0.1587052 0
vt 0.2940526 0.1582237 0
vt 0.2938268 0.1584531 0
vt 0.2584469 0.1269606 0
vt 0.2579662 0.1274518 0
vt 0.2582112 0.1271866 0
vt 0.228336 0.1146579 0
vt 0.22787 0.1151871 0
vt 0.2281136 0.1148973 0
vt 0.1999197 0.09831762 0
vt 0.1993881 0.09881915 0
vt 0.1996683 0.09854277 0
vt 0.1766755 0.08007747 0
vt 0.1762174 0.08061738 0
vt 0.176462 0.08032323 0
vt 0.1629403 0.06638995 0
vt 0.1634233 0.06588774 0
vt 0.1631903 0.06611502 0
vt 0.3072015 0.1886819 0
vt 0.3077111 0.1882457 0
vt 0.3074866 0.1884434 0
vt 0.3292299 0.219831 0
vt 0.3297323 0.2193952 0
vt 0.3295078 0.2195901 0
vt 0.3528266 0.2432001 0
vt 0.3533133 0.2427421 0
vt 0.3530926 0.2429447 0
vt 0.3784715 0.2605655 0
vt 0.3789662 0.2600978 0
vt 0.3787332 0.2603074 0
vt 0.4087727 0.2722985 0
vt 0.4091722 0.2718781 0
vt 0.4089803 0.2720835 0
vt 0.4493797 0.3037228 0
vt 0.4489239 0.3040995 0
vt 0.4491613 0.3038971 0
vt 0.4128952 0.2914232 0
vt 0.4134217 0.2908778 0
vt 0.4131611 0.2911461 0
vt 0.4656368 0.3449871 0
vt 0.4661466 0.3445367 0
vt 0.4659236 0.3447445 0
vt 0.4885506 0.3871357 0
vt 0.4890723 0.3867436 0
vt 0.4888434 0.3869197 0
vt 0.5169208 0.4300673 0
vt 0.5174289 0.4296723 0
vt 0.5172059 0.4298487 0
vt 0.5583515 0.4886843 0
vt 0.5588508 0.4882845 0
vt 0.5586308 0.4884627 0
vt 0.6155147 0.563854 0
vt 0.6160069 0.5634559 0
vt 0.6157907 0.5636326 0
vt 0.6709723 0.6347705 0
vt 0.6714657 0.6343735 0
vt 0.6712477 0.634551 0
vt 0.7307162 0.7150781 0
vt 0.7312105 0.7146833 0
vt 0.7309926 0.7148597 0
vt 0.7863 0.7910486 0
vt 0.7867985 0.7906582 0
vt 0.7865782 0.7908333 0
vt 0.846768 0.8766356 0
vt 0.8472555 0.8762724 0
vt 0.8470454 0.8764356 0
vt 0.8932684 0.9593736 0
vt 0.8938878 0.9591465 0
vt 0.8936025 0.9592522 0
vt 0.8957323 0.9690628 0
vt 0.8954221 0.9686943 0
vt 0.8956206 0.9689302 0
vt 0.8956251 0.9676995 0
vt 0.894955 0.9668872 0
vt 0.8953648 0.9674863 0
vt 0.4308606 0.2977721 0
vt 0.431399 0.2973271 0
vt 0.4311333 0.2975297 0
vt 0.1713384 0.2302658 0
vt 0.193008 0.245807 0
vt 0.1662801 0.1990354 0
vt 0.1451005 0.1726206 0
vt 0.1377696 0.1477717 0
vt 0.1245212 0.1161912 0
vt 0.1183854 0.1030964 0
vt 0.2197421 0.2638102 0
vt 0.2455491 0.2897797 0
vt 0.2635312 0.3157404 0
vt 0.2754354 0.3428002 0
vt 0.2850708 0.3748126 0
vt 0.3083551 0.4210687 0
vt 0.301582 0.3837232 0
vt 0.3471366 0.4476062 0
vt 0.3844818 0.4768659 0
vt 0.4215442 0.5117646 0
vt 0.4719718 0.5623449 0
vt 0.5361746 0.6313643 0
vt 0.5966759 0.6981741 0
vt 0.6657174 0.770844 0
vt 0.7312337 0.8387085 0
vt 0.8058398 0.9134115 0
vt 0.8830568 0.9724018 0
vt 0.4655175 0.4729574 0
vt 0.5123787 0.5270682 0
vt 0.3065151 0.2826262 0
vt 0.3245751 0.3063329 0
vt 0.1941625 0.1453401 0
vt 0.2110122 0.1691326 0
vt 0.5737749 0.5988005 0
vt 0.3393152 0.3306591 0
vt 0.1755862 0.1204635 0
vt 0.6321669 0.6673193 0
vt 0.3546078 0.3419168 0
vt 0.157562 0.09742237 0
vt 0.6972478 0.7430743 0
vt 0.3728281 0.3691713 0
vt 0.1459119 0.08394521 0
vt 0.7585096 0.8141834 0
vt 0.399953 0.398969 0
vt 0.2399807 0.2054224 0
vt 0.2609411 0.2284988 0
vt 0.8269447 0.8932022 0
vt 0.4317044 0.4342665 0
vt 0.2857766 0.2570672 0
vt 0.2249128 0.189786 0
vt 0.8959165 0.9742058 0
vt 0.3046024 0.3989699 0
vt 0.36297 0.3541652 0
vt 0.1796638 0.2255299 0
vt 0.1801438 0.2251912 0
vt 0.1798979 0.2253693 0
vt 0.2002126 0.2371595 0
vt 0.1996533 0.2375684 0
vt 0.1999178 0.2373852 0
vt 0.1749921 0.1971596 0
vt 0.1755583 0.1967702 0
vt 0.1752551 0.1969662 0
vt 0.1680186 0.1654179 0
vt 0.1686196 0.1650489 0
vt 0.1682925 0.1652396 0
vt 0.1567616 0.1346512 0
vt 0.1573464 0.1342128 0
vt 0.1570263 0.1344418 0
vt 0.1427423 0.1086522 0
vt 0.1433523 0.1082925 0
vt 0.1430208 0.1084836 0
vt 0.1315878 0.092793 0
vt 0.1310107 0.09318354 0
vt 0.1312743 0.09299258 0
vt 0.2273467 0.2557521 0
vt 0.2268273 0.2561774 0
vt 0.2270616 0.2559911 0
vt 0.2541731 0.2828771 0
vt 0.2536569 0.2832964 0
vt 0.2538877 0.2831091 0
vt 0.2731238 0.3101842 0
vt 0.2725888 0.3105854 0
vt 0.2728264 0.3104025 0
vt 0.2858537 0.3384504 0
vt 0.2853083 0.3388578 0
vt 0.2855547 0.3386641 0
vt 0.2922424 0.370325 0
vt 0.2917599 0.3706468 0
vt 0.2919951 0.3704928 0
vt 0.3162827 0.4157088 0
vt 0.3167316 0.4153241 0
vt 0.3164917 0.4155233 0
vt 0.3103884 0.3776613 0
vt 0.309761 0.3780868 0
vt 0.31007 0.3778759 0
vt 0.3541584 0.4387897 0
vt 0.3536275 0.439215 0
vt 0.3538703 0.4390308 0
vt 0.3917696 0.468568 0
vt 0.3912941 0.4690151 0
vt 0.3915067 0.4688196 0
vt 0.4292161 0.5038738 0
vt 0.4287401 0.504307 0
vt 0.428952 0.5041173 0
vt 0.4799033 0.5547097 0
vt 0.4794241 0.5551335 0
vt 0.4796373 0.5549471 0
vt 0.5442238 0.6238656 0
vt 0.5437476 0.6242827 0
vt 0.5439586 0.6240998 0
vt 0.6046486 0.6906043 0
vt 0.6041732 0.6910228 0
vt 0.6043853 0.6908383 0
vt 0.6735962 0.7631644 0
vt 0.6731229 0.7635842 0
vt 0.6733339 0.7633996 0
vt 0.7389791 0.8308856 0
vt 0.7385094 0.8313102 0
vt 0.7387196 0.831123 0
vt 0.8130051 0.9050588 0
vt 0.8125642 0.9054773 0
vt 0.8127607 0.9052981 0
vt 0.8866049 0.9649832 0
vt 0.8862756 0.9655549 0
vt 0.8864284 0.9652917 0
vt 0.8944072 0.9687248 0
vt 0.8937211 0.9679261 0
vt 0.8942415 0.968432 0
vt 0.3135796 0.3964477 0
vt 0.3130493 0.3969021 0
vt 0.3132943 0.3966749 0
vt 0.1713384 0.2302658 0
vt 0.193008 0.245807 0
vt 0.1662801 0.1990354 0
vt 0.1183854 0.1030964 0
vt 0.2197421 0.2638102 0
vt 0.2455491 0.2897797 0
vt 0.2635312 0.3157404 0
vt 0.2754354 0.3428002 0
vt 0.2850708 0.3748126 0
vt 0.3083551 0.4210687 0
vt 0.301582 0.3837232 0
vt 0.3471366 0.4476062 0
vt 0.3844818 0.4768659 0
vt 0.4215442 0.5117646 0
vt 0.4719718 0.5623449 0
vt 0.5361746 0.6313643 0
vt 0.5966759 0.6981741 0
vt 0.6657174 0.770844 0
vt 0.7312337 0.8387085 0
vt 0.8058398 0.9134115 0
vt 0.8830568 0.9724018 0
vt 0.4655175 0.4729574 0
vt 0.5123787 0.5270682 0
vt 0.3065151 0.2826262 0
vt 0.3245751 0.3063329 0
vt 0.1941625 0.1453401 0
vt 0.2110122 0.1691326 0
vt 0.5737749 0.5988005 0
vt 0.3393152 0.3306591 0
vt 0.1755862 0.1204635 0
vt 0.6321669 0.6673193 0
vt 0.3546078 0.3419168 0
vt 0.157562 0.09742237 0
vt 0.6972478 0.7430743 0
vt 0.3728281 0.3691713 0
vt 0.1459119 0.08394521 0
vt 0.7585096 0.8141834 0
vt 0.399953 0.398969 0
vt 0.2399807 0.2054224 0
vt 0.2609411 0.2284988 0
vt 0.8269447 0.8932022 0
vt 0.4317044 0.4342665 0
vt 0.2857766 0.2570672 0
vt 0.2249128 0.189786 0
vt 0.8959165 0.9742058 0
vt 0.3046024 0.3989699 0
vt 0.36297 0.3541652 0
vt 0.1796638 0.2255299 0
vt 0.1801438 0.2251912 0
vt 0.1798979 0.2253693 0
vt 0.2002126 0.2371595 0
vt 0.1996533 0.2375684 0
vt 0.1999178 0.2373852 0
vt 0.1749921 0.1971596 0
vt 0.1755583 0.1967702 0
vt 0.1752551 0.1969662 0
vt 0.1680186 0.1654179 0
vt 0.1686196 0.1650489 0
vt 0.1682925 0.1652396 0
vt 0.1567616 0.1346512 0
vt 0.1573464 0.1342128 0
vt 0.1570263 0.1344418 0
vt 0.1427423 0.1086522 0
vt 0.1433523 0.1082925 0
vt 0.1430208 0.1084836 0
vt 0.1315878 0.092793 0
vt 0.1310107 0.09318354 0
vt 0.1312743 0.09299258 0
vt 0.2273467 0.2557521 0
vt 0.2268273 0.2561774 0
vt 0.2270616 0.2559911 0
vt 0.2541731 0.2828771 0
vt 0.2536569 0.2832964 0
vt 0.2538877 0.2831091 0
vt 0.2731238 0.3101842 0
vt 0.2725888 0.3105854 0
vt 0.2728264 0.3104025 0
vt 0.2858537 0.3384504 0
vt 0.2853083 0.3388578 0
vt 0.2855547 0.3386641 0
vt 0.2922424 0.370325 0
vt 0.2917599 0.3706468 0
vt 0.2919951 0.3704928 0
vt 0.3162827 0.4157088 0
vt 0.3167316 0.4153241 0
vt 0.3164917 0.4155233 0
vt 0.3103884 0.3776613 0
vt 0.309761 0.3780868 0
vt 0.31007 0.3778759 0
vt 0.3541584 0.4387897 0
vt 0.3536275 0.439215 0
vt 0.3538703 0.4390308 0
vt 0.3917696 0.468568 0
vt 0.3912941 0.4690151 0
vt 0.3915067 0.4688196 0
vt 0.4292161 0.5038738 0
vt 0.4287401 0.504307 0
vt 0.428952 0.5041173 0
vt 0.4799033 0.5547097 0
vt 0.4794241 0.5551335 0
vt 0.4796373 0.5549471 0
vt 0.5442238 0.6238656 0
vt 0.5437476 0.6242827 0
vt 0.5439586 0.6240998 0
vt 0.6046486 0.6906043 0
vt 0.6041732 0.6910228 0
vt 0.6043853 0.6908383 0
vt 0.6735962 0.7631644 0
vt 0.6731229 0.7635842 0
vt 0.6733339 0.7633996 0
vt 0.7389791 0.8308856 0
vt 0.7385094 0.8313102 0
vt 0.7387196 0.831123 0
vt 0.8130051 0.9050588 0
vt 0.8125642 0.9054773 0
vt 0.8127607 0.9052981 0
vt 0.8866049 0.9649832 0
vt 0.8862756 0.9655549 0
vt 0.8864284 0.9652917 0
vt 0.8944072 0.9687248 0
vt 0.8937211 0.9679261 0
vt 0.8942415 0.968432 0
vt 0.3135796 0.3964477 0
vt 0.3130493 0.3969021 0
vt 0.3132943 0.3966749 0
vt 0.394913 0.863314 0
vt 0.9692738 0.8544541 0
vt 0.9316407 0.7761864 0
vt 0.209621 0.5072239 0
vt 0.0901147 0.00390625 0
vt 0.9642611 0.8219034 0
vt 0.3316268 0.03055526 0
vt 0.810854 0.612933 0
vt 0.9312044 0.7747829 0
vt 0.45513 0.8757653 0
vt 0.4482688 0.8803369 0
vt 0.4037039 0.8757522 0
vt 0.9703417 0.8377931 0
vt 0.1791133 0.4614276 0
vt 0.1019839 0.02501037 0
vt 0.1636169 0.4381653 0
vt 0.9697253 0.835204 0
vt 0.209621 0.5072239 0
vt 0.1010772 0.01163056 0
vt 0.8420316 0.6557502 0
vt 0.9317698 0.7765298 0
vt 0.9551776 0.8069282 0
vt 0.9279246 0.7715101 0
vt 0.9276135 0.7713156 0
vt 0.9582433 0.8119945 0
vt 0.9581045 0.8116045 0
vt 0.9541491 0.8062616 0
vt 0.9538206 0.8060139 0
vt 0.1015224 0.5285104 0
vt 0.132147 0.4057963 0
vt 0.1390088 0.4012252 0
vt 0.9696901 0.8351352 0
vt 0.2220144 0.5258293 0
vt 0.9703368 0.8377183 0
vt 0.928912 0.7720237 0
vt 0.964306 0.8219546 0
vt 0.9701875 0.851342 0
vt 0.4395874 0.8524402 0
vt 0.9653905 0.8240287 0
vt 0.1220895 0.5493117 0
vt 0.965372 0.8239651 0
vt 0.8139409 0.6162919 0
vt 0.9654668 0.8243744 0
vt 0.9555043 0.80719 0
vt 0.9654483 0.8243107 0
vt 0.4360828 0.1046025 0
vt 0.964047 0.8216927 0
vt 0.9640017 0.8216418 0
vt 0.8105352 0.6127722 0
vt 0.9703411 0.8381931 0
vt 0.8140866 0.6165744 0
vt 0.2752973 0.4472266 0
vt 0.9703366 0.8381175 0
vt 0.1636169 0.4381653 0
vt 0.9695191 0.8348415 0
vt 0.2640187 0.420236 0
vt 0.1390088 0.4012252 0
vt 0.1390088 0.4012252 0
vt 0.9694834 0.8347727 0
vt 0.8135792 0.6154943 0
vt 0.45513 0.8757653 0
vt 0.45513 0.8757653 0
vt 0.4680624 0.8328844 0
vt 0.9690523 0.8548688 0
vt 0.9690894 0.854787 0
vt 0.4213036 0.09418121 0
vt 0.9701927 0.8509416 0
vt 0.4395874 0.8524402 0
vt 0.9701949 0.8508494 0
vt 0.9693092 0.8543732 0
vt 0.9701841 0.8514337 0
vt 0.9578012 0.8104311 0
vt 0.9576596 0.8100413 0
vt 0.2027593 0.511795 0
vt 0.9292273 0.7722364 0
vt 0.2151537 0.5303995 0
vt 0.4389872 0.1166408 0
vt 0.3788792 0.6810388 0
vt 0.9313433 0.7751333 0
vt 0.8420425 0.6559802 0
vt 0.2865751 0.4742179 0
vt 0.8420445 0.6552526 0
vt 0.8420297 0.6550142 0
vt 0.8146793 0.6172427 0
vt 0.2865751 0.4742179 0
vt 0.8092813 0.6123107 0
vt 0.8089735 0.6121794 0
vt 0.2979608 0.73494 0
vt 0.8137281 0.6157827 0
vt 0.4353535 0.103479 0
vt 0.4255429 0.09562681 0
vt 0.424314 0.0948594 0
vt 0.40164 0.07270784 0
vt 0.3708201 0.04661674 0
vt 0.3442582 0.02255327 0
vt 0.3322419 0.02476065 0
vt 0.3301878 0.02747091 0
vt 0.07673488 0.004812931 0
vt 0.04378167 0.9934319 0
vt 0.06901058 0.01577544 0
vt 0.3379947 0.02569063 0
vt 0.09425958 0.03597288 0
vt 0.08087977 0.03687956 0
vt 0.3353969 0.0234912 0
vt 0.06991726 0.02915525 0
vt 0.432728 0.8570105 0
vt 0.394913 0.863314 0
vt 0.4037039 0.8757522 0
vt 0.4482688 0.8803369 0
vt 0.4482688 0.8803369 0
vt 0.344353 0.7915464 0
vt 0.2362866 0.6646679 0
vt 0.2151537 0.5303995 0
vt 0.2027593 0.511795 0
vt 0.188487 0.4903704 0
vt 0.1722515 0.4659987 0
vt 0.1567551 0.4427364 0
vt 0.1220895 0.5493117 0
vt 0.1426575 0.5701126 0
vt 0.1631269 0.590794 0
vt 0.1974881 0.6253631 0
vt 0.132147 0.4057963 0
vt 0.1015224 0.5285104 0
vt 0.132147 0.4057963 0
vt 0.432728 0.8570105 0
vt 0.2151537 0.5303995 0
vt 0.2027593 0.511795 0
vt 0.188487 0.4903704 0
vt 0.1722515 0.4659987 0
vt 0.1567551 0.4427364 0
vt 0.4395874 0.8524402 0
vt 0.4599732 0.8199788 0
vt 0.4132372 0.7456674 0
vt 0.3788792 0.6810388 0
vt 0.3377902 0.5970455 0
vt 0.2220144 0.5258293 0
vt 0.209621 0.5072239 0
vt 0.1953488 0.4857994 0
vt 0.1791133 0.4614276 0
vt 0.2977808 0.5010722 0
vt 0.3164546 0.5460965 0
vt 0.4395874 0.8524402 0
vt 0.2220144 0.5258293 0
vt 0.1953488 0.4857994 0
vt 0.1636169 0.4381653 0
vt 0.432728 0.8570105 0
vt 0.01950456 0.9021739 0
vt 0.4599732 0.8199788 0
vt 0.4680624 0.8328844 0
vt 0.4482688 0.8803369 0
vt 0.45513 0.8757653 0
vt 0.4132372 0.7456674 0
vt 0.3377902 0.5970455 0
vt 0.2151537 0.5303995 0
vt 0.188487 0.4903704 0
vt 0.0380104 0.9934319 0
vt 0.1722515 0.4659987 0
vt 0.1245212 0.1161912 0
vt 0.1567551 0.4427364 0
vt 0.2752973 0.4472266 0
vt 0.2977808 0.5010722 0
vt 0.3164546 0.5460965 0
vt 0.132147 0.4057963 0
vt 0.2640187 0.420236 0
vt 0.1390088 0.4012252 0
vt 0.209621 0.5072239 0
vt 0.1953488 0.4857994 0
vt 0.1791133 0.4614276 0
vt 0.1636169 0.4381653 0
vt 0.344353 0.7915464 0
vt 0.2979608 0.73494 0
vt 0.2362866 0.6646679 0
vt 0.2220144 0.5258293 0
vt 0.1953488 0.4857994 0
vt 0.1791133 0.4614276 0
vt 0.1426575 0.5701126 0
vt 0.1631269 0.590794 0
vt 0.1974881 0.6253631 0
vt 0.432728 0.8570105 0
vt 0.2027593 0.511795 0
vt 0.188487 0.4903704 0
vt 0.1722515 0.4659987 0
vt 0.1567551 0.4427364 0
vt 0.004961581 0.805416 0
vt 0.04089603 0.9960937 0
vt 0.0622875 0.9021739 0
vt 0.07683049 0.805416 0
vt 0.2393293 0.09329688 0
vt 0.2160791 0.08183553 0
vt 0.1872012 0.06340359 0
vt 0.1377696 0.1477717 0
vt 0.1451005 0.1726206 0
#end 2237 textures vertices 

#begin 1722 normals 
vn 0.6299 0.4544 0.6299
vn -0 0.4307 0.9025
vn -0 0.9552 0.2961
vn 0.1872 0.9643 0.1872
vn -0 -0.4307 0.9025
vn 0.6299 -0.4544 0.6299
vn 0.1872 -0.9643 0.1872
vn -0 -0.9552 0.2961
vn 0.9025 0.4307 -0
vn 0.2961 0.9552 -0
vn 0.9025 -0.4308 -0
vn 0.2961 -0.9552 -0
vn -0 0.4308 0.9025
vn -0 -0.4308 0.9025
vn 0.9025 0.4308 -0
vn 0.3115 0.8978 0.3115
vn -0 0.901 0.4338
vn -0 0.3685 0.9296
vn 0.657 0.3698 0.657
vn 0.3114 -0.8978 0.3115
vn 0.4337 -0.9011 -0
vn 0.9296 -0.3686 -0
vn 0.657 -0.3698 0.657
vn 0.4337 0.9011 -0
vn 0.9296 0.3686 -0
vn 0.6569 -0.3698 0.657
vn 0.3115 0.8977 0.3115
vn -0 -0.901 0.4338
vn -0 -0.3685 0.9296
vn 0.6569 0.3698 0.657
vn 0.4337 0.901 -0
vn 0.9296 0.3685 -0
vn 0.3116 -0.8977 0.3115
vn 0.657 -0.3697 0.657
vn -0 0.9551 0.2961
vn 0.6299 -0.4543 0.6299
vn -0 -0.9551 0.2961
vn 0.63 -0.4543 0.6299
vn 0.1873 -0.9643 0.1872
vn 0.1873 0.9643 0.1872
vn 0.9024 0.4308 -0
vn 0.2961 0.9551 -0
vn 0.9025 -0.4306 -0
vn 0.2962 -0.9551 -0
vn 0.2961 -0.9551 -0
vn 0.4338 -0.901 -0
vn 0.9296 -0.3684 -0
vn 0.4336 0.9011 -0
vn 0.657 0.3699 0.657
vn -0 0.9011 0.4335
vn 0.3115 -0.8977 0.3115
vn 0.4336 -0.9011 -0
vn 0.9296 -0.3685 -0
vn 0.657 -0.3699 0.657
vn 0.4335 0.9011 -0
vn -0 -0.9011 0.4335
vn -0 0.9011 0.4337
vn 0.707 -0.0157 0.707
vn -0 -0.0151 0.9999
vn 0.9999 -0.0151 -0
vn 0.9025 -0.4307 -0
vn 0.2234 0.7436 0.6302
vn 0.6302 0.7436 0.2234
vn 0.4335 -0.9011 -0
vn -0 0.3952 0.9186
vn 0.6495 0.3953 0.6495
vn 0.4375 0.7856 0.4375
vn -0 0.7716 0.6361
vn 0.9186 0.3952 -0
vn 0.6361 0.7716 -0
vn 0.6889 0.2255 0.6889
vn -0 0.2137 0.9769
vn 0.9769 0.2137 -0
vn -0 -0.0302 0.9995
vn 0.7068 -0.0315 0.7068
vn -0.0446 0.991 -0.1264
vn 0.9995 -0.0302 -0
vn -0.1264 0.991 -0.0446
vn 0.6927 0.2011 0.6927
vn 0.9806 0.1963 -0
vn -0 0.1963 0.9806
vn 0.7024 -0.1152 0.7024
vn 0.9938 -0.1114 -0
vn -0 -0.1114 0.9938
vn 0.7017 -0.1229 0.7017
vn 0.9931 -0.1169 -0
vn -0 -0.1169 0.9931
vn 0.7071 -0 0.7071
vn 1 -0 -0
vn -0 -0 1
vn -0 -1 -0
vn 0.7066 -0.0375 0.7066
vn 0.9994 -0.036 -0
vn -0 -0.036 0.9994
vn 0.7055 -0.0679 0.7055
vn 0.9979 -0.065 -0
vn -0 -0.065 0.9979
vn 0.6766 -0.2908 0.6766
vn 0.8569 -0.5154 -0
vn -0 -0.5154 0.8569
vn 0.5147 -0.6857 0.5147
vn 0.4338 0.901 -0
vn 0.3114 0.8978 0.3114
vn -0 1 -0
vn -0.6299 0.4544 0.6299
vn -0.1872 0.9643 0.1872
vn -0.1872 -0.9643 0.1872
vn -0.6299 -0.4544 0.6299
vn -0.9025 0.4307 -0
vn -0.2961 0.9552 -0
vn -0.2961 -0.9552 -0
vn -0.9025 -0.4308 -0
vn -0.9025 0.4308 -0
vn -0.3114 0.8978 0.3115
vn -0.6569 0.3698 0.657
vn -0.3114 -0.8978 0.3115
vn -0.657 -0.3698 0.657
vn -0.9296 -0.3686 -0
vn -0.4337 -0.9011 -0
vn -0.4337 0.9011 -0
vn -0.9296 0.3686 -0
vn -0.3115 0.8977 0.3115
vn -0.657 0.3698 0.657
vn -0.4337 0.901 -0
vn -0.9296 0.3685 -0
vn -0.3115 -0.8977 0.3115
vn -0.6299 -0.4543 0.6299
vn -0.1873 -0.9643 0.1872
vn -0.63 -0.4543 0.6299
vn -0.9024 0.4308 -0
vn -0.2961 0.9551 -0
vn -0.2962 -0.9551 -0
vn -0.9025 -0.4306 -0
vn -0.2961 -0.9551 -0
vn -0.9296 -0.3684 -0
vn -0.4338 -0.901 -0
vn -0.4336 0.9011 -0
vn -0.657 0.3699 0.657
vn -0.657 -0.3699 0.657
vn -0.9296 -0.3685 -0
vn -0.4336 -0.9011 -0
vn -0.4335 0.9011 -0
vn -0.707 -0.0157 0.707
vn -0.9999 -0.0151 -0
vn -0.9025 -0.4307 -0
vn -0.2234 0.7436 0.6302
vn -0.6302 0.7436 0.2234
vn -0.4335 -0.9011 -0
vn -0.4375 0.7856 0.4375
vn -0.6495 0.3953 0.6495
vn -0.6361 0.7716 -0
vn -0.9186 0.3952 -0
vn -0.6889 0.2255 0.6889
vn -0.9769 0.2137 -0
vn -0.7068 -0.0315 0.7068
vn 0.0446 0.991 -0.1264
vn -0.9995 -0.0302 -0
vn 0.1264 0.991 -0.0446
vn -0.9806 0.1963 -0
vn -0.6927 0.2011 0.6927
vn -0.9938 -0.1114 -0
vn -0.7024 -0.1152 0.7024
vn -0.9931 -0.1169 -0
vn -0.7017 -0.1229 0.7017
vn -1 -0 -0
vn -0.7071 -0 0.7071
vn -0.9994 -0.036 -0
vn -0.7066 -0.0375 0.7066
vn -0.9979 -0.065 -0
vn -0.7055 -0.0679 0.7055
vn -0.8569 -0.5154 -0
vn -0.6766 -0.2908 0.6766
vn -0.5147 -0.6857 0.5147
vn -0.4338 0.901 -0
vn -0.3114 0.8978 0.3114
vn 0.6299 0.4544 -0.6299
vn 0.1872 0.9643 -0.1872
vn -0 0.9552 -0.2961
vn -0 0.4307 -0.9025
vn -0 -0.4307 -0.9025
vn -0 -0.9552 -0.2961
vn 0.1872 -0.9643 -0.1872
vn 0.6299 -0.4544 -0.6299
vn -0 0.4308 -0.9025
vn -0 -0.4308 -0.9025
vn 0.3114 0.8978 -0.3115
vn 0.6569 0.3698 -0.657
vn -0 0.3685 -0.9296
vn -0 0.901 -0.4338
vn 0.3114 -0.8978 -0.3115
vn 0.657 -0.3698 -0.657
vn 0.3115 0.8977 -0.3115
vn 0.657 0.3698 -0.657
vn -0 -0.901 -0.4338
vn -0 -0.3685 -0.9296
vn 0.3115 -0.8977 -0.3115
vn -0 0.9551 -0.2961
vn -0 -0.9551 -0.2961
vn 0.6299 -0.4543 -0.6299
vn 0.1873 -0.9643 -0.1872
vn 0.63 -0.4543 -0.6299
vn 0.657 0.3699 -0.657
vn -0 0.9011 -0.4335
vn 0.657 -0.3699 -0.657
vn -0 -0.9011 -0.4335
vn -0 0.9011 -0.4337
vn 0.707 -0.0157 -0.707
vn -0 -0.0151 -0.9999
vn 0.2234 0.7436 -0.6302
vn 0.6302 0.7436 -0.2234
vn -0 0.3952 -0.9186
vn -0 0.7716 -0.6361
vn 0.4375 0.7856 -0.4375
vn 0.6495 0.3953 -0.6495
vn 0.6889 0.2255 -0.6889
vn -0 0.2137 -0.9769
vn -0 -0.0302 -0.9995
vn 0.7068 -0.0315 -0.7068
vn -0.0446 0.991 0.1264
vn -0.1264 0.991 0.0446
vn 0.6927 0.2011 -0.6927
vn -0 0.1963 -0.9806
vn 0.7024 -0.1152 -0.7024
vn -0 -0.1114 -0.9938
vn 0.7017 -0.1229 -0.7017
vn -0 -0.1169 -0.9931
vn 0.7071 -0 -0.7071
vn -0 -0 -1
vn 0.7066 -0.0375 -0.7066
vn -0 -0.036 -0.9994
vn 0.7055 -0.0679 -0.7055
vn -0 -0.065 -0.9979
vn 0.6766 -0.2908 -0.6766
vn -0 -0.5154 -0.8569
vn 0.5147 -0.6857 -0.5147
vn 0.3114 0.8978 -0.3114
vn -0.6299 0.4544 -0.6299
vn -0.1872 0.9643 -0.1872
vn -0.6299 -0.4544 -0.6299
vn -0.1872 -0.9643 -0.1872
vn -0.3115 0.8978 -0.3115
vn -0.657 0.3698 -0.657
vn -0.3114 -0.8978 -0.3115
vn -0.657 -0.3698 -0.657
vn -0.6569 -0.3698 -0.657
vn -0.3115 0.8977 -0.3115
vn -0.6569 0.3698 -0.657
vn -0.3116 -0.8977 -0.3115
vn -0.657 -0.3697 -0.657
vn -0.6299 -0.4543 -0.6299
vn -0.63 -0.4543 -0.6299
vn -0.1873 -0.9643 -0.1872
vn -0.1873 0.9643 -0.1872
vn -0.657 0.3699 -0.657
vn -0.3115 -0.8977 -0.3115
vn -0.657 -0.3699 -0.657
vn -0.707 -0.0157 -0.707
vn -0.2234 0.7436 -0.6302
vn -0.6302 0.7436 -0.2234
vn -0.6495 0.3953 -0.6495
vn -0.4375 0.7856 -0.4375
vn -0.6889 0.2255 -0.6889
vn -0.7068 -0.0315 -0.7068
vn 0.0446 0.991 0.1264
vn 0.1264 0.991 0.0446
vn -0.6927 0.2011 -0.6927
vn -0.7024 -0.1152 -0.7024
vn -0.7017 -0.1229 -0.7017
vn -0.7071 -0 -0.7071
vn -0.7066 -0.0375 -0.7066
vn -0.7055 -0.0679 -0.7055
vn -0.6766 -0.2908 -0.6766
vn -0.5147 -0.6857 -0.5147
vn -0.3114 0.8978 -0.3114
vn -0 -0 1
vn -0 -0 -1
vn 0.918 0.3965 -0
vn 0.9761 -0.2174 -0
vn 0.9406 -0.3395 -0
vn 0.8166 0.5772 -0
vn 0.8096 0.3496 -0.4716
vn 0.8522 -0.1899 -0.4875
vn 0.7471 0.5111 -0.4249
vn 0.8315 -0.2941 -0.4712
vn 0.8315 -0.2941 0.4712
vn 0.8096 0.3496 0.4716
vn 0.8522 -0.1899 0.4875
vn 0.7471 0.5111 0.425
vn 0.722 -0.1609 0.6729
vn 0.2291 -0.0511 0.9721
vn 0.5462 -0.1217 0.8288
vn 0.1592 0.0302 0.9868
vn 0.7078 -0.2284 0.6685
vn 0.6292 0.4769 0.6137
vn 0.4431 -0.1188 0.8886
vn 0.5333 0.0992 0.8401
vn 0.7233 0.1312 0.6779
vn 0.4044 0.2753 0.8721
vn 0.1916 0.0828 0.978
vn 0.6851 0.2959 0.6657
vn 0.485 0.2095 0.8491
vn 0.2291 -0.0511 -0.9721
vn 0.722 -0.1609 -0.6729
vn 0.5462 -0.1217 -0.8288
vn 0.6292 0.4769 -0.6137
vn 0.7078 -0.2284 -0.6685
vn 0.1592 0.0302 -0.9868
vn 0.7233 0.1312 -0.6779
vn 0.5333 0.0992 -0.8401
vn 0.4431 -0.1188 -0.8886
vn 0.4044 0.2753 -0.8721
vn 0.6851 0.2959 -0.6657
vn 0.1916 0.0828 -0.978
vn 0.485 0.2095 -0.8491
vn 0.1128 -0.0443 0.9926
vn 0.691 -0.2326 0.6844
vn 0.4283 -0.1456 0.8918
vn 0.1128 -0.0443 -0.9926
vn 0.691 -0.2326 -0.6844
vn 0.4283 -0.1456 -0.8918
vn 0.0993 0.0718 0.9925
vn 0.6354 0.4128 0.6526
vn 0.3944 0.252 0.8837
vn 0.0993 0.0718 -0.9925
vn 0.6354 0.4128 -0.6526
vn 0.3944 0.252 -0.8837
vn 0.8299 0.5579 -0
vn 0.9628 -0.2702 -0
vn 0.9873 0.1586 -0
vn 0.848 -0.2471 -0.4689
vn 0.745 0.5211 -0.4165
vn 0.8677 0.149 -0.4743
vn 0.848 -0.2471 0.4689
vn 0.745 0.5211 0.4165
vn 0.8677 0.149 0.4743
vn 1 -0 -0
vn -1 -0 -0
vn -0 0.3965 -0.918
vn -0 -0.2174 -0.9761
vn -0 -0.3395 -0.9406
vn -0 0.5772 -0.8166
vn -0.4716 0.3496 -0.8096
vn -0.4875 -0.1899 -0.8522
vn -0.425 0.5111 -0.7471
vn -0.4712 -0.2941 -0.8315
vn 0.4712 -0.2941 -0.8315
vn 0.4716 0.3496 -0.8096
vn 0.4875 -0.1899 -0.8522
vn 0.425 0.5111 -0.7471
vn 0.6729 -0.1609 -0.722
vn 0.9721 -0.0511 -0.2291
vn 0.8288 -0.1217 -0.5462
vn 0.9868 0.0302 -0.1592
vn 0.6685 -0.2284 -0.7078
vn 0.6137 0.4769 -0.6292
vn 0.8886 -0.1188 -0.4431
vn 0.8401 0.0992 -0.5333
vn 0.6779 0.1312 -0.7233
vn 0.8721 0.2753 -0.4044
vn 0.978 0.0828 -0.1916
vn 0.6657 0.2959 -0.6851
vn 0.8491 0.2095 -0.485
vn -0.9721 -0.0511 -0.2291
vn -0.6729 -0.1609 -0.722
vn -0.8288 -0.1217 -0.5462
vn -0.6137 0.4769 -0.6292
vn -0.6685 -0.2284 -0.7078
vn -0.9868 0.0302 -0.1592
vn -0.6779 0.1312 -0.7233
vn -0.8401 0.0992 -0.5333
vn -0.8886 -0.1188 -0.4431
vn -0.8721 0.2753 -0.4044
vn -0.6657 0.2959 -0.6851
vn -0.978 0.0828 -0.1916
vn -0.8491 0.2095 -0.485
vn 0.9926 -0.0443 -0.1128
vn 0.6844 -0.2326 -0.691
vn 0.8918 -0.1456 -0.4283
vn -0.9926 -0.0443 -0.1128
vn -0.6844 -0.2326 -0.691
vn -0.8918 -0.1456 -0.4283
vn 0.9925 0.0718 -0.0993
vn 0.6526 0.4128 -0.6354
vn 0.8837 0.252 -0.3944
vn -0.9925 0.0718 -0.0993
vn -0.6526 0.4128 -0.6354
vn -0.8837 0.252 -0.3944
vn -0 0.5579 -0.8299
vn -0 -0.2702 -0.9628
vn -0 0.1586 -0.9873
vn -0.4689 -0.2471 -0.848
vn -0.4165 0.5211 -0.745
vn -0.4743 0.149 -0.8677
vn 0.4689 -0.2471 -0.848
vn 0.4165 0.5211 -0.745
vn 0.4743 0.149 -0.8677
vn -0 -0 -1
vn -0 -0 1
vn -0.918 0.3965 -0
vn -0.9761 -0.2174 -0
vn -0.9406 -0.3395 -0
vn -0.8166 0.5772 -0
vn -0.8096 0.3496 0.4716
vn -0.8522 -0.1899 0.4875
vn -0.7471 0.5111 0.4249
vn -0.8315 -0.2941 0.4712
vn -0.8315 -0.2941 -0.4712
vn -0.8096 0.3496 -0.4716
vn -0.8522 -0.1899 -0.4875
vn -0.7471 0.5111 -0.425
vn -0.722 -0.1609 -0.6729
vn -0.2291 -0.0511 -0.9721
vn -0.5462 -0.1217 -0.8288
vn -0.1592 0.0302 -0.9868
vn -0.7078 -0.2284 -0.6685
vn -0.6292 0.4769 -0.6137
vn -0.4431 -0.1188 -0.8886
vn -0.5333 0.0992 -0.8401
vn -0.7233 0.1312 -0.6779
vn -0.4044 0.2753 -0.8721
vn -0.1916 0.0828 -0.978
vn -0.6851 0.2959 -0.6657
vn -0.485 0.2095 -0.8491
vn -0.2291 -0.0511 0.9721
vn -0.722 -0.1609 0.6729
vn -0.5462 -0.1217 0.8288
vn -0.6292 0.4769 0.6137
vn -0.7078 -0.2284 0.6685
vn -0.1592 0.0302 0.9868
vn -0.7233 0.1312 0.6779
vn -0.5333 0.0992 0.8401
vn -0.4431 -0.1188 0.8886
vn -0.4044 0.2753 0.8721
vn -0.6851 0.2959 0.6657
vn -0.1916 0.0828 0.978
vn -0.485 0.2095 0.8491
vn -0.1128 -0.0443 -0.9926
vn -0.691 -0.2326 -0.6844
vn -0.4283 -0.1456 -0.8918
vn -0.1128 -0.0443 0.9926
vn -0.691 -0.2326 0.6844
vn -0.4283 -0.1456 0.8918
vn -0.0993 0.0718 -0.9925
vn -0.6354 0.4128 -0.6526
vn -0.3944 0.252 -0.8837
vn -0.0993 0.0718 0.9925
vn -0.6354 0.4128 0.6526
vn -0.3944 0.252 0.8837
vn -0.8299 0.5579 -0
vn -0.9628 -0.2702 -0
vn -0.9873 0.1586 -0
vn -0.848 -0.2471 0.4689
vn -0.745 0.5211 0.4165
vn -0.8677 0.149 0.4743
vn -0.848 -0.2471 -0.4689
vn -0.745 0.5211 -0.4165
vn -0.8677 0.149 -0.4743
vn -1 -0 -0
vn 1 -0 -0
vn -0 0.3965 0.918
vn -0 -0.2174 0.9761
vn -0 -0.3395 0.9406
vn -0 0.5772 0.8166
vn 0.4716 0.3496 0.8096
vn 0.4875 -0.1899 0.8522
vn 0.4249 0.5111 0.7471
vn 0.4712 -0.2941 0.8315
vn -0.4712 -0.2941 0.8315
vn -0.4716 0.3496 0.8096
vn -0.4875 -0.1899 0.8522
vn -0.425 0.5111 0.7471
vn -0.6729 -0.1609 0.722
vn -0.9721 -0.0511 0.2291
vn -0.8288 -0.1217 0.5462
vn -0.9868 0.0302 0.1592
vn -0.6685 -0.2284 0.7078
vn -0.6137 0.4769 0.6292
vn -0.8886 -0.1188 0.4431
vn -0.8401 0.0992 0.5333
vn -0.6779 0.1312 0.7233
vn -0.8721 0.2753 0.4044
vn -0.978 0.0828 0.1916
vn -0.6657 0.2959 0.6851
vn -0.8491 0.2095 0.485
vn 0.9721 -0.0511 0.2291
vn 0.6729 -0.1609 0.722
vn 0.8288 -0.1217 0.5462
vn 0.6137 0.4769 0.6292
vn 0.6685 -0.2284 0.7078
vn 0.9868 0.0302 0.1592
vn 0.6779 0.1312 0.7233
vn 0.8401 0.0992 0.5333
vn 0.8886 -0.1188 0.4431
vn 0.8721 0.2753 0.4044
vn 0.6657 0.2959 0.6851
vn 0.978 0.0828 0.1916
vn 0.8491 0.2095 0.485
vn -0.9926 -0.0443 0.1128
vn -0.6844 -0.2326 0.691
vn -0.8918 -0.1456 0.4283
vn 0.9926 -0.0443 0.1128
vn 0.6844 -0.2326 0.691
vn 0.8918 -0.1456 0.4283
vn -0.9925 0.0718 0.0993
vn -0.6526 0.4128 0.6354
vn -0.8837 0.252 0.3944
vn 0.9925 0.0718 0.0993
vn 0.6526 0.4128 0.6354
vn 0.8837 0.252 0.3944
vn -0 0.5579 0.8299
vn -0 -0.2702 0.9628
vn -0 0.1586 0.9873
vn 0.4689 -0.2471 0.848
vn 0.4165 0.5211 0.745
vn 0.4743 0.149 0.8677
vn -0.4689 -0.2471 0.848
vn -0.4165 0.5211 0.745
vn -0.4743 0.149 0.8677
vn -0 -0 1
vn -0 -0 -1
vn 0.9991 0.0431 -0
vn 0.9761 -0.2174 -0
vn 0.9406 -0.3395 -0
vn 0.8951 0.446 -0
vn 0.8711 0.0374 -0.4896
vn 0.8522 -0.1899 -0.4875
vn 0.8008 0.3817 -0.4616
vn 0.8315 -0.2941 -0.4712
vn 0.8315 -0.2941 0.4712
vn 0.8711 0.0374 0.4896
vn 0.8522 -0.1899 0.4875
vn 0.8008 0.3817 0.4616
vn 0.722 -0.1609 0.6729
vn 0.2291 -0.0511 0.9721
vn 0.5462 -0.1217 0.8288
vn 0.1592 0.0302 0.9868
vn 0.7078 -0.2284 0.6685
vn 0.6292 0.4769 0.6137
vn 0.4431 -0.1188 0.8886
vn 0.5333 0.0992 0.8401
vn 0.7233 0.1312 0.6779
vn 0.4044 0.2753 0.8721
vn 0.325 0.0204 0.9455
vn 0.7516 0.0298 0.6589
vn 0.552 0.0225 0.8335
vn 0.2291 -0.0511 -0.9721
vn 0.722 -0.1609 -0.6729
vn 0.5462 -0.1217 -0.8288
vn 0.6292 0.4769 -0.6137
vn 0.7078 -0.2284 -0.6685
vn 0.1592 0.0302 -0.9868
vn 0.7233 0.1312 -0.6779
vn 0.5333 0.0992 -0.8401
vn 0.4431 -0.1188 -0.8886
vn 0.4044 0.2753 -0.8721
vn 0.7516 0.0298 -0.6589
vn 0.325 0.0204 -0.9455
vn 0.552 0.0225 -0.8335
vn 0.1128 -0.0443 0.9926
vn 0.691 -0.2326 0.6844
vn 0.4283 -0.1456 0.8918
vn 0.1128 -0.0443 -0.9926
vn 0.691 -0.2326 -0.6844
vn 0.4283 -0.1456 -0.8918
vn 0.0978 0.0555 0.9937
vn 0.6808 0.2852 0.6746
vn 0.4391 0.1691 0.8824
vn 0.0978 0.0555 -0.9937
vn 0.6808 0.2852 -0.6746
vn 0.4391 0.1691 -0.8824
vn 0.8299 0.5579 -0
vn 0.9628 -0.2702 -0
vn 0.9873 0.1586 -0
vn 0.848 -0.2471 -0.4689
vn 0.745 0.5211 -0.4165
vn 0.8677 0.149 -0.4743
vn 0.848 -0.2471 0.4689
vn 0.745 0.5211 0.4165
vn 0.8677 0.149 0.4743
vn 0.9577 0.2879 -0
vn 0.8439 0.2731 -0.4619
vn 0.8439 0.2731 0.4619
vn 0.3399 0.0596 0.9386
vn 0.7145 0.2552 0.6514
vn 0.5018 0.1637 0.8493
vn 0.7145 0.2552 -0.6514
vn 0.3399 0.0596 -0.9386
vn 0.5018 0.1637 -0.8494
vn 0.8164 0.5775 -0
vn 0.7346 0.5196 -0.4362
vn 0.7346 0.5196 0.4362
vn 0.2277 0.161 0.9603
vn 0.6177 0.4369 0.6539
vn 0.4065 0.2875 0.8672
vn 0.6177 0.4369 -0.6539
vn 0.2277 0.161 -0.9603
vn 0.4065 0.2875 -0.8672
vn 1 -0 -0
vn -1 -0 -0
vn -0 0.0431 -0.9991
vn -0 -0.2174 -0.9761
vn -0 -0.3395 -0.9406
vn -0 0.446 -0.8951
vn -0.4896 0.0374 -0.8711
vn -0.4875 -0.1899 -0.8522
vn -0.4616 0.3817 -0.8008
vn -0.4712 -0.2941 -0.8315
vn 0.4712 -0.2941 -0.8315
vn 0.4896 0.0374 -0.8711
vn 0.4875 -0.1899 -0.8522
vn 0.4616 0.3817 -0.8008
vn 0.6729 -0.1609 -0.722
vn 0.9721 -0.0511 -0.2291
vn 0.8288 -0.1217 -0.5462
vn 0.9868 0.0302 -0.1592
vn 0.6685 -0.2284 -0.7078
vn 0.6137 0.4769 -0.6292
vn 0.8886 -0.1188 -0.4431
vn 0.8401 0.0992 -0.5333
vn 0.6779 0.1312 -0.7233
vn 0.8721 0.2753 -0.4044
vn 0.9455 0.0204 -0.325
vn 0.6589 0.0298 -0.7516
vn 0.8335 0.0225 -0.552
vn -0.9721 -0.0511 -0.2291
vn -0.6729 -0.1609 -0.722
vn -0.8288 -0.1217 -0.5462
vn -0.6137 0.4769 -0.6292
vn -0.6685 -0.2284 -0.7078
vn -0.9868 0.0302 -0.1592
vn -0.6779 0.1312 -0.7233
vn -0.8401 0.0992 -0.5333
vn -0.8886 -0.1188 -0.4431
vn -0.8721 0.2753 -0.4044
vn -0.6589 0.0298 -0.7516
vn -0.9455 0.0204 -0.325
vn -0.8335 0.0225 -0.552
vn 0.9926 -0.0443 -0.1128
vn 0.6844 -0.2326 -0.691
vn 0.8918 -0.1456 -0.4283
vn -0.9926 -0.0443 -0.1128
vn -0.6844 -0.2326 -0.691
vn -0.8918 -0.1456 -0.4283
vn 0.9937 0.0555 -0.0978
vn 0.6746 0.2852 -0.6808
vn 0.8824 0.1691 -0.4391
vn -0.9937 0.0555 -0.0978
vn -0.6746 0.2852 -0.6808
vn -0.8824 0.1691 -0.4391
vn -0 0.5579 -0.8299
vn -0 -0.2702 -0.9628
vn -0 0.1586 -0.9873
vn -0.4689 -0.2471 -0.848
vn -0.4165 0.5211 -0.745
vn -0.4743 0.149 -0.8677
vn 0.4689 -0.2471 -0.848
vn 0.4165 0.5211 -0.745
vn 0.4743 0.149 -0.8677
vn -0 0.2879 -0.9577
vn -0.4619 0.2731 -0.8439
vn 0.4619 0.2731 -0.8439
vn 0.9386 0.0596 -0.3399
vn 0.6514 0.2552 -0.7146
vn 0.8493 0.1637 -0.5018
vn -0.6514 0.2552 -0.7145
vn -0.9386 0.0596 -0.3399
vn -0.8494 0.1637 -0.5018
vn -0 0.5775 -0.8164
vn -0.4362 0.5196 -0.7346
vn 0.4362 0.5196 -0.7346
vn 0.9603 0.161 -0.2277
vn 0.6539 0.4369 -0.6177
vn 0.8672 0.2875 -0.4065
vn -0.6539 0.4369 -0.6177
vn -0.9603 0.161 -0.2277
vn -0.8672 0.2875 -0.4065
vn -0 -0 -1
vn -0 -0 1
vn -0.9991 0.0431 -0
vn -0.9761 -0.2174 -0
vn -0.9406 -0.3395 -0
vn -0.8951 0.446 -0
vn -0.8711 0.0374 0.4896
vn -0.8522 -0.1899 0.4875
vn -0.8008 0.3817 0.4616
vn -0.8315 -0.2941 0.4712
vn -0.8315 -0.2941 -0.4712
vn -0.8711 0.0374 -0.4896
vn -0.8522 -0.1899 -0.4875
vn -0.8008 0.3817 -0.4616
vn -0.722 -0.1609 -0.6729
vn -0.2291 -0.0511 -0.9721
vn -0.5462 -0.1217 -0.8288
vn -0.1592 0.0302 -0.9868
vn -0.7078 -0.2284 -0.6685
vn -0.6292 0.4769 -0.6137
vn -0.4431 -0.1188 -0.8886
vn -0.5333 0.0992 -0.8401
vn -0.7233 0.1312 -0.6779
vn -0.4044 0.2753 -0.8721
vn -0.325 0.0204 -0.9455
vn -0.7516 0.0298 -0.6589
vn -0.552 0.0225 -0.8335
vn -0.2291 -0.0511 0.9721
vn -0.722 -0.1609 0.6729
vn -0.5462 -0.1217 0.8288
vn -0.6292 0.4769 0.6137
vn -0.7078 -0.2284 0.6685
vn -0.1592 0.0302 0.9868
vn -0.7233 0.1312 0.6779
vn -0.5333 0.0992 0.8401
vn -0.4431 -0.1188 0.8886
vn -0.4044 0.2753 0.8721
vn -0.7516 0.0298 0.6589
vn -0.325 0.0204 0.9455
vn -0.552 0.0225 0.8335
vn -0.1128 -0.0443 -0.9926
vn -0.691 -0.2326 -0.6844
vn -0.4283 -0.1456 -0.8918
vn -0.1128 -0.0443 0.9926
vn -0.691 -0.2326 0.6844
vn -0.4283 -0.1456 0.8918
vn -0.0978 0.0555 -0.9937
vn -0.6808 0.2852 -0.6746
vn -0.4391 0.1691 -0.8824
vn -0.0978 0.0555 0.9937
vn -0.6808 0.2852 0.6746
vn -0.4391 0.1691 0.8824
vn -0.8299 0.5579 -0
vn -0.9628 -0.2702 -0
vn -0.9873 0.1586 -0
vn -0.848 -0.2471 0.4689
vn -0.745 0.5211 0.4165
vn -0.8677 0.149 0.4743
vn -0.848 -0.2471 -0.4689
vn -0.745 0.5211 -0.4165
vn -0.8677 0.149 -0.4743
vn -0.9577 0.2879 -0
vn -0.8439 0.2731 0.4619
vn -0.8439 0.2731 -0.4619
vn -0.3399 0.0596 -0.9386
vn -0.7146 0.2552 -0.6514
vn -0.5018 0.1637 -0.8493
vn -0.7145 0.2552 0.6514
vn -0.3399 0.0596 0.9386
vn -0.5018 0.1637 0.8494
vn -0.8164 0.5775 -0
vn -0.7346 0.5196 0.4362
vn -0.7346 0.5196 -0.4362
vn -0.2277 0.161 -0.9603
vn -0.6177 0.4369 -0.6539
vn -0.4065 0.2875 -0.8672
vn -0.6177 0.4369 0.6539
vn -0.2277 0.161 0.9603
vn -0.4065 0.2875 0.8672
vn -1 -0 -0
vn 1 -0 -0
vn -0 0.0431 0.9991
vn -0 -0.2174 0.9761
vn -0 -0.3395 0.9406
vn -0 0.446 0.8951
vn 0.4896 0.0374 0.8711
vn 0.4875 -0.1899 0.8522
vn 0.4616 0.3817 0.8008
vn 0.4712 -0.2941 0.8315
vn -0.4712 -0.2941 0.8315
vn -0.4896 0.0374 0.8711
vn -0.4875 -0.1899 0.8522
vn -0.4616 0.3817 0.8008
vn -0.6729 -0.1609 0.722
vn -0.9721 -0.0511 0.2291
vn -0.8288 -0.1217 0.5462
vn -0.9868 0.0302 0.1592
vn -0.6685 -0.2284 0.7078
vn -0.6137 0.4769 0.6292
vn -0.8886 -0.1188 0.4431
vn -0.8401 0.0992 0.5333
vn -0.6779 0.1312 0.7233
vn -0.8721 0.2753 0.4044
vn -0.9455 0.0204 0.325
vn -0.6589 0.0298 0.7516
vn -0.8335 0.0225 0.552
vn 0.9721 -0.0511 0.2291
vn 0.6729 -0.1609 0.722
vn 0.8288 -0.1217 0.5462
vn 0.6137 0.4769 0.6292
vn 0.6685 -0.2284 0.7078
vn 0.9868 0.0302 0.1592
vn 0.6779 0.1312 0.7233
vn 0.8401 0.0992 0.5333
vn 0.8886 -0.1188 0.4431
vn 0.8721 0.2753 0.4044
vn 0.6589 0.0298 0.7516
vn 0.9455 0.0204 0.325
vn 0.8335 0.0225 0.552
vn -0.9926 -0.0443 0.1128
vn -0.6844 -0.2326 0.691
vn -0.8918 -0.1456 0.4283
vn 0.9926 -0.0443 0.1128
vn 0.6844 -0.2326 0.691
vn 0.8918 -0.1456 0.4283
vn -0.9937 0.0555 0.0978
vn -0.6746 0.2852 0.6808
vn -0.8824 0.1691 0.4391
vn 0.9937 0.0555 0.0978
vn 0.6746 0.2852 0.6808
vn 0.8824 0.1691 0.4391
vn -0 0.5579 0.8299
vn -0 -0.2702 0.9628
vn -0 0.1586 0.9873
vn 0.4689 -0.2471 0.848
vn 0.4165 0.5211 0.745
vn 0.4743 0.149 0.8677
vn -0.4689 -0.2471 0.848
vn -0.4165 0.5211 0.745
vn -0.4743 0.149 0.8677
vn -0 0.2879 0.9577
vn 0.4619 0.2731 0.8439
vn -0.4619 0.2731 0.8439
vn -0.9386 0.0596 0.3399
vn -0.6514 0.2552 0.7145
vn -0.8493 0.1637 0.5018
vn 0.6514 0.2552 0.7145
vn 0.9386 0.0596 0.3399
vn 0.8494 0.1637 0.5018
vn -0 0.5775 0.8164
vn 0.4362 0.5196 0.7346
vn -0.4362 0.5196 0.7346
vn -0.9603 0.161 0.2277
vn -0.6539 0.4369 0.6177
vn -0.8672 0.2875 0.4065
vn 0.6539 0.4369 0.6177
vn 0.9603 0.161 0.2277
vn 0.8672 0.2875 0.4065
vn 1 -0 -0
vn -1 -0 -0
vn -0 0.225 0.9744
vn -0 0.8418 0.5398
vn -0 0.064 0.998
vn -0 0.1175 0.9931
vn -0 0.1665 0.986
vn -0 0.202 0.9794
vn -0 -0.9076 0.4199
vn -0 -0.9953 0.0969
vn -0 -0.2837 0.9589
vn -0 0.4711 0.8821
vn -0 0.6854 0.7282
vn -0 -0.802 0.5973
vn -0 -0.8796 0.4757
vn -0 -0.7077 0.7065
vn -0 1 -0
vn -0 0.8418 -0.5398
vn -0 0.225 -0.9744
vn -0 0.064 -0.998
vn -0 0.1175 -0.9931
vn -0 0.1665 -0.986
vn -0 0.202 -0.9794
vn -0 -0.9953 -0.0969
vn -0 -0.9076 -0.4199
vn -0 -0.2837 -0.9589
vn -0 0.4711 -0.8821
vn -0 0.6854 -0.7282
vn -0 -0.8796 -0.4757
vn -0 -0.802 -0.5973
vn -0 -0.7077 -0.7065
vn -0 -0 -1
vn -0 -0 1
vn 0.9744 0.225 -0
vn 0.5398 0.8418 -0
vn 0.998 0.064 -0
vn 0.9931 0.1175 -0
vn 0.986 0.1665 -0
vn 0.9794 0.202 -0
vn 0.4199 -0.9076 -0
vn 0.0969 -0.9953 -0
vn 0.9589 -0.2837 -0
vn 0.8821 0.4711 -0
vn 0.7282 0.6854 -0
vn 0.5973 -0.802 -0
vn 0.4757 -0.8796 -0
vn 0.7065 -0.7077 -0
vn -0 1 -0
vn -0.5398 0.8418 -0
vn -0.9744 0.225 -0
vn -0.998 0.064 -0
vn -0.9931 0.1175 -0
vn -0.986 0.1665 -0
vn -0.9794 0.202 -0
vn -0.0969 -0.9953 -0
vn -0.4199 -0.9076 -0
vn -0.9589 -0.2837 -0
vn -0.8821 0.4711 -0
vn -0.7282 0.6854 -0
vn -0.4757 -0.8796 -0
vn -0.5973 -0.802 -0
vn -0.7065 -0.7077 -0
vn 0.6875 0.3588 0.6314
vn 0.6953 0.2881 0.6585
vn 0.6946 0.2957 0.6558
vn 0.5709 -0.521 0.6345
vn 0.5886 -0.4845 0.6471
vn 0.6082 -0.44 0.6606
vn 0.6077 -0.3976 0.6874
vn 0.5844 -0.3894 0.712
vn 0.5454 -0.3551 0.7592
vn 0.524 -0.3279 0.7861
vn 0.5394 -0.3459 0.7677
vn 0.5406 -0.3474 0.7662
vn 0.5875 -0.4074 0.6992
vn 0.7048 0.1365 0.6961
vn 0.7048 0.1366 0.6961
vn 0.7016 -0.0017 0.7126
vn 0.7007 -0.011 0.7134
vn 0.6812 -0.1302 0.7204
vn 0.6755 -0.1546 0.7209
vn 0.6468 -0.2948 0.7034
vn 0.6395 -0.3346 0.6921
vn 0.6372 -0.3982 0.6599
vn 0.6463 -0.3946 0.6531
vn 0.8127 0.1593 0.5604
vn 0.8128 0.1607 0.56
vn 0.8117 0.0907 0.577
vn 0.8117 0.0891 0.5772
vn 0.8115 0.0552 0.5818
vn 0.8115 0.0546 0.5818
vn 0.812 0.0372 0.5825
vn 0.812 0.0368 0.5825
vn 0.8152 0.0264 0.5786
vn 0.8244 0.0327 0.565
vn 0.8244 0.0326 0.5651
vn 0.8363 0.0396 0.5468
vn 0.8363 0.0396 0.5469
vn 0.8497 0.0456 0.5252
vn 0.8496 0.0455 0.5255
vn 0.8822 0.0636 0.4665
vn 0.8803 0.0626 0.4703
vn 0.9125 0.0603 0.4046
vn 0.9109 0.0625 0.4078
vn 0.9089 0.0614 0.4124
vn 0.9093 0.061 0.4117
vn 0.8305 0.222 0.5109
vn 0.8525 0.1787 0.4913
vn 0.718 0.3909 0.5759
vn 0.9325 0.1781 -0.3142
vn 0.8611 0.2377 0.4494
vn 0.9527 -0.0689 0.2959
vn 0.8923 0.0831 0.4438
vn 0.9861 -0.157 0.0547
vn 0.9888 -0.0958 0.1147
vn 0.9473 0.1677 0.2729
vn 0.9569 -0.253 0.1424
vn 0.7036 -0.5984 0.3832
vn 0.4549 -0.7024 0.5475
vn 0.6348 -0.5523 0.5404
vn 0.9977 -0.014 0.066
vn 0.9605 0.1618 0.2265
vn 0.7951 0.389 0.4653
vn -0 -0.6961 0.7179
vn -0 -0.7708 0.6371
vn 0.9965 -0.0822 -0.0126
vn 0.7798 0.3166 0.54
vn 0.7384 0.4219 0.5261
vn 0.8123 0.2023 0.547
vn -0.6875 0.3588 0.6314
vn -0.6946 0.2957 0.6558
vn -0.6953 0.2881 0.6585
vn -0.5709 -0.521 0.6345
vn -0.6082 -0.44 0.6606
vn -0.5886 -0.4845 0.6471
vn -0.5844 -0.3893 0.712
vn -0.6077 -0.3976 0.6874
vn -0.524 -0.3279 0.7861
vn -0.5454 -0.3551 0.7592
vn -0.5406 -0.3474 0.7662
vn -0.5394 -0.3459 0.7677
vn -0.5875 -0.4074 0.6992
vn -0.7048 0.1366 0.6961
vn -0.7048 0.1365 0.6961
vn -0.7007 -0.011 0.7134
vn -0.7016 -0.0017 0.7126
vn -0.6755 -0.1546 0.7209
vn -0.6812 -0.1302 0.7204
vn -0.6395 -0.3346 0.6921
vn -0.6468 -0.2948 0.7034
vn -0.6463 -0.3946 0.6531
vn -0.6372 -0.3982 0.6599
vn -0.8127 0.1593 0.5604
vn -0.8117 0.0891 0.5772
vn -0.8117 0.0907 0.577
vn -0.8128 0.1607 0.56
vn -0.8115 0.0546 0.5818
vn -0.8115 0.0552 0.5818
vn -0.812 0.0368 0.5825
vn -0.812 0.0372 0.5825
vn -0.8152 0.0264 0.5786
vn -0.8244 0.0326 0.5651
vn -0.8244 0.0327 0.565
vn -0.8363 0.0396 0.5469
vn -0.8363 0.0396 0.5468
vn -0.8496 0.0455 0.5255
vn -0.8497 0.0456 0.5252
vn -0.8803 0.0626 0.4703
vn -0.8822 0.0636 0.4665
vn -0.9109 0.0625 0.4078
vn -0.9125 0.0603 0.4046
vn -0.9093 0.061 0.4117
vn -0.9089 0.0614 0.4124
vn -0.8525 0.1787 0.4913
vn -0.8305 0.222 0.5109
vn -0.718 0.3909 0.5759
vn -0.9325 0.1781 -0.3143
vn -0.8611 0.2377 0.4494
vn -0.8923 0.0831 0.4438
vn -0.9527 -0.0689 0.2959
vn -0.9861 -0.157 0.0547
vn -0.9569 -0.253 0.1424
vn -0.9473 0.1677 0.2729
vn -0.9888 -0.0958 0.1147
vn -0.7037 -0.5983 0.3832
vn -0.6348 -0.5523 0.5404
vn -0.4549 -0.7024 0.5475
vn -0.9605 0.1618 0.2265
vn -0.9977 -0.014 0.066
vn -0.7951 0.389 0.4653
vn -0.9965 -0.0822 -0.0126
vn -0.7798 0.3166 0.54
vn -0.7384 0.4219 0.5261
vn -0.8123 0.2023 0.547
vn 0.6875 0.3588 -0.6314
vn 0.6946 0.2957 -0.6558
vn 0.6953 0.2881 -0.6585
vn 0.5709 -0.521 -0.6345
vn 0.6082 -0.44 -0.6606
vn 0.5886 -0.4845 -0.6471
vn 0.5844 -0.3893 -0.712
vn 0.6077 -0.3976 -0.6874
vn 0.524 -0.3279 -0.7861
vn 0.5454 -0.3551 -0.7592
vn 0.5406 -0.3474 -0.7662
vn 0.5394 -0.3459 -0.7677
vn 0.5875 -0.4074 -0.6992
vn 0.7048 0.1366 -0.6961
vn 0.7048 0.1365 -0.6961
vn 0.7007 -0.011 -0.7134
vn 0.7016 -0.0017 -0.7126
vn 0.6755 -0.1546 -0.7209
vn 0.6812 -0.1302 -0.7204
vn 0.6395 -0.3346 -0.6921
vn 0.6468 -0.2948 -0.7034
vn 0.6463 -0.3946 -0.6531
vn 0.6372 -0.3982 -0.6599
vn 0.8127 0.1593 -0.5604
vn 0.8117 0.0891 -0.5772
vn 0.8117 0.0907 -0.577
vn 0.8128 0.1607 -0.56
vn 0.8115 0.0546 -0.5818
vn 0.8115 0.0552 -0.5818
vn 0.812 0.0368 -0.5825
vn 0.812 0.0372 -0.5825
vn 0.8152 0.0264 -0.5786
vn 0.8244 0.0326 -0.5651
vn 0.8244 0.0327 -0.565
vn 0.8363 0.0396 -0.5469
vn 0.8363 0.0396 -0.5468
vn 0.8496 0.0455 -0.5255
vn 0.8497 0.0456 -0.5252
vn 0.8803 0.0626 -0.4703
vn 0.8822 0.0636 -0.4665
vn 0.9109 0.0625 -0.4078
vn 0.9125 0.0603 -0.4046
vn 0.9093 0.061 -0.4117
vn 0.9089 0.0614 -0.4124
vn 0.8525 0.1787 -0.4913
vn 0.8305 0.222 -0.5109
vn 0.718 0.3909 -0.5759
vn 0.9325 0.1781 0.3143
vn 0.8611 0.2377 -0.4494
vn 0.8923 0.0831 -0.4438
vn 0.9527 -0.0689 -0.2959
vn 0.9861 -0.157 -0.0547
vn 0.9569 -0.253 -0.1424
vn 0.9473 0.1677 -0.2729
vn 0.9888 -0.0958 -0.1147
vn 0.7037 -0.5983 -0.3832
vn 0.6348 -0.5523 -0.5404
vn 0.4549 -0.7024 -0.5475
vn 0.9605 0.1618 -0.2265
vn 0.9977 -0.014 -0.066
vn 0.7951 0.389 -0.4653
vn -0 -0.6961 -0.7179
vn -0 -0.7708 -0.6371
vn 0.9965 -0.0822 0.0126
vn 0.7798 0.3166 -0.54
vn 0.7384 0.4219 -0.5261
vn 0.8123 0.2023 -0.547
vn -0.6875 0.3588 -0.6314
vn -0.6953 0.2881 -0.6585
vn -0.6946 0.2957 -0.6558
vn -0.5709 -0.521 -0.6345
vn -0.5886 -0.4845 -0.6471
vn -0.6082 -0.44 -0.6606
vn -0.6077 -0.3976 -0.6874
vn -0.5844 -0.3894 -0.712
vn -0.5454 -0.3551 -0.7592
vn -0.524 -0.3279 -0.7861
vn -0.5394 -0.3459 -0.7677
vn -0.5406 -0.3474 -0.7662
vn -0.5875 -0.4074 -0.6992
vn -0.7048 0.1365 -0.6961
vn -0.7048 0.1366 -0.6961
vn -0.7016 -0.0017 -0.7126
vn -0.7007 -0.011 -0.7134
vn -0.6812 -0.1302 -0.7204
vn -0.6755 -0.1546 -0.7209
vn -0.6468 -0.2948 -0.7034
vn -0.6395 -0.3346 -0.6921
vn -0.6372 -0.3982 -0.6599
vn -0.6463 -0.3946 -0.6531
vn -0.8127 0.1593 -0.5604
vn -0.8128 0.1607 -0.56
vn -0.8117 0.0907 -0.577
vn -0.8117 0.0891 -0.5772
vn -0.8115 0.0552 -0.5818
vn -0.8115 0.0546 -0.5818
vn -0.812 0.0372 -0.5825
vn -0.812 0.0368 -0.5825
vn -0.8152 0.0264 -0.5786
vn -0.8244 0.0327 -0.565
vn -0.8244 0.0326 -0.5651
vn -0.8363 0.0396 -0.5468
vn -0.8363 0.0396 -0.5469
vn -0.8497 0.0456 -0.5252
vn -0.8496 0.0455 -0.5255
vn -0.8822 0.0636 -0.4665
vn -0.8803 0.0626 -0.4703
vn -0.9125 0.0603 -0.4046
vn -0.9109 0.0625 -0.4078
vn -0.9089 0.0614 -0.4124
vn -0.9093 0.061 -0.4117
vn -0.8305 0.222 -0.5109
vn -0.8525 0.1787 -0.4913
vn -0.718 0.3909 -0.5759
vn -0.9325 0.1781 0.3142
vn -0.8611 0.2377 -0.4494
vn -0.9527 -0.0689 -0.2959
vn -0.8923 0.0831 -0.4438
vn -0.9861 -0.157 -0.0547
vn -0.9888 -0.0958 -0.1147
vn -0.9473 0.1677 -0.2729
vn -0.9569 -0.253 -0.1424
vn -0.7036 -0.5984 -0.3832
vn -0.4549 -0.7024 -0.5475
vn -0.6348 -0.5523 -0.5404
vn -0.9977 -0.014 -0.066
vn -0.9605 0.1618 -0.2265
vn -0.7951 0.389 -0.4653
vn -0.9965 -0.0822 0.0126
vn -0.7798 0.3166 -0.54
vn -0.7384 0.4219 -0.5261
vn -0.8123 0.2023 -0.547
vn 0.9816 0.0215 0.1896
vn 0.9997 0.0232 -0
vn 0.9997 0.0235 -0
vn 0.9841 0.02 0.1763
vn 0.9618 -0.0174 0.2733
vn 1 -0.0046 -0
vn 0.9998 0.0177 -0
vn 0.9733 -0.0075 0.2296
vn 0.9637 -0.1772 0.1995
vn 0.9811 -0.1933 -0
vn 0.9609 -0.2769 -0
vn 0.9357 -0.253 0.2461
vn 0.9999 0.0155 -0
vn 0.9865 0.0147 0.1631
vn 0.9951 -0.0987 -0
vn 0.9752 -0.0739 0.2085
vn 0.9796 -0.1086 0.1688
vn 0.9951 -0.0986 -0
vn 0.9999 0.0166 -0
vn 0.9861 0.0176 0.1653
vn 0.9898 -0.1427 -0
vn 0.965 -0.145 0.2186
vn 0.9802 -0.0821 0.18
vn 0.9983 -0.0589 -0
vn 0.9998 0.0221 -0
vn 0.985 0.0219 0.171
vn 0.9717 -0.1134 0.207
vn 0.9985 -0.0552 -0
vn 1 -0.0033 -0
vn 0.9839 -0.0327 0.1758
vn 0.9764 -0.0761 0.2021
vn 0.9989 -0.0463 -0
vn 0.9991 0.0435 -0
vn 0.9894 0.0386 0.1396
vn 0.9996 0.029 -0
vn 0.9838 0.0352 0.1756
vn 0.948 0.156 0.2775
vn 0.9859 0.1672 -0
vn 0.9965 0.0836 -0
vn 0.9625 0.0711 0.2617
vn 0.9985 0.0545 -0
vn 0.9968 0.0513 0.0614
vn 0.9999 0.017 -0
vn 0.982 0.0201 0.1876
vn 0.9992 -0.041 -0
vn 0.9616 -0.0306 0.2727
vn 0.9552 -0.0806 0.2846
vn 0.9961 -0.0888 -0
vn 0.2328 0.4009 0.8861
vn 0.2137 0.4855 0.8477
vn 0.6155 0.3912 0.6841
vn 0.6811 0.2974 0.6691
vn 0.8954 -0.0655 0.4403
vn 0.9066 0.1776 0.3829
vn 0.1914 -0.622 0.7592
vn 0.2668 -0.5347 0.8018
vn 0.668 -0.4279 0.6089
vn 0.5694 -0.535 0.6242
vn 0.8892 -0.2865 0.3566
vn 0.3895 -0.3769 0.8404
vn 0.7464 -0.2973 0.5953
vn 0.9215 -0.2015 0.332
vn 0.4487 -0.2711 0.8516
vn 0.7674 -0.2221 0.6015
vn 0.9272 -0.1502 0.3431
vn 0.4576 -0.1724 0.8723
vn 0.7432 -0.1755 0.6457
vn 0.9013 -0.1329 0.4124
vn 0.4375 -0.1173 0.8915
vn 0.7041 -0.1626 0.6912
vn 0.8694 -0.1399 0.4739
vn 0.2412 0.1954 0.9506
vn 0.7169 0.1372 0.6835
vn 0.9264 0.0848 0.3668
vn 0.2419 -0.0069 0.9703
vn 0.7135 -0.0056 0.7006
vn 0.9248 -0.0131 0.3803
vn 0.2387 -0.1926 0.9518
vn 0.7092 -0.1362 0.6917
vn 0.9237 -0.0613 0.3781
vn 0.2425 -0.4007 0.8835
vn 0.7187 -0.2637 0.6434
vn 0.9354 -0.0967 0.34
vn 0.1988 -0.5043 0.8404
vn 0.6909 0.0232 0.7226
vn 0.9183 -0.0128 0.3956
vn 0.2945 0.5611 0.7736
vn 0.1916 0.5883 0.7857
vn 0.788 -0.0969 0.608
vn 0.9445 -0.1363 0.299
vn 0.2073 -0.6615 0.7207
vn 0.2197 -0.6363 0.7394
vn 0.6425 -0.5471 0.5365
vn 0.9051 -0.3062 0.2949
vn 0.27 0.2923 0.9174
vn 0.2599 0.3775 0.8888
vn 0.7309 -0.1614 0.6631
vn 0.7549 0.1945 0.6263
vn 0.939 -0.1081 0.3264
vn 0.9539 0.0831 0.2884
vn 0.2546 0.152 0.955
vn 0.7506 0.1024 0.6528
vn 0.9521 0.044 0.3027
vn 0.2513 0.0923 0.9635
vn 0.7464 0.0633 0.6624
vn 0.9509 0.0305 0.3081
vn 0.2526 0.0624 0.9656
vn 0.7524 0.0423 0.6573
vn 0.9549 0.022 0.2961
vn 0.255 0.0415 0.966
vn 0.7574 0.0317 0.6522
vn 0.9582 0.0184 0.2854
vn 0.2517 0.0501 0.9665
vn 0.7528 0.0417 0.6569
vn 0.9569 0.0254 0.2893
vn 0.2495 0.0645 0.9662
vn 0.7495 0.0508 0.6601
vn 0.9552 0.0298 0.2945
vn 0.2573 0.0752 0.9634
vn 0.7669 0.0594 0.639
vn 0.9639 0.0385 0.2633
vn 0.2482 0.1346 0.9593
vn 0.7484 0.1141 0.6533
vn 0.9666 0.0691 0.2466
vn 0.2106 0.2884 0.9341
vn 0.6742 0.2176 0.7057
vn 0.9532 0.1054 0.2835
vn 0.9703 0.1093 0.2159
vn 0.9899 0.1421 -0
vn 0.9875 0.1578 -0
vn 0.8393 0.2681 0.473
vn 0.5288 0.3933 0.7521
vn 0.175 0.413 0.8937
vn 0.2857 0.4037 0.8692
vn 0.2096 -0.6789 0.7037
vn -0 -0.6271 0.7789
vn 0.0983 -0.5115 0.8536
vn -0 0.4061 0.9138
vn -0 0.4972 0.8676
vn -0 0.1972 0.9804
vn -0 -0.3725 0.928
vn -0 -0.2921 0.9564
vn -0 -0.1612 0.9869
vn 0.3023 -0.0836 0.9496
vn -0 -0.0069 1
vn -0 -0.1951 0.9808
vn -0.0055 -0.4121 0.9111
vn -0.0109 -0.5242 0.8515
vn -0.0172 0.6218 0.783
vn -0 0.2988 0.9543
vn -0 0.3911 0.9203
vn -0.0053 -0.677 0.736
vn -0.0089 -0.6575 0.7534
vn -0.012 -0.6399 0.7684
vn -0 0.1559 0.9878
vn -0 0.0952 0.9955
vn -0 0.0642 0.9979
vn -0 0.0413 0.9991
vn -0 0.0486 0.9988
vn -0 0.0637 0.998
vn -0 0.0739 0.9973
vn -0 0.133 0.9911
vn -0 0.289 0.9573
vn -0 0.4017 0.9158
vn -0.9816 0.0215 0.1896
vn -0.9841 0.02 0.1763
vn -0.9997 0.0235 -0
vn -0.9997 0.0232 -0
vn -0.9618 -0.0174 0.2733
vn -0.9733 -0.0075 0.2296
vn -0.9998 0.0177 -0
vn -1 -0.0046 -0
vn -0.9637 -0.1772 0.1995
vn -0.9357 -0.253 0.2461
vn -0.9609 -0.2769 -0
vn -0.9811 -0.1933 -0
vn -0.9865 0.0147 0.1631
vn -0.9999 0.0155 -0
vn -0.9752 -0.0739 0.2085
vn -0.9951 -0.0987 -0
vn -0.9796 -0.1086 0.1688
vn -0.9951 -0.0986 -0
vn -0.9861 0.0176 0.1653
vn -0.9999 0.0166 -0
vn -0.965 -0.145 0.2186
vn -0.9898 -0.1427 -0
vn -0.9802 -0.0821 0.18
vn -0.9983 -0.0589 -0
vn -0.985 0.0219 0.171
vn -0.9998 0.0221 -0
vn -0.9717 -0.1134 0.207
vn -0.9839 -0.0327 0.1758
vn -1 -0.0033 -0
vn -0.9985 -0.0552 -0
vn -0.9764 -0.0761 0.2021
vn -0.9989 -0.0463 -0
vn -0.9894 0.0386 0.1396
vn -0.9991 0.0435 -0
vn -0.9838 0.0352 0.1756
vn -0.9996 0.029 -0
vn -0.948 0.156 0.2775
vn -0.9625 0.0711 0.2617
vn -0.9965 0.0836 -0
vn -0.9859 0.1672 -0
vn -0.9968 0.0513 0.0614
vn -0.9985 0.0545 -0
vn -0.982 0.0201 0.1876
vn -0.9999 0.017 -0
vn -0.9616 -0.0306 0.2727
vn -0.9992 -0.041 -0
vn -0.9552 -0.0806 0.2846
vn -0.9961 -0.0888 -0
vn -0.2328 0.4009 0.8861
vn -0.6811 0.2974 0.6691
vn -0.6155 0.3912 0.6841
vn -0.2137 0.4855 0.8477
vn -0.9066 0.1776 0.3829
vn -0.8954 -0.0655 0.4403
vn -0.1914 -0.622 0.7592
vn -0.5694 -0.535 0.6242
vn -0.668 -0.4279 0.6089
vn -0.2668 -0.5347 0.8018
vn -0.8893 -0.2864 0.3566
vn -0.7464 -0.2973 0.5953
vn -0.3895 -0.3769 0.8404
vn -0.9215 -0.2015 0.332
vn -0.7674 -0.2221 0.6015
vn -0.4487 -0.2711 0.8516
vn -0.9272 -0.1502 0.3431
vn -0.7432 -0.1755 0.6457
vn -0.4576 -0.1724 0.8723
vn -0.9013 -0.1329 0.4124
vn -0.7041 -0.1626 0.6912
vn -0.4375 -0.1173 0.8915
vn -0.8694 -0.1399 0.4739
vn -0.2412 0.1954 0.9506
vn -0.7169 0.1372 0.6835
vn -0.9264 0.0848 0.3668
vn -0.2419 -0.0069 0.9703
vn -0.7135 -0.0056 0.7006
vn -0.9248 -0.0131 0.3803
vn -0.2387 -0.1926 0.9518
vn -0.7092 -0.1362 0.6917
vn -0.9237 -0.0613 0.3781
vn -0.2425 -0.4007 0.8835
vn -0.7187 -0.2637 0.6434
vn -0.9354 -0.0967 0.34
vn -0.1988 -0.5043 0.8404
vn -0.6909 0.0232 0.7226
vn -0.9183 -0.0128 0.3956
vn -0.2945 0.5611 0.7736
vn -0.788 -0.0969 0.608
vn -0.1915 0.5883 0.7857
vn -0.9445 -0.1363 0.299
vn -0.2074 -0.6615 0.7207
vn -0.6425 -0.5471 0.5365
vn -0.2198 -0.6363 0.7394
vn -0.9051 -0.3062 0.2949
vn -0.27 0.2923 0.9174
vn -0.7549 0.1945 0.6263
vn -0.7309 -0.1613 0.6631
vn -0.2599 0.3775 0.8888
vn -0.9539 0.0831 0.2884
vn -0.939 -0.1081 0.3264
vn -0.2546 0.152 0.955
vn -0.7506 0.1024 0.6528
vn -0.9521 0.044 0.3027
vn -0.2513 0.0923 0.9635
vn -0.7464 0.0633 0.6624
vn -0.9509 0.0305 0.3081
vn -0.2526 0.0624 0.9656
vn -0.7524 0.0423 0.6573
vn -0.9549 0.022 0.2961
vn -0.255 0.0415 0.966
vn -0.7574 0.0317 0.6522
vn -0.9582 0.0184 0.2854
vn -0.2517 0.0501 0.9665
vn -0.7528 0.0417 0.6569
vn -0.9569 0.0254 0.2893
vn -0.2495 0.0645 0.9662
vn -0.7495 0.0508 0.6601
vn -0.9552 0.0298 0.2945
vn -0.2573 0.0752 0.9634
vn -0.7669 0.0594 0.639
vn -0.9639 0.0385 0.2633
vn -0.2482 0.1346 0.9593
vn -0.7484 0.1141 0.6533
vn -0.9666 0.0691 0.2466
vn -0.2106 0.2884 0.9341
vn -0.6742 0.2176 0.7057
vn -0.9532 0.1054 0.2835
vn -0.9703 0.1093 0.2159
vn -0.8393 0.2681 0.4731
vn -0.9875 0.1578 -0
vn -0.9899 0.1421 -0
vn -0.2857 0.4037 0.8692
vn -0.175 0.413 0.8937
vn -0.5288 0.3933 0.7521
vn -0.2096 -0.6789 0.7037
vn -0.0983 -0.5115 0.8536
vn -0.3023 -0.0836 0.9496
vn 0.0055 -0.4121 0.9111
vn 0.0109 -0.5242 0.8515
vn 0.0172 0.6218 0.783
vn 0.0089 -0.6575 0.7534
vn 0.0053 -0.677 0.736
vn 0.012 -0.6399 0.7684
vn 0.9816 0.0215 -0.1896
vn 0.9841 0.02 -0.1763
vn 0.9618 -0.0174 -0.2733
vn 0.9733 -0.0075 -0.2296
vn 0.9637 -0.1772 -0.1995
vn 0.9357 -0.253 -0.2461
vn 0.9865 0.0147 -0.1631
vn 0.9752 -0.0739 -0.2085
vn 0.9796 -0.1086 -0.1688
vn 0.9861 0.0176 -0.1653
vn 0.965 -0.145 -0.2186
vn 0.9802 -0.0821 -0.18
vn 0.985 0.0219 -0.171
vn 0.9717 -0.1134 -0.207
vn 0.9839 -0.0327 -0.1758
vn 0.9764 -0.0761 -0.2021
vn 0.9894 0.0386 -0.1396
vn 0.9838 0.0352 -0.1756
vn 0.948 0.156 -0.2775
vn 0.9625 0.0711 -0.2617
vn 0.9968 0.0513 -0.0614
vn 0.982 0.0201 -0.1876
vn 0.9616 -0.0306 -0.2727
vn 0.9552 -0.0806 -0.2846
vn 0.2328 0.4009 -0.8861
vn 0.6811 0.2974 -0.6691
vn 0.6155 0.3912 -0.6841
vn 0.2137 0.4855 -0.8477
vn 0.9066 0.1776 -0.3829
vn 0.8954 -0.0655 -0.4403
vn 0.1914 -0.622 -0.7592
vn 0.5694 -0.535 -0.6242
vn 0.668 -0.4279 -0.6089
vn 0.2668 -0.5347 -0.8018
vn 0.8893 -0.2864 -0.3566
vn 0.7464 -0.2973 -0.5953
vn 0.3895 -0.3769 -0.8404
vn 0.9215 -0.2015 -0.332
vn 0.7674 -0.2221 -0.6015
vn 0.4487 -0.2711 -0.8516
vn 0.9272 -0.1502 -0.3431
vn 0.7432 -0.1755 -0.6457
vn 0.4576 -0.1724 -0.8723
vn 0.9013 -0.1329 -0.4124
vn 0.7041 -0.1626 -0.6912
vn 0.4375 -0.1173 -0.8915
vn 0.8694 -0.1399 -0.4739
vn 0.2412 0.1954 -0.9506
vn 0.7169 0.1372 -0.6835
vn 0.9264 0.0848 -0.3668
vn 0.2419 -0.0069 -0.9703
vn 0.7135 -0.0056 -0.7006
vn 0.9248 -0.0131 -0.3803
vn 0.2387 -0.1926 -0.9518
vn 0.7092 -0.1362 -0.6917
vn 0.9237 -0.0613 -0.3781
vn 0.2425 -0.4007 -0.8835
vn 0.7187 -0.2637 -0.6434
vn 0.9354 -0.0967 -0.34
vn 0.1988 -0.5043 -0.8404
vn 0.6909 0.0232 -0.7226
vn 0.9183 -0.0128 -0.3956
vn 0.2945 0.5611 -0.7736
vn 0.788 -0.0969 -0.608
vn 0.1915 0.5883 -0.7857
vn 0.9445 -0.1363 -0.299
vn 0.2074 -0.6615 -0.7207
vn 0.6425 -0.5471 -0.5365
vn 0.2198 -0.6363 -0.7394
vn 0.9051 -0.3062 -0.2949
vn 0.27 0.2923 -0.9174
vn 0.7549 0.1945 -0.6263
vn 0.7309 -0.1613 -0.6631
vn 0.2599 0.3775 -0.8888
vn 0.9539 0.0831 -0.2884
vn 0.939 -0.1081 -0.3264
vn 0.2546 0.152 -0.955
vn 0.7506 0.1024 -0.6528
vn 0.9521 0.044 -0.3027
vn 0.2513 0.0923 -0.9635
vn 0.7464 0.0633 -0.6624
vn 0.9509 0.0305 -0.3081
vn 0.2526 0.0624 -0.9656
vn 0.7524 0.0423 -0.6573
vn 0.9549 0.022 -0.2961
vn 0.255 0.0415 -0.966
vn 0.7574 0.0317 -0.6522
vn 0.9582 0.0184 -0.2854
vn 0.2517 0.0501 -0.9665
vn 0.7528 0.0417 -0.6569
vn 0.9569 0.0254 -0.2893
vn 0.2495 0.0645 -0.9662
vn 0.7495 0.0508 -0.6601
vn 0.9552 0.0298 -0.2945
vn 0.2573 0.0752 -0.9634
vn 0.7669 0.0594 -0.639
vn 0.9639 0.0385 -0.2633
vn 0.2482 0.1346 -0.9593
vn 0.7484 0.1141 -0.6533
vn 0.9666 0.0691 -0.2466
vn 0.2106 0.2884 -0.9341
vn 0.6742 0.2176 -0.7057
vn 0.9532 0.1054 -0.2835
vn 0.9703 0.1093 -0.2159
vn 0.8393 0.2681 -0.4731
vn 0.2857 0.4037 -0.8692
vn 0.175 0.413 -0.8937
vn 0.5288 0.3933 -0.7521
vn 0.2096 -0.6789 -0.7037
vn 0.0983 -0.5115 -0.8536
vn -0 -0.6271 -0.7789
vn -0 0.4972 -0.8676
vn -0 0.4061 -0.9138
vn -0 0.1972 -0.9804
vn -0 -0.3725 -0.928
vn -0 -0.2921 -0.9564
vn -0 -0.1612 -0.9869
vn 0.3023 -0.0836 -0.9496
vn -0 -0.0069 -1
vn -0 -0.1951 -0.9808
vn -0.0055 -0.4121 -0.9111
vn -0.0109 -0.5242 -0.8515
vn -0.0172 0.6218 -0.783
vn -0 0.3911 -0.9203
vn -0 0.2988 -0.9543
vn -0.0089 -0.6575 -0.7534
vn -0.0053 -0.677 -0.736
vn -0.012 -0.6399 -0.7684
vn -0 0.1559 -0.9878
vn -0 0.0952 -0.9955
vn -0 0.0642 -0.9979
vn -0 0.0413 -0.9991
vn -0 0.0486 -0.9988
vn -0 0.0637 -0.998
vn -0 0.0739 -0.9973
vn -0 0.133 -0.9911
vn -0 0.289 -0.9573
vn -0 0.4017 -0.9158
vn -0.9816 0.0215 -0.1896
vn -0.9841 0.02 -0.1763
vn -0.9618 -0.0174 -0.2733
vn -0.9733 -0.0075 -0.2296
vn -0.9637 -0.1772 -0.1995
vn -0.9357 -0.253 -0.2461
vn -0.9865 0.0147 -0.1631
vn -0.9752 -0.0739 -0.2085
vn -0.9796 -0.1086 -0.1688
vn -0.9861 0.0176 -0.1653
vn -0.965 -0.145 -0.2186
vn -0.9802 -0.0821 -0.18
vn -0.985 0.0219 -0.171
vn -0.9717 -0.1134 -0.207
vn -0.9839 -0.0327 -0.1758
vn -0.9764 -0.0761 -0.2021
vn -0.9894 0.0386 -0.1396
vn -0.9838 0.0352 -0.1756
vn -0.948 0.156 -0.2775
vn -0.9625 0.0711 -0.2617
vn -0.9968 0.0513 -0.0614
vn -0.982 0.0201 -0.1876
vn -0.9616 -0.0306 -0.2727
vn -0.9552 -0.0806 -0.2846
vn -0.2328 0.4009 -0.8861
vn -0.2137 0.4855 -0.8477
vn -0.6155 0.3912 -0.6841
vn -0.6811 0.2974 -0.6691
vn -0.8954 -0.0655 -0.4403
vn -0.9066 0.1776 -0.3829
vn -0.1914 -0.622 -0.7592
vn -0.2668 -0.5347 -0.8018
vn -0.668 -0.4279 -0.6089
vn -0.5694 -0.535 -0.6242
vn -0.8892 -0.2865 -0.3566
vn -0.3895 -0.3769 -0.8404
vn -0.7464 -0.2973 -0.5953
vn -0.9215 -0.2015 -0.332
vn -0.4487 -0.2711 -0.8516
vn -0.7674 -0.2221 -0.6015
vn -0.9272 -0.1502 -0.3431
vn -0.4576 -0.1724 -0.8723
vn -0.7432 -0.1755 -0.6457
vn -0.9013 -0.1329 -0.4124
vn -0.4375 -0.1173 -0.8915
vn -0.7041 -0.1626 -0.6912
vn -0.8694 -0.1399 -0.4739
vn -0.2412 0.1954 -0.9506
vn -0.7169 0.1372 -0.6835
vn -0.9264 0.0848 -0.3668
vn -0.2419 -0.0069 -0.9703
vn -0.7135 -0.0056 -0.7006
vn -0.9248 -0.0131 -0.3803
vn -0.2387 -0.1926 -0.9518
vn -0.7092 -0.1362 -0.6917
vn -0.9237 -0.0613 -0.3781
vn -0.2425 -0.4007 -0.8835
vn -0.7187 -0.2637 -0.6434
vn -0.9354 -0.0967 -0.34
vn -0.1988 -0.5043 -0.8404
vn -0.6909 0.0232 -0.7226
vn -0.9183 -0.0128 -0.3956
vn -0.2945 0.5611 -0.7736
vn -0.1916 0.5883 -0.7857
vn -0.788 -0.0969 -0.608
vn -0.9445 -0.1363 -0.299
vn -0.2073 -0.6615 -0.7207
vn -0.2197 -0.6363 -0.7394
vn -0.6425 -0.5471 -0.5365
vn -0.9051 -0.3062 -0.2949
vn -0.27 0.2923 -0.9174
vn -0.2599 0.3775 -0.8888
vn -0.7309 -0.1614 -0.6631
vn -0.7549 0.1945 -0.6263
vn -0.939 -0.1081 -0.3264
vn -0.9539 0.0831 -0.2884
vn -0.2546 0.152 -0.955
vn -0.7506 0.1024 -0.6528
vn -0.9521 0.044 -0.3027
vn -0.2513 0.0923 -0.9635
vn -0.7464 0.0633 -0.6624
vn -0.9509 0.0305 -0.3081
vn -0.2526 0.0624 -0.9656
vn -0.7524 0.0423 -0.6573
vn -0.9549 0.022 -0.2961
vn -0.255 0.0415 -0.966
vn -0.7574 0.0317 -0.6522
vn -0.9582 0.0184 -0.2854
vn -0.2517 0.0501 -0.9665
vn -0.7528 0.0417 -0.6569
vn -0.9569 0.0254 -0.2893
vn -0.2495 0.0645 -0.9662
vn -0.7495 0.0508 -0.6601
vn -0.9552 0.0298 -0.2945
vn -0.2573 0.0752 -0.9634
vn -0.7669 0.0594 -0.639
vn -0.9639 0.0385 -0.2633
vn -0.2482 0.1346 -0.9593
vn -0.7484 0.1141 -0.6533
vn -0.9666 0.0691 -0.2466
vn -0.2106 0.2884 -0.9341
vn -0.6742 0.2176 -0.7057
vn -0.9532 0.1054 -0.2835
vn -0.9703 0.1093 -0.2159
vn -0.8393 0.2681 -0.473
vn -0.5288 0.3933 -0.7521
vn -0.175 0.413 -0.8937
vn -0.2857 0.4037 -0.8692
vn -0.2096 -0.6789 -0.7037
vn -0.0983 -0.5115 -0.8536
vn -0.3023 -0.0836 -0.9496
vn 0.0055 -0.4121 -0.9111
vn 0.0109 -0.5242 -0.8515
vn 0.0172 0.6218 -0.783
vn 0.0053 -0.677 -0.736
vn 0.0089 -0.6575 -0.7534
vn 0.012 -0.6399 -0.7684
#end 1722 normals 

#begin 1808 faces
o Cube
s 1
f 7/7/1 15/15/2 14/14/3 6/6/4 
f 12/12/5 4/4/6 5/5/7 13/13/8 
f 8/8/9 7/7/1 6/6/4 9/9/10 
f 4/4/6 11/11/11 10/10/12 5/5/7 
f 19/19/1 27/27/13 26/26/3 18/18/4 
f 24/24/14 16/16/6 17/17/7 25/25/8 
f 20/20/15 19/19/1 18/18/4 21/21/10 
f 16/16/6 23/23/11 22/22/12 17/17/7 
f 7/7/1 16/16/6 24/24/14 15/15/2 
f 8/8/9 23/23/11 16/16/6 7/7/1 
f 35/35/16 33/33/17 32/32/18 34/34/19 
f 37/37/20 93/93/21 92/92/22 36/36/23 
f 94/94/24 35/35/16 34/34/19 95/95/25 
f 45/45/20 89/89/21 88/88/22 44/44/26 
f 83/83/27 85/85/17 84/84/18 82/82/19 
f 30/30/28 37/37/20 36/36/23 31/31/29 
f 38/38/28 45/45/20 44/44/26 39/39/29 
f 43/43/16 41/41/17 40/40/18 42/42/30 
f 90/90/31 43/43/16 42/42/30 91/91/32 
f 86/86/28 28/28/33 29/29/34 87/87/29 
f 69/69/1 81/81/2 80/80/35 68/68/4 
f 78/78/5 66/66/36 67/67/7 79/79/37 
f 65/65/1 77/77/2 76/76/35 64/64/4 
f 74/74/5 62/62/38 63/63/39 75/75/37 
f 61/61/1 73/73/2 72/72/35 60/60/40 
f 70/70/5 58/58/36 59/59/7 71/71/37 
f 46/46/41 69/69/1 68/68/4 47/47/42 
f 66/66/36 49/49/43 48/48/44 67/67/7 
f 50/50/41 65/65/1 64/64/4 51/51/10 
f 62/62/38 53/53/43 52/52/44 63/63/39 
f 54/54/41 61/61/1 60/60/40 55/55/10 
f 58/58/36 57/57/43 56/56/45 59/59/7 
f 98/98/31 83/83/27 82/82/19 99/99/32 
f 28/28/33 97/97/46 96/96/47 29/29/34 
f 82/82/19 84/84/18 87/87/29 29/29/34 
f 71/71/37 59/59/7 28/28/33 86/86/28 
f 59/59/7 56/56/45 97/97/46 28/28/33 
f 99/99/32 82/82/19 29/29/34 96/96/47 
f 75/75/37 63/63/39 37/37/20 30/30/28 
f 34/34/19 32/32/18 31/31/29 36/36/23 
f 64/64/4 76/76/35 33/33/17 35/35/16 
f 51/51/10 64/64/4 35/35/16 94/94/24 
f 95/95/25 34/34/19 36/36/23 92/92/22 
f 63/63/39 52/52/44 93/93/21 37/37/20 
f 79/79/37 67/67/7 45/45/20 38/38/28 
f 42/42/30 40/40/18 39/39/29 44/44/26 
f 68/68/4 80/80/35 41/41/17 43/43/16 
f 91/91/32 42/42/30 44/44/26 88/88/22 
f 47/47/42 68/68/4 43/43/16 90/90/31 
f 67/67/7 48/48/44 89/89/21 45/45/20 
f 46/46/41 53/53/43 62/62/38 69/69/1 
f 20/20/15 49/49/43 66/66/36 19/19/1 
f 50/50/41 57/57/43 58/58/36 65/65/1 
f 55/55/10 60/60/40 83/83/27 98/98/31 
f 65/65/1 58/58/36 70/70/5 77/77/2 
f 60/60/40 72/72/35 85/85/17 83/83/27 
f 69/69/1 62/62/38 74/74/5 81/81/2 
f 19/19/1 66/66/36 78/78/5 27/27/13 
f 122/122/48 114/114/27 115/115/49 123/123/32 
f 114/114/27 117/117/50 116/116/18 115/115/49 
f 111/111/51 103/103/52 102/102/53 110/110/54 
f 100/100/55 108/108/27 109/109/49 101/101/32 
f 118/118/56 112/112/51 113/113/54 119/119/29 
f 108/108/27 107/107/50 106/106/18 109/109/49 
f 104/104/56 111/111/51 110/110/54 105/105/29 
f 112/112/51 121/121/52 120/120/53 113/113/54 
f 9/9/10 6/6/4 108/108/27 100/100/55 
f 101/101/32 109/109/49 110/110/54 102/102/53 
f 5/5/7 10/10/12 103/103/52 111/111/51 
f 13/13/8 5/5/7 111/111/51 104/104/56 
f 109/109/49 106/106/18 105/105/29 110/110/54 
f 6/6/4 14/14/3 107/107/50 108/108/27 
f 123/123/32 115/115/49 113/113/54 120/120/53 
f 17/17/7 22/22/12 121/121/52 112/112/51 
f 115/115/49 116/116/18 119/119/29 113/113/54 
f 25/25/8 17/17/7 112/112/51 118/118/56 
f 21/21/10 18/18/4 114/114/27 122/122/48 
f 18/18/4 26/26/3 117/117/50 114/114/27 
f 128/128/9 124/124/1 125/125/4 129/129/10 
f 124/124/1 127/127/2 126/126/3 125/125/4 
f 134/134/24 131/131/27 132/132/19 135/135/32 
f 131/131/27 137/137/57 136/136/18 132/132/19 
f 128/128/9 11/11/11 4/4/6 124/124/1 
f 125/125/4 126/126/3 137/137/57 131/131/27 
f 129/129/10 125/125/4 131/131/27 134/134/24 
f 124/124/1 4/4/6 12/12/5 127/127/2 
f 130/130/58 132/132/19 136/136/18 138/138/59 
f 133/133/60 135/135/32 132/132/19 130/130/58 
f 139/139/5 141/141/6 142/142/7 140/140/8 
f 141/141/6 144/144/61 143/143/12 142/142/7 
f 145/145/62 147/147/62 148/148/62 146/146/62 
f 147/147/63 150/150/63 149/149/63 148/148/63 
f 151/151/56 153/153/51 154/154/54 152/152/29 
f 153/153/51 156/156/64 155/155/53 154/154/54 
f 157/157/65 159/159/66 160/160/67 158/158/68 
f 159/159/66 162/162/69 161/161/70 160/160/67 
f 140/140/8 142/142/7 153/153/51 151/151/56 
f 1/1/71 141/141/6 139/139/5 3/3/72 
f 142/142/7 143/143/12 156/156/64 153/153/51 
f 2/2/73 144/144/61 141/141/6 1/1/71 
f 146/146/74 148/148/75 130/130/58 138/138/59 
f 147/147/76 145/145/76 158/158/76 160/160/76 
f 148/148/75 149/149/77 133/133/60 130/130/58 
f 150/150/78 147/147/78 160/160/78 161/161/78 
f 152/152/29 154/154/54 159/159/66 157/157/65 
f 154/154/54 155/155/53 162/162/69 159/159/66 
f 2/2/73 1/1/71 163/163/79 164/164/80 
f 1/1/71 3/3/72 165/165/81 163/163/79 
f 164/164/80 163/163/79 166/166/82 167/167/83 
f 163/163/79 165/165/81 168/168/84 166/166/82 
f 167/167/83 166/166/82 169/169/85 170/170/86 
f 166/166/82 168/168/84 171/171/87 169/169/85 
f 170/170/86 169/169/85 172/172/88 173/173/89 
f 169/169/85 171/171/87 174/174/90 172/172/88 
f 173/173/91 172/172/91 175/175/91 176/176/91 
f 172/172/91 174/174/91 177/177/91 175/175/91 
f 176/176/89 175/175/88 178/178/92 179/179/93 
f 175/175/88 177/177/90 180/180/94 178/178/92 
f 179/179/93 178/178/92 181/181/95 182/182/96 
f 178/178/92 180/180/94 183/183/97 181/181/95 
f 182/182/96 181/181/95 184/184/98 185/185/99 
f 181/181/95 183/183/97 186/186/100 184/184/98 
f 187/187/101 185/185/99 184/184/98 186/2052/100 
f 191/191/102 189/189/103 190/190/19 192/192/32 
f 189/189/103 194/194/17 193/193/18 190/190/19 
f 188/188/104 194/2050/17 189/2064/103 191/2060/102 
f 61/61/1 190/190/19 193/193/18 73/73/2 
f 54/54/41 192/192/32 190/190/19 61/61/1 
f 200/200/105 199/199/106 14/14/3 15/15/2 
f 12/12/5 13/13/8 198/198/107 197/197/108 
f 201/201/109 202/202/110 199/199/106 200/200/105 
f 197/197/108 198/198/107 203/203/111 204/204/112 
f 208/208/105 207/207/106 26/26/3 27/27/13 
f 24/24/14 25/25/8 206/206/107 205/205/108 
f 209/209/113 210/210/110 207/207/106 208/208/105 
f 205/205/108 206/206/107 211/211/111 212/212/112 
f 200/200/105 15/15/2 24/24/14 205/205/108 
f 201/201/109 200/200/105 205/205/108 212/212/112 
f 216/216/114 215/215/115 32/32/18 33/33/17 
f 218/218/116 217/217/117 253/253/118 254/254/119 
f 255/255/120 256/256/121 215/215/115 216/216/114 
f 222/222/116 221/221/117 249/249/118 250/250/119 
f 248/248/122 247/247/123 84/84/18 85/85/17 
f 30/30/28 31/31/29 217/217/117 218/218/116 
f 38/38/28 39/39/29 221/221/117 222/222/116 
f 220/220/122 219/219/123 40/40/18 41/41/17 
f 251/251/124 252/252/125 219/219/123 220/220/122 
f 86/86/28 87/87/29 214/214/117 213/213/126 
f 246/246/105 245/245/106 80/80/35 81/81/2 
f 78/78/5 79/79/37 244/244/107 243/243/127 
f 242/242/105 241/241/106 76/76/35 77/77/2 
f 74/74/5 75/75/37 240/240/128 239/239/129 
f 238/238/105 237/237/106 72/72/35 73/73/2 
f 70/70/5 71/71/37 236/236/107 235/235/129 
f 223/223/130 224/224/131 245/245/106 246/246/105 
f 243/243/127 244/244/107 225/225/132 226/226/133 
f 227/227/130 228/228/110 241/241/106 242/242/105 
f 239/239/129 240/240/128 229/229/132 230/230/133 
f 231/231/130 232/232/110 237/237/106 238/238/105 
f 235/235/129 236/236/107 233/233/134 234/234/133 
f 259/259/124 260/260/125 247/247/123 248/248/122 
f 213/213/126 214/214/117 257/257/135 258/258/136 
f 247/247/123 214/214/117 87/87/29 84/84/18 
f 71/71/37 86/86/28 213/213/126 236/236/107 
f 236/236/107 213/213/126 258/258/136 233/233/134 
f 260/260/125 257/257/135 214/214/117 247/247/123 
f 75/75/37 30/30/28 218/218/116 240/240/128 
f 215/215/115 217/217/117 31/31/29 32/32/18 
f 241/241/106 216/216/114 33/33/17 76/76/35 
f 228/228/110 255/255/120 216/216/114 241/241/106 
f 256/256/121 253/253/118 217/217/117 215/215/115 
f 240/240/128 218/218/116 254/254/119 229/229/132 
f 79/79/37 38/38/28 222/222/116 244/244/107 
f 219/219/123 221/221/117 39/39/29 40/40/18 
f 245/245/106 220/220/122 41/41/17 80/80/35 
f 252/252/125 249/249/118 221/221/117 219/219/123 
f 224/224/131 251/251/124 220/220/122 245/245/106 
f 244/244/107 222/222/116 250/250/119 225/225/132 
f 223/223/130 246/246/105 239/239/129 230/230/133 
f 209/209/113 208/208/105 243/243/127 226/226/133 
f 227/227/130 242/242/105 235/235/129 234/234/133 
f 232/232/110 259/259/124 248/248/122 237/237/106 
f 242/242/105 77/77/2 70/70/5 235/235/129 
f 237/237/106 248/248/122 85/85/17 72/72/35 
f 246/246/105 81/81/2 74/74/5 239/239/129 
f 208/208/105 27/27/13 78/78/5 243/243/127 
f 275/275/137 276/276/125 272/272/138 271/271/122 
f 271/271/122 272/272/138 116/116/18 117/117/50 
f 268/268/126 267/267/139 263/263/140 264/264/141 
f 261/261/142 262/262/125 266/266/138 265/265/122 
f 118/118/56 119/119/29 270/270/139 269/269/126 
f 265/265/122 266/266/138 106/106/18 107/107/50 
f 104/104/56 105/105/29 267/267/139 268/268/126 
f 269/269/126 270/270/139 273/273/140 274/274/141 
f 202/202/110 261/261/142 265/265/122 199/199/106 
f 262/262/125 263/263/140 267/267/139 266/266/138 
f 198/198/107 268/268/126 264/264/141 203/203/111 
f 13/13/8 104/104/56 268/268/126 198/198/107 
f 266/266/138 267/267/139 105/105/29 106/106/18 
f 199/199/106 265/265/122 107/107/50 14/14/3 
f 276/276/125 273/273/140 270/270/139 272/272/138 
f 206/206/107 269/269/126 274/274/141 211/211/111 
f 272/272/138 270/270/139 119/119/29 116/116/18 
f 25/25/8 118/118/56 269/269/126 206/206/107 
f 210/210/110 275/275/137 271/271/122 207/207/106 
f 207/207/106 271/271/122 117/117/50 26/26/3 
f 279/279/109 280/280/110 278/278/106 277/277/105 
f 277/277/105 278/278/106 126/126/3 127/127/2 
f 285/285/120 286/286/125 283/283/123 282/282/122 
f 282/282/122 283/283/123 136/136/18 137/137/57 
f 279/279/109 277/277/105 197/197/108 204/204/112 
f 278/278/106 282/282/122 137/137/57 126/126/3 
f 280/280/110 285/285/120 282/282/122 278/278/106 
f 277/277/105 127/127/2 12/12/5 197/197/108 
f 281/281/143 138/138/59 136/136/18 283/283/123 
f 284/284/144 281/281/143 283/283/123 286/286/125 
f 139/139/5 140/140/8 288/288/107 287/287/108 
f 287/287/108 288/288/107 289/289/111 290/290/145 
f 145/145/146 146/146/146 292/292/146 291/291/146 
f 291/291/147 292/292/147 293/293/147 294/294/147 
f 151/151/56 152/152/29 296/296/139 295/295/126 
f 295/295/126 296/296/139 297/297/140 298/298/148 
f 157/157/65 158/158/68 300/300/149 299/299/150 
f 299/299/150 300/300/149 301/301/151 302/302/152 
f 140/140/8 151/151/56 295/295/126 288/288/107 
f 195/195/153 3/3/72 139/139/5 287/287/108 
f 288/288/107 295/295/126 298/298/148 289/289/111 
f 196/196/154 195/195/153 287/287/108 290/290/145 
f 146/146/74 138/138/59 281/281/143 292/292/155 
f 291/291/156 300/300/156 158/158/156 145/145/156 
f 292/292/155 281/281/143 284/284/144 293/293/157 
f 294/294/158 301/301/158 300/300/158 291/291/158 
f 152/152/29 157/157/65 299/299/150 296/296/139 
f 296/296/139 299/299/150 302/302/152 297/297/140 
f 196/196/154 304/304/159 303/303/160 195/195/153 
f 195/195/153 303/303/160 165/165/81 3/3/72 
f 304/304/159 306/306/161 305/305/162 303/303/160 
f 303/303/160 305/305/162 168/168/84 165/165/81 
f 306/306/161 308/308/163 307/307/164 305/305/162 
f 305/305/162 307/307/164 171/171/87 168/168/84 
f 308/308/163 310/310/165 309/309/166 307/307/164 
f 307/307/164 309/309/166 174/174/90 171/171/87 
f 310/310/91 312/312/91 311/311/91 309/309/91 
f 309/309/91 311/311/91 177/177/91 174/174/91 
f 312/312/165 314/314/167 313/313/168 311/311/166 
f 311/311/166 313/313/168 180/180/94 177/177/90 
f 314/314/167 316/316/169 315/315/170 313/313/168 
f 313/313/168 315/315/170 183/183/97 180/180/94 
f 316/316/169 318/318/171 317/317/172 315/315/170 
f 315/315/170 317/317/172 186/186/100 183/183/97 
f 187/187/173 186/2052/100 317/2142/172 318/2141/171 
f 321/321/174 322/322/125 320/320/123 319/319/175 
f 319/319/175 320/320/123 193/193/18 194/194/17 
f 188/188/104 321/2145/174 319/2143/175 194/2050/17 
f 238/238/105 73/73/2 193/193/18 320/320/123 
f 231/231/130 238/238/105 320/320/123 322/322/125 
f 328/328/176 327/327/177 331/331/178 332/332/179 
f 329/329/180 330/330/181 326/326/182 325/325/183 
f 8/8/9 9/9/10 327/327/177 328/328/176 
f 325/325/183 326/326/182 10/10/12 11/11/11 
f 336/336/176 335/335/177 339/339/178 340/340/184 
f 337/337/185 338/338/181 334/334/182 333/333/183 
f 20/20/15 21/21/10 335/335/177 336/336/176 
f 333/333/183 334/334/182 22/22/12 23/23/11 
f 328/328/176 332/332/179 337/337/185 333/333/183 
f 8/8/9 328/328/176 333/333/183 23/23/11 
f 348/348/186 347/347/187 345/345/188 346/346/189 
f 350/350/190 349/349/191 92/92/22 93/93/21 
f 94/94/24 95/95/25 347/347/187 348/348/186 
f 358/358/190 357/357/191 88/88/22 89/89/21 
f 384/384/192 383/383/193 385/385/188 386/386/189 
f 343/343/194 344/344/195 349/349/191 350/350/190 
f 351/351/194 352/352/195 357/357/191 358/358/190 
f 356/356/192 355/355/193 353/353/188 354/354/189 
f 90/90/31 91/91/32 355/355/193 356/356/192 
f 387/387/194 388/388/195 342/342/191 341/341/196 
f 370/370/176 369/369/177 381/381/197 382/382/179 
f 379/379/180 380/380/198 368/368/182 367/367/199 
f 366/366/176 365/365/177 377/377/197 378/378/179 
f 375/375/180 376/376/198 364/364/200 363/363/201 
f 362/362/176 361/361/177 373/373/197 374/374/179 
f 371/371/180 372/372/198 360/360/182 359/359/201 
f 46/46/41 47/47/42 369/369/177 370/370/176 
f 367/367/199 368/368/182 48/48/44 49/49/43 
f 50/50/41 51/51/10 365/365/177 366/366/176 
f 363/363/201 364/364/200 52/52/44 53/53/43 
f 54/54/41 55/55/10 361/361/177 362/362/176 
f 359/359/201 360/360/182 56/56/45 57/57/43 
f 98/98/31 99/99/32 383/383/193 384/384/192 
f 341/341/196 342/342/191 96/96/47 97/97/46 
f 383/383/193 342/342/191 388/388/195 385/385/188 
f 372/372/198 387/387/194 341/341/196 360/360/182 
f 360/360/182 341/341/196 97/97/46 56/56/45 
f 99/99/32 96/96/47 342/342/191 383/383/193 
f 376/376/198 343/343/194 350/350/190 364/364/200 
f 347/347/187 349/349/191 344/344/195 345/345/188 
f 365/365/177 348/348/186 346/346/189 377/377/197 
f 51/51/10 94/94/24 348/348/186 365/365/177 
f 95/95/25 92/92/22 349/349/191 347/347/187 
f 364/364/200 350/350/190 93/93/21 52/52/44 
f 380/380/198 351/351/194 358/358/190 368/368/182 
f 355/355/193 357/357/191 352/352/195 353/353/188 
f 369/369/177 356/356/192 354/354/189 381/381/197 
f 91/91/32 88/88/22 357/357/191 355/355/193 
f 47/47/42 90/90/31 356/356/192 369/369/177 
f 368/368/182 358/358/190 89/89/21 48/48/44 
f 46/46/41 370/370/176 363/363/201 53/53/43 
f 20/20/15 336/336/176 367/367/199 49/49/43 
f 50/50/41 366/366/176 359/359/201 57/57/43 
f 55/55/10 98/98/31 384/384/192 361/361/177 
f 366/366/176 378/378/179 371/371/180 359/359/201 
f 361/361/177 384/384/192 386/386/189 373/373/197 
f 370/370/176 382/382/179 375/375/180 363/363/201 
f 336/336/176 340/340/184 379/379/180 367/367/199 
f 122/122/48 123/123/32 400/400/202 399/399/192 
f 399/399/192 400/400/202 401/401/188 402/402/203 
f 396/396/196 395/395/204 102/102/53 103/103/52 
f 100/100/55 101/101/32 394/394/202 393/393/192 
f 403/403/205 404/404/195 398/398/204 397/397/196 
f 393/393/192 394/394/202 391/391/188 392/392/203 
f 389/389/205 390/390/195 395/395/204 396/396/196 
f 397/397/196 398/398/204 120/120/53 121/121/52 
f 9/9/10 100/100/55 393/393/192 327/327/177 
f 101/101/32 102/102/53 395/395/204 394/394/202 
f 326/326/182 396/396/196 103/103/52 10/10/12 
f 330/330/181 389/389/205 396/396/196 326/326/182 
f 394/394/202 395/395/204 390/390/195 391/391/188 
f 327/327/177 393/393/192 392/392/203 331/331/178 
f 123/123/32 120/120/53 398/398/204 400/400/202 
f 334/334/182 397/397/196 121/121/52 22/22/12 
f 400/400/202 398/398/204 404/404/195 401/401/188 
f 338/338/181 403/403/205 397/397/196 334/334/182 
f 21/21/10 122/122/48 399/399/192 335/335/177 
f 335/335/177 399/399/192 402/402/203 339/339/178 
f 128/128/9 129/129/10 406/406/177 405/405/176 
f 405/405/176 406/406/177 407/407/178 408/408/179 
f 134/134/24 135/135/32 411/411/193 410/410/192 
f 410/410/192 411/411/193 412/412/188 413/413/206 
f 128/128/9 405/405/176 325/325/183 11/11/11 
f 406/406/177 410/410/192 413/413/206 407/407/178 
f 129/129/10 134/134/24 410/410/192 406/406/177 
f 405/405/176 408/408/179 329/329/180 325/325/183 
f 409/409/207 414/414/208 412/412/188 411/411/193 
f 133/133/60 409/409/207 411/411/193 135/135/32 
f 415/415/180 416/416/181 418/418/182 417/417/183 
f 417/417/183 418/418/182 143/143/12 144/144/61 
f 419/419/209 420/420/209 422/422/209 421/421/209 
f 421/421/210 422/422/210 149/149/210 150/150/210 
f 423/423/205 424/424/195 426/426/204 425/425/196 
f 425/425/196 426/426/204 155/155/53 156/156/64 
f 427/427/211 428/428/212 430/430/213 429/429/214 
f 429/429/214 430/430/213 161/161/70 162/162/69 
f 416/416/181 423/423/205 425/425/196 418/418/182 
f 323/323/215 324/324/216 415/415/180 417/417/183 
f 418/418/182 425/425/196 156/156/64 143/143/12 
f 2/2/73 323/323/215 417/417/183 144/144/61 
f 420/420/217 414/414/208 409/409/207 422/422/218 
f 421/421/219 430/430/219 428/428/219 419/419/219 
f 422/422/218 409/409/207 133/133/60 149/149/77 
f 150/150/220 161/161/220 430/430/220 421/421/220 
f 424/424/195 427/427/211 429/429/214 426/426/204 
f 426/426/204 429/429/214 162/162/69 155/155/53 
f 2/2/73 164/164/80 431/431/221 323/323/215 
f 323/323/215 431/431/221 432/432/222 324/324/216 
f 164/164/80 167/167/83 433/433/223 431/431/221 
f 431/431/221 433/433/223 434/434/224 432/432/222 
f 167/167/83 170/170/86 435/435/225 433/433/223 
f 433/433/223 435/435/225 436/436/226 434/434/224 
f 170/170/86 173/173/89 437/437/227 435/435/225 
f 435/435/225 437/437/227 438/438/228 436/436/226 
f 173/173/91 176/176/91 439/439/91 437/437/91 
f 437/437/91 439/439/91 440/440/91 438/438/91 
f 176/176/89 179/179/93 441/441/229 439/439/227 
f 439/439/227 441/441/229 442/442/230 440/440/228 
f 179/179/93 182/182/96 443/443/231 441/441/229 
f 441/441/229 443/443/231 444/444/232 442/442/230 
f 182/182/96 185/185/99 445/445/233 443/443/231 
f 443/443/231 445/445/233 446/446/234 444/444/232 
f 187/187/235 446/2146/234 445/445/233 185/185/99 
f 191/191/102 192/192/32 448/448/193 447/447/236 
f 447/447/236 448/448/193 449/449/188 450/450/189 
f 188/188/104 191/2060/102 447/2147/236 450/2148/189 
f 362/362/176 374/374/179 449/449/188 448/448/193 
f 54/54/41 362/362/176 448/448/193 192/192/32 
f 455/455/237 332/332/179 331/331/178 454/454/238 
f 329/329/180 452/452/239 453/453/240 330/330/181 
f 201/2066/109 455/455/237 454/454/238 202/2048/110 
f 452/452/239 204/2069/112 203/2068/111 453/453/240 
f 459/459/237 340/340/184 339/339/178 458/458/238 
f 337/337/185 456/456/239 457/457/240 338/338/181 
f 209/2070/113 459/459/237 458/458/238 210/2071/110 
f 456/456/239 212/2073/112 211/2072/111 457/457/240 
f 455/455/237 456/456/239 337/337/185 332/332/179 
f 201/2066/109 212/2073/112 456/456/239 455/455/237 
f 463/463/241 346/346/189 345/345/188 462/462/242 
f 465/465/243 254/2077/119 253/2062/118 464/464/244 
f 255/2058/120 463/463/241 462/462/242 256/2079/121 
f 469/469/243 250/2051/119 249/2081/118 468/468/245 
f 483/483/246 386/386/189 385/385/188 482/482/242 
f 343/343/194 465/465/243 464/464/244 344/344/195 
f 351/351/194 469/469/243 468/468/245 352/352/195 
f 467/467/241 354/354/189 353/353/188 466/466/247 
f 251/2084/124 467/467/241 466/466/247 252/2086/125 
f 387/387/194 460/460/248 461/461/249 388/388/195 
f 481/481/237 382/382/179 381/381/197 480/480/238 
f 379/379/180 478/478/250 479/479/240 380/380/198 
f 477/477/237 378/378/179 377/377/197 476/476/238 
f 375/375/180 474/474/251 475/475/252 376/376/198 
f 473/473/237 374/374/179 373/373/197 472/472/253 
f 371/371/180 470/470/250 471/471/240 372/372/198 
f 223/2088/130 481/481/237 480/480/238 224/2090/131 
f 478/478/250 226/2093/133 225/2092/132 479/479/240 
f 227/2095/130 477/477/237 476/476/238 228/2098/110 
f 474/474/251 230/2104/133 229/2100/132 475/475/252 
f 231/2109/130 473/473/237 472/472/253 232/2110/110 
f 470/470/250 234/2114/133 233/2112/134 471/471/240 
f 259/2047/124 483/483/246 482/482/242 260/2115/125 
f 460/460/248 258/2082/136 257/2116/135 461/461/249 
f 482/482/242 385/385/188 388/388/195 461/461/249 
f 372/372/198 471/471/240 460/460/248 387/387/194 
f 471/471/240 233/2112/134 258/2082/136 460/460/248 
f 260/2115/125 482/482/242 461/461/249 257/2116/135 
f 376/376/198 475/475/252 465/465/243 343/343/194 
f 462/462/242 345/345/188 344/344/195 464/464/244 
f 476/476/238 377/377/197 346/346/189 463/463/241 
f 228/2098/110 476/476/238 463/463/241 255/2058/120 
f 256/2079/121 462/462/242 464/464/244 253/2062/118 
f 475/475/252 229/2100/132 254/2077/119 465/465/243 
f 380/380/198 479/479/240 469/469/243 351/351/194 
f 466/466/247 353/353/188 352/352/195 468/468/245 
f 480/480/238 381/381/197 354/354/189 467/467/241 
f 252/2086/125 466/466/247 468/468/245 249/2081/118 
f 224/2090/131 480/480/238 467/467/241 251/2084/124 
f 479/479/240 225/2092/132 250/2051/119 469/469/243 
f 223/2088/130 230/2104/133 474/474/251 481/481/237 
f 209/2070/113 226/2093/133 478/478/250 459/459/237 
f 227/2095/130 234/2114/133 470/470/250 477/477/237 
f 232/2110/110 472/472/253 483/483/246 259/2047/124 
f 477/477/237 470/470/250 371/371/180 378/378/179 
f 472/472/253 373/373/197 386/386/189 483/483/246 
f 481/481/237 474/474/251 375/375/180 382/382/179 
f 459/459/237 478/478/250 379/379/180 340/340/184 
f 275/2117/137 490/490/246 491/491/254 276/2118/125 
f 490/490/246 402/402/203 401/401/188 491/491/254 
f 487/487/255 264/2080/141 263/2120/140 486/486/256 
f 261/2124/142 484/484/246 485/485/254 262/2054/125 
f 403/403/205 488/488/255 489/489/256 404/404/195 
f 484/484/246 392/392/203 391/391/188 485/485/254 
f 389/389/205 487/487/255 486/486/256 390/390/195 
f 488/488/255 274/2067/141 273/2089/140 489/489/256 
f 202/2048/110 454/454/238 484/484/246 261/2124/142 
f 262/2054/125 485/485/254 486/486/256 263/2120/140 
f 453/453/240 203/2068/111 264/2080/141 487/487/255 
f 330/330/181 453/453/240 487/487/255 389/389/205 
f 485/485/254 391/391/188 390/390/195 486/486/256 
f 454/454/238 331/331/178 392/392/203 484/484/246 
f 276/2118/125 491/491/254 489/489/256 273/2089/140 
f 457/457/240 211/2072/111 274/2067/141 488/488/255 
f 491/491/254 401/401/188 404/404/195 489/489/256 
f 338/338/181 457/457/240 488/488/255 403/403/205 
f 210/2071/110 458/458/238 490/490/246 275/2117/137 
f 458/458/238 339/339/178 402/402/203 490/490/246 
f 279/2125/109 492/492/237 493/493/238 280/2065/110 
f 492/492/237 408/408/179 407/407/178 493/493/238 
f 285/2127/120 495/495/246 496/496/242 286/2128/125 
f 495/495/246 413/413/206 412/412/188 496/496/242 
f 279/2125/109 204/2069/112 452/452/239 492/492/237 
f 493/493/238 407/407/178 413/413/206 495/495/246 
f 280/2065/110 493/493/238 495/495/246 285/2127/120 
f 492/492/237 452/452/239 329/329/180 408/408/179 
f 494/494/257 496/496/242 412/412/188 414/414/208 
f 284/2129/144 286/2128/125 496/496/242 494/494/257 
f 415/415/180 497/497/239 498/498/240 416/416/181 
f 497/497/239 290/2132/145 289/2131/111 498/498/240 
f 419/419/258 499/499/258 500/500/258 420/420/258 
f 499/499/259 294/2087/259 293/2096/259 500/500/259 
f 423/423/205 501/501/255 502/502/256 424/424/195 
f 501/501/255 298/2094/148 297/2053/140 502/502/256 
f 427/427/211 503/503/260 504/504/261 428/428/212 
f 503/503/260 302/2105/152 301/2134/151 504/504/261 
f 416/416/181 498/498/240 501/501/255 423/423/205 
f 451/451/262 497/497/239 415/415/180 324/324/216 
f 498/498/240 289/2131/111 298/2094/148 501/501/255 
f 196/2122/154 290/2132/145 497/497/239 451/451/262 
f 420/420/217 500/500/263 494/494/257 414/414/208 
f 499/499/264 419/419/264 428/428/264 504/504/264 
f 500/500/263 293/2096/157 284/2129/144 494/494/257 
f 294/2087/265 499/499/265 504/504/265 301/2134/265 
f 424/424/195 502/502/256 503/503/260 427/427/211 
f 502/502/256 297/2053/140 302/2105/152 503/503/260 
f 196/2122/154 451/451/262 505/505/266 304/2091/159 
f 451/451/262 324/324/216 432/432/222 505/505/266 
f 304/2091/159 505/505/266 506/506/267 306/2135/161 
f 505/505/266 432/432/222 434/434/224 506/506/267 
f 306/2135/161 506/506/267 507/507/268 308/2136/163 
f 506/506/267 434/434/224 436/436/226 507/507/268 
f 308/2136/163 507/507/268 508/508/269 310/2137/165 
f 507/507/268 436/436/226 438/438/228 508/508/269 
f 310/2137/91 508/508/91 509/509/91 312/2111/91 
f 508/508/91 438/438/91 440/440/91 509/509/91 
f 312/2111/165 509/509/269 510/510/270 314/2138/167 
f 509/509/269 440/440/228 442/442/230 510/510/270 
f 314/2138/167 510/510/270 511/511/271 316/2139/169 
f 510/510/270 442/442/230 444/444/232 511/511/271 
f 316/2139/169 511/511/271 512/512/272 318/2140/171 
f 511/511/271 444/444/232 446/446/234 512/512/272 
f 187/187/273 318/2141/171 512/2149/272 446/2146/234 
f 321/321/174 513/513/274 514/514/242 322/322/125 
f 513/513/274 450/450/189 449/449/188 514/514/242 
f 188/188/104 450/2148/189 513/2150/274 321/2145/174 
f 473/473/237 514/514/242 449/449/188 374/374/179 
f 231/2109/130 322/322/125 514/514/242 473/473/237 
o Cube:001
s 1
f 525/525/281 521/521/277 524/524/280 527/527/283 
f 526/526/282 528/528/284 523/523/279 522/522/278 
f 521/521/277 530/530/286 532/532/288 524/524/280 
f 522/522/278 523/523/279 529/529/285 531/531/287 
f 536/536/292 539/539/295 540/540/296 542/542/298 
f 537/537/293 541/541/297 540/540/296 539/539/295 
f 538/538/294 542/542/298 540/540/296 541/541/297 
f 549/549/305 552/552/308 553/553/309 555/555/311 
f 550/550/306 554/554/310 553/553/309 552/552/308 
f 551/551/307 555/555/311 553/553/309 554/554/310 
f 560/560/316 537/537/293 539/539/295 561/561/317 
f 561/561/317 539/539/295 536/536/292 559/559/315 
f 566/566/322 544/544/300 545/545/301 567/567/323 
f 567/567/323 545/545/301 543/543/299 565/565/321 
f 569/569/325 549/549/305 555/555/311 570/570/326 
f 570/570/326 555/555/311 551/551/307 568/568/324 
f 563/563/319 547/547/303 548/548/304 564/564/320 
f 564/564/320 548/548/304 546/546/302 562/562/318 
f 578/578/334 538/538/294 541/541/297 579/579/335 
f 579/579/335 541/541/297 537/537/293 577/577/333 
f 533/533/289 560/560/316 561/561/317 535/535/291 
f 535/535/291 561/561/317 559/559/315 534/534/290 
f 550/550/306 563/563/319 564/564/320 554/554/310 
f 554/554/310 564/564/320 562/562/318 551/551/307 
f 538/538/294 566/566/322 567/567/323 542/542/298 
f 542/542/298 567/567/323 565/565/321 536/536/292 
f 556/556/312 569/569/325 570/570/326 558/558/314 
f 558/558/314 570/570/326 568/568/324 557/557/313 
f 575/575/331 571/571/327 573/573/329 576/576/332 
f 576/576/332 573/573/329 572/572/328 574/574/330 
f 549/549/305 575/575/331 576/576/332 552/552/308 
f 552/552/308 576/576/332 574/574/330 550/550/306 
f 571/571/327 578/578/334 579/579/335 573/573/329 
f 573/573/329 579/579/335 577/577/333 572/572/328 
f 534/534/290 559/559/315 520/520/275 517/517/275 
f 531/531/287 529/529/285 560/560/316 533/533/289 
f 559/559/315 536/536/292 565/565/321 520/520/275 
f 529/529/285 577/577/333 537/537/293 560/560/316 
f 532/532/288 566/566/322 538/538/294 578/578/334 
f 530/530/286 544/544/300 566/566/322 532/532/288 
f 520/520/275 565/565/321 543/543/299 515/515/275 
f 547/547/303 563/563/319 528/528/284 526/526/282 
f 518/518/276 519/519/276 562/562/318 546/546/302 
f 569/569/325 527/527/283 575/575/331 549/549/305 
f 519/519/276 568/568/324 551/551/307 562/562/318 
f 563/563/319 550/550/306 574/574/330 528/528/284 
f 556/556/312 525/525/281 527/527/283 569/569/325 
f 516/516/276 557/557/313 568/568/324 519/519/276 
f 528/528/284 574/574/330 572/572/328 523/523/279 
f 523/523/279 572/572/328 577/577/333 529/529/285 
f 527/527/283 524/524/280 571/571/327 575/575/331 
f 524/524/280 532/532/288 578/578/334 571/571/327 
o Cube:002
s 1
f 590/590/342 586/586/338 589/589/341 592/592/344 
f 591/591/343 593/593/345 588/588/340 587/587/339 
f 586/586/338 595/595/347 597/597/349 589/589/341 
f 587/587/339 588/588/340 594/594/346 596/596/348 
f 601/601/353 604/604/356 605/605/357 607/607/359 
f 602/602/354 606/606/358 605/605/357 604/604/356 
f 603/603/355 607/607/359 605/605/357 606/606/358 
f 614/614/366 617/617/369 618/618/370 620/620/372 
f 615/615/367 619/619/371 618/618/370 617/617/369 
f 616/616/368 620/620/372 618/618/370 619/619/371 
f 625/625/377 602/602/354 604/604/356 626/626/378 
f 626/626/378 604/604/356 601/601/353 624/624/376 
f 631/631/383 609/609/361 610/610/362 632/632/384 
f 632/632/384 610/610/362 608/608/360 630/630/382 
f 634/634/386 614/614/366 620/620/372 635/635/387 
f 635/635/387 620/620/372 616/616/368 633/633/385 
f 628/628/380 612/612/364 613/613/365 629/629/381 
f 629/629/381 613/613/365 611/611/363 627/627/379 
f 643/643/395 603/603/355 606/606/358 644/644/396 
f 644/644/396 606/606/358 602/602/354 642/642/394 
f 598/598/350 625/625/377 626/626/378 600/600/352 
f 600/600/352 626/626/378 624/624/376 599/599/351 
f 615/615/367 628/628/380 629/629/381 619/619/371 
f 619/619/371 629/629/381 627/627/379 616/616/368 
f 603/603/355 631/631/383 632/632/384 607/607/359 
f 607/607/359 632/632/384 630/630/382 601/601/353 
f 621/621/373 634/634/386 635/635/387 623/623/375 
f 623/623/375 635/635/387 633/633/385 622/622/374 
f 640/640/392 636/636/388 638/638/390 641/641/393 
f 641/641/393 638/638/390 637/637/389 639/639/391 
f 614/614/366 640/640/392 641/641/393 617/617/369 
f 617/617/369 641/641/393 639/639/391 615/615/367 
f 636/636/388 643/643/395 644/644/396 638/638/390 
f 638/638/390 644/644/396 642/642/394 637/637/389 
f 599/599/351 624/624/376 585/585/336 582/582/336 
f 596/596/348 594/594/346 625/625/377 598/598/350 
f 624/624/376 601/601/353 630/630/382 585/585/336 
f 594/594/346 642/642/394 602/602/354 625/625/377 
f 597/597/349 631/631/383 603/603/355 643/643/395 
f 595/595/347 609/609/361 631/631/383 597/597/349 
f 585/585/336 630/630/382 608/608/360 580/580/336 
f 612/612/364 628/628/380 593/593/345 591/591/343 
f 583/583/337 584/584/337 627/627/379 611/611/363 
f 634/634/386 592/592/344 640/640/392 614/614/366 
f 584/584/337 633/633/385 616/616/368 627/627/379 
f 628/628/380 615/615/367 639/639/391 593/593/345 
f 621/621/373 590/590/342 592/592/344 634/634/386 
f 581/581/337 622/622/374 633/633/385 584/584/337 
f 593/593/345 639/639/391 637/637/389 588/588/340 
f 588/588/340 637/637/389 642/642/394 594/594/346 
f 592/592/344 589/589/341 636/636/388 640/640/392 
f 589/589/341 597/597/349 643/643/395 636/636/388 
o Cube:003
s 1
f 655/655/403 651/651/399 654/654/402 657/657/405 
f 656/656/404 658/658/406 653/653/401 652/652/400 
f 651/651/399 660/660/408 662/662/410 654/654/402 
f 652/652/400 653/653/401 659/659/407 661/661/409 
f 666/666/414 669/669/417 670/670/418 672/672/420 
f 667/667/415 671/671/419 670/670/418 669/669/417 
f 668/668/416 672/672/420 670/670/418 671/671/419 
f 679/679/427 682/682/430 683/683/431 685/685/433 
f 680/680/428 684/684/432 683/683/431 682/682/430 
f 681/681/429 685/685/433 683/683/431 684/684/432 
f 690/690/438 667/667/415 669/669/417 691/691/439 
f 691/691/439 669/669/417 666/666/414 689/689/437 
f 696/696/444 674/674/422 675/675/423 697/697/445 
f 697/697/445 675/675/423 673/673/421 695/695/443 
f 699/699/447 679/679/427 685/685/433 700/700/448 
f 700/700/448 685/685/433 681/681/429 698/698/446 
f 693/693/441 677/677/425 678/678/426 694/694/442 
f 694/694/442 678/678/426 676/676/424 692/692/440 
f 708/708/456 668/668/416 671/671/419 709/709/457 
f 709/709/457 671/671/419 667/667/415 707/707/455 
f 663/663/411 690/690/438 691/691/439 665/665/413 
f 665/665/413 691/691/439 689/689/437 664/664/412 
f 680/680/428 693/693/441 694/694/442 684/684/432 
f 684/684/432 694/694/442 692/692/440 681/681/429 
f 668/668/416 696/696/444 697/697/445 672/672/420 
f 672/672/420 697/697/445 695/695/443 666/666/414 
f 686/686/434 699/699/447 700/700/448 688/688/436 
f 688/688/436 700/700/448 698/698/446 687/687/435 
f 705/705/453 701/701/449 703/703/451 706/706/454 
f 706/706/454 703/703/451 702/702/450 704/704/452 
f 679/679/427 705/705/453 706/706/454 682/682/430 
f 682/682/430 706/706/454 704/704/452 680/680/428 
f 701/701/449 708/708/456 709/709/457 703/703/451 
f 703/703/451 709/709/457 707/707/455 702/702/450 
f 664/664/412 689/689/437 650/650/397 647/647/397 
f 661/661/409 659/659/407 690/690/438 663/663/411 
f 689/689/437 666/666/414 695/695/443 650/650/397 
f 659/659/407 707/707/455 667/667/415 690/690/438 
f 662/662/410 696/696/444 668/668/416 708/708/456 
f 660/660/408 674/674/422 696/696/444 662/662/410 
f 650/650/397 695/695/443 673/673/421 645/645/397 
f 677/677/425 693/693/441 658/658/406 656/656/404 
f 648/648/398 649/649/398 692/692/440 676/676/424 
f 699/699/447 657/657/405 705/705/453 679/679/427 
f 649/649/398 698/698/446 681/681/429 692/692/440 
f 693/693/441 680/680/428 704/704/452 658/658/406 
f 686/686/434 655/655/403 657/657/405 699/699/447 
f 646/646/398 687/687/435 698/698/446 649/649/398 
f 658/658/406 704/704/452 702/702/450 653/653/401 
f 653/653/401 702/702/450 707/707/455 659/659/407 
f 657/657/405 654/654/402 701/701/449 705/705/453 
f 654/654/402 662/662/410 708/708/456 701/701/449 
o Cube:005
s 1
f 720/720/464 716/716/460 719/719/463 722/722/466 
f 721/721/465 723/723/467 718/718/462 717/717/461 
f 716/716/460 725/725/469 727/727/471 719/719/463 
f 717/717/461 718/718/462 724/724/468 726/726/470 
f 731/731/475 734/734/478 735/735/479 737/737/481 
f 732/732/476 736/736/480 735/735/479 734/734/478 
f 733/733/477 737/737/481 735/735/479 736/736/480 
f 744/744/488 747/747/491 748/748/492 750/750/494 
f 745/745/489 749/749/493 748/748/492 747/747/491 
f 746/746/490 750/750/494 748/748/492 749/749/493 
f 755/755/499 732/732/476 734/734/478 756/756/500 
f 756/756/500 734/734/478 731/731/475 754/754/498 
f 761/761/505 739/739/483 740/740/484 762/762/506 
f 762/762/506 740/740/484 738/738/482 760/760/504 
f 764/764/508 744/744/488 750/750/494 765/765/509 
f 765/765/509 750/750/494 746/746/490 763/763/507 
f 758/758/502 742/742/486 743/743/487 759/759/503 
f 759/759/503 743/743/487 741/741/485 757/757/501 
f 773/773/517 733/733/477 736/736/480 774/774/518 
f 774/774/518 736/736/480 732/732/476 772/772/516 
f 728/728/472 755/755/499 756/756/500 730/730/474 
f 730/730/474 756/756/500 754/754/498 729/729/473 
f 745/745/489 758/758/502 759/759/503 749/749/493 
f 749/749/493 759/759/503 757/757/501 746/746/490 
f 733/733/477 761/761/505 762/762/506 737/737/481 
f 737/737/481 762/762/506 760/760/504 731/731/475 
f 751/751/495 764/764/508 765/765/509 753/753/497 
f 753/753/497 765/765/509 763/763/507 752/752/496 
f 770/770/514 766/766/510 768/768/512 771/771/515 
f 771/771/515 768/768/512 767/767/511 769/769/513 
f 744/744/488 770/770/514 771/771/515 747/747/491 
f 747/747/491 771/771/515 769/769/513 745/745/489 
f 766/766/510 773/773/517 774/774/518 768/768/512 
f 768/768/512 774/774/518 772/772/516 767/767/511 
f 729/729/473 754/754/498 715/715/458 712/712/458 
f 726/726/470 724/724/468 755/755/499 728/728/472 
f 754/754/498 731/731/475 760/760/504 715/715/458 
f 724/724/468 772/772/516 732/732/476 755/755/499 
f 727/727/471 761/761/505 733/733/477 773/773/517 
f 725/725/469 739/739/483 761/761/505 727/727/471 
f 715/715/458 760/760/504 738/738/482 710/710/458 
f 742/742/486 758/758/502 723/723/467 721/721/465 
f 713/713/459 714/714/459 757/757/501 741/741/485 
f 764/764/508 722/722/466 770/770/514 744/744/488 
f 714/714/459 763/763/507 746/746/490 757/757/501 
f 758/758/502 745/745/489 769/769/513 723/723/467 
f 751/751/495 720/720/464 722/722/466 764/764/508 
f 711/711/459 752/752/496 763/763/507 714/714/459 
f 723/723/467 769/769/513 767/767/511 718/718/462 
f 718/718/462 767/767/511 772/772/516 724/724/468 
f 722/722/466 719/719/463 766/766/510 770/770/514 
f 719/719/463 727/727/471 773/773/517 766/766/510 
o Cube:004
s 1
f 785/785/525 781/781/521 784/784/524 787/787/527 
f 786/786/526 788/788/528 783/783/523 782/782/522 
f 781/781/521 790/790/530 792/792/532 784/784/524 
f 782/782/522 783/783/523 789/789/529 791/791/531 
f 796/796/536 799/799/539 800/800/540 802/802/542 
f 797/797/537 801/801/541 800/800/540 799/799/539 
f 798/798/538 802/802/542 800/800/540 801/801/541 
f 809/809/549 812/812/552 813/813/553 815/815/555 
f 810/810/550 814/814/554 813/813/553 812/812/552 
f 811/811/551 815/815/555 813/813/553 814/814/554 
f 820/820/560 797/797/537 799/799/539 821/821/561 
f 821/821/561 799/799/539 796/796/536 819/819/559 
f 826/826/566 804/804/544 805/805/545 827/827/567 
f 827/827/567 805/805/545 803/803/543 825/825/565 
f 829/829/569 809/809/549 815/815/555 830/830/570 
f 830/830/570 815/815/555 811/811/551 828/828/568 
f 823/823/563 807/807/547 808/808/548 824/824/564 
f 824/824/564 808/808/548 806/806/546 822/822/562 
f 838/838/578 798/798/538 801/801/541 839/839/579 
f 839/839/579 801/801/541 797/797/537 837/837/577 
f 793/793/533 820/820/560 821/821/561 795/795/535 
f 795/795/535 821/821/561 819/819/559 794/794/534 
f 810/810/550 823/823/563 824/824/564 814/814/554 
f 814/814/554 824/824/564 822/822/562 811/811/551 
f 798/798/538 826/826/566 827/827/567 802/802/542 
f 802/802/542 827/827/567 825/825/565 796/796/536 
f 816/816/556 829/829/569 830/830/570 818/818/558 
f 818/818/558 830/830/570 828/828/568 817/817/557 
f 835/835/575 831/831/571 833/833/573 836/836/576 
f 836/836/576 833/833/573 832/832/572 834/834/574 
f 809/809/549 835/835/575 836/836/576 812/812/552 
f 812/812/552 836/836/576 834/834/574 810/810/550 
f 831/831/571 838/838/578 839/839/579 833/833/573 
f 833/833/573 839/839/579 837/837/577 832/832/572 
f 794/794/534 819/819/559 780/780/519 777/777/519 
f 791/791/531 789/789/529 820/820/560 793/793/533 
f 819/819/559 796/796/536 825/825/565 780/780/519 
f 789/789/529 837/837/577 797/797/537 820/820/560 
f 792/792/532 826/826/566 798/798/538 838/838/578 
f 790/790/530 804/804/544 826/826/566 792/792/532 
f 780/780/519 825/825/565 803/803/543 775/775/519 
f 807/807/547 823/823/563 788/788/528 786/786/526 
f 778/778/520 779/779/520 822/822/562 806/806/546 
f 829/829/569 787/787/527 835/835/575 809/809/549 
f 779/779/520 828/828/568 811/811/551 822/822/562 
f 823/823/563 810/810/550 834/834/574 788/788/528 
f 816/816/556 785/785/525 787/787/527 829/829/569 
f 776/776/520 817/817/557 828/828/568 779/779/520 
f 788/788/528 834/834/574 832/832/572 783/783/523 
f 783/783/523 832/832/572 837/837/577 789/789/529 
f 787/787/527 784/784/524 831/831/571 835/835/575 
f 784/784/524 792/792/532 838/838/578 831/831/571 
f 816/816/556 818/818/558 848/848/588 846/846/586 
f 803/803/543 805/805/545 845/845/585 843/843/583 
f 805/805/545 804/804/544 844/844/584 845/845/585 
f 785/785/525 816/816/556 846/846/586 841/841/581 
f 781/781/521 785/785/525 841/841/581 840/840/580 
f 804/804/544 790/790/530 842/842/582 844/844/584 
f 790/790/530 781/781/521 840/840/580 842/842/582 
f 818/818/558 817/817/557 847/847/587 848/848/588 
f 842/842/582 840/840/580 849/849/589 851/851/591 
f 846/846/586 848/848/588 857/857/597 855/855/595 
f 840/840/580 841/841/581 850/850/590 849/849/589 
f 841/841/581 846/846/586 855/855/595 850/850/590 
f 848/848/588 847/847/587 856/856/596 857/857/597 
f 845/845/585 844/844/584 853/853/593 854/854/594 
f 844/844/584 842/842/582 851/851/591 853/853/593 
f 843/843/583 845/845/585 854/854/594 852/852/592 
o Cube:006
s 1
f 868/868/604 864/864/600 867/867/603 870/870/606 
f 869/869/605 871/871/607 866/866/602 865/865/601 
f 864/864/600 873/873/609 875/875/611 867/867/603 
f 865/865/601 866/866/602 872/872/608 874/874/610 
f 879/879/615 882/882/618 883/883/619 885/885/621 
f 880/880/616 884/884/620 883/883/619 882/882/618 
f 881/881/617 885/885/621 883/883/619 884/884/620 
f 892/892/628 895/895/631 896/896/632 898/898/634 
f 893/893/629 897/897/633 896/896/632 895/895/631 
f 894/894/630 898/898/634 896/896/632 897/897/633 
f 903/903/639 880/880/616 882/882/618 904/904/640 
f 904/904/640 882/882/618 879/879/615 902/902/638 
f 909/909/645 887/887/623 888/888/624 910/910/646 
f 910/910/646 888/888/624 886/886/622 908/908/644 
f 912/912/648 892/892/628 898/898/634 913/913/649 
f 913/913/649 898/898/634 894/894/630 911/911/647 
f 906/906/642 890/890/626 891/891/627 907/907/643 
f 907/907/643 891/891/627 889/889/625 905/905/641 
f 921/921/657 881/881/617 884/884/620 922/922/658 
f 922/922/658 884/884/620 880/880/616 920/920/656 
f 876/876/612 903/903/639 904/904/640 878/878/614 
f 878/878/614 904/904/640 902/902/638 877/877/613 
f 893/893/629 906/906/642 907/907/643 897/897/633 
f 897/897/633 907/907/643 905/905/641 894/894/630 
f 881/881/617 909/909/645 910/910/646 885/885/621 
f 885/885/621 910/910/646 908/908/644 879/879/615 
f 899/899/635 912/912/648 913/913/649 901/901/637 
f 901/901/637 913/913/649 911/911/647 900/900/636 
f 918/918/654 914/914/650 916/916/652 919/919/655 
f 919/919/655 916/916/652 915/915/651 917/917/653 
f 892/892/628 918/918/654 919/919/655 895/895/631 
f 895/895/631 919/919/655 917/917/653 893/893/629 
f 914/914/650 921/921/657 922/922/658 916/916/652 
f 916/916/652 922/922/658 920/920/656 915/915/651 
f 877/877/613 902/902/638 863/863/598 860/860/598 
f 874/874/610 872/872/608 903/903/639 876/876/612 
f 902/902/638 879/879/615 908/908/644 863/863/598 
f 872/872/608 920/920/656 880/880/616 903/903/639 
f 875/875/611 909/909/645 881/881/617 921/921/657 
f 873/873/609 887/887/623 909/909/645 875/875/611 
f 863/863/598 908/908/644 886/886/622 858/858/598 
f 890/890/626 906/906/642 871/871/607 869/869/605 
f 861/861/599 862/862/599 905/905/641 889/889/625 
f 912/912/648 870/870/606 918/918/654 892/892/628 
f 862/862/599 911/911/647 894/894/630 905/905/641 
f 906/906/642 893/893/629 917/917/653 871/871/607 
f 899/899/635 868/868/604 870/870/606 912/912/648 
f 859/859/599 900/900/636 911/911/647 862/862/599 
f 871/871/607 917/917/653 915/915/651 866/866/602 
f 866/866/602 915/915/651 920/920/656 872/872/608 
f 870/870/606 867/867/603 914/914/650 918/918/654 
f 867/867/603 875/875/611 921/921/657 914/914/650 
f 899/899/635 901/901/637 931/931/667 929/929/665 
f 886/886/622 888/888/624 928/928/664 926/926/662 
f 888/888/624 887/887/623 927/927/663 928/928/664 
f 868/868/604 899/899/635 929/929/665 924/924/660 
f 864/864/600 868/868/604 924/924/660 923/923/659 
f 887/887/623 873/873/609 925/925/661 927/927/663 
f 873/873/609 864/864/600 923/923/659 925/925/661 
f 901/901/637 900/900/636 930/930/666 931/931/667 
f 925/925/661 923/923/659 932/932/668 934/934/670 
f 929/929/665 931/931/667 940/940/676 938/938/674 
f 923/923/659 924/924/660 933/933/669 932/932/668 
f 924/924/660 929/929/665 938/938/674 933/933/669 
f 931/931/667 930/930/666 939/939/675 940/940/676 
f 928/928/664 927/927/663 936/936/672 937/937/673 
f 927/927/663 925/925/661 934/934/670 936/936/672 
f 926/926/662 928/928/664 937/937/673 935/935/671 
o Cube:007
s 1
f 951/951/683 947/947/679 950/950/682 953/953/685 
f 952/952/684 954/954/686 949/949/681 948/948/680 
f 947/947/679 956/956/688 958/958/690 950/950/682 
f 948/948/680 949/949/681 955/955/687 957/957/689 
f 962/962/694 965/965/697 966/966/698 968/968/700 
f 963/963/695 967/967/699 966/966/698 965/965/697 
f 964/964/696 968/968/700 966/966/698 967/967/699 
f 975/975/707 978/978/710 979/979/711 981/981/713 
f 976/976/708 980/980/712 979/979/711 978/978/710 
f 977/977/709 981/981/713 979/979/711 980/980/712 
f 986/986/718 963/963/695 965/965/697 987/987/719 
f 987/987/719 965/965/697 962/962/694 985/985/717 
f 992/992/724 970/970/702 971/971/703 993/993/725 
f 993/993/725 971/971/703 969/969/701 991/991/723 
f 995/995/727 975/975/707 981/981/713 996/996/728 
f 996/996/728 981/981/713 977/977/709 994/994/726 
f 989/989/721 973/973/705 974/974/706 990/990/722 
f 990/990/722 974/974/706 972/972/704 988/988/720 
f 1004/1004/736 964/964/696 967/967/699 1005/1005/737 
f 1005/1005/737 967/967/699 963/963/695 1003/1003/735 
f 959/959/691 986/986/718 987/987/719 961/961/693 
f 961/961/693 987/987/719 985/985/717 960/960/692 
f 976/976/708 989/989/721 990/990/722 980/980/712 
f 980/980/712 990/990/722 988/988/720 977/977/709 
f 964/964/696 992/992/724 993/993/725 968/968/700 
f 968/968/700 993/993/725 991/991/723 962/962/694 
f 982/982/714 995/995/727 996/996/728 984/984/716 
f 984/984/716 996/996/728 994/994/726 983/983/715 
f 1001/1001/733 997/997/729 999/999/731 1002/1002/734 
f 1002/1002/734 999/999/731 998/998/730 1000/1000/732 
f 975/975/707 1001/1001/733 1002/1002/734 978/978/710 
f 978/978/710 1002/1002/734 1000/1000/732 976/976/708 
f 997/997/729 1004/1004/736 1005/1005/737 999/999/731 
f 999/999/731 1005/1005/737 1003/1003/735 998/998/730 
f 960/960/692 985/985/717 946/946/677 943/943/677 
f 957/957/689 955/955/687 986/986/718 959/959/691 
f 985/985/717 962/962/694 991/991/723 946/946/677 
f 955/955/687 1003/1003/735 963/963/695 986/986/718 
f 958/958/690 992/992/724 964/964/696 1004/1004/736 
f 956/956/688 970/970/702 992/992/724 958/958/690 
f 946/946/677 991/991/723 969/969/701 941/941/677 
f 973/973/705 989/989/721 954/954/686 952/952/684 
f 944/944/678 945/945/678 988/988/720 972/972/704 
f 995/995/727 953/953/685 1001/1001/733 975/975/707 
f 945/945/678 994/994/726 977/977/709 988/988/720 
f 989/989/721 976/976/708 1000/1000/732 954/954/686 
f 982/982/714 951/951/683 953/953/685 995/995/727 
f 942/942/678 983/983/715 994/994/726 945/945/678 
f 954/954/686 1000/1000/732 998/998/730 949/949/681 
f 949/949/681 998/998/730 1003/1003/735 955/955/687 
f 953/953/685 950/950/682 997/997/729 1001/1001/733 
f 950/950/682 958/958/690 1004/1004/736 997/997/729 
f 982/982/714 984/984/716 1014/1014/746 1012/1012/744 
f 969/969/701 971/971/703 1011/1011/743 1009/1009/741 
f 971/971/703 970/970/702 1010/1010/742 1011/1011/743 
f 951/951/683 982/982/714 1012/1012/744 1007/1007/739 
f 947/947/679 951/951/683 1007/1007/739 1006/1006/738 
f 970/970/702 956/956/688 1008/1008/740 1010/1010/742 
f 956/956/688 947/947/679 1006/1006/738 1008/1008/740 
f 984/984/716 983/983/715 1013/1013/745 1014/1014/746 
f 1008/1008/740 1006/1006/738 1015/1015/747 1017/1017/749 
f 1012/1012/744 1014/1014/746 1023/1023/755 1021/1021/753 
f 1006/1006/738 1007/1007/739 1016/1016/748 1015/1015/747 
f 1007/1007/739 1012/1012/744 1021/1021/753 1016/1016/748 
f 1014/1014/746 1013/1013/745 1022/1022/754 1023/1023/755 
f 1011/1011/743 1010/1010/742 1019/1019/751 1020/1020/752 
f 1010/1010/742 1008/1008/740 1017/1017/749 1019/1019/751 
f 1009/1009/741 1011/1011/743 1020/1020/752 1018/1018/750 
o Cube:008
s 1
f 1034/1034/762 1030/1030/758 1033/1033/761 1036/1036/764 
f 1035/1035/763 1037/1037/765 1032/1032/760 1031/1031/759 
f 1030/1030/758 1039/1039/767 1041/1041/769 1033/1033/761 
f 1031/1031/759 1032/1032/760 1038/1038/766 1040/1040/768 
f 1045/1045/773 1048/1048/776 1049/1049/777 1051/1051/779 
f 1046/1046/774 1050/1050/778 1049/1049/777 1048/1048/776 
f 1047/1047/775 1051/1051/779 1049/1049/777 1050/1050/778 
f 1058/1058/786 1061/1061/789 1062/1062/790 1064/1064/792 
f 1059/1059/787 1063/1063/791 1062/1062/790 1061/1061/789 
f 1060/1060/788 1064/1064/792 1062/1062/790 1063/1063/791 
f 1069/1069/797 1046/1046/774 1048/1048/776 1070/1070/798 
f 1070/1070/798 1048/1048/776 1045/1045/773 1068/1068/796 
f 1075/1075/803 1053/1053/781 1054/1054/782 1076/1076/804 
f 1076/1076/804 1054/1054/782 1052/1052/780 1074/1074/802 
f 1078/1078/806 1058/1058/786 1064/1064/792 1079/1079/807 
f 1079/1079/807 1064/1064/792 1060/1060/788 1077/1077/805 
f 1072/1072/800 1056/1056/784 1057/1057/785 1073/1073/801 
f 1073/1073/801 1057/1057/785 1055/1055/783 1071/1071/799 
f 1087/1087/815 1047/1047/775 1050/1050/778 1088/1088/816 
f 1088/1088/816 1050/1050/778 1046/1046/774 1086/1086/814 
f 1042/1042/770 1069/1069/797 1070/1070/798 1044/1044/772 
f 1044/1044/772 1070/1070/798 1068/1068/796 1043/1043/771 
f 1059/1059/787 1072/1072/800 1073/1073/801 1063/1063/791 
f 1063/1063/791 1073/1073/801 1071/1071/799 1060/1060/788 
f 1047/1047/775 1075/1075/803 1076/1076/804 1051/1051/779 
f 1051/1051/779 1076/1076/804 1074/1074/802 1045/1045/773 
f 1065/1065/793 1078/1078/806 1079/1079/807 1067/1067/795 
f 1067/1067/795 1079/1079/807 1077/1077/805 1066/1066/794 
f 1084/1084/812 1080/1080/808 1082/1082/810 1085/1085/813 
f 1085/1085/813 1082/1082/810 1081/1081/809 1083/1083/811 
f 1058/1058/786 1084/1084/812 1085/1085/813 1061/1061/789 
f 1061/1061/789 1085/1085/813 1083/1083/811 1059/1059/787 
f 1080/1080/808 1087/1087/815 1088/1088/816 1082/1082/810 
f 1082/1082/810 1088/1088/816 1086/1086/814 1081/1081/809 
f 1043/1043/771 1068/1068/796 1029/1029/756 1026/1026/756 
f 1040/1040/768 1038/1038/766 1069/1069/797 1042/1042/770 
f 1068/1068/796 1045/1045/773 1074/1074/802 1029/1029/756 
f 1038/1038/766 1086/1086/814 1046/1046/774 1069/1069/797 
f 1041/1041/769 1075/1075/803 1047/1047/775 1087/1087/815 
f 1039/1039/767 1053/1053/781 1075/1075/803 1041/1041/769 
f 1029/1029/756 1074/1074/802 1052/1052/780 1024/1024/756 
f 1056/1056/784 1072/1072/800 1037/1037/765 1035/1035/763 
f 1027/1027/757 1028/1028/757 1071/1071/799 1055/1055/783 
f 1078/1078/806 1036/1036/764 1084/1084/812 1058/1058/786 
f 1028/1028/757 1077/1077/805 1060/1060/788 1071/1071/799 
f 1072/1072/800 1059/1059/787 1083/1083/811 1037/1037/765 
f 1065/1065/793 1034/1034/762 1036/1036/764 1078/1078/806 
f 1025/1025/757 1066/1066/794 1077/1077/805 1028/1028/757 
f 1037/1037/765 1083/1083/811 1081/1081/809 1032/1032/760 
f 1032/1032/760 1081/1081/809 1086/1086/814 1038/1038/766 
f 1036/1036/764 1033/1033/761 1080/1080/808 1084/1084/812 
f 1033/1033/761 1041/1041/769 1087/1087/815 1080/1080/808 
f 1065/1065/793 1067/1067/795 1097/1097/825 1095/1095/823 
f 1052/1052/780 1054/1054/782 1094/1094/822 1092/1092/820 
f 1054/1054/782 1053/1053/781 1093/1093/821 1094/1094/822 
f 1034/1034/762 1065/1065/793 1095/1095/823 1090/1090/818 
f 1030/1030/758 1034/1034/762 1090/1090/818 1089/1089/817 
f 1053/1053/781 1039/1039/767 1091/1091/819 1093/1093/821 
f 1039/1039/767 1030/1030/758 1089/1089/817 1091/1091/819 
f 1067/1067/795 1066/1066/794 1096/1096/824 1097/1097/825 
f 1091/1091/819 1089/1089/817 1098/1098/826 1100/1100/828 
f 1095/1095/823 1097/1097/825 1106/1106/834 1104/1104/832 
f 1089/1089/817 1090/1090/818 1099/1099/827 1098/1098/826 
f 1090/1090/818 1095/1095/823 1104/1104/832 1099/1099/827 
f 1097/1097/825 1096/1096/824 1105/1105/833 1106/1106/834 
f 1094/1094/822 1093/1093/821 1102/1102/830 1103/1103/831 
f 1093/1093/821 1091/1091/819 1100/1100/828 1102/1102/830 
f 1092/1092/820 1094/1094/822 1103/1103/831 1101/1101/829 
o Plane
s 1
f 1107/1107/835 1108/1108/835 1122/1122/835 1119/1119/835 
f 1108/1108/835 1109/1109/835 1121/1121/835 1122/1122/835 
f 1109/1109/835 1110/1110/835 1120/1120/835 1121/1121/835 
f 1110/1110/835 1111/1111/835 1127/1127/835 1120/1120/835 
f 1111/1111/835 1123/1123/835 1128/1128/835 1127/1127/835 
f 1123/1123/835 1112/1112/835 1113/1113/835 1128/1128/835 
f 1113/1113/835 1114/1114/835 1129/1129/835 1128/1128/835 
f 1114/1114/835 1115/1115/835 1130/1130/835 1129/1129/835 
f 1115/1115/835 1116/1116/835 1131/1131/835 1130/1130/835 
f 1116/1116/835 1117/1117/835 1133/1133/835 1131/1131/835 
f 1133/1133/835 1132/1132/835 1124/1124/835 1131/1131/835 
f 1124/1124/835 1125/1125/835 1130/1130/835 1131/1131/835 
f 1125/1125/835 1126/1126/835 1129/1129/835 1130/1130/835 
f 1126/1126/835 1127/1127/835 1128/1128/835 1129/1129/835 
f 1117/1117/835 1118/1118/835 1132/1132/835 1133/1133/835 
f 1134/1134/835 1119/2153/835 1122/2152/835 1135/1135/835 
f 1135/1135/835 1122/2152/835 1121/2156/835 1136/1136/835 
f 1136/1136/835 1121/2156/835 1120/2133/835 1137/1137/835 
f 1137/1137/835 1120/2133/835 1127/2157/835 1138/1138/835 
f 1138/1138/835 1127/2157/835 1146/1146/835 1145/1145/835 
f 1145/1145/835 1146/1146/835 1140/1140/835 1139/1139/835 
f 1140/1140/835 1146/1146/835 1147/1147/835 1141/1141/835 
f 1141/1141/835 1147/1147/835 1148/1148/835 1142/1142/835 
f 1142/1142/835 1148/1148/835 1149/1149/835 1143/1143/835 
f 1143/1143/835 1149/1149/835 1150/1150/835 1144/1144/835 
f 1150/1150/835 1149/1149/835 1124/2164/835 1132/2163/835 
f 1124/2164/835 1149/1149/835 1148/1148/835 1125/2165/835 
f 1125/2165/835 1148/1148/835 1147/1147/835 1126/2166/835 
f 1126/2166/835 1147/1147/835 1146/1146/835 1127/2157/835 
f 1144/1144/835 1150/1150/835 1132/2163/835 1118/2168/835 
f 1151/1151/836 1163/1163/836 1166/1166/836 1152/1152/836 
f 1152/1152/836 1166/1166/836 1165/1165/836 1153/1153/836 
f 1153/1153/836 1165/1165/836 1164/1164/836 1154/1154/836 
f 1154/1154/836 1164/1164/836 1171/1171/836 1155/1155/836 
f 1155/1155/836 1171/1171/836 1172/1172/836 1167/1167/836 
f 1167/1167/836 1172/1172/836 1157/1157/836 1156/1156/836 
f 1157/1157/836 1172/1172/836 1173/1173/836 1158/1158/836 
f 1158/1158/836 1173/1173/836 1174/1174/836 1159/1159/836 
f 1159/1159/836 1174/1174/836 1175/1175/836 1160/1160/836 
f 1160/1160/836 1175/1175/836 1177/1177/836 1161/1161/836 
f 1177/1177/836 1175/1175/836 1168/1168/836 1176/1176/836 
f 1168/1168/836 1175/1175/836 1174/1174/836 1169/1169/836 
f 1169/1169/836 1174/1174/836 1173/1173/836 1170/1170/836 
f 1170/1170/836 1173/1173/836 1172/1172/836 1171/1171/836 
f 1161/1161/836 1177/1177/836 1176/1176/836 1162/1162/836 
f 1178/1178/836 1179/1179/836 1166/2177/836 1163/2108/836 
f 1179/1179/836 1180/1180/836 1165/2178/836 1166/2177/836 
f 1180/1180/836 1181/1181/836 1164/2179/836 1165/2178/836 
f 1181/1181/836 1182/1182/836 1171/2180/836 1164/2179/836 
f 1182/1182/836 1189/1189/836 1190/1190/836 1171/2180/836 
f 1189/1189/836 1183/1183/836 1184/1184/836 1190/1190/836 
f 1184/1184/836 1185/1185/836 1191/1191/836 1190/1190/836 
f 1185/1185/836 1186/1186/836 1192/1192/836 1191/1191/836 
f 1186/1186/836 1187/1187/836 1193/1193/836 1192/1192/836 
f 1187/1187/836 1188/1188/836 1194/1194/836 1193/1193/836 
f 1194/1194/836 1176/2097/836 1168/2126/836 1193/1193/836 
f 1168/2126/836 1169/2185/836 1192/1192/836 1193/1193/836 
f 1169/2185/836 1170/2186/836 1191/1191/836 1192/1192/836 
f 1170/2186/836 1171/2180/836 1190/1190/836 1191/1191/836 
f 1188/1188/836 1162/2101/836 1176/2097/836 1194/1194/836 
f 1108/1108/837 1107/2151/838 1151/2176/838 1152/1152/837 
f 1109/1109/839 1108/1108/837 1152/1152/837 1153/1153/839 
f 1110/1110/840 1109/1109/839 1153/1153/839 1154/1154/840 
f 1111/1111/841 1110/1110/840 1154/1154/840 1155/1155/841 
f 1112/1112/842 1123/1123/842 1167/1167/842 1156/1156/842 
f 1113/2158/843 1112/1112/844 1156/1156/844 1157/2181/843 
f 1114/2159/845 1113/2158/843 1157/2181/843 1158/2182/845 
f 1115/2160/846 1114/2159/845 1158/2182/845 1159/2183/846 
f 1116/2161/847 1115/2160/846 1159/2183/846 1160/2184/847 
f 1117/2162/848 1116/2161/849 1160/2184/849 1161/2099/848 
f 1118/2167/850 1117/2162/848 1161/2099/848 1162/2103/850 
f 1107/2151/838 1119/2154/851 1163/2106/851 1151/2176/838 
f 1123/1123/842 1111/1111/841 1155/1155/841 1167/1167/842 
f 1134/2170/852 1135/1135/853 1179/1179/853 1178/2187/852 
f 1135/1135/853 1136/1136/854 1180/1180/854 1179/1179/853 
f 1136/1136/854 1137/1137/855 1181/1181/855 1180/1180/854 
f 1137/1137/855 1138/1138/856 1182/1182/856 1181/1181/855 
f 1145/1145/857 1139/1139/857 1183/1183/857 1189/1189/857 
f 1139/1139/858 1140/2171/859 1184/2188/859 1183/1183/858 
f 1140/2171/859 1141/2172/860 1185/2063/860 1184/2188/859 
f 1141/2172/860 1142/2173/861 1186/2189/861 1185/2063/860 
f 1142/2173/861 1143/2174/862 1187/2059/862 1186/2189/861 
f 1143/2174/863 1144/2175/864 1188/2190/864 1187/2059/863 
f 1144/2175/864 1118/2169/865 1162/2102/865 1188/2190/864 
f 1119/2155/851 1134/2170/852 1178/2187/852 1163/2107/851 
f 1138/1138/856 1145/1145/857 1189/1189/857 1182/1182/856 
o Plane:001
s 1
f 1195/1195/866 1196/1196/866 1210/1210/866 1207/1207/866 
f 1196/1196/866 1197/1197/866 1209/1209/866 1210/1210/866 
f 1197/1197/866 1198/1198/866 1208/1208/866 1209/1209/866 
f 1198/1198/866 1199/1199/866 1215/1215/866 1208/1208/866 
f 1199/1199/866 1211/1211/866 1216/1216/866 1215/1215/866 
f 1211/1211/866 1200/1200/866 1201/1201/866 1216/1216/866 
f 1201/1201/866 1202/1202/866 1217/1217/866 1216/1216/866 
f 1202/1202/866 1203/1203/866 1218/1218/866 1217/1217/866 
f 1203/1203/866 1204/1204/866 1219/1219/866 1218/1218/866 
f 1204/1204/866 1205/1205/866 1221/1221/866 1219/1219/866 
f 1221/1221/866 1220/1220/866 1212/1212/866 1219/1219/866 
f 1212/1212/866 1213/1213/866 1218/1218/866 1219/1219/866 
f 1213/1213/866 1214/1214/866 1217/1217/866 1218/1218/866 
f 1214/1214/866 1215/1215/866 1216/1216/866 1217/1217/866 
f 1205/1205/866 1206/1206/866 1220/1220/866 1221/1221/866 
f 1222/1222/866 1207/2194/866 1210/2193/866 1223/1223/866 
f 1223/1223/866 1210/2193/866 1209/2197/866 1224/1224/866 
f 1224/1224/866 1209/2197/866 1208/2123/866 1225/1225/866 
f 1225/1225/866 1208/2123/866 1215/2198/866 1226/1226/866 
f 1226/1226/866 1215/2198/866 1234/1234/866 1233/1233/866 
f 1233/1233/866 1234/1234/866 1228/1228/866 1227/1227/866 
f 1228/1228/866 1234/1234/866 1235/1235/866 1229/1229/866 
f 1229/1229/866 1235/1235/866 1236/1236/866 1230/1230/866 
f 1230/1230/866 1236/1236/866 1237/1237/866 1231/1231/866 
f 1231/1231/866 1237/1237/866 1238/1238/866 1232/1232/866 
f 1238/1238/866 1237/1237/866 1212/2130/866 1220/2205/866 
f 1212/2130/866 1237/1237/866 1236/1236/866 1213/2206/866 
f 1213/2206/866 1236/1236/866 1235/1235/866 1214/2207/866 
f 1214/2207/866 1235/1235/866 1234/1234/866 1215/2198/866 
f 1232/1232/866 1238/1238/866 1220/2205/866 1206/2209/866 
f 1239/1239/867 1251/1251/867 1254/1254/867 1240/1240/867 
f 1240/1240/867 1254/1254/867 1253/1253/867 1241/1241/867 
f 1241/1241/867 1253/1253/867 1252/1252/867 1242/1242/867 
f 1242/1242/867 1252/1252/867 1259/1259/867 1243/1243/867 
f 1243/1243/867 1259/1259/867 1260/1260/867 1255/1255/867 
f 1255/1255/867 1260/1260/867 1245/1245/867 1244/1244/867 
f 1245/1245/867 1260/1260/867 1261/1261/867 1246/1246/867 
f 1246/1246/867 1261/1261/867 1262/1262/867 1247/1247/867 
f 1247/1247/867 1262/1262/867 1263/1263/867 1248/1248/867 
f 1248/1248/867 1263/1263/867 1265/1265/867 1249/1249/867 
f 1265/1265/867 1263/1263/867 1256/1256/867 1264/1264/867 
f 1256/1256/867 1263/1263/867 1262/1262/867 1257/1257/867 
f 1257/1257/867 1262/1262/867 1261/1261/867 1258/1258/867 
f 1258/1258/867 1261/1261/867 1260/1260/867 1259/1259/867 
f 1249/1249/867 1265/1265/867 1264/1264/867 1250/1250/867 
f 1266/1266/867 1267/1267/867 1254/2046/867 1251/2057/867 
f 1267/1267/867 1268/1268/867 1253/2215/867 1254/2046/867 
f 1268/1268/867 1269/1269/867 1252/2216/867 1253/2215/867 
f 1269/1269/867 1270/1270/867 1259/2217/867 1252/2216/867 
f 1270/1270/867 1277/1277/867 1278/1278/867 1259/2217/867 
f 1277/1277/867 1271/1271/867 1272/1272/867 1278/1278/867 
f 1272/1272/867 1273/1273/867 1279/1279/867 1278/1278/867 
f 1273/1273/867 1274/1274/867 1280/1280/867 1279/1279/867 
f 1274/1274/867 1275/1275/867 1281/1281/867 1280/1280/867 
f 1275/1275/867 1276/1276/867 1282/1282/867 1281/1281/867 
f 1282/1282/867 1264/2085/867 1256/2221/867 1281/1281/867 
f 1256/2221/867 1257/2222/867 1280/1280/867 1281/1281/867 
f 1257/2222/867 1258/2223/867 1279/1279/867 1280/1280/867 
f 1258/2223/867 1259/2217/867 1278/1278/867 1279/1279/867 
f 1276/1276/867 1250/2074/867 1264/2085/867 1282/1282/867 
f 1196/1196/868 1195/2191/869 1239/2083/869 1240/1240/868 
f 1197/1197/870 1196/1196/868 1240/1240/868 1241/1241/870 
f 1198/1198/871 1197/1197/870 1241/1241/870 1242/1242/871 
f 1199/1199/872 1198/1198/871 1242/1242/871 1243/1243/872 
f 1200/1200/873 1211/1211/873 1255/1255/873 1244/1244/873 
f 1201/2199/874 1200/1200/875 1244/1244/875 1245/2218/874 
f 1202/2119/876 1201/2199/874 1245/2218/874 1246/2049/876 
f 1203/2200/877 1202/2119/876 1246/2049/876 1247/2219/877 
f 1204/2202/878 1203/2200/877 1247/2219/877 1248/2220/878 
f 1205/2204/879 1204/2202/880 1248/2220/880 1249/2061/879 
f 1206/2208/881 1205/2204/879 1249/2061/879 1250/2076/881 
f 1195/2191/869 1207/2195/882 1251/2055/882 1239/2083/869 
f 1211/1211/873 1199/1199/872 1243/1243/872 1255/1255/873 
f 1222/2113/883 1223/1223/884 1267/1267/884 1266/2224/883 
f 1223/1223/884 1224/1224/885 1268/1268/885 1267/1267/884 
f 1224/1224/885 1225/1225/886 1269/1269/886 1268/1268/885 
f 1225/1225/886 1226/1226/887 1270/1270/887 1269/1269/886 
f 1233/1233/888 1227/1227/888 1271/1271/888 1277/1277/888 
f 1227/1227/889 1228/2078/890 1272/2121/890 1271/1271/889 
f 1228/2078/890 1229/2211/891 1273/2225/891 1272/2121/890 
f 1229/2211/891 1230/2212/892 1274/2226/892 1273/2225/891 
f 1230/2212/892 1231/2213/893 1275/2227/893 1274/2226/892 
f 1231/2213/894 1232/2214/895 1276/2228/895 1275/2227/894 
f 1232/2214/895 1206/2210/896 1250/2075/896 1276/2228/895 
f 1207/2196/882 1222/2113/883 1266/2224/883 1251/2056/882 
f 1226/1226/887 1233/1233/888 1277/1277/888 1270/1270/887 
o Plane:002
s 1
f 1283/1283/897 1284/1284/897 1286/1286/898 1285/1285/899 
f 1284/1284/900 1283/1283/900 1287/1287/901 1288/1288/902 
f 1288/1288/902 1287/1287/901 1289/1289/903 1290/1290/904 
f 1290/1290/904 1289/1289/903 1291/1291/905 1292/1292/906 
f 1292/1292/906 1291/1291/905 1293/1293/907 1294/1294/908 
f 1294/1294/908 1293/1293/907 1295/1295/909 1296/1296/909 
f 1285/1285/899 1286/1286/898 1298/1298/910 1297/1297/911 
f 1297/1297/911 1298/1298/910 1300/1300/912 1299/1299/913 
f 1299/1299/913 1300/1300/912 1302/1302/914 1301/1301/915 
f 1301/1301/915 1302/1302/914 1304/1304/916 1303/1303/917 
f 1303/1303/917 1304/1304/916 1338/1338/918 1308/1308/919 
f 1310/1310/920 1311/1311/921 1313/1313/922 1312/1312/923 
f 1312/1312/923 1313/1313/922 1315/1315/924 1314/1314/925 
f 1314/1314/925 1315/1315/924 1317/1317/926 1316/1316/927 
f 1316/1316/927 1317/1317/926 1319/1319/928 1318/1318/928 
f 1318/1318/928 1319/1319/928 1321/1321/929 1320/1320/930 
f 1320/1320/930 1321/1321/929 1323/1323/931 1322/1322/932 
f 1322/1322/932 1323/1323/931 1325/1325/933 1324/1324/934 
f 1324/1324/934 1325/1325/933 1327/1327/935 1326/1326/936 
f 1326/1326/936 1327/1327/935 1329/2229/937 1328/1328/938 
f 1328/1328/938 1329/2229/937 1331/1331/939 1330/1330/940 
f 1330/1330/940 1331/1331/939 1333/1333/941 1332/1332/942 
f 1333/1333/941 1334/1334/943 1335/1335/943 1332/1332/942 
f 1339/1339/944 1337/1337/944 1338/1338/944 1347/1347/944 
f 1343/1343/945 1346/1346/946 1349/1349/946 1345/1345/947 
f 1336/1336/948 1340/1340/949 1342/1342/950 1339/1339/951 
f 1339/1339/952 1342/1342/952 1341/1341/953 1337/1337/954 
f 1340/1340/949 1344/1344/955 1346/1346/956 1342/1342/950 
f 1342/1342/950 1346/1346/956 1343/1343/945 1341/1341/957 
f 1305/1305/958 1337/1337/954 1341/1341/953 1306/1306/959 
f 1309/1309/960 1344/1344/955 1340/1340/949 1336/1336/948 
f 1308/1308/919 1338/1338/918 1337/1337/954 1305/1305/958 
f 1307/1307/961 1306/1306/962 1341/1341/957 1343/1343/945 
f 1348/1348/963 1345/1345/947 1311/1311/921 1310/1310/920 
f 1307/1307/961 1343/1343/945 1345/1345/947 1348/1348/963 
f 1283/1283/964 1285/1285/965 1351/1351/966 1350/1350/964 
f 1350/1350/967 1352/1352/968 1287/1287/969 1283/1283/967 
f 1352/1352/968 1353/1353/970 1289/1289/971 1287/1287/969 
f 1353/1353/970 1354/1354/972 1291/1291/973 1289/1289/971 
f 1354/1354/972 1355/1355/974 1293/1293/975 1291/1291/973 
f 1355/1355/974 1356/1356/976 1295/1295/976 1293/1293/975 
f 1285/1285/965 1297/1297/977 1357/1357/978 1351/1351/966 
f 1297/1297/977 1299/1299/979 1358/1358/980 1357/1357/978 
f 1299/1299/979 1301/1301/981 1359/1359/982 1358/1358/980 
f 1301/1301/981 1303/1303/983 1360/1360/984 1359/1359/982 
f 1303/1303/983 1308/1308/985 1376/1376/986 1360/1360/984 
f 1310/1310/987 1312/1312/988 1363/1363/989 1362/1362/990 
f 1312/1312/988 1314/1314/991 1364/1364/992 1363/1363/989 
f 1314/1314/991 1316/1316/993 1365/1365/994 1364/1364/992 
f 1316/1316/993 1318/1318/995 1366/1366/995 1365/1365/994 
f 1318/1318/995 1320/1320/996 1367/1367/997 1366/1366/995 
f 1320/1320/996 1322/1322/998 1368/1368/999 1367/1367/997 
f 1322/1322/998 1324/1324/1000 1369/1369/1001 1368/1368/999 
f 1324/1324/1000 1326/1326/1002 1370/1370/1003 1369/1369/1001 
f 1326/1326/1002 1328/1328/1004 1371/1371/1005 1370/1370/1003 
f 1328/1328/1004 1330/1330/1006 1372/1372/1007 1371/1371/1005 
f 1330/1330/1006 1332/1332/1008 1373/1373/1009 1372/1372/1007 
f 1373/1373/1009 1332/1332/1008 1335/1335/1010 1334/1334/1010 
f 1377/1377/1011 1385/1385/1011 1376/1376/1011 1375/1375/1011 
f 1381/1381/1012 1383/1383/1013 1386/1386/1014 1384/1384/1014 
f 1374/1374/1015 1377/1377/1016 1380/1380/1017 1378/1378/1018 
f 1377/1377/1019 1375/1375/1020 1379/1379/1021 1380/1380/1019 
f 1378/1378/1018 1380/1380/1017 1384/1384/1022 1382/1382/1023 
f 1380/1380/1017 1379/1379/1024 1381/1381/1012 1384/1384/1022 
f 1305/1305/958 1306/1306/959 1379/1379/1021 1375/1375/1020 
f 1361/1361/1025 1374/1374/1015 1378/1378/1018 1382/1382/1023 
f 1308/1308/985 1305/1305/958 1375/1375/1020 1376/1376/986 
f 1307/1307/1026 1381/1381/1012 1379/1379/1024 1306/1306/1027 
f 1348/1348/1028 1310/1310/987 1362/1362/990 1383/1383/1013 
f 1307/1307/1026 1348/1348/1028 1383/1383/1013 1381/1381/1012 
f 1387/1387/1029 1389/1389/1030 1390/1390/1031 1388/1388/1029 
f 1388/1388/1032 1392/1392/1033 1391/1391/1034 1387/1387/1032 
f 1392/1392/1033 1394/1394/1035 1393/1393/1036 1391/1391/1034 
f 1394/1394/1035 1396/1396/1037 1395/1395/1038 1393/1393/1036 
f 1396/1396/1037 1398/1398/1039 1397/1397/1040 1395/1395/1038 
f 1398/1398/1039 1400/1400/1041 1399/1399/1041 1397/1397/1040 
f 1389/1389/1030 1401/1401/1042 1402/1402/1043 1390/1390/1031 
f 1401/1401/1042 1403/1403/1044 1404/1404/1045 1402/1402/1043 
f 1403/1403/1044 1405/1405/1046 1406/1406/1047 1404/1404/1045 
f 1405/1405/1046 1407/1407/1048 1408/1408/1049 1406/1406/1047 
f 1407/1407/1048 1412/1412/1050 1438/1438/1051 1408/1408/1049 
f 1414/1414/1052 1416/1416/1053 1417/1417/1054 1415/1415/1055 
f 1416/1416/1053 1418/1418/1056 1419/1419/1057 1417/1417/1054 
f 1418/1418/1056 1420/1420/1058 1421/1421/1059 1419/1419/1057 
f 1420/1420/1058 1422/1422/1060 1423/1423/1060 1421/1421/1059 
f 1422/1422/1060 1424/1424/1061 1425/1425/1062 1423/1423/1060 
f 1424/1424/1061 1426/1426/1063 1427/1427/1064 1425/1425/1062 
f 1426/1426/1063 1428/1428/1065 1429/1429/1066 1427/1427/1064 
f 1428/1428/1065 1430/1430/1067 1431/1431/1068 1429/1429/1066 
f 1430/1430/1067 1432/1432/1069 1329/1329/1070 1431/1431/1068 
f 1432/1432/1069 1433/1433/1071 1331/2192/1072 1329/1329/1070 
f 1433/1433/1071 1434/1434/1073 1333/2201/1074 1331/2192/1072 
f 1333/2201/1074 1434/1434/1073 1435/1435/1075 1334/2230/1075 
f 1439/1439/1076 1447/1447/1076 1438/1438/1076 1437/1437/1076 
f 1443/1443/1077 1445/1445/1078 1449/1449/1079 1446/1446/1079 
f 1436/1436/1080 1439/1439/1081 1442/1442/1082 1440/1440/1083 
f 1439/1439/1084 1437/1437/1085 1441/1441/1086 1442/1442/1084 
f 1440/1440/1083 1442/1442/1082 1446/1446/1087 1444/1444/1088 
f 1442/1442/1082 1441/1441/1089 1443/1443/1077 1446/1446/1087 
f 1409/1409/1090 1410/1410/1091 1441/1441/1086 1437/1437/1085 
f 1413/1413/1092 1436/1436/1080 1440/1440/1083 1444/1444/1088 
f 1412/1412/1050 1409/1409/1090 1437/1437/1085 1438/1438/1051 
f 1411/1411/1093 1443/1443/1077 1441/1441/1089 1410/1410/1094 
f 1448/1448/1095 1414/1414/1052 1415/1415/1055 1445/1445/1078 
f 1411/1411/1093 1448/1448/1095 1445/1445/1078 1443/1443/1077 
f 1387/1387/1096 1450/1450/1096 1451/1451/1097 1389/1389/1098 
f 1450/1450/1099 1387/1387/1099 1391/1391/1100 1452/1452/1101 
f 1452/1452/1101 1391/1391/1100 1393/1393/1102 1453/1453/1103 
f 1453/1453/1103 1393/1393/1102 1395/1395/1104 1454/1454/1105 
f 1454/1454/1105 1395/1395/1104 1397/1397/1106 1455/1455/1107 
f 1455/1455/1107 1397/1397/1106 1399/1399/1108 1456/1456/1108 
f 1389/1389/1098 1451/1451/1097 1457/1457/1109 1401/1401/1110 
f 1401/1401/1110 1457/1457/1109 1458/1458/1111 1403/1403/1112 
f 1403/1403/1112 1458/1458/1111 1459/1459/1113 1405/1405/1114 
f 1405/1405/1114 1459/1459/1113 1460/1460/1115 1407/1407/1116 
f 1407/1407/1116 1460/1460/1115 1473/1473/1117 1412/1412/1118 
f 1414/1414/1119 1462/1462/1120 1463/1463/1121 1416/1416/1122 
f 1416/1416/1122 1463/1463/1121 1464/1464/1123 1418/1418/1124 
f 1418/1418/1124 1464/1464/1123 1465/1465/1125 1420/1420/1126 
f 1420/1420/1126 1465/1465/1125 1466/1466/1127 1422/1422/1127 
f 1422/1422/1127 1466/1466/1127 1467/1467/1128 1424/1424/1129 
f 1424/1424/1129 1467/1467/1128 1468/1468/1130 1426/1426/1131 
f 1426/1426/1131 1468/1468/1130 1469/1469/1132 1428/1428/1133 
f 1428/1428/1133 1469/1469/1132 1470/1470/1134 1430/1430/1135 
f 1430/1430/1135 1470/1470/1134 1371/2232/1136 1432/1432/1137 
f 1432/1432/1137 1371/2232/1136 1372/2231/1138 1433/1433/1139 
f 1433/1433/1139 1372/2231/1138 1373/2144/1140 1434/1434/1141 
f 1373/2144/1140 1334/2230/1142 1435/1435/1142 1434/1434/1141 
f 1474/1474/1143 1472/1472/1143 1473/1473/1143 1482/1482/1143 
f 1478/1478/1144 1481/1481/1145 1483/1483/1145 1480/1480/1146 
f 1471/1471/1147 1475/1475/1148 1477/1477/1149 1474/1474/1150 
f 1474/1474/1151 1477/1477/1151 1476/1476/1152 1472/1472/1153 
f 1475/1475/1148 1479/1479/1154 1481/1481/1155 1477/1477/1149 
f 1477/1477/1149 1481/1481/1155 1478/1478/1144 1476/1476/1156 
f 1409/1409/1090 1472/1472/1153 1476/1476/1152 1410/1410/1091 
f 1461/1461/1157 1479/1479/1154 1475/1475/1148 1471/1471/1147 
f 1412/1412/1118 1473/1473/1117 1472/1472/1153 1409/1409/1090 
f 1411/1411/1158 1410/1410/1159 1476/1476/1156 1478/1478/1144 
f 1448/1448/1160 1480/1480/1146 1462/1462/1120 1414/1414/1119 
f 1411/1411/1158 1478/1478/1144 1480/1480/1146 1448/1448/1160 
o Plane:003
s 1
f 1531/1531/1161 1500/1500/1162 1501/1501/1163 1532/1532/1164 
f 1533/1533/1165 1493/1493/1166 1494/1494/1167 1534/1534/1168 
f 1535/1535/1169 1487/1487/1170 1486/1486/1171 1536/1536/1172 
f 1532/1532/1164 1501/1501/1163 1502/1502/1173 1537/1537/1174 
f 1534/1534/1168 1494/1494/1167 1495/1495/1175 1538/1538/1176 
f 1539/1539/1177 1488/1488/1178 1487/1487/1170 1535/1535/1169 
f 1537/1537/1174 1502/1502/1173 1503/1503/1179 1540/1540/1180 
f 1538/1538/1176 1495/1495/1175 1497/1497/1181 1541/1541/1182 
f 1542/1542/1183 1489/1489/1184 1488/1488/1178 1539/1539/1177 
f 1540/1540/1180 1503/1503/1179 1504/1504/1185 1543/1543/1186 
f 1558/1558/1187 1556/1556/1188 1496/1496/1189 1544/1544/1190 
f 1545/1545/1191 1490/1490/1192 1489/1489/1184 1542/1542/1183 
f 1543/1543/1186 1504/1504/1185 1505/1505/1193 1546/1546/1194 
f 1544/1544/1190 1496/1496/1189 1498/1498/1195 1547/1547/1196 
f 1548/1548/1197 1485/1485/1198 1491/1491/1199 1549/1549/1200 
f 1546/1546/1194 1505/1505/1193 1506/1506/1201 1550/1550/1202 
f 1547/1547/1196 1498/1498/1195 1499/1499/1203 1551/1551/1204 
f 1549/1549/1200 1491/1491/1199 1492/1492/1205 1552/1552/1206 
f 1553/1553/1207 1484/1484/1208 1485/1485/1198 1548/1548/1197 
f 1551/1551/1204 1499/1499/1203 1500/1500/1162 1531/1531/1161 
f 1552/1552/1206 1492/1492/1205 1493/1493/1166 1533/1533/1165 
f 1536/1536/1172 1486/1486/1171 1484/1484/1208 1553/1553/1207 
f 1541/1541/1182 1497/1497/1181 1556/1556/1188 1558/1558/1187 
f 1563/1563/1209 1559/1559/1210 1561/1561/1211 1564/1564/1212 
f 1564/1564/1212 1561/1561/1211 1560/1560/1213 1562/1562/1214 
f 1559/1559/1215 1565/1565/1216 1567/1567/1217 1561/1561/1218 
f 1561/1561/1218 1567/1567/1217 1566/1566/1219 1560/1560/1213 
f 1565/1565/1216 1568/1568/1220 1570/1570/1221 1567/1567/1217 
f 1567/1567/1217 1570/1570/1221 1569/1569/1222 1566/1566/1219 
f 1568/1568/1220 1571/1571/1223 1573/1573/1224 1570/1570/1221 
f 1570/1570/1221 1573/1573/1224 1572/1572/1225 1569/1569/1222 
f 1571/1571/1223 1574/1574/1226 1576/1576/1227 1573/1573/1224 
f 1573/1573/1224 1576/1576/1227 1575/1575/1228 1572/1572/1225 
f 1574/1574/1226 1578/1578/1229 1579/1579/1230 1576/1576/1227 
f 1576/1576/1227 1579/1579/1230 1577/1577/1231 1575/1575/1228 
f 1581/1581/1232 1563/1563/1209 1564/1564/1212 1582/1582/1233 
f 1582/1582/1233 1564/1564/1212 1562/1562/1214 1580/1580/1234 
f 1584/1584/1235 1581/1581/1232 1582/1582/1233 1585/1585/1236 
f 1585/1585/1236 1582/1582/1233 1580/1580/1234 1583/1583/1237 
f 1587/1587/1238 1584/1584/1235 1585/1585/1236 1588/1588/1239 
f 1588/1588/1239 1585/1585/1236 1583/1583/1237 1586/1586/1240 
f 1590/1590/1241 1587/1587/1238 1588/1588/1239 1591/1591/1242 
f 1591/1591/1242 1588/1588/1239 1586/1586/1240 1589/1589/1243 
f 1593/1593/1244 1590/1590/1241 1591/1591/1242 1594/1594/1245 
f 1594/1594/1245 1591/1591/1242 1589/1589/1243 1592/1592/1246 
f 1599/1599/1247 1593/1593/1248 1594/1594/1245 1600/1600/1249 
f 1600/1600/1249 1594/1594/1245 1592/1592/1246 1598/1598/1250 
f 1638/1638/1251 1599/1599/1252 1600/1600/1249 1639/1639/1253 
f 1639/1639/1253 1600/1600/1249 1598/1598/1250 1637/1637/1254 
f 1602/1602/1255 1595/1595/1256 1597/1597/1257 1603/1603/1258 
f 1603/1603/1258 1597/1597/1257 1596/1596/1259 1601/1601/1260 
f 1605/1605/1261 1602/1602/1255 1603/1603/1258 1606/1606/1262 
f 1606/1606/1262 1603/1603/1258 1601/1601/1260 1604/1604/1263 
f 1608/1608/1264 1605/1605/1261 1606/1606/1262 1609/1609/1265 
f 1609/1609/1265 1606/1606/1262 1604/1604/1263 1607/1607/1266 
f 1611/1611/1267 1608/1608/1264 1609/1609/1265 1612/1612/1268 
f 1612/1612/1268 1609/1609/1265 1607/1607/1266 1610/1610/1269 
f 1614/1614/1270 1611/1611/1267 1612/1612/1268 1615/1615/1271 
f 1615/1615/1271 1612/1612/1268 1610/1610/1269 1613/1613/1272 
f 1617/1617/1273 1614/1614/1270 1615/1615/1271 1618/1618/1274 
f 1618/1618/1274 1615/1615/1271 1613/1613/1272 1616/1616/1275 
f 1620/1620/1276 1617/1617/1273 1618/1618/1274 1621/1621/1277 
f 1621/1621/1277 1618/1618/1274 1616/1616/1275 1619/1619/1278 
f 1623/1623/1279 1620/1620/1276 1621/1621/1277 1624/1624/1280 
f 1624/1624/1280 1621/1621/1277 1619/1619/1278 1622/1622/1281 
f 1626/1626/1282 1623/1623/1279 1624/1624/1280 1627/1627/1283 
f 1627/1627/1283 1624/1624/1280 1622/1622/1281 1625/1625/1284 
f 1629/1629/1285 1626/1626/1282 1627/1627/1283 1630/1630/1286 
f 1630/1630/1286 1627/1627/1283 1625/1625/1284 1628/1628/1287 
f 1635/1635/1288 1632/1632/1289 1633/1633/1290 1636/1636/1291 
f 1636/1636/1291 1633/1633/1292 1631/1631/1293 1634/1634/1294 
f 1628/1628/1287 1635/1635/1288 1636/1636/1291 1630/1630/1286 
f 1630/1630/1286 1636/1636/1291 1634/1634/1294 1629/1629/1285 
f 1595/1595/1295 1638/1638/1251 1639/1639/1253 1597/1597/1257 
f 1597/1597/1257 1639/1639/1253 1637/1637/1254 1596/1596/1259 
f 1560/1560/1213 1553/1553/1207 1548/1548/1197 1562/1562/1214 
f 1565/1565/1216 1559/1559/1215 1507/1507/1296 1509/1509/1297 
f 1559/1559/1210 1563/1563/1209 1508/1508/1298 1507/1507/1299 
f 1566/1566/1219 1536/1536/1172 1553/1553/1207 1560/1560/1213 
f 1563/1563/1209 1581/1581/1232 1514/1514/1300 1508/1508/1298 
f 1562/1562/1214 1548/1548/1197 1549/1549/1200 1580/1580/1234 
f 1569/1569/1222 1535/1535/1169 1536/1536/1172 1566/1566/1219 
f 1568/1568/1220 1565/1565/1216 1509/1509/1297 1510/2233/1301 
f 1571/1571/1223 1568/1568/1220 1510/2233/1301 1511/1511/1302 
f 1572/1572/1225 1539/1539/1177 1535/1535/1169 1569/1569/1222 
f 1574/1574/1226 1571/1571/1223 1511/1511/1302 1512/1512/1303 
f 1575/1575/1228 1542/1542/1183 1539/1539/1177 1572/1572/1225 
f 1578/1578/1229 1574/1574/1226 1512/1512/1303 1513/1513/1304 
f 1577/1577/1231 1545/1545/1191 1542/1542/1183 1575/1575/1228 
f 1581/1581/1232 1584/1584/1235 1515/1515/1305 1514/1514/1300 
f 1580/1580/1234 1549/1549/1200 1552/1552/1206 1583/1583/1237 
f 1584/1584/1235 1587/1587/1238 1516/1516/1306 1515/1515/1305 
f 1583/1583/1237 1552/1552/1206 1533/1533/1165 1586/1586/1240 
f 1587/1587/1238 1590/1590/1241 1517/1517/1307 1516/1516/1306 
f 1586/1586/1240 1533/1533/1165 1534/1534/1168 1589/1589/1243 
f 1590/1590/1241 1593/1593/1244 1518/1518/1308 1517/1517/1307 
f 1589/1589/1243 1534/1534/1168 1538/1538/1176 1592/1592/1246 
f 1593/1593/1248 1599/1599/1247 1520/1520/1309 1518/1518/1309 
f 1592/1592/1246 1538/1538/1176 1541/1541/1182 1598/1598/1250 
f 1596/1596/1259 1544/1544/1190 1547/1547/1196 1601/1601/1260 
f 1637/1637/1254 1558/1558/1187 1544/1544/1190 1596/1596/1259 
f 1595/1595/1256 1602/1602/1255 1521/1521/1310 1519/1519/1311 
f 1638/1638/1251 1595/1595/1295 1519/1519/1312 1557/1557/1313 
f 1599/1599/1252 1638/1638/1251 1557/1557/1313 1520/1520/1314 
f 1598/1598/1250 1541/1541/1182 1558/1558/1187 1637/1637/1254 
f 1602/1602/1255 1605/1605/1261 1522/1522/1315 1521/1521/1310 
f 1601/1601/1260 1547/1547/1196 1551/1551/1204 1604/1604/1263 
f 1605/1605/1261 1608/1608/1264 1523/1523/1316 1522/1522/1315 
f 1604/1604/1263 1551/1551/1204 1531/1531/1161 1607/1607/1266 
f 1608/1608/1264 1611/1611/1267 1524/1524/1317 1523/1523/1316 
f 1607/1607/1266 1531/1531/1161 1532/1532/1164 1610/1610/1269 
f 1611/1611/1267 1614/1614/1270 1525/1525/1318 1524/1524/1317 
f 1610/1610/1269 1532/1532/1164 1537/1537/1174 1613/1613/1272 
f 1614/1614/1270 1617/1617/1273 1526/1526/1319 1525/1525/1318 
f 1613/1613/1272 1537/1537/1174 1540/1540/1180 1616/1616/1275 
f 1617/1617/1273 1620/1620/1276 1527/1527/1320 1526/1526/1319 
f 1616/1616/1275 1540/1540/1180 1543/1543/1186 1619/1619/1278 
f 1620/1620/1276 1623/1623/1279 1528/1528/1321 1527/1527/1320 
f 1619/1619/1278 1543/1543/1186 1546/1546/1194 1622/1622/1281 
f 1623/1623/1279 1626/1626/1282 1529/1529/1322 1528/1528/1321 
f 1622/1622/1281 1546/1546/1194 1550/1550/1202 1625/1625/1284 
f 1626/1626/1282 1629/1629/1285 1530/1530/1323 1529/1529/1322 
f 1625/1625/1284 1550/1550/1202 1635/1635/1288 1628/1628/1287 
f 1530/1530/1323 1629/1629/1285 1634/1634/1294 1554/1554/1324 
f 1550/1550/1202 1506/1506/1201 1632/1632/1289 1635/1635/1288 
f 1631/1631/1293 1555/1555/1324 1554/1554/1324 1634/1634/1294 
f 1684/1684/1325 1685/1685/1326 1657/1657/1327 1656/1656/1328 
f 1686/1686/1329 1687/1687/1330 1650/1650/1331 1649/1649/1332 
f 1688/1688/1333 1689/1689/1334 1642/1642/1335 1643/1643/1336 
f 1685/1685/1326 1690/1690/1337 1658/1658/1338 1657/1657/1327 
f 1687/1687/1330 1691/1691/1339 1651/1651/1340 1650/1650/1331 
f 1692/1692/1341 1688/1688/1333 1643/1643/1336 1644/1644/1342 
f 1690/1690/1337 1693/1693/1343 1659/1659/1344 1658/1658/1338 
f 1691/1691/1339 1694/1694/1345 1653/1653/1346 1651/1651/1340 
f 1695/1695/1347 1692/1692/1341 1644/1644/1342 1645/1645/1348 
f 1693/1693/1343 1696/1696/1349 1660/1660/1350 1659/1659/1344 
f 1711/1711/1351 1697/1697/1352 1652/1652/1353 1709/1709/1354 
f 1698/1698/1355 1695/1695/1347 1645/1645/1348 1646/1646/1356 
f 1696/1696/1349 1699/1699/1357 1661/1661/1358 1660/1660/1350 
f 1697/1697/1352 1700/1700/1359 1654/1654/1360 1652/1652/1353 
f 1701/1701/1361 1702/1702/1362 1647/1647/1363 1641/1641/1364 
f 1699/1699/1357 1703/1703/1365 1662/1662/1366 1661/1661/1358 
f 1700/1700/1359 1704/1704/1367 1655/1655/1368 1654/1654/1360 
f 1702/1702/1362 1705/1705/1369 1648/1648/1370 1647/1647/1363 
f 1706/1706/1371 1701/1701/1361 1641/1641/1364 1640/1640/1372 
f 1704/1704/1367 1684/1684/1325 1656/1656/1328 1655/1655/1368 
f 1705/1705/1369 1686/1686/1329 1649/1649/1332 1648/1648/1370 
f 1689/1689/1334 1706/1706/1371 1640/1640/1372 1642/1642/1335 
f 1694/1694/1345 1711/1711/1351 1709/1709/1354 1653/1653/1346 
f 1716/1716/1373 1717/1717/1374 1714/1714/1375 1712/1712/1376 
f 1717/1717/1374 1715/1715/1377 1713/1713/1378 1714/1714/1375 
f 1712/1712/1379 1714/1714/1380 1720/1720/1381 1718/1718/1382 
f 1714/1714/1380 1713/1713/1378 1719/1719/1383 1720/1720/1381 
f 1718/1718/1382 1720/1720/1381 1723/1723/1384 1721/1721/1385 
f 1720/1720/1381 1719/1719/1383 1722/1722/1386 1723/1723/1384 
f 1721/1721/1385 1723/1723/1384 1726/1726/1387 1724/1724/1388 
f 1723/1723/1384 1722/1722/1386 1725/1725/1389 1726/1726/1387 
f 1724/1724/1388 1726/1726/1387 1729/1729/1390 1727/1727/1391 
f 1726/1726/1387 1725/1725/1389 1728/1728/1392 1729/1729/1390 
f 1727/1727/1391 1729/1729/1390 1732/1732/1393 1731/1731/1394 
f 1729/1729/1390 1728/1728/1392 1730/1730/1395 1732/1732/1393 
f 1734/1734/1396 1735/1735/1397 1717/1717/1374 1716/1716/1373 
f 1735/1735/1397 1733/1733/1398 1715/1715/1377 1717/1717/1374 
f 1737/1737/1399 1738/1738/1400 1735/1735/1397 1734/1734/1396 
f 1738/1738/1400 1736/1736/1401 1733/1733/1398 1735/1735/1397 
f 1740/1740/1402 1741/1741/1403 1738/1738/1400 1737/1737/1399 
f 1741/1741/1403 1739/1739/1404 1736/1736/1401 1738/1738/1400 
f 1743/1743/1405 1744/1744/1406 1741/1741/1403 1740/1740/1402 
f 1744/1744/1406 1742/1742/1407 1739/1739/1404 1741/1741/1403 
f 1746/1746/1408 1747/1747/1409 1744/1744/1406 1743/1743/1405 
f 1747/1747/1409 1745/1745/1410 1742/1742/1407 1744/1744/1406 
f 1752/1752/1411 1753/1753/1412 1747/1747/1409 1746/1746/1413 
f 1753/1753/1412 1751/1751/1414 1745/1745/1410 1747/1747/1409 
f 1791/1791/1415 1792/1792/1416 1753/1753/1412 1752/1752/1417 
f 1792/1792/1416 1790/1790/1418 1751/1751/1414 1753/1753/1412 
f 1755/1755/1419 1756/1756/1420 1750/1750/1421 1748/1748/1422 
f 1756/1756/1420 1754/1754/1423 1749/1749/1424 1750/1750/1421 
f 1758/1758/1425 1759/1759/1426 1756/1756/1420 1755/1755/1419 
f 1759/1759/1426 1757/1757/1427 1754/1754/1423 1756/1756/1420 
f 1761/1761/1428 1762/1762/1429 1759/1759/1426 1758/1758/1425 
f 1762/1762/1429 1760/1760/1430 1757/1757/1427 1759/1759/1426 
f 1764/1764/1431 1765/1765/1432 1762/1762/1429 1761/1761/1428 
f 1765/1765/1432 1763/1763/1433 1760/1760/1430 1762/1762/1429 
f 1767/1767/1434 1768/1768/1435 1765/1765/1432 1764/1764/1431 
f 1768/1768/1435 1766/1766/1436 1763/1763/1433 1765/1765/1432 
f 1770/1770/1437 1771/1771/1438 1768/1768/1435 1767/1767/1434 
f 1771/1771/1438 1769/1769/1439 1766/1766/1436 1768/1768/1435 
f 1773/1773/1440 1774/1774/1441 1771/1771/1438 1770/1770/1437 
f 1774/1774/1441 1772/1772/1442 1769/1769/1439 1771/1771/1438 
f 1776/1776/1443 1777/1777/1444 1774/1774/1441 1773/1773/1440 
f 1777/1777/1444 1775/1775/1445 1772/1772/1442 1774/1774/1441 
f 1779/1779/1446 1780/1780/1447 1777/1777/1444 1776/1776/1443 
f 1780/1780/1447 1778/1778/1448 1775/1775/1445 1777/1777/1444 
f 1782/1782/1449 1783/1783/1450 1780/1780/1447 1779/1779/1446 
f 1783/1783/1450 1781/1781/1451 1778/1778/1448 1780/1780/1447 
f 1788/1788/1452 1789/1789/1453 1786/1786/1454 1785/1785/1455 
f 1789/1789/1453 1787/1787/1456 1784/1784/1457 1786/1786/1458 
f 1781/1781/1451 1783/1783/1450 1789/1789/1453 1788/1788/1452 
f 1783/1783/1450 1782/1782/1449 1787/1787/1456 1789/1789/1453 
f 1748/1748/1459 1750/1750/1421 1792/1792/1416 1791/1791/1415 
f 1750/1750/1421 1749/1749/1424 1790/1790/1418 1792/1792/1416 
f 1713/1713/1378 1715/1715/1377 1701/1701/1361 1706/1706/1371 
f 1718/1718/1382 1665/1665/1460 1663/1663/1296 1712/1712/1379 
f 1712/1712/1376 1663/1663/1299 1664/1664/1298 1716/1716/1373 
f 1719/1719/1383 1713/1713/1378 1706/1706/1371 1689/1689/1334 
f 1716/1716/1373 1664/1664/1298 1667/1667/1300 1734/1734/1396 
f 1715/1715/1377 1733/1733/1398 1702/1702/1362 1701/1701/1361 
f 1722/1722/1386 1719/1719/1383 1689/1689/1334 1688/1688/1333 
f 1721/1721/1385 1510/1510/1301 1665/1665/1460 1718/1718/1382 
f 1724/1724/1388 1511/2234/1302 1510/1510/1301 1721/1721/1385 
f 1725/1725/1389 1722/1722/1386 1688/1688/1333 1692/1692/1341 
f 1727/1727/1391 1512/2235/1303 1511/2234/1302 1724/1724/1388 
f 1728/1728/1392 1725/1725/1389 1692/1692/1341 1695/1695/1347 
f 1731/1731/1394 1666/1666/1461 1512/2235/1303 1727/1727/1391 
f 1730/1730/1395 1728/1728/1392 1695/1695/1347 1698/1698/1355 
f 1734/1734/1396 1667/1667/1300 1668/1668/1305 1737/1737/1399 
f 1733/1733/1398 1736/1736/1401 1705/1705/1369 1702/1702/1362 
f 1737/1737/1399 1668/1668/1305 1669/1669/1306 1740/1740/1402 
f 1736/1736/1401 1739/1739/1404 1686/1686/1329 1705/1705/1369 
f 1740/1740/1402 1669/1669/1306 1670/1670/1462 1743/1743/1405 
f 1739/1739/1404 1742/1742/1407 1687/1687/1330 1686/1686/1329 
f 1743/1743/1405 1670/1670/1462 1671/1671/1463 1746/1746/1408 
f 1742/1742/1407 1745/1745/1410 1691/1691/1339 1687/1687/1330 
f 1746/1746/1413 1671/1671/1464 1673/1673/1464 1752/1752/1411 
f 1745/1745/1410 1751/1751/1414 1694/1694/1345 1691/1691/1339 
f 1749/1749/1424 1754/1754/1423 1700/1700/1359 1697/1697/1352 
f 1790/1790/1418 1749/1749/1424 1697/1697/1352 1711/1711/1351 
f 1748/1748/1422 1672/1672/1311 1674/1674/1310 1755/1755/1419 
f 1791/1791/1415 1710/1710/1465 1672/1672/1466 1748/1748/1459 
f 1752/1752/1417 1673/1673/1467 1710/1710/1465 1791/1791/1415 
f 1751/1751/1414 1790/1790/1418 1711/1711/1351 1694/1694/1345 
f 1755/1755/1419 1674/1674/1310 1675/1675/1315 1758/1758/1425 
f 1754/1754/1423 1757/1757/1427 1704/1704/1367 1700/1700/1359 
f 1758/1758/1425 1675/1675/1315 1676/1676/1316 1761/1761/1428 
f 1757/1757/1427 1760/1760/1430 1684/1684/1325 1704/1704/1367 
f 1761/1761/1428 1676/1676/1316 1677/1677/1317 1764/1764/1431 
f 1760/1760/1430 1763/1763/1433 1685/1685/1326 1684/1684/1325 
f 1764/1764/1431 1677/1677/1317 1678/1678/1318 1767/1767/1434 
f 1763/1763/1433 1766/1766/1436 1690/1690/1337 1685/1685/1326 
f 1767/1767/1434 1678/1678/1318 1679/1679/1319 1770/1770/1437 
f 1766/1766/1436 1769/1769/1439 1693/1693/1343 1690/1690/1337 
f 1770/1770/1437 1679/1679/1319 1680/1680/1320 1773/1773/1440 
f 1769/1769/1439 1772/1772/1442 1696/1696/1349 1693/1693/1343 
f 1773/1773/1440 1680/1680/1320 1681/1681/1321 1776/1776/1443 
f 1772/1772/1442 1775/1775/1445 1699/1699/1357 1696/1696/1349 
f 1776/1776/1443 1681/1681/1321 1682/1682/1322 1779/1779/1446 
f 1775/1775/1445 1778/1778/1448 1703/1703/1365 1699/1699/1357 
f 1779/1779/1446 1682/1682/1322 1683/1683/1323 1782/1782/1449 
f 1778/1778/1448 1781/1781/1451 1788/1788/1452 1703/1703/1365 
f 1683/1683/1323 1707/1707/1324 1787/1787/1456 1782/1782/1449 
f 1703/1703/1365 1788/1788/1452 1785/1785/1455 1662/1662/1366 
f 1784/1784/1457 1787/1787/1456 1707/1707/1324 1708/1708/1324 
f 1817/1817/1468 1818/1818/1469 1501/1501/1163 1500/1500/1162 
f 1819/1819/1470 1820/1820/1471 1494/1494/1167 1493/1493/1166 
f 1821/1821/1472 1822/1822/1473 1486/1486/1171 1487/1487/1170 
f 1818/1818/1469 1823/1823/1474 1502/1502/1173 1501/1501/1163 
f 1820/1820/1471 1824/1824/1475 1495/1495/1175 1494/1494/1167 
f 1825/1825/1476 1821/1821/1472 1487/1487/1170 1488/1488/1178 
f 1823/1823/1474 1826/1826/1477 1503/1503/1179 1502/1502/1173 
f 1824/1824/1475 1827/1827/1478 1497/1497/1181 1495/1495/1175 
f 1828/1828/1479 1825/1825/1476 1488/1488/1178 1489/1489/1184 
f 1826/1826/1477 1829/1829/1480 1504/1504/1185 1503/1503/1179 
f 1842/1842/1481 1830/1830/1482 1496/1496/1189 1556/1556/1188 
f 1831/1831/1483 1828/1828/1479 1489/1489/1184 1490/1490/1192 
f 1829/1829/1480 1832/1832/1484 1505/1505/1193 1504/1504/1185 
f 1830/1830/1482 1833/1833/1485 1498/1498/1195 1496/1496/1189 
f 1834/1834/1486 1835/1835/1487 1491/1491/1199 1485/1485/1198 
f 1832/1832/1484 1836/1836/1488 1506/1506/1201 1505/1505/1193 
f 1833/1833/1485 1837/1837/1489 1499/1499/1203 1498/1498/1195 
f 1835/1835/1487 1838/1838/1490 1492/1492/1205 1491/1491/1199 
f 1839/1839/1491 1834/1834/1486 1485/1485/1198 1484/1484/1208 
f 1837/1837/1489 1817/1817/1468 1500/1500/1162 1499/1499/1203 
f 1838/1838/1490 1819/1819/1470 1493/1493/1166 1492/1492/1205 
f 1822/1822/1473 1839/1839/1491 1484/1484/1208 1486/1486/1171 
f 1827/1827/1478 1842/1842/1481 1556/1556/1188 1497/1497/1181 
f 1847/1847/1492 1848/1848/1493 1845/1845/1494 1843/1843/1495 
f 1848/1848/1493 1846/1846/1496 1844/1844/1497 1845/1845/1494 
f 1843/1843/1498 1845/1845/1499 1851/1851/1500 1849/1849/1501 
f 1845/1845/1499 1844/1844/1497 1850/1850/1502 1851/1851/1500 
f 1849/1849/1501 1851/1851/1500 1854/1854/1503 1852/1852/1504 
f 1851/1851/1500 1850/1850/1502 1853/1853/1505 1854/1854/1503 
f 1852/1852/1504 1854/1854/1503 1857/1857/1506 1855/1855/1507 
f 1854/1854/1503 1853/1853/1505 1856/1856/1508 1857/1857/1506 
f 1855/1855/1507 1857/1857/1506 1860/1860/1509 1858/1858/1510 
f 1857/1857/1506 1856/1856/1508 1859/1859/1511 1860/1860/1509 
f 1858/1858/1510 1860/1860/1509 1863/1863/1512 1862/1862/1513 
f 1860/1860/1509 1859/1859/1511 1861/1861/1514 1863/1863/1512 
f 1865/1865/1515 1866/1866/1516 1848/1848/1493 1847/1847/1492 
f 1866/1866/1516 1864/1864/1517 1846/1846/1496 1848/1848/1493 
f 1868/1868/1518 1869/1869/1519 1866/1866/1516 1865/1865/1515 
f 1869/1869/1519 1867/1867/1520 1864/1864/1517 1866/1866/1516 
f 1871/1871/1521 1872/1872/1522 1869/1869/1519 1868/1868/1518 
f 1872/1872/1522 1870/1870/1523 1867/1867/1520 1869/1869/1519 
f 1874/1874/1524 1875/1875/1525 1872/1872/1522 1871/1871/1521 
f 1875/1875/1525 1873/1873/1526 1870/1870/1523 1872/1872/1522 
f 1877/1877/1527 1878/1878/1528 1875/1875/1525 1874/1874/1524 
f 1878/1878/1528 1876/1876/1529 1873/1873/1526 1875/1875/1525 
f 1883/1883/1530 1884/1884/1531 1878/1878/1528 1877/1877/1532 
f 1884/1884/1531 1882/1882/1533 1876/1876/1529 1878/1878/1528 
f 1919/1919/1534 1920/1920/1535 1884/1884/1531 1883/1883/1536 
f 1920/1920/1535 1918/1918/1537 1882/1882/1533 1884/1884/1531 
f 1886/1886/1538 1887/1887/1539 1881/1881/1540 1879/1879/1541 
f 1887/1887/1539 1885/1885/1542 1880/1880/1543 1881/1881/1540 
f 1889/1889/1544 1890/1890/1545 1887/1887/1539 1886/1886/1538 
f 1890/1890/1545 1888/1888/1546 1885/1885/1542 1887/1887/1539 
f 1892/1892/1547 1893/1893/1548 1890/1890/1545 1889/1889/1544 
f 1893/1893/1548 1891/1891/1549 1888/1888/1546 1890/1890/1545 
f 1895/1895/1550 1896/1896/1551 1893/1893/1548 1892/1892/1547 
f 1896/1896/1551 1894/1894/1552 1891/1891/1549 1893/1893/1548 
f 1898/1898/1553 1899/1899/1554 1896/1896/1551 1895/1895/1550 
f 1899/1899/1554 1897/1897/1555 1894/1894/1552 1896/1896/1551 
f 1901/1901/1556 1902/1902/1557 1899/1899/1554 1898/1898/1553 
f 1902/1902/1557 1900/1900/1558 1897/1897/1555 1899/1899/1554 
f 1904/1904/1559 1905/1905/1560 1902/1902/1557 1901/1901/1556 
f 1905/1905/1560 1903/1903/1561 1900/1900/1558 1902/1902/1557 
f 1907/1907/1562 1908/1908/1563 1905/1905/1560 1904/1904/1559 
f 1908/1908/1563 1906/1906/1564 1903/1903/1561 1905/1905/1560 
f 1910/1910/1565 1911/1911/1566 1908/1908/1563 1907/1907/1562 
f 1911/1911/1566 1909/1909/1567 1906/1906/1564 1908/1908/1563 
f 1913/1913/1568 1914/1914/1569 1911/1911/1566 1910/1910/1565 
f 1914/1914/1569 1912/1912/1570 1909/1909/1567 1911/1911/1566 
f 1916/1916/1571 1917/1917/1572 1633/1633/1290 1632/1632/1289 
f 1917/1917/1572 1915/1915/1573 1631/1631/1574 1633/1633/1575 
f 1912/1912/1570 1914/1914/1569 1917/1917/1572 1916/1916/1571 
f 1914/1914/1569 1913/1913/1568 1915/1915/1573 1917/1917/1572 
f 1879/1879/1576 1881/1881/1540 1920/1920/1535 1919/1919/1534 
f 1881/1881/1540 1880/1880/1543 1918/1918/1537 1920/1920/1535 
f 1844/1844/1497 1846/1846/1496 1834/1834/1486 1839/1839/1491 
f 1849/1849/1501 1795/1795/1577 1793/1793/1578 1843/1843/1498 
f 1843/1843/1495 1793/1793/1579 1794/1794/1580 1847/1847/1492 
f 1850/1850/1502 1844/1844/1497 1839/1839/1491 1822/1822/1473 
f 1847/1847/1492 1794/1794/1580 1800/1800/1581 1865/1865/1515 
f 1846/1846/1496 1864/1864/1517 1835/1835/1487 1834/1834/1486 
f 1853/1853/1505 1850/1850/1502 1822/1822/1473 1821/1821/1472 
f 1852/1852/1504 1796/1796/1582 1795/1795/1577 1849/1849/1501 
f 1855/1855/1507 1797/1797/1583 1796/1796/1582 1852/1852/1504 
f 1856/1856/1508 1853/1853/1505 1821/1821/1472 1825/1825/1476 
f 1858/1858/1510 1798/2203/1584 1797/1797/1583 1855/1855/1507 
f 1859/1859/1511 1856/1856/1508 1825/1825/1476 1828/1828/1479 
f 1862/1862/1513 1799/1799/1585 1798/2203/1584 1858/1858/1510 
f 1861/1861/1514 1859/1859/1511 1828/1828/1479 1831/1831/1483 
f 1865/1865/1515 1800/1800/1581 1801/1801/1586 1868/1868/1518 
f 1864/1864/1517 1867/1867/1520 1838/1838/1490 1835/1835/1487 
f 1868/1868/1518 1801/1801/1586 1802/1802/1587 1871/1871/1521 
f 1867/1867/1520 1870/1870/1523 1819/1819/1470 1838/1838/1490 
f 1871/1871/1521 1802/1802/1587 1803/1803/1588 1874/1874/1524 
f 1870/1870/1523 1873/1873/1526 1820/1820/1471 1819/1819/1470 
f 1874/1874/1524 1803/1803/1588 1804/1804/1589 1877/1877/1527 
f 1873/1873/1526 1876/1876/1529 1824/1824/1475 1820/1820/1471 
f 1877/1877/1532 1804/1804/1590 1806/1806/1590 1883/1883/1530 
f 1876/1876/1529 1882/1882/1533 1827/1827/1478 1824/1824/1475 
f 1880/1880/1543 1885/1885/1542 1833/1833/1485 1830/1830/1482 
f 1918/1918/1537 1880/1880/1543 1830/1830/1482 1842/1842/1481 
f 1879/1879/1541 1805/1805/1591 1807/1807/1592 1886/1886/1538 
f 1919/1919/1534 1841/1841/1593 1805/1805/1594 1879/1879/1576 
f 1883/1883/1536 1806/1806/1595 1841/1841/1593 1919/1919/1534 
f 1882/1882/1533 1918/1918/1537 1842/1842/1481 1827/1827/1478 
f 1886/1886/1538 1807/1807/1592 1808/1808/1596 1889/1889/1544 
f 1885/1885/1542 1888/1888/1546 1837/1837/1489 1833/1833/1485 
f 1889/1889/1544 1808/1808/1596 1809/1809/1597 1892/1892/1547 
f 1888/1888/1546 1891/1891/1549 1817/1817/1468 1837/1837/1489 
f 1892/1892/1547 1809/1809/1597 1810/1810/1598 1895/1895/1550 
f 1891/1891/1549 1894/1894/1552 1818/1818/1469 1817/1817/1468 
f 1895/1895/1550 1810/1810/1598 1811/1811/1599 1898/1898/1553 
f 1894/1894/1552 1897/1897/1555 1823/1823/1474 1818/1818/1469 
f 1898/1898/1553 1811/1811/1599 1812/1812/1600 1901/1901/1556 
f 1897/1897/1555 1900/1900/1558 1826/1826/1477 1823/1823/1474 
f 1901/1901/1556 1812/1812/1600 1813/1813/1601 1904/1904/1559 
f 1900/1900/1558 1903/1903/1561 1829/1829/1480 1826/1826/1477 
f 1904/1904/1559 1813/1813/1601 1814/1814/1602 1907/1907/1562 
f 1903/1903/1561 1906/1906/1564 1832/1832/1484 1829/1829/1480 
f 1907/1907/1562 1814/1814/1602 1815/1815/1603 1910/1910/1565 
f 1906/1906/1564 1909/1909/1567 1836/1836/1488 1832/1832/1484 
f 1910/1910/1565 1815/1815/1603 1816/1816/1604 1913/1913/1568 
f 1909/1909/1567 1912/1912/1570 1916/1916/1571 1836/1836/1488 
f 1816/1816/1604 1840/1840/1605 1915/1915/1573 1913/1913/1568 
f 1836/1836/1488 1916/1916/1571 1632/1632/1289 1506/1506/1201 
f 1631/1631/1574 1915/1915/1573 1840/1840/1605 1555/1555/1605 
f 1942/1942/1606 1656/1656/1328 1657/1657/1327 1943/1943/1607 
f 1944/1944/1608 1649/1649/1332 1650/1650/1331 1945/1945/1609 
f 1946/1946/1610 1643/1643/1336 1642/1642/1335 1947/1947/1611 
f 1943/1943/1607 1657/1657/1327 1658/1658/1338 1948/1948/1612 
f 1945/1945/1609 1650/1650/1331 1651/1651/1340 1949/1949/1613 
f 1950/1950/1614 1644/1644/1342 1643/1643/1336 1946/1946/1610 
f 1948/1948/1612 1658/1658/1338 1659/1659/1344 1951/1951/1615 
f 1949/1949/1613 1651/1651/1340 1653/1653/1346 1952/1952/1616 
f 1953/1953/1617 1645/1645/1348 1644/1644/1342 1950/1950/1614 
f 1951/1951/1615 1659/1659/1344 1660/1660/1350 1954/1954/1618 
f 1967/1967/1619 1709/1709/1354 1652/1652/1353 1955/1955/1620 
f 1956/1956/1621 1646/1646/1356 1645/1645/1348 1953/1953/1617 
f 1954/1954/1618 1660/1660/1350 1661/1661/1358 1957/1957/1622 
f 1955/1955/1620 1652/1652/1353 1654/1654/1360 1958/1958/1623 
f 1959/1959/1624 1641/1641/1364 1647/1647/1363 1960/1960/1625 
f 1957/1957/1622 1661/1661/1358 1662/1662/1366 1961/1961/1626 
f 1958/1958/1623 1654/1654/1360 1655/1655/1368 1962/1962/1627 
f 1960/1960/1625 1647/1647/1363 1648/1648/1370 1963/1963/1628 
f 1964/1964/1629 1640/1640/1372 1641/1641/1364 1959/1959/1624 
f 1962/1962/1627 1655/1655/1368 1656/1656/1328 1942/1942/1606 
f 1963/1963/1628 1648/1648/1370 1649/1649/1332 1944/1944/1608 
f 1947/1947/1611 1642/1642/1335 1640/1640/1372 1964/1964/1629 
f 1952/1952/1616 1653/1653/1346 1709/1709/1354 1967/1967/1619 
f 1972/1972/1630 1968/1968/1631 1970/1970/1632 1973/1973/1633 
f 1973/1973/1633 1970/1970/1632 1969/1969/1634 1971/1971/1635 
f 1968/1968/1636 1974/1974/1637 1976/1976/1638 1970/1970/1639 
f 1970/1970/1639 1976/1976/1638 1975/1975/1640 1969/1969/1634 
f 1974/1974/1637 1977/1977/1641 1979/1979/1642 1976/1976/1638 
f 1976/1976/1638 1979/1979/1642 1978/1978/1643 1975/1975/1640 
f 1977/1977/1641 1980/1980/1644 1982/1982/1645 1979/1979/1642 
f 1979/1979/1642 1982/1982/1645 1981/1981/1646 1978/1978/1643 
f 1980/1980/1644 1983/1983/1647 1985/1985/1648 1982/1982/1645 
f 1982/1982/1645 1985/1985/1648 1984/1984/1649 1981/1981/1646 
f 1983/1983/1647 1987/1987/1650 1988/1988/1651 1985/1985/1648 
f 1985/1985/1648 1988/1988/1651 1986/1986/1652 1984/1984/1649 
f 1990/1990/1653 1972/1972/1630 1973/1973/1633 1991/1991/1654 
f 1991/1991/1654 1973/1973/1633 1971/1971/1635 1989/1989/1655 
f 1993/1993/1656 1990/1990/1653 1991/1991/1654 1994/1994/1657 
f 1994/1994/1657 1991/1991/1654 1989/1989/1655 1992/1992/1658 
f 1996/1996/1659 1993/1993/1656 1994/1994/1657 1997/1997/1660 
f 1997/1997/1660 1994/1994/1657 1992/1992/1658 1995/1995/1661 
f 1999/1999/1662 1996/1996/1659 1997/1997/1660 2000/2000/1663 
f 2000/2000/1663 1997/1997/1660 1995/1995/1661 1998/1998/1664 
f 2002/2002/1665 1999/1999/1662 2000/2000/1663 2003/2003/1666 
f 2003/2003/1666 2000/2000/1663 1998/1998/1664 2001/2001/1667 
f 2008/2008/1668 2002/2002/1669 2003/2003/1666 2009/2009/1670 
f 2009/2009/1670 2003/2003/1666 2001/2001/1667 2007/2007/1671 
f 2044/2044/1672 2008/2008/1673 2009/2009/1670 2045/2045/1674 
f 2045/2045/1674 2009/2009/1670 2007/2007/1671 2043/2043/1675 
f 2011/2011/1676 2004/2004/1677 2006/2006/1678 2012/2012/1679 
f 2012/2012/1679 2006/2006/1678 2005/2005/1680 2010/2010/1681 
f 2014/2014/1682 2011/2011/1676 2012/2012/1679 2015/2015/1683 
f 2015/2015/1683 2012/2012/1679 2010/2010/1681 2013/2013/1684 
f 2017/2017/1685 2014/2014/1682 2015/2015/1683 2018/2018/1686 
f 2018/2018/1686 2015/2015/1683 2013/2013/1684 2016/2016/1687 
f 2020/2020/1688 2017/2017/1685 2018/2018/1686 2021/2021/1689 
f 2021/2021/1689 2018/2018/1686 2016/2016/1687 2019/2019/1690 
f 2023/2023/1691 2020/2020/1688 2021/2021/1689 2024/2024/1692 
f 2024/2024/1692 2021/2021/1689 2019/2019/1690 2022/2022/1693 
f 2026/2026/1694 2023/2023/1691 2024/2024/1692 2027/2027/1695 
f 2027/2027/1695 2024/2024/1692 2022/2022/1693 2025/2025/1696 
f 2029/2029/1697 2026/2026/1694 2027/2027/1695 2030/2030/1698 
f 2030/2030/1698 2027/2027/1695 2025/2025/1696 2028/2028/1699 
f 2032/2032/1700 2029/2029/1697 2030/2030/1698 2033/2033/1701 
f 2033/2033/1701 2030/2030/1698 2028/2028/1699 2031/2031/1702 
f 2035/2035/1703 2032/2032/1700 2033/2033/1701 2036/2036/1704 
f 2036/2036/1704 2033/2033/1701 2031/2031/1702 2034/2034/1705 
f 2038/2038/1706 2035/2035/1703 2036/2036/1704 2039/2039/1707 
f 2039/2039/1707 2036/2036/1704 2034/2034/1705 2037/2037/1708 
f 2041/2041/1709 1785/1785/1455 1786/1786/1454 2042/2042/1710 
f 2042/2042/1710 1786/1786/1711 1784/1784/1712 2040/2040/1713 
f 2037/2037/1708 2041/2041/1709 2042/2042/1710 2039/2039/1707 
f 2039/2039/1707 2042/2042/1710 2040/2040/1713 2038/2038/1706 
f 2004/2004/1714 2044/2044/1672 2045/2045/1674 2006/2006/1678 
f 2006/2006/1678 2045/2045/1674 2043/2043/1675 2005/2005/1680 
f 1969/1969/1634 1964/1964/1629 1959/1959/1624 1971/1971/1635 
f 1974/1974/1637 1968/1968/1636 1921/1921/1578 1923/1923/1715 
f 1968/1968/1631 1972/1972/1630 1922/1922/1580 1921/1921/1579 
f 1975/1975/1640 1947/1947/1611 1964/1964/1629 1969/1969/1634 
f 1972/1972/1630 1990/1990/1653 1925/1925/1581 1922/1922/1580 
f 1971/1971/1635 1959/1959/1624 1960/1960/1625 1989/1989/1655 
f 1978/1978/1643 1946/1946/1610 1947/1947/1611 1975/1975/1640 
f 1977/1977/1641 1974/1974/1637 1923/1923/1715 1796/2237/1582 
f 1980/1980/1644 1977/1977/1641 1796/2237/1582 1797/2236/1583 
f 1981/1981/1646 1950/1950/1614 1946/1946/1610 1978/1978/1643 
f 1983/1983/1647 1980/1980/1644 1797/2236/1583 1798/1798/1584 
f 1984/1984/1649 1953/1953/1617 1950/1950/1614 1981/1981/1646 
f 1987/1987/1650 1983/1983/1647 1798/1798/1584 1924/1924/1716 
f 1986/1986/1652 1956/1956/1621 1953/1953/1617 1984/1984/1649 
f 1990/1990/1653 1993/1993/1656 1926/1926/1586 1925/1925/1581 
f 1989/1989/1655 1960/1960/1625 1963/1963/1628 1992/1992/1658 
f 1993/1993/1656 1996/1996/1659 1927/1927/1587 1926/1926/1586 
f 1992/1992/1658 1963/1963/1628 1944/1944/1608 1995/1995/1661 
f 1996/1996/1659 1999/1999/1662 1928/1928/1717 1927/1927/1587 
f 1995/1995/1661 1944/1944/1608 1945/1945/1609 1998/1998/1664 
f 1999/1999/1662 2002/2002/1665 1929/1929/1718 1928/1928/1717 
f 1998/1998/1664 1945/1945/1609 1949/1949/1613 2001/2001/1667 
f 2002/2002/1669 2008/2008/1668 1931/1931/1719 1929/1929/1719 
f 2001/2001/1667 1949/1949/1613 1952/1952/1616 2007/2007/1671 
f 2005/2005/1680 1955/1955/1620 1958/1958/1623 2010/2010/1681 
f 2043/2043/1675 1967/1967/1619 1955/1955/1620 2005/2005/1680 
f 2004/2004/1677 2011/2011/1676 1932/1932/1592 1930/1930/1591 
f 2044/2044/1672 2004/2004/1714 1930/1930/1720 1966/1966/1721 
f 2008/2008/1673 2044/2044/1672 1966/1966/1721 1931/1931/1722 
f 2007/2007/1671 1952/1952/1616 1967/1967/1619 2043/2043/1675 
f 2011/2011/1676 2014/2014/1682 1933/1933/1596 1932/1932/1592 
f 2010/2010/1681 1958/1958/1623 1962/1962/1627 2013/2013/1684 
f 2014/2014/1682 2017/2017/1685 1934/1934/1597 1933/1933/1596 
f 2013/2013/1684 1962/1962/1627 1942/1942/1606 2016/2016/1687 
f 2017/2017/1685 2020/2020/1688 1935/1935/1598 1934/1934/1597 
f 2016/2016/1687 1942/1942/1606 1943/1943/1607 2019/2019/1690 
f 2020/2020/1688 2023/2023/1691 1936/1936/1599 1935/1935/1598 
f 2019/2019/1690 1943/1943/1607 1948/1948/1612 2022/2022/1693 
f 2023/2023/1691 2026/2026/1694 1937/1937/1600 1936/1936/1599 
f 2022/2022/1693 1948/1948/1612 1951/1951/1615 2025/2025/1696 
f 2026/2026/1694 2029/2029/1697 1938/1938/1601 1937/1937/1600 
f 2025/2025/1696 1951/1951/1615 1954/1954/1618 2028/2028/1699 
f 2029/2029/1697 2032/2032/1700 1939/1939/1602 1938/1938/1601 
f 2028/2028/1699 1954/1954/1618 1957/1957/1622 2031/2031/1702 
f 2032/2032/1700 2035/2035/1703 1940/1940/1603 1939/1939/1602 
f 2031/2031/1702 1957/1957/1622 1961/1961/1626 2034/2034/1705 
f 2035/2035/1703 2038/2038/1706 1941/1941/1604 1940/1940/1603 
f 2034/2034/1705 1961/1961/1626 2041/2041/1709 2037/2037/1708 
f 1941/1941/1604 2038/2038/1706 2040/2040/1713 1965/1965/1605 
f 1961/1961/1626 1662/1662/1366 1785/1785/1455 2041/2041/1709 
f 1784/1784/1712 1708/1708/1605 1965/1965/1605 2040/2040/1713 
#end 1808 faces

#ZOMPROPERTIES_04{
#ZOMPROPERTIES_04 table {Mesh table {SymPlane table {Point vector3d 0 0 0 Normal vector3d 1 0 0 Threshold double 0.01 
#ZOMPROPERTIES_04 Enabled bool false EdgeID int -1 SymEdgeID int -1 UPos double 0.5 LocalMode bool false } RootGroup C
#ZOMPROPERTIES_04 SubMeshGroup {Children table {Tile_0_0 CSubMeshGroup {Children table {G0 CSubMeshGroup {Children tab
#ZOMPROPERTIES_04 le {} BBoxUV box3d 0.827818 0.954071 0.0125287 0.181888 0 0 BBox3D box3d 0 0 0 0 0 0 Area3D double 0
#ZOMPROPERTIES_04  AreaUV double 0.0650206 IsRoot bool false Properties table {Selected bool false Box box3d 0.827818 
#ZOMPROPERTIES_04 0.954071 0.0125287 0.181888 0 0 U int 0 V int 0 NU int 0 NV int 0 Tiling vector3d 1 1 1 TileRatioMod
#ZOMPROPERTIES_04 e string "1:1" Overflow string "Off" Pack table {BoxFrameEdit bool false Behavior string "Free" } } 
#ZOMPROPERTIES_04 IsTile bool false PolyIDs ints { 512 562 540 542 543 557 560 513 515 561 549 531 517 518 516 523 548
#ZOMPROPERTIES_04  546 533 532 547 522 552 525 524 551 514 550 563 536 537 530 544 545 541 553 528 529 554 556 527 526
#ZOMPROPERTIES_04  538 558 539 555 519 521 520 534 559 535 564 614 592 593 597 613 612 609 595 572 571 578 607 590 610
#ZOMPROPERTIES_04  591 611 608 579 573 587 581 606 580 605 565 586 594 567 599 601 574 584 585 598 600 575 568 570 588
#ZOMPROPERTIES_04  589 577 604 576 603 566 602 615 582 596 583 569 616 666 644 646 647 661 664 617 619 665 653 635 621
#ZOMPROPERTIES_04  622 620 627 652 650 637 636 651 626 656 629 628 655 618 654 667 640 641 634 648 649 645 657 632 633
#ZOMPROPERTIES_04  658 660 631 630 642 662 643 659 623 625 624 638 663 639 668 718 696 697 701 717 716 713 699 676 675
#ZOMPROPERTIES_04  682 711 694 714 695 715 712 683 677 691 685 710 684 709 669 690 698 671 703 705 678 688 689 702 704
#ZOMPROPERTIES_04  679 672 674 692 693 681 708 680 707 670 706 719 686 700 687 673 } } G1 CSubMeshGroup {Children tabl
#ZOMPROPERTIES_04 e {} BBoxUV box3d 0.679014 0.78825 0.00932833 0.230985 0 0 BBox3D box3d 0 0 0 0 0 0 Area3D double 0 
#ZOMPROPERTIES_04 AreaUV double 0.0722451 IsRoot bool false Properties table {Selected bool false Box box3d 0.679014 0
#ZOMPROPERTIES_04 .78825 0.00932833 0.230985 0 0 U int 0 V int 0 NU int 0 NV int 0 Tiling vector3d 1 1 1 TileRatioMode
#ZOMPROPERTIES_04  string "1:1" Overflow string "Off" Pack table {BoxFrameEdit bool false Behavior string "Free" } } I
#ZOMPROPERTIES_04 sTile bool false PolyIDs ints { 720 770 748 749 753 769 768 765 742 736 761 737 743 764 735 734 746 
#ZOMPROPERTIES_04 766 775 783 781 784 779 782 780 778 722 759 758 771 738 726 724 725 730 757 755 723 740 741 754 756 
#ZOMPROPERTIES_04 731 760 733 773 787 785 786 777 774 732 744 745 739 752 772 776 747 763 727 728 751 750 729 767 762 
#ZOMPROPERTIES_04 721 788 838 816 818 795 796 797 803 802 814 834 843 851 849 852 847 850 848 846 790 827 826 839 806 
#ZOMPROPERTIES_04 794 792 793 798 825 823 791 837 821 820 817 819 833 810 804 829 805 811 830 832 789 836 807 808 809 
#ZOMPROPERTIES_04 822 824 799 828 801 841 855 853 854 845 842 800 812 813 840 844 815 831 835 856 906 884 885 889 905 
#ZOMPROPERTIES_04 904 901 878 872 897 873 879 900 871 870 882 902 911 919 917 920 915 918 916 914 858 895 894 907 874 
#ZOMPROPERTIES_04 862 860 861 866 893 891 859 876 877 890 892 867 896 869 909 923 921 922 913 910 868 880 881 875 888 
#ZOMPROPERTIES_04 908 912 883 899 863 864 887 886 865 903 898 857 924 974 952 954 931 932 933 939 938 950 970 979 987 
#ZOMPROPERTIES_04 985 988 983 986 984 982 926 963 962 975 942 930 928 929 934 961 959 927 973 957 956 953 955 969 946 
#ZOMPROPERTIES_04 940 965 941 947 966 968 925 972 943 944 945 958 960 935 964 937 977 991 989 990 981 978 936 948 949 
#ZOMPROPERTIES_04 976 980 951 967 971 } } G3 CSubMeshGroup {Children table {} BBoxUV box3d 0.00390625 0.0778858 0.0039
#ZOMPROPERTIES_04 0625 0.996094 0 0 BBox3D box3d 0 0 0 0 0 0 Area3D double 0 AreaUV double 0.105698 IsRoot bool false 
#ZOMPROPERTIES_04 Properties table {Selected bool false Box box3d 0.00390625 0.0778858 0.00390625 0.996094 0 0 U int 0
#ZOMPROPERTIES_04  V int 0 NU int 0 NV int 0 Tiling vector3d 1 1 1 TileRatioMode string "1:1" Overflow string "Off" Pa
#ZOMPROPERTIES_04 ck table {BoxFrameEdit bool false Behavior string "Free" } } IsTile bool false PolyIDs ints { 1164 1
#ZOMPROPERTIES_04 170 1171 1206 1207 1208 1209 1230 1228 1231 1227 1226 1224 1225 1229 1223 1233 1232 1210 1211 1212 1
#ZOMPROPERTIES_04 213 1214 1215 1216 1217 1182 1181 1183 1184 1219 1218 1220 1221 1186 1185 1180 1179 1178 1177 1176 1
#ZOMPROPERTIES_04 175 1197 1198 1188 1192 1191 1194 1189 1190 1193 1187 1195 1196 1222 1174 1173 1172 1205 1199 1165 1
#ZOMPROPERTIES_04 200 1201 1166 1167 1168 1203 1202 1204 1169 1234 1240 1241 1242 1243 1244 1265 1263 1266 1262 1261 1
#ZOMPROPERTIES_04 259 1260 1264 1258 1268 1267 1245 1246 1247 1248 1249 1250 1251 1252 1287 1286 1288 1289 1254 1253 1
#ZOMPROPERTIES_04 255 1256 1291 1290 1285 1284 1283 1282 1281 1280 1302 1303 1293 1297 1296 1299 1294 1295 1298 1292 1
#ZOMPROPERTIES_04 300 1301 1257 1279 1278 1277 1276 1275 1269 1270 1271 1236 1235 1237 1238 1273 1272 1274 1239 } } G2
#ZOMPROPERTIES_04  CSubMeshGroup {Children table {} BBoxUV box3d 0.101522 0.468062 0.401225 0.880337 0 0 BBox3D box3d 
#ZOMPROPERTIES_04 0 0 0 0 0 0 Area3D double 0 AreaUV double 0.184213 IsRoot bool false Properties table {Selected bool
#ZOMPROPERTIES_04  false Box box3d 0.101522 0.468062 0.401225 0.880337 0 0 U int 0 V int 0 NU int 0 NV int 0 Tiling ve
#ZOMPROPERTIES_04 ctor3d 1 1 1 TileRatioMode string "1:1" Overflow string "Off" Pack table {BoxFrameEdit bool false Be
#ZOMPROPERTIES_04 havior string "Free" } } IsTile bool false PolyIDs ints { 992 993 994 995 996 997 998 999 1004 1003 
#ZOMPROPERTIES_04 1002 1006 1001 1000 1005 1056 1057 1058 1059 1060 1061 1062 1027 1028 1035 1034 1029 1030 1033 1032 
#ZOMPROPERTIES_04 1031 1036 1026 1025 1055 1024 1054 1023 1053 1052 1063 1022 1064 1007 1008 1066 1038 1039 1040 1041 
#ZOMPROPERTIES_04 1042 1043 1044 1049 1048 1047 1051 1046 1045 1050 1069 1070 1071 1072 1073 1074 1075 1012 1013 1020 
#ZOMPROPERTIES_04 1019 1014 1015 1018 1017 1016 1021 1011 1010 1068 1009 1077 1067 1037 1065 1076 1078 1079 1080 1081 
#ZOMPROPERTIES_04 1082 1083 1084 1085 1090 1089 1088 1092 1087 1086 1091 1142 1143 1144 1145 1146 1147 1148 1113 1114 
#ZOMPROPERTIES_04 1121 1120 1115 1116 1119 1118 1117 1122 1112 1111 1141 1110 1140 1109 1139 1138 1149 1108 1150 1093 
#ZOMPROPERTIES_04 1094 1152 1124 1125 1126 1127 1128 1129 1130 1135 1134 1133 1137 1132 1131 1136 1155 1156 1157 1158 
#ZOMPROPERTIES_04 1159 1160 1161 1098 1099 1106 1105 1100 1101 1104 1103 1102 1107 1097 1096 1154 1095 1163 1153 1123 
#ZOMPROPERTIES_04 1151 1162 } } G4 CSubMeshGroup {Children table {} BBoxUV box3d 0.118385 0.901183 0.0551314 0.974206 
#ZOMPROPERTIES_04 0 0 BBox3D box3d 0 0 0 0 0 0 Area3D double 0 AreaUV double 0.265371 IsRoot bool false Properties tab
#ZOMPROPERTIES_04 le {Selected bool false Box box3d 0.118385 0.901183 0.0551314 0.974206 0 0 U int 0 V int 0 NU int 0 
#ZOMPROPERTIES_04 NV int 0 Tiling vector3d 1 1 1 TileRatioMode string "1:1" Overflow string "Off" Pack table {BoxFrame
#ZOMPROPERTIES_04 Edit bool false Behavior string "Free" } } IsTile bool false PolyIDs ints { 1304 1307 1310 1418 1364
#ZOMPROPERTIES_04  1362 1416 1360 1414 1412 1323 1320 1572 1662 1664 1666 1556 1575 1668 1559 1670 1616 1615 1669 1671
#ZOMPROPERTIES_04  1673 1675 1677 1623 1621 1622 1620 1619 1618 1672 1565 1313 1316 1422 1420 1368 1366 1367 1365 1419
#ZOMPROPERTIES_04  1417 1415 1361 1359 1357 1355 1353 1377 1378 1404 1403 1410 1356 1317 1314 1566 1569 1655 1606 1605
#ZOMPROPERTIES_04  1607 1609 1610 1608 1611 1665 1667 1613 1663 1612 1661 1657 1658 1659 1603 1601 1602 1654 1563 1311
#ZOMPROPERTIES_04  1326 1308 1560 1557 1650 1648 1646 1573 1321 1324 1396 1394 1384 1379 1322 1318 1570 1574 1631 1636
#ZOMPROPERTIES_04  1592 1594 1593 1645 1647 1649 1651 1653 1599 1597 1598 1596 1600 1595 1635 1633 1632 1638 1583 1585
#ZOMPROPERTIES_04  1639 1641 1643 1589 1590 1644 1567 1315 1392 1390 1312 1309 1388 1334 1333 1335 1337 1338 1336 1391
#ZOMPROPERTIES_04  1389 1387 1386 1380 1381 1383 1393 1395 1397 1399 1401 1407 1406 1349 1351 1350 1348 1400 1402 1346
#ZOMPROPERTIES_04  1345 1398 1344 1343 1341 1342 1347 1352 1408 1339 1340 1328 1330 1382 1325 1306 1558 1637 1634 1582
#ZOMPROPERTIES_04  1580 1579 1584 1586 1588 1640 1642 1561 1577 1385 1332 1331 1329 1327 1564 1587 1581 1591 1305 1576
#ZOMPROPERTIES_04  1652 1578 1660 1604 1630 1629 1656 1354 1405 1409 1411 1358 1413 1363 1421 1423 1425 1371 1372 1426
#ZOMPROPERTIES_04  1424 1319 1428 1373 1374 1376 1427 1429 1681 1679 1628 1626 1625 1627 1678 1624 1676 1674 1571 1568
#ZOMPROPERTIES_04  1680 1375 1370 1369 1562 1617 1614 1430 1682 1685 1688 1796 1742 1740 1794 1792 1790 1701 1698 1446
#ZOMPROPERTIES_04  1536 1538 1540 1486 1485 1539 1541 1543 1545 1547 1549 1551 1497 1495 1496 1494 1493 1492 1546 1439
#ZOMPROPERTIES_04  1691 1694 1800 1798 1746 1744 1745 1743 1797 1795 1793 1739 1737 1738 1736 1734 1788 1781 1695 1692
#ZOMPROPERTIES_04  1440 1443 1529 1480 1479 1481 1483 1537 1535 1531 1532 1533 1477 1475 1476 1528 1437 1689 1704 1686
#ZOMPROPERTIES_04  1434 1431 1524 1522 1520 1447 1699 1702 1774 1772 1762 1757 1700 1696 1444 1448 1505 1510 1466 1468
#ZOMPROPERTIES_04  1467 1519 1521 1523 1525 1527 1473 1471 1472 1470 1474 1469 1509 1507 1506 1512 1457 1459 1513 1515
#ZOMPROPERTIES_04  1517 1463 1464 1518 1441 1693 1770 1768 1690 1687 1766 1712 1711 1713 1715 1716 1714 1769 1767 1765
#ZOMPROPERTIES_04  1764 1758 1759 1761 1771 1773 1775 1777 1779 1785 1784 1783 1787 1789 1791 1735 1733 1731 1732 1756
#ZOMPROPERTIES_04  1755 1782 1730 1786 1728 1726 1778 1724 1723 1776 1722 1721 1719 1720 1725 1727 1780 1729 1717 1718
#ZOMPROPERTIES_04  1706 1708 1760 1703 1684 1432 1511 1508 1456 1454 1453 1458 1460 1462 1514 1516 1435 1451 1763 1710
#ZOMPROPERTIES_04  1709 1707 1705 1438 1461 1455 1465 1683 1450 1526 1452 1534 1478 1504 1503 1482 1484 1530 1741 1799
#ZOMPROPERTIES_04  1801 1803 1749 1750 1804 1802 1697 1806 1751 1752 1754 1805 1807 1555 1553 1502 1500 1499 1501 1552
#ZOMPROPERTIES_04  1498 1550 1548 1445 1442 1554 1753 1748 1747 1436 1544 1490 1489 1488 1542 1491 1487 1449 1433 } } 
#ZOMPROPERTIES_04 } BBoxUV box3d 0 0 0 0 0 0 BBox3D box3d 0 0 0 0 0 0 Area3D double 0 AreaUV double 0.752891 IsRoot bo
#ZOMPROPERTIES_04 ol false Properties table {Selected bool false Box box3d 0 1 0 1 0 1 U int 0 V int 0 NU int 0 NV int
#ZOMPROPERTIES_04  0 Tiling vector3d 1 1 1 TileRatioMode string "1:1" Overflow string "Off" Pack table {BoxFrameEdit b
#ZOMPROPERTIES_04 ool false Behavior string "Free" } } IsTile bool true PolyIDs ints { 125 253 509 381 0 128 136 133 1
#ZOMPROPERTIES_04 35 201 193 200 202 74 59 187 205 204 186 134 132 185 149 21 57 51 27 283 307 313 277 405 441 435 411
#ZOMPROPERTIES_04  433 428 400 272 300 305 269 13 49 44 16 144 172 177 141 175 173 45 17 145 174 176 146 154 148 184 1
#ZOMPROPERTIES_04 51 23 56 50 29 285 306 312 279 407 440 434 413 427 422 399 271 294 299 267 11 43 38 15 143 166 171 1
#ZOMPROPERTIES_04 39 170 167 39 10 138 168 169 140 156 180 159 164 161 165 162 34 19 33 289 293 290 418 403 417 420 41
#ZOMPROPERTIES_04 9 409 438 436 415 412 425 396 426 395 423 295 298 42 268 12 41 28 52 31 287 308 310 278 406 296 266 
#ZOMPROPERTIES_04 394 424 284 292 36 281 25 153 182 54 22 150 35 163 40 297 291 275 421 416 398 270 311 309 288 32 37 
#ZOMPROPERTIES_04 14 142 183 181 160 158 255 251 507 511 414 437 408 439 280 382 380 379 123 127 383 286 30 53 24 55 1
#ZOMPROPERTIES_04 52 126 254 124 252 508 510 147 157 410 432 402 431 397 429 301 303 47 274 18 48 26 20 46 304 282 276
#ZOMPROPERTIES_04  302 273 401 430 404 178 155 390 460 442 456 458 330 318 321 328 72 65 62 75 73 7 263 265 264 261 33
#ZOMPROPERTIES_04 1 329 459 446 457 449 391 393 392 386 450 445 451 444 448 454 326 320 316 323 67 60 64 70 198 192 18
#ZOMPROPERTIES_04 8 195 189 191 199 194 130 137 63 71 66 61 317 322 327 319 447 256 258 2 9 455 196 197 129 131 210 21
#ZOMPROPERTIES_04 3 85 1 3 259 338 341 257 325 324 453 452 387 466 462 468 464 471 470 342 337 339 340 336 80 84 83 81
#ZOMPROPERTIES_04  209 211 212 208 215 214 86 87 343 358 347 91 103 359 357 346 356 484 474 475 486 487 479 489 477 48
#ZOMPROPERTIES_04 2 473 483 490 492 494 496 497 369 371 370 372 373 501 503 505 377 376 374 118 120 121 249 248 246 24
#ZOMPROPERTIES_04 4 245 117 119 115 113 241 243 242 240 238 236 237 109 111 110 366 368 112 364 365 493 363 362 106 10
#ZOMPROPERTIES_04 8 107 235 225 216 217 226 221 233 223 222 229 218 228 100 90 219 231 230 101 94 95 105 361 351 350 3
#ZOMPROPERTIES_04 60 488 348 349 354 345 344 352 480 472 481 353 355 89 99 88 96 92 220 98 93 476 104 232 224 97 227 2
#ZOMPROPERTIES_04 34 491 367 239 114 116 247 122 378 506 250 504 502 375 500 498 499 495 478 485 102 206 207 79 78 334
#ZOMPROPERTIES_04  335 467 465 463 469 385 82 68 69 384 389 8 5 190 314 315 333 332 262 260 76 58 6 4 77 461 443 388 1
#ZOMPROPERTIES_04 79 203 } } } BBoxUV box3d 0 0 0 0 0 0 BBox3D box3d 0 0 0 0 0 0 Area3D double 0 AreaUV double 0 IsRoo
#ZOMPROPERTIES_04 t bool true Properties table {Selected bool false Box box3d 0 1 0 1 0 1 U int 0 V int 0 NU int 1 NV 
#ZOMPROPERTIES_04 int 1 Tiling vector3d 1 1 1 TileRatioMode string "1:1" Overflow string "Off" Pack table {Rotate tabl
#ZOMPROPERTIES_04 e {Mode int 0 Min double 0 Max double 90 Step double 0 } PaddingSize double 0.0078125 MarginSize dou
#ZOMPROPERTIES_04 ble 0.00390625 Resolution int 256 MapResolution int 2048 Scaling table {TexelDensity double 1024 Mod
#ZOMPROPERTIES_04 e int 2 } LayoutScalingMode int 2 MaxMutations int 1 BoxFrameEdit bool false Behavior string "Free" 
#ZOMPROPERTIES_04 } } IsTile bool false PolyIDs ints { } } Maps table {Pin table {PrimType string "Vertex" Size int 1 
#ZOMPROPERTIES_04 DefaultValue double 0 ScaleType string "Normalized" MergeMode string "Max" MinValue double 0 MaxValu
#ZOMPROPERTIES_04 e double 1 Data doubles { r 2237 0 } } Density table {PrimType string "Polygon" Size int 1 DefaultVa
#ZOMPROPERTIES_04 lue double 1 ScaleType string "Log" MergeMode string "Average" MinValue double 0.1 MaxValue double 4
#ZOMPROPERTIES_04  Data doubles { r 1808 1 } } Protect table {PrimType string "Vertex" Size int 1 DefaultValue double 
#ZOMPROPERTIES_04 0 ScaleType string "Normalized" MergeMode string "Average" MinValue double -1 MaxValue double 1 Data
#ZOMPROPERTIES_04  doubles { r 2237 0 } } } } }
#ZOMPROPERTIES_04}


#ZOMSCENE_01{
#ZOMSCENE_01 CScene {Settings table {AxisSystem table {UpVector string "y" } Unit string "cm" TexelDensityDisplay
#ZOMSCENE_01 Unit string "tx/cm" } Root table {} }
#ZOMSCENE_01}

#begin 0 fatal error vertex (that RizomUV cannot handle)
#end 0 fatal error vertex (that RizomUV cannot handle)

#begin 0 error vertex
#end 0 error vertex
