# Blender 4.5.0
# www.blender.org
mtllib hacha.mtl
o Cube
v -0.075215 -0.139136 0.238830
v -0.082252 0.309220 0.236381
v -0.075215 -0.143568 0.088494
v -0.082252 0.309637 0.072100
v 0.075215 -0.139136 0.238830
v 0.082252 0.309220 0.236381
v 0.075215 -0.143568 0.088494
v 0.082252 0.309637 0.072100
v -0.086253 0.712402 0.269347
v -0.086253 0.726890 0.097680
v 0.086253 0.712402 0.269347
v 0.086253 0.726890 0.097680
v -0.100414 1.145765 0.346300
v -0.100414 1.157967 0.145916
v 0.100414 1.145765 0.346300
v 0.100414 1.157967 0.145916
v -0.111867 1.637377 0.414114
v -0.111867 1.643697 0.190488
v 0.111867 1.637377 0.414114
v 0.111867 1.643696 0.190488
v -0.081102 2.355738 0.384902
v -0.081102 2.359411 0.222740
v 0.081102 2.355738 0.384902
v 0.081102 2.359411 0.222740
v -0.076197 -0.673484 0.290373
v -0.076197 -0.679897 0.138288
v 0.076197 -0.673484 0.290373
v 0.076197 -0.679897 0.138288
v -0.081757 -1.192635 0.334130
v -0.081757 -1.180771 0.171731
v 0.081757 -1.192635 0.334130
v 0.081757 -1.180771 0.171731
v -0.103878 -1.642063 0.313764
v -0.103878 -1.597653 0.111280
v 0.103878 -1.642063 0.313764
v 0.103878 -1.597653 0.111280
v -0.108714 2.098719 0.199760
v 0.108714 2.098719 0.199760
v 0.108714 2.093797 0.417132
v -0.108714 2.093797 0.417132
v -0.115119 -1.946846 0.237036
v -0.115119 -1.881343 0.016413
v 0.115119 -1.946846 0.237036
v 0.115119 -1.881343 0.016413
v -0.085570 -2.379769 0.081447
v -0.085570 -2.329016 -0.081994
v 0.085570 -2.379769 0.081447
v 0.085570 -2.329016 -0.081994
v -0.124387 -2.220259 0.168064
v 0.124387 -2.220259 0.168064
v 0.124387 -2.146483 -0.069518
v -0.124387 -2.146483 -0.069518
v -0.103420 -0.141352 0.163662
v -0.078530 0.095877 0.231909
v -0.113096 0.309428 0.154240
v -0.078530 0.092925 0.074913
v 0.000000 -0.144399 0.060306
v 0.000000 0.309715 0.041297
v 0.078530 0.092925 0.074913
v 0.103420 -0.141352 0.163662
v 0.113096 0.309428 0.154240
v 0.078530 0.095877 0.231909
v -0.000000 -0.138305 0.267018
v -0.000000 0.309142 0.267184
v -0.118598 0.719646 0.183513
v 0.000000 0.729607 0.065492
v 0.118598 0.719646 0.183513
v -0.000000 0.709685 0.301534
v -0.083892 0.511405 0.247745
v -0.083892 0.519295 0.080542
v 0.083892 0.511405 0.247745
v 0.083892 0.519295 0.080542
v -0.138070 1.151866 0.246108
v -0.000000 1.160255 0.108344
v 0.138070 1.151866 0.246108
v -0.000000 1.143477 0.383872
v 0.092306 0.921493 0.304221
v -0.092306 0.921493 0.304221
v -0.092306 0.936711 0.120340
v 0.092306 0.936711 0.120340
v -0.153818 1.640537 0.302301
v -0.000000 1.644881 0.148559
v 0.153818 1.640537 0.302301
v 0.000000 1.636192 0.456044
v 0.107816 1.396994 0.171263
v 0.107816 1.388177 0.386667
v -0.107816 1.388177 0.386667
v -0.107816 1.396994 0.171263
v -0.098968 2.374622 0.303487
v -0.000000 2.376863 0.204544
v 0.098968 2.374622 0.303487
v 0.000000 2.372381 0.402429
v -0.103340 2.268783 0.202234
v 0.111111 1.883298 0.198953
v 0.111111 1.878110 0.421111
v -0.103340 2.264104 0.408861
v -0.104771 -0.676691 0.214330
v 0.000000 -0.681099 0.109772
v 0.104771 -0.676691 0.214330
v 0.000000 -0.672282 0.318889
v 0.075009 -0.401055 0.260818
v 0.075009 -0.407672 0.111010
v -0.075009 -0.401055 0.260818
v -0.075009 -0.407672 0.111010
v -0.112415 -1.186703 0.252931
v 0.000000 -1.178547 0.141281
v 0.112415 -1.186703 0.252931
v -0.000000 -1.194860 0.364580
v -0.077244 -0.938366 0.317594
v 0.077244 -0.938366 0.317594
v 0.077244 -0.938589 0.163523
v -0.077244 -0.938589 0.163523
v -0.142833 -1.619858 0.212522
v -0.000000 -1.589326 0.073315
v 0.142833 -1.619858 0.212522
v -0.000000 -1.650390 0.351729
v 0.092519 -1.433225 0.333328
v 0.092519 -1.405045 0.151174
v -0.092519 -1.405045 0.151174
v -0.092519 -1.433226 0.333328
v -0.111111 1.883298 0.198953
v 0.103340 2.268783 0.202234
v 0.103340 2.264104 0.408861
v -0.111111 1.878110 0.421111
v -0.000000 2.092874 0.457889
v -0.149481 2.096258 0.308446
v 0.149482 2.096258 0.308446
v -0.000000 2.099642 0.159002
v -0.158288 -1.914094 0.126725
v -0.000000 -1.869061 -0.024953
v 0.158288 -1.914094 0.126725
v 0.000000 -1.959128 0.278403
v 0.110294 -1.806030 0.277714
v 0.110294 -1.749356 0.064776
v -0.110294 -1.749356 0.064776
v -0.110294 -1.806030 0.277714
v -0.102927 -2.365955 -0.003736
v 0.000000 -2.335431 -0.102032
v 0.102927 -2.365955 -0.003736
v -0.000000 -2.396479 0.094561
v -0.114042 -2.327183 0.126705
v 0.121689 -2.087379 0.202138
v 0.114042 -2.259542 -0.091118
v -0.121689 -2.015550 -0.030383
v -0.121689 -2.087379 0.202138
v 0.114042 -2.327183 0.126705
v 0.121689 -2.015550 -0.030383
v -0.114042 -2.259542 -0.091118
v -0.171032 -2.183371 0.049273
v 0.171032 -2.183371 0.049273
v 0.000000 -2.132650 -0.114064
v -0.000000 -2.234092 0.212611
v -0.107979 0.094401 0.153411
v 0.000000 0.092371 0.045476
v 0.107979 0.094401 0.153411
v 0.000000 0.096430 0.261345
v 0.103137 -0.404364 0.185914
v -0.115352 0.515350 0.164143
v -0.000000 0.918640 0.338699
v -0.000000 0.509926 0.279095
v 0.000000 0.520774 0.049191
v 0.115352 0.515350 0.164143
v 0.148247 1.392585 0.278965
v -0.000000 0.939564 0.085862
v 0.126921 0.929102 0.212280
v -0.126921 0.929102 0.212280
v 0.000000 2.271344 0.163329
v -0.148247 1.392585 0.278965
v 0.000000 1.386523 0.427055
v 0.000000 1.398647 0.130874
v -0.000000 2.410398 0.302784
v 0.142222 2.268124 0.305514
v -0.142222 2.268124 0.305514
v -0.000000 2.264904 0.447700
v -0.000000 -0.938324 0.346482
v 0.000000 -0.399815 0.288907
v 0.000000 -0.408913 0.082921
v -0.103137 -0.404364 0.185914
v 0.127214 -1.419135 0.242251
v 0.000000 -0.938631 0.134635
v 0.106210 -0.938477 0.240558
v -0.106210 -0.938477 0.240558
v -0.127214 -1.419135 0.242251
v 0.000000 -1.438509 0.367482
v 0.000000 -1.399761 0.117020
v -0.000000 1.877138 0.462766
v -0.152777 1.880704 0.310032
v 0.152777 1.880704 0.310032
v 0.000000 1.884271 0.157299
v 0.151654 -1.777693 0.171245
v -0.151654 -1.777693 0.171245
v -0.000000 -1.816656 0.317640
v 0.000000 -1.738730 0.024850
v -0.000000 -2.340950 0.167031
v 0.000000 -2.248054 -0.132127
v 0.156625 -2.294502 0.017452
v -0.156625 -2.294502 0.017452
v -0.000000 -2.390219 -0.011001
v -0.167322 -2.051464 0.085878
v 0.167322 -2.051464 0.085878
v 0.000000 -2.002082 -0.073981
v -0.000000 -2.100846 0.245736
vn -0.7098 0.0346 0.7036
vn -0.7094 -0.0362 0.7038
vn -0.7040 -0.0558 -0.7080
vn -0.7040 0.0009 -0.7102
vn 0.7098 0.0346 0.7036
vn 0.7094 -0.0362 0.7038
vn 0.7040 -0.0558 -0.7080
vn 0.7040 0.0009 -0.7102
vn -0.7086 -0.1101 0.6970
vn -0.7040 0.0534 -0.7082
vn 0.7086 -0.1101 0.6970
vn 0.7040 0.0534 -0.7082
vn -0.7029 -0.1466 0.6960
vn -0.7080 0.0541 -0.7041
vn 0.7029 -0.1466 0.6960
vn 0.7080 0.0541 -0.7041
vn -0.7029 -0.0537 0.7093
vn -0.7111 0.0349 -0.7022
vn 0.7029 -0.0537 0.7093
vn 0.7111 0.0349 -0.7022
vn -0.5644 0.5960 0.5711
vn -0.5713 0.5954 -0.5649
vn 0.5644 0.5960 0.5711
vn 0.5713 0.5954 -0.5649
vn -0.7057 0.0773 0.7043
vn -0.7065 -0.0667 -0.7045
vn 0.7057 0.0773 0.7043
vn 0.7065 -0.0667 -0.7045
vn -0.6969 0.0440 0.7158
vn -0.7131 0.0439 -0.6997
vn 0.6969 0.0440 0.7158
vn 0.7131 0.0439 -0.6997
vn -0.6981 -0.0791 0.7116
vn -0.7125 0.2080 -0.6701
vn 0.6981 -0.0791 0.7116
vn 0.7125 0.2080 -0.6701
vn -0.7077 0.0213 -0.7062
vn 0.7077 0.0213 -0.7062
vn 0.7056 0.0382 0.7076
vn -0.7056 0.0382 0.7076
vn -0.7078 -0.1559 0.6890
vn -0.7036 0.2656 -0.6591
vn 0.7078 -0.1559 0.6890
vn 0.7036 0.2656 -0.6591
vn -0.4757 -0.8470 0.2373
vn -0.4737 -0.5704 -0.6710
vn 0.4757 -0.8470 0.2373
vn 0.4737 -0.5704 -0.6710
vn -0.7062 -0.2390 0.6665
vn 0.7062 -0.2390 0.6665
vn 0.7062 0.1452 -0.6929
vn -0.7062 0.1452 -0.6929
vn -0.9999 -0.0106 -0.0043
vn -0.7100 -0.0083 0.7042
vn -0.9998 -0.0171 -0.0050
vn -0.7037 -0.0359 -0.7096
vn -0.0000 -0.0738 -0.9973
vn -0.0000 0.0090 -1.0000
vn 0.7037 -0.0359 -0.7096
vn 0.9999 -0.0106 -0.0043
vn 0.9998 -0.0171 -0.0050
vn 0.7100 -0.0083 0.7042
vn -0.0000 0.0540 0.9985
vn -0.0000 -0.0435 0.9991
vn -0.9996 -0.0270 -0.0070
vn -0.0000 0.0873 -0.9962
vn 0.9996 -0.0270 -0.0070
vn -0.0000 -0.1437 0.9896
vn -0.7095 -0.0645 0.7017
vn -0.7037 0.0368 -0.7096
vn 0.7095 -0.0645 0.7017
vn 0.7037 0.0368 -0.7096
vn -0.9989 -0.0458 -0.0016
vn -0.0000 0.0977 -0.9952
vn 0.9989 -0.0458 -0.0016
vn -0.0000 -0.1858 0.9826
vn 0.7053 -0.1461 0.6937
vn -0.7053 -0.1461 0.6937
vn -0.7059 0.0559 -0.7061
vn 0.7059 0.0559 -0.7061
vn -0.9999 -0.0096 0.0065
vn -0.0000 0.0542 -0.9985
vn 0.9999 -0.0096 0.0065
vn -0.0000 -0.0713 0.9975
vn 0.7098 0.0477 -0.7028
vn 0.7025 -0.1132 0.7026
vn -0.7025 -0.1132 0.7026
vn -0.7098 0.0477 -0.7028
vn -0.6949 0.7190 0.0108
vn -0.0000 0.7205 -0.6934
vn 0.6949 0.7190 0.0108
vn -0.0000 0.7175 0.6966
vn -0.6961 0.1867 -0.6932
vn 0.7097 0.0189 -0.7042
vn 0.7044 0.0012 0.7098
vn -0.6903 0.2058 0.6936
vn -1.0000 0.0056 0.0002
vn -0.0000 -0.0970 -0.9953
vn 1.0000 0.0056 0.0002
vn -0.0000 0.1064 0.9943
vn 0.7079 0.0689 0.7030
vn 0.7054 -0.0642 -0.7059
vn -0.7079 0.0689 0.7030
vn -0.7054 -0.0642 -0.7059
vn -0.9989 0.0447 0.0145
vn -0.0000 0.0405 -0.9992
vn 0.9989 0.0447 0.0145
vn -0.0000 0.0410 0.9992
vn -0.7016 0.0672 0.7094
vn 0.7016 0.0672 0.7094
vn 0.7094 -0.0382 -0.7037
vn -0.7094 -0.0382 -0.7037
vn -0.9978 0.0616 0.0253
vn -0.0000 0.2669 -0.9637
vn 0.9978 0.0616 0.0253
vn -0.0000 -0.1386 0.9903
vn 0.6962 -0.0005 0.7179
vn 0.7128 0.1407 -0.6872
vn -0.7128 0.1407 -0.6872
vn -0.6962 -0.0005 0.7179
vn -0.7097 0.0189 -0.7042
vn 0.6961 0.1867 -0.6932
vn 0.6903 0.2058 0.6936
vn -0.7044 0.0012 0.7098
vn -0.0000 0.0409 0.9992
vn -0.9996 0.0290 0.0016
vn 0.9996 0.0290 0.0016
vn -0.0000 0.0169 -0.9999
vn -0.9985 0.0535 0.0128
vn -0.0000 0.3510 -0.9364
vn 0.9985 0.0535 0.0128
vn -0.0000 -0.2449 0.9695
vn 0.7026 -0.1510 0.6954
vn 0.7091 0.2497 -0.6595
vn -0.7091 0.2497 -0.6595
vn -0.7026 -0.1510 0.6954
vn -0.5793 -0.7788 -0.2404
vn -0.0000 -0.6105 -0.7920
vn 0.5793 -0.7788 -0.2404
vn -0.0000 -0.9487 0.3163
vn -0.6663 -0.5135 0.5408
vn 0.7072 -0.1508 0.6908
vn 0.6636 -0.1381 -0.7352
vn -0.7054 0.2400 -0.6670
vn -0.7072 -0.1508 0.6908
vn 0.6663 -0.5135 0.5408
vn 0.7054 0.2400 -0.6670
vn -0.6636 -0.1381 -0.7352
vn -0.9989 -0.0457 -0.0131
vn 0.9989 -0.0457 -0.0131
vn -0.0000 0.2258 -0.9742
vn -0.0000 -0.3173 0.9483
vn -0.9998 -0.0216 -0.0049
vn -0.0000 -0.0408 -0.9992
vn 0.9998 -0.0216 -0.0049
vn -0.0000 -0.0018 1.0000
vn 1.0000 0.0021 -0.0023
vn -0.9999 -0.0130 -0.0059
vn -0.0000 -0.1864 0.9825
vn -0.0000 -0.0855 0.9963
vn -0.0000 0.0576 -0.9983
vn 0.9999 -0.0130 -0.0059
vn 0.9995 -0.0329 0.0029
vn -0.0000 0.0990 -0.9951
vn 0.9990 -0.0440 -0.0053
vn -0.9990 -0.0440 -0.0053
vn -0.0000 0.1785 -0.9839
vn -0.9995 -0.0329 0.0029
vn -0.0000 -0.1446 0.9895
vn -0.0000 0.0829 -0.9966
vn -0.0000 0.9999 0.0163
vn 0.9813 0.1927 0.0029
vn -0.9813 0.1927 0.0029
vn -0.0000 0.2065 0.9785
vn -0.0000 0.0869 0.9962
vn -0.0000 0.0966 0.9953
vn -0.0000 -0.0916 -0.9958
vn -1.0000 0.0021 -0.0023
vn 0.9974 0.0688 0.0217
vn -0.0000 -0.0621 -0.9981
vn 0.9999 0.0158 0.0058
vn -0.9999 0.0158 0.0058
vn -0.9974 0.0688 0.0217
vn -0.0000 -0.0318 0.9995
vn -0.0000 0.1671 -0.9859
vn -0.0000 -0.0028 1.0000
vn -0.9999 0.0098 0.0046
vn 0.9999 0.0098 0.0046
vn -0.0000 0.0222 -0.9998
vn 0.9987 0.0466 0.0192
vn -0.9987 0.0466 0.0192
vn -0.0000 -0.2335 0.9724
vn -0.0000 0.3328 -0.9430
vn -0.0000 -0.5860 0.8103
vn -0.0000 -0.0543 -0.9985
vn 0.9427 -0.3193 -0.0970
vn -0.9427 -0.3193 -0.0970
vn -0.0000 -0.9552 -0.2958
vn -0.9990 0.0435 0.0110
vn 0.9990 0.0435 0.0110
vn -0.0000 0.3195 -0.9476
vn -0.0000 -0.2330 0.9725
vt 0.470744 0.197834
vt 0.515996 0.196975
vt 0.516047 0.213120
vt 0.471801 0.213183
vt 0.557118 0.196958
vt 0.556619 0.213895
vt 0.509176 0.084360
vt 0.551003 0.079570
vt 0.552167 0.096459
vt 0.510830 0.100384
vt 0.463833 0.089505
vt 0.465697 0.104841
vt 0.512174 0.116446
vt 0.467124 0.120263
vt 0.553315 0.113268
vt 0.554532 0.129991
vt 0.513334 0.132520
vt 0.468119 0.135760
vt 0.514281 0.148608
vt 0.468717 0.151307
vt 0.555726 0.146641
vt 0.556700 0.163311
vt 0.515070 0.164711
vt 0.469211 0.166864
vt 0.515637 0.180838
vt 0.469860 0.182386
vt 0.557161 0.180087
vt 0.417740 0.154779
vt 0.417298 0.139403
vt 0.418169 0.170159
vt 0.365306 0.174119
vt 0.364890 0.158587
vt 0.364590 0.143069
vt 0.591189 0.076482
vt 0.592219 0.093627
vt 0.596105 0.196924
vt 0.595343 0.214138
vt 0.634958 0.197866
vt 0.633439 0.215533
vt 0.630610 0.073063
vt 0.631939 0.090728
vt 0.635747 0.180022
vt 0.676965 0.181783
vt 0.675619 0.200770
vt 0.635846 0.162083
vt 0.677135 0.162666
vt 0.720957 0.163684
vt 0.720984 0.184354
vt 0.719454 0.204905
vt 0.596452 0.179659
vt 0.596260 0.162387
vt 0.593316 0.110813
vt 0.594449 0.128002
vt 0.633139 0.108479
vt 0.634280 0.126294
vt 0.595499 0.145178
vt 0.635241 0.144162
vt 0.719531 0.143042
vt 0.765759 0.142308
vt 0.767417 0.164364
vt 0.717677 0.122437
vt 0.763824 0.120236
vt 0.811157 0.118192
vt 0.812649 0.141140
vt 0.814211 0.163971
vt 0.673443 0.105456
vt 0.674837 0.124486
vt 0.672187 0.086467
vt 0.714871 0.081178
vt 0.716053 0.101815
vt 0.676198 0.143552
vt 0.670789 0.067536
vt 0.672867 0.219493
vt 0.716060 0.225162
vt 0.713736 0.060560
vt 0.896554 0.115895
vt 0.897793 0.094199
vt 0.930572 0.097652
vt 0.927080 0.116414
vt 0.899634 0.072522
vt 0.933161 0.078163
vt 0.950910 0.084475
vt 0.953319 0.104448
vt 0.943338 0.117513
vt 0.760571 0.053734
vt 0.761339 0.075904
vt 0.766919 0.208460
vt 0.764292 0.230326
vt 0.815642 0.209550
vt 0.815208 0.232393
vt 0.809307 0.048970
vt 0.809661 0.072027
vt 0.767867 0.186439
vt 0.815266 0.186759
vt 0.762295 0.098090
vt 0.810163 0.095126
vt 0.962311 0.124922
vt 0.947002 0.132969
vt 0.970963 0.102953
vt 0.980442 0.118282
vt 0.982763 0.135545
vt 0.968260 0.144862
vt 0.950040 0.150606
vt 0.898727 0.158957
vt 0.896910 0.137544
vt 0.927908 0.135789
vt 0.930866 0.154616
vt 0.901775 0.050493
vt 0.937633 0.058255
vt 0.909639 0.223943
vt 0.904834 0.202252
vt 0.937411 0.194516
vt 0.944450 0.214318
vt 0.955513 0.188166
vt 0.965051 0.202026
vt 0.958467 0.069528
vt 0.901277 0.180536
vt 0.933740 0.174527
vt 0.955809 0.168835
vt 0.366324 0.189680
vt 0.315369 0.193926
vt 0.314209 0.178047
vt 0.367982 0.205227
vt 0.317409 0.209716
vt 0.269493 0.215861
vt 0.266978 0.199092
vt 0.265666 0.182116
vt 0.419011 0.185544
vt 0.420349 0.200909
vt 0.416439 0.124029
vt 0.415093 0.108678
vt 0.363912 0.127530
vt 0.362729 0.111976
vt 0.422147 0.216233
vt 0.413344 0.093360
vt 0.361101 0.096411
vt 0.370196 0.220720
vt 0.265963 0.148090
vt 0.265558 0.165113
vt 0.220462 0.166940
vt 0.221124 0.147718
vt 0.220411 0.186132
vt 0.181616 0.189067
vt 0.181799 0.167743
vt 0.182438 0.146269
vt 0.313688 0.130421
vt 0.312948 0.114536
vt 0.313954 0.146323
vt 0.266342 0.131019
vt 0.266483 0.114044
vt 0.313930 0.162183
vt 0.320254 0.225325
vt 0.311807 0.098707
vt 0.266675 0.097289
vt 0.273341 0.232234
vt 0.228858 0.242639
vt 0.224354 0.224193
vt 0.223163 0.109317
vt 0.224977 0.090481
vt 0.185017 0.103255
vt 0.187812 0.082180
vt 0.188177 0.252169
vt 0.184440 0.231336
vt 0.221691 0.205280
vt 0.182450 0.210277
vt 0.222079 0.128457
vt 0.183511 0.124701
vt 0.860637 0.184743
vt 0.862707 0.207395
vt 0.858812 0.162095
vt 0.857338 0.047829
vt 0.856910 0.070739
vt 0.865000 0.230058
vt 0.857370 0.139405
vt 0.856575 0.116571
vt 0.856522 0.093649
vt 0.151339 0.167478
vt 0.151932 0.144620
vt 0.150891 0.190266
vt 0.124110 0.190291
vt 0.124981 0.166648
vt 0.125607 0.143171
vt 0.154031 0.258111
vt 0.151929 0.235639
vt 0.153842 0.098957
vt 0.156425 0.076547
vt 0.126015 0.096331
vt 0.127075 0.072958
vt 0.123452 0.261757
vt 0.122984 0.237996
vt 0.151021 0.212996
vt 0.123371 0.214123
vt 0.152721 0.121732
vt 0.125906 0.119773
vt 0.072911 0.188295
vt 0.070402 0.210948
vt 0.048748 0.206412
vt 0.052224 0.186164
vt 0.067211 0.234094
vt 0.045899 0.227330
vt 0.033440 0.220771
vt 0.031259 0.201562
vt 0.039458 0.184212
vt 0.071121 0.097256
vt 0.073563 0.120816
vt 0.051549 0.124305
vt 0.049619 0.103044
vt 0.074584 0.143548
vt 0.053374 0.145038
vt 0.039833 0.145937
vt 0.033308 0.128172
vt 0.036618 0.109091
vt 0.073831 0.165967
vt 0.051875 0.165445
vt 0.033666 0.164927
vt 0.061652 0.258029
vt 0.037263 0.247420
vt 0.065708 0.073218
vt 0.040849 0.082330
vt 0.025029 0.096865
vt 0.022273 0.232617
vt 0.014786 0.116281
vt 0.017165 0.146839
vt 0.017690 0.182321
vt 0.011701 0.212363
vt 0.092067 0.262525
vt 0.094062 0.237832
vt 0.097826 0.095141
vt 0.096108 0.070744
vt 0.098879 0.166243
vt 0.099509 0.142773
vt 0.097732 0.189778
vt 0.099126 0.119177
vt 0.096033 0.213648
s 1
f 1/1/1 54/2/54 153/3/153 53/4/53
f 54/2/54 2/5/2 55/6/55 153/3/153
f 153/7/153 55/8/55 4/9/4 56/10/56
f 53/11/53 153/7/153 56/10/56 3/12/3
f 3/12/3 56/10/56 154/13/154 57/14/57
f 56/10/56 4/9/4 58/15/58 154/13/154
f 154/13/154 58/15/58 8/16/8 59/17/59
f 57/14/57 154/13/154 59/17/59 7/18/7
f 7/18/7 59/17/59 155/19/155 60/20/60
f 59/17/59 8/16/8 61/21/61 155/19/155
f 155/19/155 61/21/61 6/22/6 62/23/62
f 60/20/60 155/19/155 62/23/62 5/24/5
f 5/24/5 62/23/62 156/25/156 63/26/63
f 62/23/62 6/22/6 64/27/64 156/25/156
f 156/25/156 64/27/64 2/5/2 54/2/54
f 63/26/63 156/25/156 54/2/54 1/1/1
f 7/18/7 60/20/60 157/28/157 102/29/102
f 60/20/60 5/24/5 101/30/101 157/28/157
f 157/28/157 101/30/101 27/31/27 99/32/99
f 102/29/102 157/28/157 99/32/99 28/33/28
f 4/9/4 55/8/55 158/34/158 70/35/70
f 55/6/55 2/5/2 69/36/69 158/37/158
f 158/37/158 69/36/69 9/38/9 65/39/65
f 70/35/70 158/34/158 65/40/65 10/41/10
f 9/38/9 68/42/68 159/43/159 78/44/78
f 68/42/68 11/45/11 77/46/77 159/43/159
f 159/43/159 77/46/77 15/47/15 76/48/76
f 78/44/78 159/43/159 76/48/76 13/49/13
f 2/5/2 64/27/64 160/50/160 69/36/69
f 64/27/64 6/22/6 71/51/71 160/50/160
f 160/50/160 71/51/71 11/45/11 68/42/68
f 69/36/69 160/50/160 68/42/68 9/38/9
f 8/16/8 58/15/58 161/52/161 72/53/72
f 58/15/58 4/9/4 70/35/70 161/52/161
f 161/52/161 70/35/70 10/41/10 66/54/66
f 72/53/72 161/52/161 66/54/66 12/55/12
f 6/22/6 61/21/61 162/56/162 71/51/71
f 61/21/61 8/16/8 72/53/72 162/56/162
f 162/56/162 72/53/72 12/55/12 67/57/67
f 71/51/71 162/56/162 67/57/67 11/45/11
f 15/47/15 75/58/75 163/59/163 86/60/86
f 75/58/75 16/61/16 85/62/85 163/59/163
f 163/59/163 85/62/85 20/63/20 83/64/83
f 86/60/86 163/59/163 83/64/83 19/65/19
f 12/55/12 66/54/66 164/66/164 80/67/80
f 66/54/66 10/41/10 79/68/79 164/66/164
f 164/66/164 79/68/79 14/69/14 74/70/74
f 80/67/80 164/66/164 74/70/74 16/61/16
f 11/45/11 67/57/67 165/71/165 77/46/77
f 67/57/67 12/55/12 80/67/80 165/71/165
f 165/71/165 80/67/80 16/61/16 75/58/75
f 77/46/77 165/71/165 75/58/75 15/47/15
f 10/41/10 65/40/65 166/72/166 79/68/79
f 65/39/65 9/38/9 78/44/78 166/73/166
f 166/73/166 78/44/78 13/49/13 73/74/73
f 79/68/79 166/72/166 73/75/73 14/69/14
f 38/76/38 128/77/128 167/78/167 122/79/122
f 128/77/128 37/80/37 93/81/93 167/78/167
f 167/78/167 93/81/93 22/82/22 90/83/90
f 122/79/122 167/78/167 90/83/90 24/84/24
f 14/69/14 73/75/73 168/85/168 88/86/88
f 73/74/73 13/49/13 87/87/87 168/88/168
f 168/88/168 87/87/87 17/89/17 81/90/81
f 88/86/88 168/85/168 81/91/81 18/92/18
f 13/49/13 76/48/76 169/93/169 87/87/87
f 76/48/76 15/47/15 86/60/86 169/93/169
f 169/93/169 86/60/86 19/65/19 84/94/84
f 87/87/87 169/93/169 84/94/84 17/89/17
f 16/61/16 74/70/74 170/95/170 85/62/85
f 74/70/74 14/69/14 88/86/88 170/95/170
f 170/95/170 88/86/88 18/92/18 82/96/82
f 85/62/85 170/95/170 82/96/82 20/63/20
f 24/84/24 90/83/90 171/97/171 91/98/91
f 90/83/90 22/99/22 89/100/89 171/97/171
f 171/97/171 89/100/89 21/101/21 92/102/92
f 91/98/91 171/97/171 92/102/92 23/103/23
f 39/104/39 127/105/127 172/106/172 123/107/123
f 127/105/127 38/76/38 122/79/122 172/106/172
f 172/106/172 122/79/122 24/84/24 91/98/91
f 123/107/123 172/106/172 91/98/91 23/103/23
f 37/80/37 126/108/126 173/109/173 93/81/93
f 126/110/126 40/111/40 96/112/96 173/113/173
f 173/113/173 96/112/96 21/114/21 89/115/89
f 93/81/93 173/109/173 89/116/89 22/82/22
f 40/111/40 125/117/125 174/118/174 96/112/96
f 125/117/125 39/104/39 123/107/123 174/118/174
f 174/118/174 123/107/123 23/103/23 92/119/92
f 96/112/96 174/118/174 92/119/92 21/114/21
f 27/31/27 100/120/100 175/121/175 110/122/110
f 100/120/100 25/123/25 109/124/109 175/121/175
f 175/121/175 109/124/109 29/125/29 108/126/108
f 110/122/110 175/121/175 108/126/108 31/127/31
f 5/24/5 63/26/63 176/128/176 101/30/101
f 63/26/63 1/1/1 103/129/103 176/128/176
f 176/128/176 103/129/103 25/123/25 100/120/100
f 101/30/101 176/128/176 100/120/100 27/31/27
f 3/12/3 57/14/57 177/130/177 104/131/104
f 57/14/57 7/18/7 102/29/102 177/130/177
f 177/130/177 102/29/102 28/33/28 98/132/98
f 104/131/104 177/130/177 98/132/98 26/133/26
f 1/1/1 53/4/53 178/134/178 103/129/103
f 53/11/53 3/12/3 104/131/104 178/135/178
f 178/135/178 104/131/104 26/133/26 97/136/97
f 103/129/103 178/134/178 97/137/97 25/123/25
f 32/138/32 107/139/107 179/140/179 118/141/118
f 107/139/107 31/127/31 117/142/117 179/140/179
f 179/140/179 117/142/117 35/143/35 115/144/115
f 118/141/118 179/140/179 115/144/115 36/145/36
f 26/133/26 98/132/98 180/146/180 112/147/112
f 98/132/98 28/33/28 111/148/111 180/146/180
f 180/146/180 111/148/111 32/138/32 106/149/106
f 112/147/112 180/146/180 106/149/106 30/150/30
f 28/33/28 99/32/99 181/151/181 111/148/111
f 99/32/99 27/31/27 110/122/110 181/151/181
f 181/151/181 110/122/110 31/127/31 107/139/107
f 111/148/111 181/151/181 107/139/107 32/138/32
f 25/123/25 97/137/97 182/152/182 109/124/109
f 97/136/97 26/133/26 112/147/112 182/153/182
f 182/153/182 112/147/112 30/150/30 105/154/105
f 109/124/109 182/152/182 105/155/105 29/125/29
f 29/125/29 105/155/105 183/156/183 120/157/120
f 105/154/105 30/150/30 119/158/119 183/159/183
f 183/159/183 119/158/119 34/160/34 113/161/113
f 120/157/120 183/156/183 113/162/113 33/163/33
f 31/127/31 108/126/108 184/164/184 117/142/117
f 108/126/108 29/125/29 120/157/120 184/164/184
f 184/164/184 120/157/120 33/163/33 116/165/116
f 117/142/117 184/164/184 116/165/116 35/143/35
f 30/150/30 106/149/106 185/166/185 119/158/119
f 106/149/106 32/138/32 118/141/118 185/166/185
f 185/166/185 118/141/118 36/145/36 114/167/114
f 119/158/119 185/166/185 114/167/114 34/160/34
f 17/89/17 84/94/84 186/168/186 124/169/124
f 84/94/84 19/65/19 95/170/95 186/168/186
f 186/168/186 95/170/95 39/104/39 125/117/125
f 124/169/124 186/168/186 125/117/125 40/111/40
f 18/92/18 81/91/81 187/171/187 121/172/121
f 81/90/81 17/89/17 124/169/124 187/173/187
f 187/173/187 124/169/124 40/111/40 126/110/126
f 121/172/121 187/171/187 126/108/126 37/80/37
f 19/65/19 83/64/83 188/174/188 95/170/95
f 83/64/83 20/63/20 94/175/94 188/174/188
f 188/174/188 94/175/94 38/76/38 127/105/127
f 95/170/95 188/174/188 127/105/127 39/104/39
f 20/63/20 82/96/82 189/176/189 94/175/94
f 82/96/82 18/92/18 121/172/121 189/176/189
f 189/176/189 121/172/121 37/80/37 128/77/128
f 94/175/94 189/176/189 128/77/128 38/76/38
f 36/145/36 115/144/115 190/177/190 134/178/134
f 115/144/115 35/143/35 133/179/133 190/177/190
f 190/177/190 133/179/133 43/180/43 131/181/131
f 134/178/134 190/177/190 131/181/131 44/182/44
f 33/163/33 113/162/113 191/183/191 136/184/136
f 113/161/113 34/160/34 135/185/135 191/186/191
f 191/186/191 135/185/135 42/187/42 129/188/129
f 136/184/136 191/183/191 129/189/129 41/190/41
f 35/143/35 116/165/116 192/191/192 133/179/133
f 116/165/116 33/163/33 136/184/136 192/191/192
f 192/191/192 136/184/136 41/190/41 132/192/132
f 133/179/133 192/191/192 132/192/132 43/180/43
f 34/160/34 114/167/114 193/193/193 135/185/135
f 114/167/114 36/145/36 134/178/134 193/193/193
f 193/193/193 134/178/134 44/182/44 130/194/130
f 135/185/135 193/193/193 130/194/130 42/187/42
f 50/195/50 152/196/152 194/197/194 146/198/146
f 152/196/152 49/199/49 141/200/141 194/197/194
f 194/197/194 141/200/141 45/201/45 140/202/140
f 146/198/146 194/197/194 140/202/140 47/203/47
f 52/204/52 151/205/151 195/206/195 148/207/148
f 151/205/151 51/208/51 143/209/143 195/206/195
f 195/206/195 143/209/143 48/210/48 138/211/138
f 148/207/148 195/206/195 138/211/138 46/212/46
f 51/208/51 150/213/150 196/214/196 143/209/143
f 150/213/150 50/195/50 146/198/146 196/214/196
f 196/214/196 146/198/146 47/203/47 139/215/139
f 143/209/143 196/214/196 139/215/139 48/210/48
f 49/199/49 149/216/149 197/217/197 141/200/141
f 149/218/149 52/204/52 148/207/148 197/219/197
f 197/219/197 148/207/148 46/212/46 137/220/137
f 141/200/141 197/217/197 137/221/137 45/201/45
f 46/212/46 138/211/138 198/222/198 137/220/137
f 138/211/138 48/210/48 139/215/139 198/223/198
f 198/224/198 139/215/139 47/203/47 140/202/140
f 137/221/137 198/225/198 140/202/140 45/201/45
f 41/190/41 129/189/129 199/226/199 145/227/145
f 129/188/129 42/187/42 144/228/144 199/229/199
f 199/229/199 144/228/144 52/204/52 149/218/149
f 145/227/145 199/226/199 149/216/149 49/199/49
f 44/182/44 131/181/131 200/230/200 147/231/147
f 131/181/131 43/180/43 142/232/142 200/230/200
f 200/230/200 142/232/142 50/195/50 150/213/150
f 147/231/147 200/230/200 150/213/150 51/208/51
f 42/187/42 130/194/130 201/233/201 144/228/144
f 130/194/130 44/182/44 147/231/147 201/233/201
f 201/233/201 147/231/147 51/208/51 151/205/151
f 144/228/144 201/233/201 151/205/151 52/204/52
f 43/180/43 132/192/132 202/234/202 142/232/142
f 132/192/132 41/190/41 145/227/145 202/234/202
f 202/234/202 145/227/145 49/199/49 152/196/152
f 142/232/142 202/234/202 152/196/152 50/195/50
o Plane.002
v 0.000000 1.458691 -0.683541
v 0.000000 1.808331 -0.823713
v 0.000000 2.158245 -0.838693
v 0.000000 1.135368 -0.412911
v 0.000000 1.243886 -0.377916
v -0.000000 1.386028 -0.301503
v -0.000000 1.363524 -0.318662
v -0.000000 1.305303 -0.328076
v -0.005928 1.537067 -0.603243
v -0.005561 1.840618 -0.727113
v -0.005098 2.146321 -0.741022
v -0.012281 1.631080 -0.430148
v -0.013727 1.864375 -0.508711
v -0.013657 2.107922 -0.520409
v -0.011345 2.114861 -0.580286
v -0.011416 1.853721 -0.568431
v -0.010706 1.599368 -0.471154
v -0.008527 2.124053 -0.652965
v -0.008557 1.570327 -0.527263
v -0.008652 1.845492 -0.640018
v -0.016395 1.740959 -0.386619
v -0.016851 1.919270 -0.436126
v -0.016370 2.121433 -0.450123
v -0.005821 1.605969 -0.319968
v -0.019428 1.850624 -0.330934
v -0.019601 1.986822 -0.366450
v -0.019054 2.148156 -0.380615
v -0.010404 1.760600 -0.288113
v -0.022881 1.942487 -0.254546
v -0.022895 2.047346 -0.281106
v -0.022453 2.174437 -0.292560
v -0.015335 1.869784 -0.220699
v -0.026945 2.005876 -0.163418
v -0.026673 2.089691 -0.183264
v -0.026342 2.191662 -0.191830
v -0.020994 1.945750 -0.137635
v -0.036165 2.065029 0.062601
v -0.036100 2.128421 0.060929
v -0.036063 2.205767 0.059952
v -0.030207 2.018466 0.063414
v -0.038870 2.070006 0.124862
v -0.038758 2.131413 0.124911
v -0.039015 2.207570 0.124210
v -0.032546 2.023592 0.123010
v -0.031280 2.200458 -0.063924
v -0.031449 2.114453 -0.059548
v -0.031762 2.043739 -0.049396
v -0.026520 1.992360 -0.036819
v -0.000000 1.194373 -0.470904
v -0.001813 1.300548 -0.425419
v -0.003452 1.437204 -0.333778
v -0.002991 1.407077 -0.350914
v -0.002424 1.357625 -0.368984
v -0.009459 1.631465 -0.337636
v -0.014318 1.776855 -0.299033
v -0.019589 1.883940 -0.229172
v -0.025673 1.958129 -0.143781
v -0.036229 2.029347 0.064262
v -0.039000 2.037370 0.124876
v -0.031825 2.003376 -0.039308
v -0.000000 1.161680 -0.404752
v -0.001581 2.155861 -0.814736
v -0.001763 1.817390 -0.800398
v -0.002021 1.480386 -0.664985
v -0.001010 1.224654 -0.461972
v 0.000000 2.349742 -0.781133
v -0.004503 2.331578 -0.688163
v -0.012637 2.257784 -0.479190
v -0.010810 2.273304 -0.535855
v -0.008512 2.292571 -0.605687
v -0.014456 2.252442 -0.423332
v -0.016454 2.253673 -0.361599
v -0.019158 2.257913 -0.277779
v -0.022290 2.258749 -0.180661
v -0.029990 2.256623 0.059798
v -0.032100 2.257779 0.119970
v -0.026239 2.257040 -0.058218
v -0.001309 2.361296 -0.752356
v -0.014496 2.109161 -0.498677
v -0.014666 1.876130 -0.486449
v -0.013370 1.657916 -0.416823
v -0.001487 1.436683 -0.303815
v -0.004799 1.485457 -0.334337
v -0.013224 2.254552 -0.461106
v -0.000000 1.372528 -0.311619
v -0.012101 2.112496 -0.560704
v -0.011219 1.609244 -0.457251
v -0.003120 1.417266 -0.343737
v -0.011410 2.268169 -0.517244
v -0.012168 1.856910 -0.548940
v -0.000000 1.348378 -0.323813
v -0.010589 1.851179 -0.589858
v -0.010506 2.117602 -0.602026
v -0.010069 1.590658 -0.488060
v -0.002824 1.393504 -0.357783
v -0.010137 2.279063 -0.556728
v 0.000000 1.320680 -0.325187
v -0.009154 2.122035 -0.637030
v -0.009031 1.577143 -0.514697
v -0.002549 1.371078 -0.364112
v -0.009052 2.288345 -0.590372
v -0.009258 1.847258 -0.624320
v 0.000000 1.293473 -0.342176
v -0.007685 2.129116 -0.674565
v -0.007992 1.563693 -0.546024
v -0.007933 1.844921 -0.661349
v -0.002274 1.345484 -0.383658
v -0.007479 2.301031 -0.626334
v -0.033381 2.016253 0.478799
v -0.039650 2.208641 0.484227
v -0.039794 2.129242 0.484173
v -0.031910 2.027269 0.498485
v -0.035683 2.199620 0.527448
v -0.036075 2.126726 0.523147
v -0.026523 2.113237 0.614032
v -0.024395 2.187678 0.634695
v -0.025602 2.001404 0.571819
v -0.029631 2.024800 0.525777
v -0.030591 2.193545 0.575635
v -0.031579 2.121851 0.565845
v -0.019971 2.184291 0.677016
v -0.022671 2.099685 0.650852
v -0.022812 1.969382 0.603559
v -0.015346 2.179885 0.721477
v -0.018636 2.075120 0.689575
v -0.020666 1.905876 0.627694
v -0.012094 2.178549 0.752208
v -0.015482 2.061546 0.719054
v -0.019607 1.842707 0.636768
v -0.000000 2.165753 0.841719
v -0.000000 2.030568 0.827756
v -0.003427 1.813359 0.717044
v -0.003381 2.168221 0.817214
v -0.004613 2.038120 0.797468
v -0.009402 1.818974 0.686046
v -0.032995 2.239815 0.483840
v -0.020031 2.215027 0.638098
v -0.025434 2.220661 0.576301
v -0.016239 2.215154 0.681618
v -0.012314 2.218214 0.726888
v -0.009662 2.222091 0.756835
v -0.000000 2.224833 0.831902
v -0.002738 2.226682 0.811418
v -0.029736 2.227480 0.527447
v -0.040003 2.027289 0.479573
v -0.038178 2.032899 0.499912
v -0.030564 2.005649 0.573490
v -0.035390 2.028600 0.527532
v -0.027199 1.974351 0.605398
v -0.024567 1.912386 0.630126
v -0.023216 1.851366 0.640209
v 0.000000 1.823771 0.745191
v -0.008894 1.830012 0.707652
v -0.039944 2.052521 0.480982
v -0.037665 2.053375 0.505661
v -0.029709 2.027544 0.582110
v -0.034514 2.047401 0.536343
v -0.026261 1.999979 0.614879
v -0.023323 1.945965 0.642668
v -0.021538 1.895929 0.657738
v -0.000000 1.873965 0.777140
v -0.007483 1.877439 0.737515
v -0.009230 2.175529 0.773786
v -0.012030 2.053500 0.744290
v -0.016589 1.826700 0.651172
v -0.007415 2.223738 0.775561
v -0.019154 1.836179 0.658305
v -0.017496 1.883262 0.680366
v -0.123220 1.875680 0.413050
v -0.132027 1.882839 0.219507
v -0.095831 1.985867 0.185182
v -0.091091 1.983905 0.439350
v -0.129109 1.744901 0.403895
v -0.136039 1.753913 0.222679
v -0.129818 1.569014 0.390615
v -0.137727 1.575599 0.218264
v -0.125083 1.400429 0.373669
v -0.138135 1.404885 0.212934
v -0.122006 1.277647 0.354694
v -0.138810 1.283591 0.213501
v -0.124426 1.196621 0.325302
v -0.137326 1.202183 0.228771
v -0.088663 2.271791 0.425220
v -0.159026 1.880906 0.315578
v -0.156644 1.981042 0.316295
v -0.160764 1.751362 0.312073
v -0.159885 1.573129 0.303911
v -0.155462 1.402017 0.294397
v -0.150318 1.275441 0.286389
v -0.138880 1.172798 0.277550
v -0.124629 1.938300 0.209351
v -0.095775 2.140391 0.184602
v -0.148036 1.879144 0.373833
v -0.114554 1.927520 0.421333
v -0.091731 2.141046 0.434654
v -0.139590 1.980507 0.383390
v -0.151584 1.748390 0.366082
v -0.134494 1.824429 0.222629
v -0.126832 1.816671 0.408478
v -0.151054 1.570814 0.354779
v -0.137121 1.668493 0.221086
v -0.130282 1.660196 0.397997
v -0.145739 1.400504 0.340951
v -0.138072 1.485121 0.215410
v -0.127881 1.480104 0.382178
v -0.140638 1.274986 0.326447
v -0.138270 1.338671 0.211889
v -0.122525 1.333603 0.365263
v -0.133224 1.179210 0.305038
v -0.139822 1.235734 0.219234
v -0.124148 1.229538 0.340314
v -0.093466 2.275343 0.189353
v -0.041461 2.003187 0.464026
v -0.041990 2.015334 0.154250
v -0.152670 1.882356 0.258430
v -0.144082 1.980379 0.247831
v -0.155220 1.753580 0.259469
v -0.155469 1.574990 0.253973
v -0.153456 1.403649 0.247577
v -0.150900 1.278847 0.245187
v -0.141358 1.182626 0.249168
v -0.147834 1.218707 0.281699
v -0.152836 1.334502 0.290370
v -0.157959 1.482636 0.299025
v -0.160829 1.665861 0.308478
v -0.160069 1.822652 0.314337
v -0.152451 2.151744 0.315153
v -0.157738 1.932944 0.316216
v -0.149711 1.934475 0.253833
v -0.139332 2.148997 0.242908
v -0.154223 1.824515 0.260060
v -0.155680 1.667999 0.257219
v -0.154672 1.484280 0.250548
v -0.152151 1.336556 0.245617
v -0.149572 1.224954 0.246622
v -0.048921 2.131892 0.461088
v -0.049861 2.133098 0.154035
v -0.139865 1.221158 0.315585
v -0.142702 1.333084 0.334406
v -0.148751 1.480854 0.347876
v -0.152036 1.663042 0.360998
v -0.150191 1.820116 0.370077
v -0.134607 2.149287 0.384059
v -0.144391 1.931569 0.378702
v -0.144001 2.291348 0.313172
v -0.132468 2.287797 0.244912
v -0.040361 2.252464 0.454075
v -0.043143 2.265911 0.156200
v -0.127386 2.286129 0.377344
v -0.095155 2.226918 0.187227
v -0.090431 2.232936 0.428534
v -0.147512 2.249387 0.313770
v -0.135499 2.244628 0.243771
v -0.048186 2.216782 0.456630
v -0.050993 2.211983 0.155626
v -0.130581 2.245191 0.379761
v -0.095445 2.024927 0.183499
v -0.091579 2.020605 0.439610
v -0.155763 2.022545 0.316233
v -0.142023 2.021108 0.245133
v -0.049853 2.022689 0.464428
v -0.050531 2.035160 0.153469
v -0.137688 2.021001 0.385286
v -0.091699 2.057611 0.438466
v -0.141149 2.066947 0.243767
v -0.049623 2.052197 0.463704
v -0.050145 2.069736 0.153547
v -0.136683 2.064329 0.385742
v -0.095625 2.067880 0.183661
v -0.154848 2.067359 0.316009
v 0.005928 1.537067 -0.603243
v 0.005561 1.840618 -0.727113
v 0.005098 2.146321 -0.741022
v 0.012281 1.631080 -0.430148
v 0.013727 1.864375 -0.508711
v 0.013657 2.107922 -0.520409
v 0.011345 2.114861 -0.580286
v 0.011416 1.853720 -0.568431
v 0.010706 1.599368 -0.471154
v 0.008527 2.124053 -0.652965
v 0.008557 1.570327 -0.527263
v 0.008652 1.845492 -0.640018
v 0.016395 1.740959 -0.386619
v 0.016851 1.919270 -0.436125
v 0.016370 2.121433 -0.450123
v 0.005819 1.605969 -0.319968
v 0.019517 1.850592 -0.331033
v 0.019956 1.986693 -0.366846
v 0.019142 2.148124 -0.380714
v 0.010402 1.760600 -0.288113
v 0.023324 1.942326 -0.255041
v 0.024671 2.046702 -0.283087
v 0.022897 2.174275 -0.293056
v 0.015332 1.869784 -0.220699
v 0.027388 2.005715 -0.163913
v 0.028448 2.089047 -0.185246
v 0.026786 2.191501 -0.192325
v 0.020992 1.945750 -0.137635
v 0.036165 2.065029 0.062601
v 0.036100 2.128421 0.060929
v 0.036121 2.205746 0.059886
v 0.030205 2.018466 0.063414
v 0.038870 2.070006 0.124862
v 0.038758 2.131413 0.124911
v 0.039339 2.207452 0.123848
v 0.032544 2.023592 0.123010
v 0.031369 2.200426 -0.064023
v 0.031804 2.114325 -0.059944
v 0.031850 2.043707 -0.049495
v 0.026518 1.992360 -0.036819
v 0.001813 1.300549 -0.425419
v 0.003452 1.437204 -0.333778
v 0.002991 1.407077 -0.350914
v 0.002424 1.357625 -0.368984
v 0.009459 1.631465 -0.337636
v 0.014318 1.776855 -0.299033
v 0.019589 1.883940 -0.229172
v 0.025673 1.958129 -0.143781
v 0.036229 2.029346 0.064262
v 0.039000 2.037370 0.124876
v 0.031825 2.003376 -0.039308
v 0.001581 2.155861 -0.814736
v 0.001763 1.817390 -0.800398
v 0.002021 1.480386 -0.664985
v 0.001010 1.224654 -0.461972
v 0.004503 2.331578 -0.688163
v 0.012637 2.257783 -0.479190
v 0.010810 2.273304 -0.535855
v 0.008512 2.292571 -0.605687
v 0.014456 2.252442 -0.423332
v 0.016454 2.253673 -0.361599
v 0.019158 2.257913 -0.277779
v 0.022290 2.258749 -0.180661
v 0.030343 2.256537 0.059535
v 0.034044 2.257308 0.118524
v 0.026239 2.257041 -0.058218
v 0.001309 2.361296 -0.752356
v 0.014496 2.109161 -0.498677
v 0.014666 1.876130 -0.486449
v 0.013370 1.657916 -0.416823
v 0.001485 1.436683 -0.303815
v 0.004799 1.485457 -0.334337
v 0.013224 2.254552 -0.461106
v 0.012101 2.112496 -0.560704
v 0.011219 1.609244 -0.457251
v 0.003120 1.417266 -0.343737
v 0.011410 2.268169 -0.517244
v 0.012168 1.856910 -0.548940
v 0.010589 1.851179 -0.589858
v 0.010506 2.117602 -0.602026
v 0.010069 1.590658 -0.488060
v 0.002824 1.393504 -0.357783
v 0.010137 2.279063 -0.556728
v 0.009154 2.122035 -0.637030
v 0.009031 1.577142 -0.514697
v 0.002549 1.371078 -0.364112
v 0.009052 2.288346 -0.590372
v 0.009258 1.847258 -0.624320
v 0.007685 2.129116 -0.674565
v 0.007992 1.563693 -0.546024
v 0.007933 1.844921 -0.661349
v 0.002274 1.345484 -0.383658
v 0.007479 2.301031 -0.626334
v 0.033381 2.016253 0.478799
v 0.039650 2.208641 0.484227
v 0.039794 2.129242 0.484173
v 0.031910 2.027269 0.498485
v 0.035683 2.199620 0.527448
v 0.036075 2.126727 0.523147
v 0.026523 2.113237 0.614032
v 0.024395 2.187678 0.634695
v 0.025602 2.001404 0.571819
v 0.029631 2.024799 0.525777
v 0.030591 2.193545 0.575635
v 0.031579 2.121851 0.565845
v 0.019971 2.184291 0.677016
v 0.022671 2.099685 0.650852
v 0.022812 1.969382 0.603559
v 0.015346 2.179885 0.721477
v 0.018636 2.075120 0.689575
v 0.020666 1.905876 0.627694
v 0.012094 2.178549 0.752208
v 0.015482 2.061545 0.719054
v 0.019607 1.842707 0.636768
v 0.003427 1.813359 0.717044
v 0.003381 2.168221 0.817214
v 0.004613 2.038120 0.797468
v 0.009402 1.818974 0.686046
v 0.032995 2.239815 0.483840
v 0.020031 2.215027 0.638098
v 0.025434 2.220661 0.576301
v 0.016239 2.215154 0.681618
v 0.012314 2.218214 0.726888
v 0.009662 2.222090 0.756835
v 0.002738 2.226682 0.811417
v 0.029736 2.227479 0.527447
v 0.040003 2.027289 0.479573
v 0.038178 2.032899 0.499912
v 0.030564 2.005649 0.573490
v 0.035390 2.028599 0.527532
v 0.027199 1.974351 0.605398
v 0.024567 1.912386 0.630126
v 0.023216 1.851366 0.640209
v 0.008894 1.830012 0.707652
v 0.039944 2.052521 0.480982
v 0.037665 2.053374 0.505661
v 0.029709 2.027544 0.582110
v 0.034514 2.047401 0.536343
v 0.026261 1.999979 0.614879
v 0.023323 1.945965 0.642668
v 0.021538 1.895929 0.657738
v 0.007483 1.877439 0.737515
v 0.009230 2.175529 0.773786
v 0.012030 2.053500 0.744290
v 0.016589 1.826700 0.651172
v 0.007415 2.223737 0.775561
v 0.019154 1.836179 0.658305
v 0.017496 1.883261 0.680366
v 0.122820 1.875680 0.413050
v 0.131627 1.882839 0.219507
v 0.095543 1.985867 0.185182
v 0.090803 1.983905 0.439350
v 0.128709 1.744901 0.403895
v 0.135639 1.753913 0.222679
v 0.129417 1.569014 0.390615
v 0.137327 1.575599 0.218264
v 0.124683 1.400429 0.373669
v 0.137735 1.404885 0.212934
v 0.121606 1.277647 0.354694
v 0.138409 1.283591 0.213501
v 0.123826 1.196621 0.325302
v 0.136726 1.202183 0.228771
v 0.088879 2.271739 0.425364
v 0.159026 1.880906 0.315578
v 0.156644 1.981042 0.316295
v 0.160764 1.751362 0.312073
v 0.159885 1.573129 0.303911
v 0.155462 1.402017 0.294397
v 0.150318 1.275441 0.286389
v 0.138480 1.172798 0.277550
v 0.124229 1.938300 0.209351
v 0.095775 2.140391 0.184602
v 0.148036 1.879143 0.373833
v 0.114154 1.927520 0.421333
v 0.091731 2.141046 0.434654
v 0.139590 1.980507 0.383390
v 0.151584 1.748389 0.366082
v 0.134094 1.824429 0.222629
v 0.126432 1.816671 0.408478
v 0.151054 1.570814 0.354779
v 0.136721 1.668493 0.221086
v 0.129882 1.660196 0.397997
v 0.145739 1.400504 0.340951
v 0.137672 1.485121 0.215410
v 0.127481 1.480104 0.382178
v 0.140638 1.274986 0.326447
v 0.137870 1.338670 0.211889
v 0.122125 1.333603 0.365263
v 0.132824 1.179210 0.305038
v 0.139422 1.235734 0.219234
v 0.123748 1.229538 0.340314
v 0.093904 2.275181 0.188861
v 0.041173 2.003187 0.464026
v 0.041703 2.015334 0.154250
v 0.152670 1.882356 0.258430
v 0.144082 1.980379 0.247831
v 0.155220 1.753580 0.259469
v 0.155469 1.574990 0.253973
v 0.153456 1.403649 0.247577
v 0.150900 1.278847 0.245187
v 0.140958 1.182626 0.249168
v 0.147834 1.218707 0.281700
v 0.152836 1.334502 0.290370
v 0.157959 1.482636 0.299025
v 0.160829 1.665861 0.308478
v 0.160069 1.822652 0.314337
v 0.152451 2.151744 0.315153
v 0.157738 1.932944 0.316216
v 0.149711 1.934475 0.253833
v 0.139332 2.148997 0.242908
v 0.154223 1.824515 0.260060
v 0.155680 1.667999 0.257219
v 0.154672 1.484280 0.250548
v 0.152151 1.336556 0.245617
v 0.149572 1.224954 0.246622
v 0.048921 2.131893 0.461088
v 0.049861 2.133098 0.154035
v 0.139865 1.221159 0.315585
v 0.142702 1.333084 0.334406
v 0.148751 1.480854 0.347876
v 0.152036 1.663042 0.360998
v 0.150191 1.820116 0.370077
v 0.134607 2.149287 0.384059
v 0.144391 1.931569 0.378702
v 0.144037 2.291339 0.313203
v 0.132464 2.287797 0.244917
v 0.040475 2.252434 0.454164
v 0.045876 2.265176 0.153946
v 0.127579 2.286087 0.377460
v 0.095243 2.226886 0.187128
v 0.090431 2.232936 0.428534
v 0.147512 2.249387 0.313770
v 0.135499 2.244628 0.243771
v 0.048186 2.216783 0.456630
v 0.051406 2.211833 0.155164
v 0.130581 2.245191 0.379761
v 0.095445 2.024927 0.183499
v 0.091579 2.020605 0.439610
v 0.155763 2.022545 0.316233
v 0.142023 2.021108 0.245133
v 0.049853 2.022689 0.464428
v 0.050531 2.035160 0.153469
v 0.137688 2.021001 0.385286
v 0.091699 2.057611 0.438466
v 0.141149 2.066947 0.243767
v 0.049623 2.052197 0.463704
v 0.050145 2.069736 0.153547
v 0.136683 2.064329 0.385742
v 0.095625 2.067880 0.183661
v 0.154848 2.067359 0.316009
v 0.002505 2.270193 0.148979
v 0.000031 2.252442 0.458049
v 0.000000 2.234373 0.801809
v 0.000000 2.393537 -0.727973
v 0.000000 2.230882 0.774568
v 0.000000 2.228325 0.756789
v 0.000000 2.223283 0.726889
v 0.000000 2.219142 0.681619
v -0.000000 2.218552 0.638098
v 0.000000 2.224120 0.576301
v 0.000000 2.231024 0.527447
v 0.000000 2.243829 0.483787
v 0.001620 2.266355 0.117537
v 0.000294 2.265665 0.059558
v 0.000000 2.267193 -0.056522
v 0.000000 2.270785 -0.177342
v 0.000000 2.272890 -0.273386
v 0.000000 2.272627 -0.356017
v -0.000000 2.275934 -0.415869
v 0.000000 2.280158 -0.451115
v 0.000000 2.284016 -0.468365
v 0.000000 2.295371 -0.505980
v 0.000000 2.300974 -0.524398
v 0.000000 2.307259 -0.545053
v 0.000000 2.317388 -0.578346
v 0.000000 2.321999 -0.593502
v 0.000000 2.331052 -0.613903
v -0.000000 2.363877 -0.674369
v -0.089940 1.868579 0.420285
v -0.096750 1.873480 0.212253
v -0.066235 1.970038 0.185382
v -0.062992 1.969336 0.440104
v -0.094771 1.740024 0.410982
v -0.100530 1.749607 0.215744
v -0.095529 1.567453 0.397351
v -0.102038 1.574337 0.211479
v -0.092084 1.402065 0.379825
v -0.102722 1.406623 0.206278
v -0.090136 1.281943 0.360024
v -0.103754 1.288129 0.207336
v -0.096086 1.199610 0.325857
v -0.106181 1.205232 0.227536
v -0.104488 1.169192 0.276714
v -0.088837 1.919916 0.202028
v -0.082493 1.919403 0.428131
v -0.099271 1.818863 0.215612
v -0.092907 1.810593 0.415626
v -0.101451 1.665649 0.214255
v -0.095781 1.656882 0.404949
v -0.102477 1.485427 0.208703
v -0.094145 1.480260 0.388623
v -0.103052 1.341707 0.205369
v -0.090252 1.336490 0.371066
v -0.100589 1.176355 0.302865
v -0.104920 1.242425 0.213883
v -0.092249 1.235907 0.345048
v -0.032029 1.989226 0.453588
v -0.032636 2.000924 0.174055
v -0.106467 1.179625 0.249747
v 0.087539 1.868579 0.420285
v 0.094350 1.873480 0.212253
v 0.063835 1.970038 0.185382
v 0.060591 1.969336 0.440104
v 0.092370 1.740024 0.410982
v 0.098129 1.749607 0.215744
v 0.093128 1.567453 0.397351
v 0.099638 1.574337 0.211479
v 0.089683 1.402064 0.379825
v 0.100322 1.406623 0.206278
v 0.087735 1.281943 0.360024
v 0.101354 1.288129 0.207336
v 0.093686 1.199610 0.325857
v 0.103780 1.205232 0.227536
v 0.102088 1.169192 0.276714
v 0.086436 1.919916 0.202028
v 0.080092 1.919402 0.428131
v 0.096871 1.818864 0.215612
v 0.090506 1.810593 0.415626
v 0.099051 1.665649 0.214255
v 0.093380 1.656882 0.404949
v 0.100077 1.485427 0.208703
v 0.091744 1.480260 0.388623
v 0.100651 1.341707 0.205369
v 0.087851 1.336490 0.371066
v 0.098188 1.176355 0.302865
v 0.102519 1.242425 0.213883
v 0.089848 1.235907 0.345048
v 0.029628 1.989226 0.453588
v 0.030255 2.000924 0.174055
v 0.104067 1.179625 0.249747
v -0.081992 2.328588 0.410808
v -0.103181 2.336536 0.384723
v -0.093335 2.332050 0.209428
v -0.112872 2.338866 0.239035
v 0.082901 2.328520 0.410948
v 0.104055 2.336481 0.384821
v 0.094071 2.332025 0.209325
v 0.113544 2.338871 0.239018
v -0.081050 2.320047 0.311820
v -0.019824 2.291594 0.390794
v -0.023350 2.297077 0.223289
v 0.081648 2.320047 0.311820
v 0.020931 2.291432 0.391133
v 0.025724 2.296628 0.221908
v 0.001766 2.295924 0.219427
v 0.000367 2.284956 0.393247
v -0.041792 2.350437 0.359084
v -0.058208 2.345516 0.343390
v -0.036880 2.337089 0.369996
v -0.046802 2.352372 0.352877
v -0.032178 2.319594 0.380666
v -0.070255 2.334668 0.333139
v -0.049708 2.350704 0.259840
v -0.063802 2.346118 0.278711
v -0.045641 2.339032 0.247022
v -0.054378 2.352501 0.267547
v -0.040741 2.322966 0.235234
v -0.073569 2.335519 0.289915
v 0.042704 2.350437 0.359084
v 0.059121 2.345516 0.343390
v 0.037793 2.337089 0.369996
v 0.047715 2.352372 0.352877
v 0.033159 2.319554 0.380751
v 0.071089 2.334668 0.333139
v 0.050621 2.350703 0.259840
v 0.064715 2.346118 0.278711
v 0.046554 2.339032 0.247022
v 0.055291 2.352500 0.267547
v 0.041884 2.322854 0.234888
v 0.074403 2.335519 0.289915
v -0.126087 2.314631 0.313230
v -0.031194 2.270481 0.435853
v -0.036814 2.284353 0.175735
v 0.126429 2.314641 0.313163
v 0.032308 2.270237 0.436376
v 0.039824 2.283671 0.173560
v 0.002425 2.276104 0.169672
v 0.000269 2.260125 0.439683
v -0.073007 2.358433 0.396129
v -0.065306 2.361634 0.386651
v -0.090641 2.354070 0.362417
v -0.097656 2.355234 0.368423
v -0.064095 2.342354 0.410144
v -0.057777 2.341182 0.403400
v -0.083355 2.362288 0.383382
v -0.073076 2.364609 0.377027
v -0.059774 2.316069 0.425543
v -0.050472 2.313990 0.420022
v -0.115375 2.337847 0.356135
v -0.109315 2.337270 0.346502
v -0.077610 2.362039 0.232430
v -0.086043 2.359344 0.223524
v -0.107342 2.356248 0.256018
v -0.099407 2.354983 0.261625
v -0.071369 2.344132 0.212733
v -0.078495 2.345309 0.206385
v -0.084872 2.364810 0.244397
v -0.095613 2.362940 0.238858
v -0.063802 2.320805 0.194404
v -0.073565 2.322737 0.189905
v -0.121861 2.339438 0.269597
v -0.114502 2.338591 0.279009
v 0.066125 2.361633 0.386651
v 0.073805 2.358430 0.396131
v 0.098455 2.355234 0.368423
v 0.091460 2.354070 0.362416
v 0.058595 2.341180 0.403401
v 0.064890 2.342345 0.410151
v 0.073895 2.364610 0.377027
v 0.084154 2.362288 0.383382
v 0.051394 2.313928 0.420153
v 0.060677 2.316005 0.425684
v 0.110015 2.337272 0.346485
v 0.116097 2.337845 0.356092
v 0.086842 2.359343 0.223526
v 0.078429 2.362038 0.232431
v 0.100226 2.354983 0.261625
v 0.108141 2.356248 0.256018
v 0.079293 2.345307 0.206391
v 0.072187 2.344131 0.212735
v 0.096412 2.362940 0.238858
v 0.085691 2.364810 0.244397
v 0.074583 2.322596 0.189396
v 0.064959 2.320635 0.193862
v 0.122542 2.339448 0.269530
v 0.115202 2.338594 0.278993
v -0.086272 2.277462 0.422598
v -0.084977 2.287313 0.419941
v -0.092084 2.292807 0.195406
v -0.091891 2.283465 0.191374
v -0.130086 2.293836 0.245996
v -0.126337 2.302454 0.244951
v -0.119664 2.300380 0.377151
v -0.124275 2.291819 0.375628
v 0.086302 2.286995 0.420640
v 0.087381 2.277189 0.423312
v 0.092381 2.283276 0.190789
v 0.092580 2.292672 0.194897
v 0.126493 2.302470 0.244889
v 0.130077 2.293838 0.245996
v 0.125255 2.291597 0.376188
v 0.120824 2.300118 0.377661
v -0.137270 2.306191 0.313339
v -0.141309 2.296931 0.312966
v -0.040400 2.265974 0.444099
v -0.039631 2.258688 0.447218
v -0.043507 2.274121 0.163566
v -0.046684 2.280800 0.167447
v 0.141509 2.296894 0.313046
v 0.137596 2.306211 0.313078
v 0.040466 2.258476 0.447829
v 0.041557 2.265710 0.444735
v 0.049218 2.280123 0.165018
v 0.046531 2.273360 0.161186
v 0.002598 2.271451 0.156610
v 0.002514 2.271989 0.158640
v 0.000233 2.254911 0.450059
v 0.000163 2.254311 0.451983
v -0.000004 1.460930 -0.298996
v -0.000197 2.012418 0.144907
v -0.000004 1.611223 -0.311953
v -0.000004 1.762318 -0.281692
v -0.000004 1.868678 -0.216308
v -0.000004 1.942727 -0.135651
v -0.000004 1.988182 -0.037815
v -0.000004 2.013439 0.059476
v -0.000004 2.017498 0.117394
v -0.001161 2.002774 0.165958
v 0.000000 1.811212 0.708624
v -0.000200 2.002376 0.466319
v -0.000000 2.013999 0.478632
v 0.000000 2.026158 0.498201
v 0.000000 2.024032 0.525422
v -0.000000 2.000537 0.571478
v -0.000000 1.968368 0.603184
v 0.000000 1.904546 0.627198
v -0.000000 1.840946 0.636089
v 0.000000 1.824831 0.649764
v 0.000000 1.817040 0.680890
v -0.001200 1.991723 0.456473
v 0.000000 1.306173 -0.570417
v 0.000000 1.628480 -0.770178
v 0.000000 1.991675 -0.845924
v -0.000000 1.139143 -0.410163
v -0.000000 1.275050 -0.358842
v 0.000000 1.367925 -0.315384
v 0.000000 1.310949 -0.326030
v -0.004056 1.401229 -0.507608
v -0.006169 1.685047 -0.678987
v -0.005163 2.000285 -0.747024
v -0.000583 2.157681 -0.833337
v -0.003594 1.829575 -0.767287
v -0.000782 1.463685 -0.679631
v -0.008016 1.521640 -0.377892
v -0.013855 1.745132 -0.476040
v -0.013473 1.990407 -0.523942
v -0.006632 2.137313 -0.703050
v -0.007256 1.554865 -0.570681
v -0.011631 2.113954 -0.572870
v -0.011085 1.852654 -0.577009
v -0.010907 1.602962 -0.465650
v -0.000842 1.370628 -0.324499
v -0.011103 1.989822 -0.585297
v -0.011813 1.722476 -0.528654
v -0.011901 2.211994 -0.558596
v -0.008763 2.123315 -0.647137
v -0.008731 1.572889 -0.522503
v -0.008409 1.844998 -0.646650
v -0.009171 2.227365 -0.629875
v -0.009218 1.704132 -0.595913
v -0.008284 1.990952 -0.658289
v -0.000682 1.314741 -0.334869
v -0.013109 1.675591 -0.359225
v -0.017328 1.823424 -0.413814
v -0.016391 2.022987 -0.449380
v -0.015281 2.113444 -0.478335
v -0.014172 1.868047 -0.497624
v -0.014732 1.692667 -0.405058
v -0.000508 1.398755 -0.299449
v -0.017019 1.805373 -0.312809
v -0.020052 1.912173 -0.349764
v -0.019152 2.069218 -0.378066
v -0.017623 2.133734 -0.417664
v -0.018174 1.952018 -0.403202
v -0.017928 1.795796 -0.361783
v -0.008138 1.689779 -0.310626
v -0.021336 1.906918 -0.240304
v -0.023246 1.989796 -0.268669
v -0.022543 2.111967 -0.290237
v -0.020688 2.162138 -0.338284
v -0.021189 2.019099 -0.325299
v -0.021077 1.900000 -0.294695
v -0.012779 1.819965 -0.257059
v -0.026372 1.977014 -0.152464
v -0.026968 2.043747 -0.174029
v -0.026409 2.141479 -0.190085
v -0.024296 2.184304 -0.244822
v -0.024685 2.070940 -0.234750
v -0.024817 1.977750 -0.211446
v -0.018097 1.911680 -0.181173
v -0.036201 2.043482 0.063527
v -0.036130 2.093593 0.061706
v -0.036077 2.167703 0.060323
v -0.033861 2.203538 0.002920
v -0.028960 2.103782 -0.124017
v -0.034142 2.056477 0.010450
v -0.023895 1.972094 -0.089075
v -0.038949 2.050415 0.124871
v -0.038774 2.097307 0.124858
v -0.038889 2.170055 0.124929
v -0.037632 2.206892 0.099064
v -0.037626 2.130842 0.099852
v -0.037649 2.068949 0.100054
v -0.031403 2.023039 0.098676
v -0.028705 2.196757 -0.130617
v -0.033949 2.122820 0.005211
v -0.029301 2.027339 -0.108709
v -0.028622 2.008040 0.016258
v -0.031621 2.075700 -0.054828
v -0.030717 2.234740 -0.061475
v -0.031161 1.995704 -0.037151
v -0.031315 2.158132 -0.063033
v -0.000000 1.143208 -0.422212
v -0.000557 1.253744 -0.386112
v -0.001034 1.395822 -0.309920
v -0.007038 1.488145 -0.405295
v -0.005687 1.448210 -0.441735
v -0.007402 1.610588 -0.326030
v -0.012641 1.763767 -0.291973
v -0.018287 1.873151 -0.223528
v -0.024776 1.949143 -0.139425
v -0.035488 2.022170 0.064460
v -0.038222 2.029115 0.124646
v -0.031819 2.019351 -0.043772
v -0.028859 1.983718 -0.093509
v -0.037673 2.035112 0.100264
v -0.034302 2.018671 0.015657
v -0.022546 1.924945 -0.188614
v -0.016852 1.834981 -0.266565
v -0.011920 1.708618 -0.323892
v -0.003789 1.451714 -0.332221
v -0.002089 1.328737 -0.402497
v -0.002470 1.362912 -0.366437
v -0.003042 1.411497 -0.347727
v -0.000519 1.201722 -0.469273
v -0.000000 1.201568 -0.394001
v -0.003237 2.152426 -0.781394
v -0.000650 1.810325 -0.818594
v -0.003954 1.508606 -0.637385
v -0.001448 1.261745 -0.446575
v -0.000471 1.173161 -0.415191
v -0.001618 1.333038 -0.556744
v -0.001623 1.994394 -0.821903
v -0.001991 1.644060 -0.748479
v 0.000000 2.284688 -0.808530
v -0.005125 2.259843 -0.715232
v -0.014096 2.199702 -0.500581
v -0.016474 2.200827 -0.437875
v -0.018956 2.212054 -0.372348
v -0.022215 2.225012 -0.286216
v -0.025967 2.232308 -0.187036
v -0.035300 2.236590 0.059833
v -0.038141 2.238021 0.122253
v -0.001551 2.281674 -0.784589
v -0.000420 2.363835 -0.769770
v -0.024181 2.257926 -0.122011
v -0.031097 2.256864 0.096054
v -0.028295 2.256639 0.005728
v -0.020644 2.258868 -0.231708
v -0.017743 2.255842 -0.321650
v -0.015361 2.252474 -0.395401
v -0.012956 2.255454 -0.469333
v -0.006182 2.314300 -0.653286
v -0.008733 2.291025 -0.600086
v -0.011038 2.271354 -0.528787
v -0.002760 2.348593 -0.723663
v -0.014081 2.107459 -0.509424
v -0.015608 1.893278 -0.465243
v -0.012680 1.640518 -0.423017
v -0.003418 1.513112 -0.314234
v -0.006876 1.550644 -0.338728
v -0.013725 2.253403 -0.445781
v -0.014846 2.197968 -0.480791
v -0.002444 1.447198 -0.313422
v -0.014852 1.763282 -0.457000
v -0.009239 1.560205 -0.371987
v -0.014366 1.996380 -0.501047
v -0.012959 1.860511 -0.528478
v -0.000000 1.378469 -0.307097
v -0.012893 2.110072 -0.540194
v -0.011746 1.619903 -0.443400
v -0.003259 1.426239 -0.338391
v -0.012036 2.262822 -0.497813
v -0.011700 1.854836 -0.561069
v -0.012480 1.729426 -0.511309
v -0.011876 1.989846 -0.565289
v -0.007347 1.498862 -0.395328
v -0.000878 1.380022 -0.317789
v -0.012621 2.207908 -0.539572
v 0.000000 1.357706 -0.321643
v -0.009902 1.849157 -0.607634
v -0.011009 2.115951 -0.588978
v -0.010455 1.595726 -0.477941
v -0.002926 1.401602 -0.354269
v -0.010541 2.275604 -0.544190
v -0.011095 2.216587 -0.579903
v -0.000795 1.355850 -0.329684
v -0.011040 1.716839 -0.548734
v -0.010259 1.990134 -0.607157
v -0.006639 1.476681 -0.416897
v -0.000000 1.334622 -0.324761
v -0.009809 2.119889 -0.620082
v -0.009534 1.583756 -0.501822
v -0.002682 1.382312 -0.361182
v -0.009577 2.283851 -0.574082
v -0.008874 1.846129 -0.634272
v -0.005986 1.458560 -0.433117
v -0.008903 1.990694 -0.642293
v -0.009789 1.708135 -0.581102
v -0.000718 1.329755 -0.331694
v -0.009796 2.223994 -0.614243
v 0.000000 1.301514 -0.332497
v -0.008250 2.125194 -0.659679
v -0.008365 1.567958 -0.533065
v -0.007023 1.844803 -0.689486
v -0.002373 1.353436 -0.373401
v -0.008188 2.294693 -0.612126
v -0.008148 2.234511 -0.651010
v -0.000640 1.302476 -0.348945
v -0.005331 1.438271 -0.458256
v -0.007537 1.993329 -0.679995
v -0.008540 1.700623 -0.616305
v -0.039714 2.173022 0.484525
v -0.039877 2.085968 0.482684
v -0.035733 2.167327 0.526910
v -0.027644 2.014553 0.548495
v -0.025197 2.155854 0.627008
v -0.033263 2.196328 0.550214
v -0.033892 2.124710 0.543831
v -0.031007 2.028748 0.509897
v -0.027430 2.190440 0.605752
v -0.028995 2.117906 0.590470
v -0.030819 2.162067 0.573412
v -0.021033 2.148357 0.666843
v -0.024517 2.107846 0.633185
v -0.024054 1.987956 0.589469
v -0.022056 2.185918 0.657034
v -0.016609 2.135906 0.709374
v -0.017638 2.181977 0.699419
v -0.020647 2.087484 0.670259
v -0.021618 1.940965 0.617025
v -0.013273 2.131341 0.740878
v -0.013488 2.178957 0.739320
v -0.016903 2.066632 0.706141
v -0.020121 1.870062 0.633359
v -0.000000 2.106383 0.839810
v -0.001362 2.166259 0.834808
v -0.001922 2.032571 0.819180
v -0.005865 1.815132 0.704701
v -0.036861 2.085365 0.514513
v -0.028239 2.065713 0.596910
v -0.033061 2.079920 0.550969
v -0.024635 2.044582 0.631266
v -0.021176 2.004220 0.664260
v -0.018677 1.972365 0.686863
v 0.000000 1.944861 0.803404
v -0.006364 2.171847 0.794265
v -0.008423 2.046075 0.769337
v -0.013279 1.823191 0.666854
v -0.006093 1.950705 0.767859
v -0.003730 2.112455 0.813101
v -0.038061 2.204136 0.504622
v -0.038235 2.128225 0.502333
v -0.032633 2.022360 0.488000
v -0.038786 2.229899 0.483967
v -0.023581 2.206321 0.637672
v -0.029893 2.212084 0.576218
v -0.019142 2.205315 0.681042
v -0.014541 2.205820 0.726211
v -0.011414 2.207297 0.756327
v -0.000000 2.206283 0.838053
v -0.003245 2.205720 0.815563
v -0.034940 2.218681 0.527448
v -0.005163 2.224850 0.792552
v -0.000979 2.228074 0.825660
v -0.010783 2.220306 0.744530
v -0.014251 2.216462 0.704523
v -0.027712 2.223590 0.550297
v -0.022683 2.217480 0.607758
v -0.018016 2.214422 0.661200
v -0.031712 2.233421 0.504573
v -0.039198 2.021013 0.479146
v -0.037448 2.029639 0.499089
v -0.030017 2.003234 0.572540
v -0.034747 2.026425 0.526530
v -0.026732 1.971525 0.604352
v -0.024187 1.908683 0.628743
v -0.022909 1.846432 0.638216
v -0.002300 1.816308 0.729957
v -0.009911 1.823415 0.695843
v -0.021953 1.839620 0.645954
v -0.004361 1.826983 0.733127
v -0.023868 1.877731 0.636281
v -0.025745 1.946560 0.619098
v -0.037055 2.033003 0.511538
v -0.028703 1.992526 0.591173
v -0.033008 2.018460 0.550223
v -0.039099 2.030451 0.489159
v -0.039980 2.035165 0.480034
v -0.038059 2.038070 0.501281
v -0.030386 2.010203 0.575283
v -0.035204 2.032622 0.529399
v -0.027004 1.979681 0.607370
v -0.024308 1.919370 0.632735
v -0.022867 1.860677 0.643999
v 0.000000 1.838487 0.759143
v -0.008208 1.841735 0.719148
v -0.038885 2.053268 0.492614
v -0.032124 2.038514 0.559108
v -0.027833 2.016093 0.599957
v -0.036303 2.051989 0.519232
v -0.024686 1.975414 0.629787
v -0.022379 1.917275 0.651324
v -0.003345 1.874978 0.765115
v -0.020241 1.886335 0.665489
v -0.010949 2.177671 0.761496
v -0.014170 2.058051 0.729380
v -0.018606 1.830475 0.641708
v -0.008758 2.223053 0.765212
v -0.014316 1.833282 0.680354
v -0.012731 1.880485 0.706290
v -0.018727 1.846468 0.664370
v -0.019150 1.830689 0.654176
v -0.008734 2.206917 0.776175
v -0.010154 2.125765 0.764708
v -0.014889 1.961855 0.711455
v -0.113472 1.961461 0.199545
v -0.130004 1.911518 0.215728
v -0.095607 2.185336 0.185837
v -0.095424 2.006725 0.183658
v -0.155605 1.880143 0.345707
v -0.137053 1.877802 0.397296
v -0.120045 1.901607 0.416440
v -0.105520 1.955063 0.428386
v -0.091824 2.094149 0.437003
v -0.151915 1.980767 0.350436
v -0.119204 1.981390 0.413657
v -0.157954 1.749934 0.339814
v -0.142029 1.746777 0.388539
v -0.133368 1.854313 0.221627
v -0.135356 1.791152 0.222910
v -0.128085 1.782504 0.406311
v -0.125307 1.847613 0.410574
v -0.157054 1.571956 0.330031
v -0.142163 1.569850 0.376031
v -0.136634 1.712729 0.222068
v -0.137471 1.622352 0.219754
v -0.130259 1.614861 0.394478
v -0.129871 1.703875 0.401134
v -0.151974 1.401160 0.318372
v -0.136996 1.400230 0.360346
v -0.137934 1.529508 0.216810
v -0.138124 1.443360 0.214073
v -0.126539 1.438782 0.377876
v -0.129001 1.523787 0.386471
v -0.146498 1.274795 0.307055
v -0.132862 1.276000 0.343167
v -0.138169 1.370104 0.212157
v -0.138477 1.310037 0.212282
v -0.121939 1.304500 0.360387
v -0.123658 1.365445 0.369569
v -0.136350 1.174001 0.291632
v -0.129375 1.187806 0.317127
v -0.139271 1.258829 0.215733
v -0.139795 1.215245 0.224059
v -0.125427 1.209299 0.331975
v -0.122768 1.252644 0.348006
v -0.064033 1.996749 0.454493
v -0.089627 2.259022 0.426589
v -0.066301 2.003486 0.167458
v -0.144271 1.883397 0.235255
v -0.157814 1.881521 0.285870
v -0.124615 1.982065 0.214564
v -0.154432 1.980492 0.282006
v -0.147673 1.754225 0.237680
v -0.159695 1.752584 0.284821
v -0.148760 1.575521 0.232907
v -0.159231 1.574167 0.278152
v -0.148141 1.404259 0.227250
v -0.155878 1.402886 0.270447
v -0.147403 1.281175 0.226708
v -0.151758 1.276858 0.265503
v -0.140640 1.192579 0.236726
v -0.140586 1.175774 0.263159
v -0.149084 1.246989 0.284121
v -0.145751 1.191785 0.279323
v -0.154144 1.366789 0.292325
v -0.151563 1.304350 0.288437
v -0.159024 1.527066 0.301470
v -0.156752 1.440744 0.296645
v -0.160903 1.710073 0.310432
v -0.160491 1.619802 0.306276
v -0.159588 1.852990 0.315052
v -0.160471 1.788893 0.313363
v -0.150052 2.203997 0.314435
v -0.156179 2.002684 0.316269
v -0.157158 1.957635 0.316302
v -0.158384 1.907413 0.315971
v -0.146825 1.958205 0.250657
v -0.138965 1.937849 0.227478
v -0.151573 1.909061 0.256502
v -0.156217 1.933043 0.284107
v -0.150040 2.151137 0.278477
v -0.137501 2.199870 0.243191
v -0.120312 2.145086 0.210598
v -0.140491 2.103245 0.243175
v -0.153519 1.854552 0.259580
v -0.146342 1.825020 0.237833
v -0.154787 1.790993 0.260001
v -0.158953 1.823677 0.286152
v -0.155526 1.712294 0.258515
v -0.148497 1.668609 0.235849
v -0.155657 1.621808 0.255668
v -0.159874 1.667050 0.281964
v -0.155136 1.528801 0.252240
v -0.148623 1.484797 0.229862
v -0.154096 1.442347 0.248971
v -0.157803 1.483539 0.274106
v -0.152800 1.368551 0.246436
v -0.147652 1.337546 0.225886
v -0.151523 1.306927 0.245186
v -0.153823 1.335520 0.267571
v -0.150260 1.251597 0.245658
v -0.147362 1.230429 0.230684
v -0.147982 1.200008 0.247983
v -0.149529 1.220839 0.263995
v -0.067372 2.135936 0.450021
v -0.049315 2.086948 0.462727
v -0.048528 2.178275 0.458813
v -0.069932 2.136117 0.166869
v -0.050416 2.173157 0.154853
v -0.049852 2.097827 0.153644
v -0.140119 1.247705 0.321354
v -0.144525 1.218854 0.299111
v -0.138953 1.196404 0.309616
v -0.133718 1.225173 0.330121
v -0.144160 1.365294 0.337711
v -0.149014 1.333633 0.313080
v -0.141506 1.303228 0.330739
v -0.134126 1.333028 0.352702
v -0.150034 1.525035 0.351377
v -0.154831 1.481678 0.324151
v -0.147296 1.439140 0.344359
v -0.139984 1.480330 0.368223
v -0.151963 1.707116 0.363692
v -0.158115 1.664481 0.335435
v -0.151732 1.617211 0.358009
v -0.142894 1.661646 0.382944
v -0.149239 1.850874 0.371879
v -0.157020 1.821445 0.343038
v -0.150977 1.786059 0.368185
v -0.140095 1.818650 0.392955
v -0.115330 2.145755 0.412452
v -0.132655 2.200863 0.381936
v -0.147201 2.151207 0.351000
v -0.135905 2.101772 0.385299
v -0.141846 1.956756 0.381282
v -0.153712 1.932541 0.348492
v -0.146466 1.905812 0.376140
v -0.130588 1.930018 0.404210
v -0.138924 2.289805 0.346630
v -0.110188 2.280161 0.403887
v -0.068945 2.269191 0.171404
v -0.064653 2.261570 0.441009
v -0.115545 2.282166 0.214329
v -0.141996 2.290814 0.278593
v -0.033855 2.245243 0.467755
v -0.094387 2.257330 0.188359
v -0.091203 2.190801 0.431508
v -0.145548 2.277618 0.313376
v -0.133847 2.273290 0.244349
v -0.047150 2.240464 0.455194
v -0.050262 2.243570 0.155939
v -0.128901 2.272708 0.378325
v -0.145363 2.248612 0.278268
v -0.118005 2.236629 0.212544
v -0.070559 2.218236 0.169351
v -0.112730 2.240075 0.406927
v -0.142417 2.248230 0.348186
v -0.066537 2.224357 0.444256
v -0.040923 2.212167 0.468896
v -0.041356 2.130019 0.471249
v -0.095524 2.043958 0.183542
v -0.091504 2.004821 0.439875
v -0.155368 2.041976 0.316168
v -0.142619 2.001261 0.246100
v -0.049012 2.012772 0.464553
v -0.049694 2.024053 0.153509
v -0.138311 2.001899 0.384635
v -0.150733 2.022026 0.351557
v -0.116639 2.020474 0.415669
v -0.069846 2.030165 0.165623
v -0.067553 2.021347 0.454927
v -0.121340 2.021892 0.211210
v -0.153301 2.021831 0.280564
v -0.091614 2.035435 0.439218
v -0.141609 2.041206 0.244414
v -0.049781 2.033127 0.464189
v -0.050385 2.049574 0.153507
v -0.137219 2.039469 0.385676
v -0.095742 2.100242 0.183930
v -0.153994 2.104485 0.315684
v -0.067589 2.054318 0.453705
v -0.149677 2.066428 0.351992
v -0.116223 2.061194 0.415341
v -0.034325 2.260097 0.139031
v -0.069829 2.068867 0.165929
v -0.121049 2.067158 0.210530
v -0.152326 2.067268 0.279502
v -0.034948 2.010533 0.471600
v -0.041976 2.024645 0.471839
v -0.041801 2.051838 0.471917
v -0.041746 2.208793 0.141753
v -0.040927 2.131778 0.141485
v -0.041229 2.070139 0.141306
v -0.041586 2.037508 0.141332
v -0.034628 2.021820 0.139565
v 0.004056 1.401229 -0.507608
v 0.006169 1.685047 -0.678987
v 0.005163 2.000285 -0.747024
v 0.000583 2.157681 -0.833337
v 0.003594 1.829575 -0.767287
v 0.000782 1.463685 -0.679631
v 0.008016 1.521640 -0.377892
v 0.013855 1.745132 -0.476040
v 0.013473 1.990407 -0.523942
v 0.006632 2.137313 -0.703050
v 0.007256 1.554865 -0.570681
v 0.011631 2.113955 -0.572870
v 0.011085 1.852654 -0.577009
v 0.010907 1.602961 -0.465650
v 0.000842 1.370628 -0.324499
v 0.011103 1.989822 -0.585297
v 0.011813 1.722476 -0.528654
v 0.011901 2.211994 -0.558596
v 0.008763 2.123315 -0.647137
v 0.008731 1.572889 -0.522503
v 0.008409 1.844998 -0.646650
v 0.009171 2.227364 -0.629875
v 0.009218 1.704132 -0.595913
v 0.008284 1.990952 -0.658289
v 0.000682 1.314741 -0.334869
v 0.013109 1.675591 -0.359225
v 0.017328 1.823424 -0.413814
v 0.016391 2.022987 -0.449380
v 0.015281 2.113444 -0.478335
v 0.014172 1.868047 -0.497624
v 0.014732 1.692667 -0.405058
v 0.000507 1.398755 -0.299449
v 0.017030 1.805369 -0.312822
v 0.020307 1.912080 -0.350049
v 0.019407 2.069125 -0.378351
v 0.017634 2.133730 -0.417677
v 0.018219 1.952002 -0.403251
v 0.017939 1.795792 -0.361796
v 0.008136 1.689779 -0.310626
v 0.021392 1.906898 -0.240366
v 0.024522 1.989333 -0.270093
v 0.023819 2.111504 -0.291661
v 0.020954 2.162041 -0.338582
v 0.022254 2.018712 -0.326488
v 0.021344 1.899904 -0.294992
v 0.012776 1.819965 -0.257059
v 0.026428 1.976994 -0.152526
v 0.028244 2.043284 -0.175453
v 0.027685 2.141015 -0.191510
v 0.024807 2.184118 -0.245392
v 0.026727 2.070200 -0.237028
v 0.025327 1.977564 -0.212015
v 0.018095 1.911680 -0.181173
v 0.036201 2.043482 0.063527
v 0.036130 2.093593 0.061706
v 0.036084 2.167701 0.060315
v 0.033879 2.203532 0.002900
v 0.030025 2.103396 -0.125206
v 0.034153 2.056473 0.010438
v 0.023892 1.972094 -0.089076
v 0.038949 2.050415 0.124871
v 0.038774 2.097307 0.124858
v 0.038929 2.170041 0.124884
v 0.037812 2.206827 0.098863
v 0.037626 2.130842 0.099852
v 0.037649 2.068949 0.100054
v 0.031400 2.023039 0.098676
v 0.028972 2.196661 -0.130914
v 0.033994 2.122803 0.005161
v 0.029567 2.027243 -0.109006
v 0.028619 2.008040 0.016258
v 0.031877 2.075608 -0.055113
v 0.030728 2.234736 -0.061487
v 0.031160 1.995704 -0.037151
v 0.031570 2.158040 -0.063317
v 0.000557 1.253744 -0.386112
v 0.001034 1.395822 -0.309920
v 0.007038 1.488145 -0.405295
v 0.005687 1.448210 -0.441735
v 0.007401 1.610588 -0.326030
v 0.012640 1.763767 -0.291973
v 0.018287 1.873151 -0.223528
v 0.024776 1.949143 -0.139425
v 0.035488 2.022170 0.064460
v 0.038221 2.029115 0.124646
v 0.031830 2.019347 -0.043784
v 0.028859 1.983718 -0.093509
v 0.037673 2.035112 0.100264
v 0.034302 2.018672 0.015657
v 0.022546 1.924945 -0.188614
v 0.016852 1.834981 -0.266565
v 0.011920 1.708618 -0.323892
v 0.003789 1.451714 -0.332221
v 0.002089 1.328737 -0.402497
v 0.002470 1.362912 -0.366437
v 0.003042 1.411496 -0.347727
v 0.000519 1.201722 -0.469274
v 0.003237 2.152426 -0.781394
v 0.000650 1.810325 -0.818594
v 0.003954 1.508607 -0.637385
v 0.001448 1.261745 -0.446575
v 0.000471 1.173160 -0.415191
v 0.001618 1.333038 -0.556744
v 0.001623 1.994393 -0.821903
v 0.001991 1.644060 -0.748479
v 0.005125 2.259843 -0.715232
v 0.014096 2.199702 -0.500581
v 0.016474 2.200827 -0.437875
v 0.018967 2.212050 -0.372360
v 0.022270 2.224992 -0.286278
v 0.026022 2.232288 -0.187098
v 0.035483 2.236529 0.059644
v 0.039153 2.237683 0.121214
v 0.001551 2.281674 -0.784589
v 0.000420 2.363835 -0.769770
v 0.024181 2.257926 -0.122011
v 0.032178 2.256603 0.095250
v 0.028339 2.256629 0.005695
v 0.020644 2.258868 -0.231708
v 0.017743 2.255842 -0.321650
v 0.015361 2.252474 -0.395401
v 0.012956 2.255454 -0.469333
v 0.006182 2.314300 -0.653286
v 0.008733 2.291025 -0.600086
v 0.011038 2.271354 -0.528787
v 0.002760 2.348593 -0.723663
v 0.014081 2.107459 -0.509424
v 0.015608 1.893278 -0.465243
v 0.012680 1.640517 -0.423017
v 0.003415 1.513112 -0.314234
v 0.006876 1.550644 -0.338728
v 0.013725 2.253403 -0.445781
v 0.014846 2.197968 -0.480791
v 0.002444 1.447198 -0.313422
v 0.014852 1.763282 -0.457000
v 0.009239 1.560205 -0.371987
v 0.014366 1.996380 -0.501047
v 0.012959 1.860511 -0.528478
v 0.012893 2.110073 -0.540194
v 0.011746 1.619903 -0.443400
v 0.003259 1.426239 -0.338392
v 0.012036 2.262822 -0.497812
v 0.011700 1.854835 -0.561069
v 0.012480 1.729426 -0.511309
v 0.011876 1.989846 -0.565289
v 0.007347 1.498862 -0.395328
v 0.000878 1.380022 -0.317789
v 0.012621 2.207908 -0.539572
v 0.009902 1.849157 -0.607634
v 0.011009 2.115951 -0.588978
v 0.010455 1.595726 -0.477941
v 0.002926 1.401602 -0.354269
v 0.010541 2.275604 -0.544190
v 0.011095 2.216588 -0.579903
v 0.000795 1.355850 -0.329684
v 0.011040 1.716839 -0.548734
v 0.010259 1.990134 -0.607157
v 0.006639 1.476681 -0.416897
v 0.009809 2.119889 -0.620082
v 0.009534 1.583756 -0.501822
v 0.002682 1.382312 -0.361182
v 0.009577 2.283851 -0.574082
v 0.008874 1.846129 -0.634272
v 0.005986 1.458560 -0.433117
v 0.008903 1.990694 -0.642293
v 0.009789 1.708135 -0.581102
v 0.000718 1.329754 -0.331694
v 0.009796 2.223994 -0.614243
v 0.008250 2.125194 -0.659679
v 0.008365 1.567958 -0.533065
v 0.007023 1.844803 -0.689486
v 0.002373 1.353436 -0.373401
v 0.008188 2.294693 -0.612127
v 0.008148 2.234511 -0.651010
v 0.000640 1.302476 -0.348945
v 0.005331 1.438271 -0.458256
v 0.007537 1.993329 -0.679995
v 0.008540 1.700623 -0.616305
v 0.039714 2.173022 0.484525
v 0.039877 2.085968 0.482684
v 0.035733 2.167327 0.526910
v 0.027644 2.014553 0.548495
v 0.025197 2.155854 0.627008
v 0.033263 2.196328 0.550214
v 0.033892 2.124710 0.543831
v 0.031007 2.028748 0.509897
v 0.027430 2.190439 0.605752
v 0.028995 2.117906 0.590470
v 0.030819 2.162067 0.573412
v 0.021033 2.148357 0.666843
v 0.024517 2.107846 0.633185
v 0.024054 1.987956 0.589469
v 0.022056 2.185918 0.657034
v 0.016609 2.135906 0.709374
v 0.017638 2.181977 0.699419
v 0.020647 2.087484 0.670259
v 0.021618 1.940965 0.617025
v 0.013273 2.131341 0.740878
v 0.013488 2.178957 0.739320
v 0.016903 2.066632 0.706141
v 0.020121 1.870062 0.633359
v 0.001362 2.166259 0.834808
v 0.001922 2.032571 0.819180
v 0.005865 1.815132 0.704701
v 0.036861 2.085364 0.514513
v 0.028239 2.065714 0.596910
v 0.033061 2.079920 0.550969
v 0.024635 2.044582 0.631266
v 0.021176 2.004220 0.664260
v 0.018677 1.972365 0.686863
v 0.006364 2.171847 0.794265
v 0.008423 2.046075 0.769337
v 0.013279 1.823191 0.666854
v 0.006093 1.950705 0.767859
v 0.003730 2.112454 0.813101
v 0.038061 2.204136 0.504622
v 0.038235 2.128225 0.502333
v 0.032633 2.022360 0.488000
v 0.038786 2.229899 0.483967
v 0.023581 2.206321 0.637672
v 0.029893 2.212084 0.576218
v 0.019142 2.205314 0.681043
v 0.014541 2.205821 0.726211
v 0.011414 2.207297 0.756327
v 0.003245 2.205720 0.815563
v 0.034940 2.218681 0.527448
v 0.005163 2.224850 0.792552
v 0.000979 2.228074 0.825660
v 0.010783 2.220306 0.744530
v 0.014251 2.216462 0.704523
v 0.027712 2.223590 0.550297
v 0.022683 2.217480 0.607758
v 0.018016 2.214422 0.661200
v 0.031712 2.233421 0.504573
v 0.039198 2.021013 0.479146
v 0.037448 2.029639 0.499089
v 0.030017 2.003235 0.572540
v 0.034747 2.026425 0.526530
v 0.026732 1.971525 0.604352
v 0.024187 1.908683 0.628743
v 0.022909 1.846432 0.638216
v 0.002300 1.816308 0.729957
v 0.009911 1.823415 0.695843
v 0.021953 1.839620 0.645954
v 0.004361 1.826983 0.733127
v 0.023868 1.877731 0.636281
v 0.025745 1.946560 0.619097
v 0.037055 2.033003 0.511538
v 0.028703 1.992526 0.591172
v 0.033008 2.018460 0.550223
v 0.039099 2.030451 0.489159
v 0.039980 2.035165 0.480034
v 0.038059 2.038070 0.501281
v 0.030386 2.010203 0.575283
v 0.035204 2.032622 0.529399
v 0.027004 1.979681 0.607370
v 0.024308 1.919370 0.632735
v 0.022867 1.860677 0.643999
v 0.008208 1.841735 0.719148
v 0.038885 2.053268 0.492614
v 0.032124 2.038514 0.559108
v 0.027833 2.016093 0.599957
v 0.036303 2.051989 0.519232
v 0.024686 1.975414 0.629787
v 0.022379 1.917275 0.651324
v 0.003345 1.874978 0.765115
v 0.020241 1.886335 0.665489
v 0.010949 2.177671 0.761496
v 0.014170 2.058051 0.729380
v 0.018606 1.830476 0.641708
v 0.008758 2.223053 0.765212
v 0.014316 1.833282 0.680354
v 0.012731 1.880484 0.706290
v 0.018727 1.846468 0.664370
v 0.019150 1.830689 0.654176
v 0.008734 2.206917 0.776175
v 0.010154 2.125765 0.764708
v 0.014889 1.961855 0.711455
v 0.113084 1.961461 0.199545
v 0.129604 1.911518 0.215728
v 0.095619 2.185332 0.185825
v 0.095395 2.006725 0.183658
v 0.155605 1.880143 0.345707
v 0.137003 1.877802 0.397297
v 0.119645 1.901607 0.416440
v 0.105132 1.955063 0.428386
v 0.091824 2.094149 0.437003
v 0.151915 1.980767 0.350436
v 0.119174 1.981390 0.413657
v 0.157954 1.749934 0.339814
v 0.141979 1.746777 0.388539
v 0.132968 1.854313 0.221627
v 0.134956 1.791152 0.222910
v 0.127685 1.782504 0.406311
v 0.124907 1.847613 0.410574
v 0.157054 1.571956 0.330031
v 0.142113 1.569850 0.376031
v 0.136234 1.712729 0.222068
v 0.137071 1.622352 0.219754
v 0.129859 1.614860 0.394478
v 0.129471 1.703875 0.401134
v 0.151974 1.401160 0.318372
v 0.136946 1.400230 0.360346
v 0.137534 1.529508 0.216810
v 0.137723 1.443360 0.214073
v 0.126139 1.438782 0.377876
v 0.128601 1.523787 0.386471
v 0.146498 1.274795 0.307055
v 0.132812 1.276000 0.343167
v 0.137768 1.370104 0.212157
v 0.138077 1.310037 0.212282
v 0.121539 1.304500 0.360387
v 0.123258 1.365445 0.369569
v 0.135950 1.174001 0.291632
v 0.128940 1.187806 0.317127
v 0.138871 1.258829 0.215733
v 0.139361 1.215245 0.224059
v 0.124993 1.209299 0.331975
v 0.122367 1.252644 0.348006
v 0.063657 1.996748 0.454493
v 0.089654 2.259015 0.426607
v 0.065925 2.003486 0.167458
v 0.144221 1.883397 0.235255
v 0.157814 1.881521 0.285870
v 0.124586 1.982065 0.214564
v 0.154432 1.980492 0.282006
v 0.147623 1.754225 0.237680
v 0.159695 1.752584 0.284821
v 0.148710 1.575521 0.232907
v 0.159231 1.574167 0.278152
v 0.148091 1.404259 0.227250
v 0.155878 1.402886 0.270447
v 0.147353 1.281175 0.226708
v 0.151758 1.276858 0.265503
v 0.140206 1.192579 0.236726
v 0.140186 1.175774 0.263159
v 0.149084 1.246989 0.284121
v 0.145701 1.191785 0.279322
v 0.154144 1.366789 0.292325
v 0.151563 1.304350 0.288437
v 0.159024 1.527066 0.301470
v 0.156752 1.440743 0.296645
v 0.160903 1.710073 0.310432
v 0.160491 1.619802 0.306276
v 0.159588 1.852990 0.315052
v 0.160471 1.788893 0.313363
v 0.150052 2.203997 0.314435
v 0.156179 2.002684 0.316269
v 0.157158 1.957635 0.316302
v 0.158384 1.907413 0.315971
v 0.146825 1.958205 0.250657
v 0.138915 1.937849 0.227478
v 0.151573 1.909061 0.256502
v 0.156217 1.933043 0.284107
v 0.150040 2.151137 0.278477
v 0.137501 2.199870 0.243191
v 0.120312 2.145086 0.210598
v 0.140491 2.103245 0.243175
v 0.153519 1.854552 0.259580
v 0.146292 1.825020 0.237833
v 0.154787 1.790993 0.260001
v 0.158953 1.823677 0.286152
v 0.155526 1.712294 0.258515
v 0.148447 1.668609 0.235849
v 0.155657 1.621808 0.255668
v 0.159874 1.667050 0.281964
v 0.155136 1.528801 0.252240
v 0.148573 1.484797 0.229862
v 0.154096 1.442347 0.248971
v 0.157803 1.483539 0.274106
v 0.152800 1.368551 0.246436
v 0.147602 1.337546 0.225886
v 0.151523 1.306927 0.245186
v 0.153823 1.335520 0.267571
v 0.150260 1.251597 0.245658
v 0.147312 1.230430 0.230684
v 0.147932 1.200009 0.247983
v 0.149529 1.220839 0.263995
v 0.067372 2.135935 0.450021
v 0.049315 2.086948 0.462727
v 0.048528 2.178275 0.458813
v 0.069932 2.136117 0.166869
v 0.050468 2.173139 0.154795
v 0.049852 2.097827 0.153644
v 0.140119 1.247705 0.321354
v 0.144525 1.218853 0.299111
v 0.138903 1.196404 0.309616
v 0.133668 1.225173 0.330121
v 0.144160 1.365294 0.337711
v 0.149014 1.333633 0.313080
v 0.141506 1.303228 0.330739
v 0.134076 1.333028 0.352702
v 0.150034 1.525035 0.351377
v 0.154831 1.481678 0.324151
v 0.147296 1.439140 0.344359
v 0.139934 1.480330 0.368223
v 0.151963 1.707116 0.363692
v 0.158115 1.664481 0.335435
v 0.151732 1.617211 0.358009
v 0.142844 1.661646 0.382944
v 0.149238 1.850873 0.371879
v 0.157020 1.821445 0.343038
v 0.150977 1.786059 0.368185
v 0.140045 1.818650 0.392955
v 0.115330 2.145755 0.412452
v 0.132655 2.200863 0.381936
v 0.147201 2.151207 0.351000
v 0.135905 2.101772 0.385299
v 0.141846 1.956756 0.381282
v 0.153712 1.932541 0.348492
v 0.146466 1.905812 0.376140
v 0.130538 1.930018 0.404210
v 0.139039 2.289780 0.346703
v 0.110409 2.280111 0.404024
v 0.070322 2.268713 0.169943
v 0.064846 2.261521 0.441149
v 0.115597 2.282146 0.214270
v 0.141998 2.290812 0.278603
v 0.033866 2.245240 0.467764
v 0.094653 2.257233 0.188063
v 0.091203 2.190801 0.431508
v 0.145552 2.277617 0.313379
v 0.133847 2.273290 0.244350
v 0.047163 2.240460 0.455204
v 0.051574 2.243121 0.154555
v 0.128925 2.272703 0.378339
v 0.145363 2.248612 0.278268
v 0.118016 2.236626 0.212531
v 0.070822 2.218140 0.169058
v 0.112730 2.240074 0.406927
v 0.142417 2.248230 0.348186
v 0.066537 2.224357 0.444256
v 0.040923 2.212167 0.468896
v 0.041356 2.130018 0.471249
v 0.095524 2.043958 0.183542
v 0.091474 2.004822 0.439875
v 0.155368 2.041976 0.316168
v 0.142619 2.001261 0.246100
v 0.048983 2.012772 0.464553
v 0.049664 2.024053 0.153509
v 0.138311 2.001899 0.384635
v 0.150733 2.022025 0.351557
v 0.116639 2.020474 0.415669
v 0.069846 2.030165 0.165623
v 0.067553 2.021347 0.454927
v 0.121340 2.021892 0.211210
v 0.153301 2.021832 0.280564
v 0.091614 2.035435 0.439218
v 0.141609 2.041206 0.244414
v 0.049781 2.033127 0.464189
v 0.050385 2.049574 0.153507
v 0.137219 2.039469 0.385676
v 0.095742 2.100241 0.183930
v 0.153994 2.104485 0.315684
v 0.067589 2.054318 0.453705
v 0.149677 2.066428 0.351992
v 0.116223 2.061194 0.415341
v 0.036911 2.259463 0.137081
v 0.069829 2.068867 0.165929
v 0.121049 2.067157 0.210530
v 0.152326 2.067268 0.279502
v 0.034918 2.010533 0.471600
v 0.041976 2.024645 0.471839
v 0.041801 2.051839 0.471917
v 0.042170 2.208639 0.141280
v 0.040927 2.131778 0.141485
v 0.041229 2.070139 0.141306
v 0.041586 2.037508 0.141332
v 0.034596 2.021820 0.139565
v 0.023883 2.269536 0.149089
v 0.019500 2.252448 0.457650
v 0.001437 2.234054 0.806733
v 0.001808 1.811465 0.713560
v 0.000694 2.391957 -0.735914
v 0.000709 1.442684 -0.298678
v 0.019838 2.013819 0.147588
v 0.019785 2.002441 0.466086
v -0.019200 2.014281 0.478653
v -0.018359 2.026297 0.498237
v -0.017054 2.024128 0.525466
v -0.014737 2.000645 0.571520
v -0.013133 1.968494 0.603231
v -0.011905 1.904712 0.627260
v -0.011304 1.841166 0.636174
v -0.009622 1.825065 0.649940
v -0.005686 1.817249 0.681662
v -0.004270 2.230005 0.774823
v -0.005557 2.227546 0.756795
v -0.007081 2.222650 0.726889
v -0.009338 2.218644 0.681618
v -0.011518 2.218112 0.638098
v -0.014624 2.223687 0.576301
v -0.017098 2.230581 0.527447
v -0.018969 2.243327 0.483794
v -0.017649 2.265459 0.118383
v -0.017102 2.264566 0.059686
v -0.015117 2.265924 -0.056734
v -0.012874 2.269281 -0.177756
v -0.011092 2.271018 -0.273935
v -0.009558 2.270258 -0.356715
v -0.008442 2.272998 -0.416802
v -0.007777 2.276958 -0.452364
v -0.007454 2.280737 -0.469718
v -0.006756 2.291970 -0.507388
v -0.006415 2.297516 -0.525830
v -0.006032 2.303734 -0.546512
v -0.005414 2.313758 -0.579849
v -0.005101 2.318320 -0.595025
v -0.004460 2.327300 -0.615456
v -0.002632 2.359866 -0.676139
v -0.003265 1.608703 -0.314589
v -0.005922 1.761360 -0.283922
v -0.008779 1.868829 -0.217820
v -0.012058 1.943643 -0.136290
v -0.015252 1.989565 -0.037388
v -0.017372 2.015107 0.060962
v -0.018721 2.019328 0.119501
v -0.019523 2.270042 0.150642
v -0.019408 2.252470 0.457582
v -0.001437 2.234054 0.806733
v -0.000694 2.391957 -0.735913
v 0.004270 2.230005 0.774823
v 0.005557 2.227546 0.756795
v 0.007081 2.222650 0.726889
v 0.009338 2.218643 0.681619
v 0.011518 2.218112 0.638098
v 0.014624 2.223687 0.576301
v 0.017098 2.230581 0.527447
v 0.018969 2.243327 0.483794
v 0.020484 2.265136 0.117389
v 0.017617 2.264508 0.059506
v 0.015117 2.265923 -0.056734
v 0.012874 2.269281 -0.177756
v 0.011092 2.271018 -0.273935
v 0.009558 2.270257 -0.356715
v 0.008442 2.272998 -0.416802
v 0.007777 2.276958 -0.452364
v 0.007454 2.280738 -0.469718
v 0.006756 2.291971 -0.507388
v 0.006415 2.297515 -0.525830
v 0.006032 2.303734 -0.546512
v 0.005414 2.313758 -0.579849
v 0.005101 2.318320 -0.595025
v 0.004460 2.327300 -0.615456
v 0.002632 2.359866 -0.676139
v -0.000000 2.382269 -0.707360
v -0.000000 2.345200 -0.640438
v -0.000000 2.324292 -0.599870
v 0.000000 2.320312 -0.587959
v -0.000000 2.312483 -0.562226
v -0.000000 2.303483 -0.532646
v -0.000000 2.298846 -0.517403
v -0.000000 2.289533 -0.486757
v 0.000000 2.281401 -0.458754
v -0.000000 2.278280 -0.436965
v 0.000000 2.273827 -0.389014
v -0.000000 2.272657 -0.316715
v 0.000000 2.272247 -0.227810
v -0.000000 2.268901 -0.119454
v 0.000037 2.266156 0.006538
v 0.000901 2.265581 0.094551
v 0.002176 2.268250 0.135960
v 0.000004 2.249102 0.468031
v 0.000000 2.237152 0.504566
v -0.000000 2.227059 0.550297
v -0.000000 2.220947 0.607759
v -0.000000 2.218104 0.661200
v -0.000000 2.220932 0.704524
v -0.000000 2.226001 0.744524
v -0.000000 2.229692 0.764976
v 0.000000 2.232674 0.789378
v -0.079502 1.945468 0.193642
v -0.094116 1.896576 0.208251
v -0.087263 1.893881 0.423723
v -0.074515 1.946368 0.433528
v -0.098286 1.847853 0.214537
v -0.099972 1.786190 0.215934
v -0.093929 1.776979 0.413436
v -0.091663 1.841047 0.417744
v -0.101028 1.709132 0.215188
v -0.101775 1.620292 0.212947
v -0.095816 1.612413 0.401334
v -0.095412 1.699742 0.408163
v -0.102279 1.529040 0.210063
v -0.102613 1.444404 0.207391
v -0.093158 1.439714 0.384178
v -0.094955 1.523104 0.393065
v -0.102856 1.372492 0.205549
v -0.103344 1.313770 0.205902
v -0.089921 1.308041 0.365966
v -0.091043 1.367716 0.375562
v -0.102703 1.170602 0.290104
v -0.098330 1.186146 0.314808
v -0.104290 1.264335 0.209891
v -0.105590 1.222598 0.219653
v -0.094011 1.216348 0.335959
v -0.090929 1.257861 0.353068
v -0.048190 1.982994 0.447575
v -0.049881 1.989469 0.179275
v -0.106544 1.190755 0.237711
v -0.105774 1.172298 0.263015
v 0.077102 1.945468 0.193642
v 0.091715 1.896576 0.208251
v 0.084863 1.893881 0.423723
v 0.072115 1.946368 0.433528
v 0.095886 1.847853 0.214537
v 0.097572 1.786190 0.215934
v 0.091528 1.776979 0.413436
v 0.089262 1.841047 0.417744
v 0.098627 1.709132 0.215188
v 0.099375 1.620292 0.212947
v 0.093415 1.612413 0.401334
v 0.093011 1.699742 0.408163
v 0.099878 1.529040 0.210063
v 0.100212 1.444404 0.207391
v 0.090757 1.439714 0.384178
v 0.092555 1.523104 0.393065
v 0.100455 1.372492 0.205549
v 0.100944 1.313770 0.205902
v 0.087520 1.308041 0.365966
v 0.088642 1.367716 0.375562
v 0.100303 1.170602 0.290104
v 0.095929 1.186146 0.314808
v 0.101889 1.264335 0.209891
v 0.103189 1.222598 0.219653
v 0.091611 1.216348 0.335959
v 0.088528 1.257861 0.353068
v 0.045789 1.982994 0.447575
v 0.047483 1.989469 0.179275
v 0.104144 1.190755 0.237711
v 0.103374 1.172298 0.263015
v 0.014136 2.003506 0.168638
v 0.013971 1.991411 0.456113
v 0.124319 1.202594 0.227741
v 0.123377 1.239562 0.214551
v -0.119353 1.174156 0.303136
v -0.113626 1.196941 0.325765
v 0.108400 1.233032 0.344456
v 0.112350 1.196941 0.325765
v 0.116908 1.822149 0.216489
v 0.114326 1.879123 0.213159
v -0.123303 1.285901 0.208107
v -0.124627 1.239562 0.214551
v 0.105962 1.279696 0.359358
v 0.118394 1.752181 0.216610
v -0.125595 1.202594 0.227741
v 0.036217 1.994835 0.458396
v 0.074037 1.974821 0.442910
v 0.109412 1.813876 0.414733
v 0.111612 1.742592 0.410096
v -0.109651 1.233032 0.344456
v -0.115577 1.879123 0.213159
v -0.118158 1.822149 0.216489
v 0.105913 1.872455 0.419380
v -0.107213 1.279696 0.359358
v -0.119644 1.752181 0.216610
v 0.078274 1.977140 0.181745
v 0.036929 2.006659 0.164566
v -0.075275 1.974821 0.442910
v -0.037455 1.994835 0.458396
v -0.112862 1.742592 0.410096
v -0.110663 1.813876 0.414733
v -0.038158 2.006659 0.164566
v -0.107163 1.872455 0.419381
v 0.119476 1.667367 0.215109
v -0.079512 1.977140 0.181745
v 0.120155 1.575127 0.212327
v 0.112796 1.658589 0.404080
v 0.112479 1.568225 0.396509
v -0.120726 1.667367 0.215109
v -0.121405 1.575126 0.212327
v -0.113729 1.568225 0.396509
v -0.114046 1.658589 0.404080
v 0.120649 1.485309 0.209541
v 0.120908 1.405694 0.207110
v 0.106223 1.931397 0.202416
v 0.110815 1.480119 0.387817
v 0.108348 1.401112 0.379055
v -0.121899 1.485309 0.209541
v -0.122159 1.405694 0.207110
v -0.107473 1.931397 0.202416
v -0.109598 1.401112 0.379055
v -0.112065 1.480119 0.387817
v 0.125158 1.177470 0.249674
v 0.122816 1.167030 0.276818
v 0.121264 1.340096 0.206184
v 0.122053 1.285901 0.208107
v 0.097179 1.923812 0.427814
v -0.126409 1.177470 0.249674
v 0.106146 1.334856 0.370340
v -0.124066 1.167030 0.276818
v -0.122514 1.340096 0.206184
v -0.098430 1.923812 0.427814
v 0.118103 1.174156 0.303136
v -0.107396 1.334855 0.370340
v -0.093490 2.333601 0.399034
v -0.104071 2.336267 0.223218
v 0.094396 2.333534 0.399168
v 0.104750 2.336266 0.223203
v 0.014307 2.294485 0.219478
v 0.011237 2.285735 0.393046
v -0.011152 2.294793 0.220427
v -0.010345 2.285847 0.392813
v -0.052014 2.349457 0.348342
v -0.043812 2.352992 0.355896
v -0.039328 2.344479 0.364134
v -0.034929 2.329726 0.375365
v -0.077133 2.325132 0.323647
v -0.027199 2.304837 0.386294
v -0.064041 2.341248 0.339030
v -0.058742 2.349802 0.272948
v -0.051653 2.353021 0.263802
v -0.047574 2.345471 0.253799
v -0.044069 2.332519 0.241078
v -0.068557 2.342078 0.283617
v -0.033631 2.308670 0.228763
v -0.078899 2.325660 0.299801
v 0.079585 2.325661 0.299801
v 0.052926 2.349456 0.348342
v 0.044725 2.352991 0.355896
v 0.040241 2.344479 0.364134
v 0.035851 2.329720 0.375375
v 0.077820 2.325132 0.323647
v 0.064944 2.341248 0.339030
v 0.059655 2.349802 0.272948
v 0.052566 2.353021 0.263802
v 0.048487 2.345471 0.253799
v 0.045010 2.332505 0.241035
v 0.069460 2.342078 0.283617
v 0.035274 2.308348 0.227771
v 0.028298 2.304721 0.386537
v 0.022017 2.276703 0.169753
v 0.017201 2.261358 0.439367
v -0.017773 2.277171 0.171248
v -0.016420 2.261526 0.439007
v -0.078615 2.366040 0.381696
v -0.081101 2.360138 0.370039
v -0.096540 2.355486 0.366450
v -0.091121 2.358932 0.375017
v -0.070098 2.362829 0.392218
v -0.068444 2.365548 0.381717
v -0.077700 2.362525 0.389894
v -0.067864 2.350127 0.403830
v -0.062152 2.342176 0.409261
v -0.061525 2.352528 0.394394
v -0.054756 2.313559 0.426707
v -0.054764 2.329762 0.411734
v -0.062853 2.333187 0.416619
v -0.116082 2.337755 0.350055
v -0.119999 2.322501 0.331697
v -0.042698 2.291057 0.428821
v -0.099667 2.347467 0.355672
v -0.104859 2.349450 0.364316
v -0.105999 2.356428 0.257979
v -0.091608 2.360661 0.252741
v -0.091141 2.366297 0.240019
v -0.102101 2.359759 0.248520
v -0.080637 2.365599 0.238570
v -0.083162 2.363292 0.226982
v -0.090459 2.363091 0.231150
v -0.074328 2.354025 0.223150
v -0.076545 2.345189 0.206854
v -0.081573 2.352041 0.214018
v -0.068950 2.334246 0.203524
v -0.068897 2.320855 0.187722
v -0.077525 2.337357 0.199563
v -0.121766 2.339182 0.275887
v -0.106748 2.348742 0.269209
v -0.113303 2.350836 0.260757
v -0.052791 2.301486 0.184295
v -0.122759 2.323326 0.294450
v 0.122447 2.339189 0.275839
v 0.123236 2.323333 0.294402
v 0.097342 2.355486 0.366450
v 0.081920 2.360138 0.370039
v 0.079417 2.366040 0.381695
v 0.091920 2.358931 0.375017
v 0.069263 2.365548 0.381717
v 0.070899 2.362828 0.392219
v 0.078499 2.362525 0.389894
v 0.062343 2.352526 0.394395
v 0.062951 2.342169 0.409266
v 0.068660 2.350120 0.403835
v 0.055595 2.329753 0.411751
v 0.055663 2.313494 0.426847
v 0.063662 2.333172 0.416642
v 0.120476 2.322508 0.331648
v 0.116768 2.337761 0.350010
v 0.100471 2.347467 0.355669
v 0.105649 2.349449 0.364310
v 0.091943 2.366297 0.240020
v 0.092427 2.360661 0.252741
v 0.106801 2.356428 0.257979
v 0.102900 2.359759 0.248520
v 0.083964 2.363292 0.226984
v 0.081456 2.365599 0.238571
v 0.091258 2.363091 0.231150
v 0.077346 2.345187 0.206859
v 0.075146 2.354024 0.223152
v 0.082371 2.352039 0.214023
v 0.070012 2.320684 0.187143
v 0.069811 2.334224 0.203458
v 0.078351 2.337338 0.199504
v 0.107552 2.348742 0.269207
v 0.114087 2.350837 0.260748
v 0.054687 2.300996 0.182732
v 0.043802 2.290882 0.429197
v -0.110673 2.337682 0.368885
v -0.106882 2.316913 0.312616
v -0.092664 2.336156 0.340708
v -0.118750 2.339626 0.256066
v -0.097038 2.337278 0.283747
v -0.069635 2.321886 0.419841
v -0.042571 2.316322 0.403265
v -0.026293 2.279441 0.416624
v 0.000312 2.270693 0.419860
v -0.082238 2.326963 0.197831
v -0.030960 2.289734 0.196000
v -0.053862 2.321680 0.211755
v 0.002153 2.284531 0.190902
v 0.111472 2.337654 0.368907
v 0.093420 2.336156 0.340705
v 0.107327 2.316915 0.312608
v 0.119428 2.339635 0.256018
v 0.097793 2.337278 0.283745
v 0.070540 2.321820 0.419981
v 0.027407 2.279229 0.417070
v 0.043520 2.316269 0.403376
v 0.083108 2.326881 0.197522
v 0.055022 2.321532 0.211300
v 0.033735 2.289145 0.194177
v -0.061805 2.359447 0.366680
v -0.055211 2.356904 0.374853
v -0.092221 2.352337 0.384914
v -0.077520 2.346849 0.403004
v -0.048760 2.339363 0.389200
v -0.076805 2.350433 0.354204
v -0.065647 2.357258 0.244154
v -0.071795 2.359621 0.254306
v -0.090086 2.348892 0.217445
v -0.103442 2.353895 0.238296
v -0.060305 2.341915 0.227293
v -0.084189 2.351226 0.268995
v 0.056071 2.356903 0.374853
v 0.062664 2.359447 0.366679
v 0.078332 2.346838 0.403023
v 0.093029 2.352330 0.384927
v 0.049619 2.339363 0.389200
v 0.077664 2.350433 0.354203
v 0.072654 2.359621 0.254307
v 0.066506 2.357258 0.244154
v 0.104225 2.353895 0.238293
v 0.090877 2.348888 0.217434
v 0.061164 2.341915 0.227293
v 0.085048 2.351226 0.268995
v -0.085502 2.279046 0.421609
v -0.104154 2.295003 0.400822
v -0.122876 2.293140 0.375468
v -0.107294 2.285870 0.401605
v -0.128951 2.295098 0.246142
v -0.111393 2.298140 0.217757
v -0.091569 2.284906 0.192499
v -0.113469 2.289139 0.215959
v 0.086842 2.278706 0.422421
v 0.108421 2.285603 0.402286
v 0.124046 2.292863 0.376084
v 0.105471 2.294685 0.401493
v 0.128975 2.295109 0.246107
v 0.113523 2.289116 0.215894
v 0.092036 2.284734 0.191914
v 0.111584 2.298132 0.217689
v 0.046736 2.274394 0.162373
v 0.024452 2.271582 0.156785
v 0.002547 2.271735 0.157683
v 0.024515 2.272790 0.158856
v 0.000209 2.254624 0.450965
v 0.019477 2.254833 0.451513
v 0.040420 2.259525 0.446778
v 0.019299 2.256061 0.449594
v -0.019947 2.272105 0.158423
v -0.043892 2.275115 0.164797
v -0.020239 2.273268 0.160542
v -0.039366 2.259787 0.446084
v -0.018967 2.254953 0.451160
v -0.018576 2.256222 0.449198
v -0.140063 2.298042 0.313015
v -0.135961 2.295438 0.345651
v -0.130676 2.303565 0.349475
v -0.134997 2.304749 0.275476
v -0.139463 2.296448 0.279070
v -0.062807 2.267219 0.437852
v -0.063469 2.277466 0.433996
v -0.067947 2.278119 0.174099
v -0.070690 2.287346 0.179203
v 0.136556 2.295310 0.345965
v 0.140336 2.298017 0.312963
v 0.131449 2.303435 0.349617
v 0.139484 2.296447 0.279065
v 0.135188 2.304779 0.275288
v 0.063835 2.266959 0.438563
v 0.064756 2.277166 0.434690
v 0.069496 2.277573 0.172393
v 0.071950 2.286926 0.177676
v -0.112884 2.316854 0.381220
v -0.084231 2.306077 0.416533
v -0.052944 2.291238 0.434989
v -0.125757 2.290987 0.376404
v -0.087434 2.276517 0.423835
v -0.040145 2.257733 0.448930
v -0.120886 2.319225 0.241907
v -0.093417 2.310754 0.201454
v -0.092588 2.282325 0.190390
v -0.131194 2.293048 0.245490
v -0.063702 2.301782 0.178782
v -0.043534 2.273069 0.161916
v -0.131190 2.321877 0.285073
v -0.142576 2.296231 0.313035
v -0.127264 2.320743 0.341266
v 0.113907 2.316691 0.381518
v 0.085358 2.305878 0.416950
v 0.088086 2.276360 0.424266
v 0.126337 2.290860 0.376748
v 0.054043 2.291061 0.435399
v 0.040622 2.257612 0.449297
v 0.121304 2.319237 0.241859
v 0.094028 2.310677 0.201145
v 0.065226 2.301363 0.177259
v 0.131183 2.293047 0.245500
v 0.093090 2.282135 0.189817
v 0.046617 2.272296 0.159556
v 0.131645 2.321906 0.284876
v 0.142687 2.296205 0.313119
v 0.127822 2.320742 0.341128
v -0.134392 2.313000 0.313509
v -0.034101 2.266775 0.443926
v 0.000247 2.255705 0.448209
v 0.000093 2.253883 0.453519
v -0.040309 2.282098 0.167356
v 0.002512 2.272606 0.160580
v 0.002616 2.271134 0.154862
v 0.134711 2.313028 0.313313
v 0.035211 2.266527 0.444486
v 0.043259 2.281400 0.164979
v -0.000714 1.442684 -0.298678
v -0.020221 2.013819 0.147588
v 0.003259 1.608703 -0.314589
v 0.005916 1.761360 -0.283922
v 0.008773 1.868829 -0.217820
v 0.012051 1.943643 -0.136290
v 0.015245 1.989565 -0.037388
v 0.017366 2.015107 0.060962
v 0.018715 2.019328 0.119501
v -0.016480 2.003506 0.168638
v -0.000607 2.007934 0.155539
v -0.000028 2.015655 0.133256
v -0.000004 2.017479 0.093735
v -0.000004 2.003449 0.013696
v -0.000004 1.968418 -0.088523
v -0.000004 1.909511 -0.177922
v -0.000004 1.820142 -0.251609
v -0.000004 1.693276 -0.303343
v -0.000004 1.521745 -0.306245
v -0.001808 1.811465 0.713560
v -0.020173 2.002441 0.466086
v 0.019200 2.014281 0.478653
v 0.018359 2.026297 0.498237
v 0.017054 2.024128 0.525466
v 0.014737 2.000645 0.571520
v 0.013133 1.968494 0.603231
v 0.011905 1.904712 0.627260
v 0.011304 1.841166 0.636174
v 0.009622 1.825065 0.649940
v 0.005686 1.817250 0.681662
v -0.016371 1.991411 0.456113
v -0.000625 1.997029 0.461332
v 0.000000 1.813148 0.697084
v 0.000000 1.821283 0.663957
v -0.000000 1.828632 0.640904
v 0.000000 1.868496 0.632766
v -0.000000 1.939823 0.616602
v -0.000000 1.987023 0.589122
v -0.000000 2.013756 0.548142
v 0.000000 2.027904 0.509569
v -0.000000 2.020741 0.487763
v -0.000025 2.007886 0.471744
v -0.004030 1.664786 -0.717161
v -0.003313 1.998267 -0.788032
v -0.002852 1.366633 -0.535251
v -0.013173 1.737163 -0.493355
v -0.012688 1.989986 -0.544259
v -0.006881 1.483412 -0.410218
v -0.010765 1.989930 -0.594055
v -0.011505 1.720111 -0.536653
v -0.008989 1.702760 -0.602256
v -0.008033 1.991317 -0.665033
v -0.005566 1.444718 -0.446756
v -0.015224 2.006589 -0.479242
v -0.010976 1.610481 -0.368608
v -0.015949 1.787633 -0.439099
v -0.017697 2.045015 -0.415718
v -0.015094 1.742606 -0.340309
v -0.018674 1.866909 -0.384000
v -0.020788 2.091981 -0.335704
v -0.019087 1.860254 -0.278791
v -0.021584 1.953703 -0.310898
v -0.024375 2.128523 -0.242772
v -0.023764 1.945790 -0.198689
v -0.025009 2.019832 -0.223883
v -0.033880 2.163814 0.003408
v -0.034234 2.033636 0.013353
v -0.034042 2.086451 0.007647
v -0.037637 2.169463 0.099706
v -0.037663 2.048551 0.100171
v -0.037632 2.096659 0.099942
v -0.029204 2.061888 -0.116899
v -0.029123 2.000981 -0.100235
v -0.028757 2.151001 -0.129272
v -0.007665 1.509592 -0.386295
v -0.028117 1.975463 -0.090175
v -0.036894 2.027549 0.100104
v -0.033619 2.011415 0.016684
v -0.021452 1.915082 -0.183526
v -0.015359 1.823236 -0.260352
v -0.010052 1.693080 -0.315309
v -0.004647 1.520760 -0.322285
v -0.000668 1.310687 -0.339202
v -0.000824 1.364852 -0.327411
v -0.000542 1.212337 -0.403380
v -0.000924 1.386984 -0.313528
v -0.000274 1.149628 -0.420607
v -0.000702 1.312576 -0.567676
v -0.000598 1.992203 -0.840617
v -0.000738 1.631981 -0.765482
v -0.000565 2.285460 -0.802590
v -0.028241 2.233818 -0.126923
v -0.036780 2.237200 0.097629
v -0.033198 2.235712 0.004119
v -0.023994 2.229480 -0.239194
v -0.020516 2.218906 -0.331132
v -0.017615 2.205601 -0.407765
v -0.015518 2.198592 -0.463075
v -0.008844 2.229107 -0.636455
v -0.011579 2.213827 -0.567105
v -0.003196 2.272549 -0.753300
v -0.013373 2.203662 -0.519694
v -0.014488 2.198035 -0.490214
v -0.001373 1.409958 -0.309206
v -0.014284 1.751500 -0.466419
v -0.008381 1.534259 -0.373829
v -0.013915 1.991761 -0.512544
v -0.012069 1.724923 -0.521995
v -0.011394 1.989799 -0.577752
v -0.007160 1.492358 -0.401157
v -0.000857 1.375057 -0.321392
v -0.012174 2.210441 -0.551373
v -0.010425 2.220408 -0.597616
v -0.000755 1.342880 -0.330926
v -0.010394 1.712358 -0.565433
v -0.009559 1.990423 -0.625281
v -0.006302 1.467545 -0.425331
v -0.005797 1.452267 -0.438127
v -0.008511 1.990856 -0.652438
v -0.009427 1.705583 -0.590465
v -0.000695 1.320412 -0.332767
v -0.009417 2.226132 -0.624158
v -0.006865 2.245810 -0.678749
v -0.000594 1.284274 -0.366116
v -0.004871 1.424967 -0.479916
v -0.006602 1.997556 -0.708659
v -0.007667 1.696195 -0.643149
v -0.037263 2.224163 0.504589
v -0.038088 2.170311 0.504374
v -0.038318 2.025801 0.488501
v -0.023020 2.152733 0.647805
v -0.021223 2.205336 0.660679
v -0.026679 2.208900 0.607507
v -0.027942 2.159013 0.600833
v -0.032413 2.016236 0.549240
v -0.033355 2.164698 0.549290
v -0.032562 2.214978 0.550287
v -0.016813 2.205446 0.703885
v -0.018818 2.141908 0.688119
v -0.012738 2.206596 0.743887
v -0.014738 2.132787 0.727330
v -0.001309 2.206259 0.831708
v -0.001506 2.107930 0.832346
v -0.028196 1.989927 0.590204
v -0.036371 2.030545 0.510594
v -0.025320 1.943378 0.617919
v -0.023528 1.873368 0.634615
v -0.005629 1.819714 0.717720
v -0.010663 1.956498 0.737549
v -0.007008 2.119282 0.787615
v -0.006055 2.206066 0.794702
v -0.014841 1.827334 0.672807
v -0.003739 1.839552 0.746727
v -0.023559 1.885961 0.639428
v -0.025525 1.952561 0.621321
v -0.036890 2.037332 0.513241
v -0.028522 1.997428 0.593000
v -0.032823 2.022645 0.552076
v -0.039046 2.036937 0.490082
v -0.038557 2.085967 0.497560
v -0.030626 2.073540 0.574156
v -0.026327 2.057118 0.615126
v -0.035089 2.083662 0.531624
v -0.022854 2.025607 0.648252
v -0.019827 1.985517 0.676976
v -0.002651 1.946465 0.792949
v -0.013742 1.844226 0.688943
v -0.021587 1.849498 0.650544
v -0.021704 1.834383 0.643444
v -0.010338 2.207412 0.765019
v -0.012037 2.129539 0.750981
v -0.017355 1.965809 0.696164
v -0.155286 1.957404 0.283016
v -0.131892 1.960913 0.220875
v -0.142703 1.911515 0.232238
v -0.157072 1.907791 0.285118
v -0.151500 2.104223 0.278937
v -0.120838 2.101820 0.210360
v -0.158436 1.853827 0.286218
v -0.145388 1.855025 0.237007
v -0.147088 1.791591 0.238009
v -0.159379 1.790048 0.285688
v -0.159874 1.711302 0.283556
v -0.148149 1.712937 0.236944
v -0.148691 1.622375 0.234453
v -0.159660 1.620921 0.280132
v -0.158601 1.528028 0.276116
v -0.148739 1.529313 0.231359
v -0.148408 1.442893 0.228458
v -0.156878 1.441612 0.272197
v -0.154852 1.367706 0.268901
v -0.147877 1.369282 0.226353
v -0.147493 1.308414 0.225965
v -0.152798 1.305532 0.266454
v -0.150676 1.248718 0.264679
v -0.147372 1.255219 0.228237
v -0.146502 1.207837 0.233935
v -0.147499 1.194386 0.263481
v -0.067005 2.184022 0.447050
v -0.067086 2.008778 0.455209
v -0.140505 2.276190 0.347246
v -0.111474 2.267004 0.405132
v -0.069797 2.098814 0.166214
v -0.133053 1.249911 0.337082
v -0.145465 1.246662 0.303297
v -0.142821 1.192511 0.294860
v -0.133912 1.202808 0.322777
v -0.135451 1.365089 0.356597
v -0.150469 1.365924 0.315714
v -0.147682 1.303537 0.310265
v -0.133231 1.303533 0.348314
v -0.141219 1.524304 0.372193
v -0.156059 1.526008 0.327117
v -0.153449 1.439857 0.321203
v -0.138545 1.438769 0.364234
v -0.142633 1.705572 0.385910
v -0.158164 1.708641 0.337774
v -0.157747 1.618515 0.332830
v -0.142734 1.616015 0.379636
v -0.138789 1.849569 0.394983
v -0.156376 1.851995 0.344374
v -0.157556 1.787538 0.341549
v -0.141170 1.784473 0.390858
v -0.115957 2.098368 0.414345
v -0.148760 2.103768 0.351767
v -0.124802 1.956351 0.409123
v -0.152756 1.957332 0.349591
v -0.154692 1.906854 0.347135
v -0.134554 1.904150 0.400279
v -0.070135 2.249426 0.170370
v -0.116743 2.266081 0.213486
v -0.143481 2.276961 0.278391
v -0.147774 2.203214 0.278269
v -0.119289 2.193299 0.211449
v -0.070316 2.178203 0.168050
v -0.114136 2.196639 0.409660
v -0.144866 2.203238 0.349619
v -0.065895 2.249283 0.442424
v -0.039951 2.234613 0.468095
v -0.041117 2.175103 0.470119
v -0.151254 2.002349 0.351079
v -0.117092 2.002594 0.415359
v -0.069378 2.015618 0.165738
v -0.067581 2.033831 0.454478
v -0.121826 2.002330 0.211942
v -0.153788 2.001924 0.281199
v -0.067547 2.089960 0.452271
v -0.150263 2.041171 0.351884
v -0.116423 2.037434 0.415688
v -0.069856 2.046922 0.165758
v -0.121190 2.041938 0.210824
v -0.152862 2.041617 0.280029
v -0.041159 2.016760 0.471709
v -0.041911 2.033690 0.471911
v -0.041602 2.085912 0.471791
v -0.040925 2.239817 0.140677
v -0.041315 2.170800 0.141847
v -0.040964 2.097441 0.141311
v -0.041446 2.050731 0.141322
v -0.040800 2.028306 0.141146
v 0.004030 1.664786 -0.717161
v 0.003313 1.998267 -0.788032
v 0.002852 1.366633 -0.535251
v 0.013173 1.737163 -0.493355
v 0.012688 1.989986 -0.544259
v 0.006881 1.483412 -0.410218
v 0.010765 1.989929 -0.594055
v 0.011505 1.720111 -0.536653
v 0.008989 1.702760 -0.602256
v 0.008033 1.991316 -0.665034
v 0.005566 1.444718 -0.446756
v 0.015224 2.006589 -0.479242
v 0.010976 1.610481 -0.368608
v 0.015949 1.787633 -0.439099
v 0.017729 2.045003 -0.415754
v 0.015095 1.742606 -0.340311
v 0.018706 1.866898 -0.384035
v 0.021553 2.091703 -0.336558
v 0.019121 1.860241 -0.278828
v 0.022349 1.953426 -0.311753
v 0.025843 2.127991 -0.244410
v 0.023828 1.945767 -0.198760
v 0.026476 2.019299 -0.225520
v 0.033912 2.163802 0.003372
v 0.034235 2.033635 0.013351
v 0.034074 2.086440 0.007611
v 0.037660 2.169456 0.099681
v 0.037663 2.048550 0.100171
v 0.037632 2.096659 0.099942
v 0.029969 2.061610 -0.117754
v 0.029157 2.000969 -0.100272
v 0.029523 2.150723 -0.130127
v 0.007665 1.509592 -0.386295
v 0.028117 1.975463 -0.090175
v 0.036894 2.027549 0.100104
v 0.033619 2.011415 0.016684
v 0.021451 1.915083 -0.183526
v 0.015359 1.823236 -0.260352
v 0.010051 1.693079 -0.315309
v 0.004647 1.520760 -0.322285
v 0.000668 1.310687 -0.339202
v 0.000824 1.364852 -0.327411
v 0.000542 1.212337 -0.403380
v 0.000924 1.386984 -0.313528
v 0.000274 1.149628 -0.420607
v 0.000702 1.312576 -0.567676
v 0.000598 1.992203 -0.840617
v 0.000738 1.631981 -0.765482
v 0.000565 2.285460 -0.802590
v 0.028274 2.233805 -0.126960
v 0.037342 2.237012 0.097051
v 0.033222 2.235704 0.004094
v 0.024057 2.229457 -0.239265
v 0.020549 2.218894 -0.331169
v 0.017617 2.205601 -0.407767
v 0.015518 2.198592 -0.463075
v 0.008844 2.229107 -0.636455
v 0.011579 2.213828 -0.567105
v 0.003196 2.272549 -0.753300
v 0.013373 2.203662 -0.519694
v 0.014488 2.198035 -0.490214
v 0.001373 1.409958 -0.309206
v 0.014284 1.751500 -0.466419
v 0.008381 1.534259 -0.373829
v 0.013915 1.991761 -0.512544
v 0.012069 1.724923 -0.521995
v 0.011394 1.989799 -0.577752
v 0.007160 1.492358 -0.401157
v 0.000857 1.375057 -0.321392
v 0.012174 2.210441 -0.551374
v 0.010425 2.220407 -0.597617
v 0.000755 1.342880 -0.330926
v 0.010394 1.712358 -0.565433
v 0.009559 1.990423 -0.625281
v 0.006302 1.467545 -0.425331
v 0.005797 1.452267 -0.438127
v 0.008511 1.990856 -0.652438
v 0.009427 1.705582 -0.590465
v 0.000695 1.320412 -0.332767
v 0.009417 2.226131 -0.624158
v 0.006865 2.245810 -0.678749
v 0.000594 1.284274 -0.366116
v 0.004871 1.424967 -0.479916
v 0.006602 1.997556 -0.708659
v 0.007667 1.696195 -0.643149
v 0.037263 2.224163 0.504590
v 0.038088 2.170311 0.504374
v 0.038318 2.025800 0.488501
v 0.023020 2.152733 0.647805
v 0.021223 2.205336 0.660679
v 0.026679 2.208900 0.607507
v 0.027942 2.159013 0.600833
v 0.032413 2.016237 0.549240
v 0.033355 2.164699 0.549290
v 0.032562 2.214978 0.550287
v 0.016813 2.205446 0.703885
v 0.018818 2.141908 0.688119
v 0.012738 2.206595 0.743887
v 0.014738 2.132788 0.727330
v 0.001309 2.206259 0.831708
v 0.001506 2.107930 0.832346
v 0.028196 1.989927 0.590204
v 0.036371 2.030545 0.510594
v 0.025320 1.943378 0.617919
v 0.023528 1.873368 0.634615
v 0.005629 1.819714 0.717720
v 0.010663 1.956498 0.737549
v 0.007008 2.119282 0.787615
v 0.006055 2.206066 0.794702
v 0.014841 1.827334 0.672807
v 0.003739 1.839552 0.746726
v 0.023559 1.885961 0.639428
v 0.025525 1.952561 0.621321
v 0.036890 2.037332 0.513241
v 0.028522 1.997428 0.593000
v 0.032823 2.022645 0.552076
v 0.039046 2.036937 0.490082
v 0.038557 2.085967 0.497560
v 0.030626 2.073540 0.574156
v 0.026327 2.057117 0.615126
v 0.035089 2.083662 0.531624
v 0.022854 2.025607 0.648252
v 0.019827 1.985517 0.676976
v 0.002651 1.946465 0.792949
v 0.013742 1.844226 0.688943
v 0.021587 1.849498 0.650544
v 0.021704 1.834383 0.643444
v 0.010338 2.207412 0.765019
v 0.012037 2.129539 0.750981
v 0.017355 1.965809 0.696164
v 0.155286 1.957404 0.283016
v 0.131845 1.960913 0.220875
v 0.142653 1.911515 0.232238
v 0.157072 1.907790 0.285118
v 0.151500 2.104222 0.278937
v 0.120838 2.101820 0.210360
v 0.158436 1.853827 0.286219
v 0.145338 1.855025 0.237007
v 0.147038 1.791591 0.238009
v 0.159379 1.790048 0.285688
v 0.159874 1.711302 0.283556
v 0.148099 1.712937 0.236944
v 0.148641 1.622375 0.234453
v 0.159659 1.620921 0.280132
v 0.158601 1.528028 0.276116
v 0.148689 1.529313 0.231359
v 0.148358 1.442893 0.228458
v 0.156878 1.441612 0.272197
v 0.154852 1.367706 0.268901
v 0.147827 1.369282 0.226353
v 0.147443 1.308414 0.225965
v 0.152798 1.305532 0.266454
v 0.150676 1.248718 0.264679
v 0.147322 1.255219 0.228237
v 0.146404 1.207837 0.233935
v 0.147449 1.194386 0.263481
v 0.067005 2.184022 0.447050
v 0.067042 2.008778 0.455209
v 0.140519 2.276187 0.347255
v 0.111502 2.266998 0.405149
v 0.069797 2.098814 0.166214
v 0.133003 1.249911 0.337082
v 0.145465 1.246662 0.303297
v 0.142771 1.192511 0.294860
v 0.133814 1.202808 0.322777
v 0.135401 1.365089 0.356597
v 0.150469 1.365924 0.315714
v 0.147682 1.303537 0.310265
v 0.133181 1.303533 0.348314
v 0.141169 1.524304 0.372193
v 0.156059 1.526008 0.327117
v 0.153449 1.439857 0.321203
v 0.138496 1.438769 0.364234
v 0.142583 1.705572 0.385910
v 0.158164 1.708641 0.337774
v 0.157747 1.618515 0.332830
v 0.142684 1.616015 0.379636
v 0.138739 1.849569 0.394983
v 0.156376 1.851995 0.344374
v 0.157556 1.787538 0.341549
v 0.141120 1.784473 0.390858
v 0.115957 2.098368 0.414345
v 0.148760 2.103768 0.351767
v 0.124755 1.956351 0.409123
v 0.152756 1.957332 0.349591
v 0.154692 1.906854 0.347135
v 0.134504 1.904150 0.400279
v 0.070936 2.249139 0.169489
v 0.116776 2.266069 0.213449
v 0.143481 2.276960 0.278392
v 0.147774 2.203214 0.278269
v 0.119290 2.193299 0.211447
v 0.070349 2.178191 0.168014
v 0.114136 2.196639 0.409660
v 0.144866 2.203238 0.349619
v 0.065918 2.249277 0.442441
v 0.039953 2.234613 0.468097
v 0.041117 2.175103 0.470119
v 0.151254 2.002349 0.351079
v 0.117086 2.002594 0.415359
v 0.069334 2.015618 0.165738
v 0.067581 2.033831 0.454478
v 0.121821 2.002331 0.211942
v 0.153788 2.001924 0.281199
v 0.067547 2.089960 0.452271
v 0.150263 2.041171 0.351884
v 0.116423 2.037434 0.415688
v 0.069856 2.046921 0.165758
v 0.121190 2.041938 0.210824
v 0.152862 2.041617 0.280029
v 0.041153 2.016759 0.471709
v 0.041911 2.033690 0.471911
v 0.041602 2.085912 0.471791
v 0.042257 2.239370 0.139304
v 0.041368 2.170781 0.141787
v 0.040964 2.097442 0.141311
v 0.041446 2.050731 0.141322
v 0.040794 2.028306 0.141146
v 0.000000 2.235074 0.818178
v -0.000000 1.812777 0.725750
v 0.000000 2.393421 -0.751342
v -0.000002 1.406620 -0.295648
v -0.019778 2.008188 0.471709
v -0.018770 2.020943 0.487793
v -0.017843 2.028010 0.509610
v -0.015911 2.013856 0.548186
v -0.013846 1.987140 0.589165
v -0.012449 1.939966 0.616655
v -0.011596 1.868692 0.632840
v -0.010735 1.828862 0.641005
v -0.007822 1.821517 0.664335
v -0.003633 1.813316 0.698671
v -0.002968 2.231797 0.790468
v -0.005038 2.228864 0.765021
v -0.006200 2.225289 0.744525
v -0.008195 2.220373 0.704524
v -0.010359 2.217644 0.661200
v -0.013042 2.220514 0.607758
v -0.015934 2.226626 0.550297
v -0.018234 2.236686 0.504567
v -0.019136 2.248662 0.467957
v -0.018315 2.267515 0.137117
v -0.017431 2.264589 0.095040
v -0.016267 2.264971 0.006450
v -0.013949 2.267529 -0.119773
v -0.011938 2.270575 -0.228297
v -0.010288 2.270555 -0.317332
v -0.008944 2.271158 -0.389812
v -0.008045 2.275171 -0.438067
v -0.007633 2.278157 -0.460076
v -0.007113 2.286194 -0.488138
v -0.006544 2.295410 -0.518826
v -0.006262 2.299999 -0.534089
v -0.005713 2.308904 -0.563708
v -0.005232 2.316651 -0.589475
v -0.004901 2.320592 -0.601402
v -0.003654 2.341341 -0.642050
v -0.001595 2.378396 -0.710046
v -0.001870 1.516831 -0.308490
v -0.004608 1.691601 -0.305833
v -0.007298 1.819788 -0.253504
v -0.010380 1.910084 -0.179020
v -0.013736 1.969597 -0.088649
v -0.016461 2.004991 0.014684
v -0.018060 2.019242 0.095589
v -0.019573 2.017450 0.135591
v 0.001595 2.378397 -0.710046
v 0.003654 2.341341 -0.642050
v 0.004901 2.320592 -0.601402
v 0.005232 2.316652 -0.589475
v 0.005713 2.308905 -0.563708
v 0.006262 2.299999 -0.534089
v 0.006544 2.295409 -0.518826
v 0.007113 2.286194 -0.488138
v 0.007633 2.278157 -0.460076
v 0.008045 2.275170 -0.438067
v 0.008944 2.271158 -0.389812
v 0.010288 2.270555 -0.317332
v 0.011938 2.270575 -0.228297
v 0.013949 2.267529 -0.119773
v 0.016331 2.264963 0.006427
v 0.019007 2.264410 0.094488
v 0.022117 2.267080 0.135778
v 0.019147 2.248659 0.467965
v 0.018234 2.236686 0.504567
v 0.015934 2.226626 0.550297
v 0.013042 2.220514 0.607758
v 0.010359 2.217644 0.661200
v 0.008195 2.220373 0.704524
v 0.006200 2.225289 0.744525
v 0.005038 2.228864 0.765021
v 0.002968 2.231797 0.790468
v 0.124015 1.219552 0.220189
v -0.116526 1.183854 0.315067
v 0.110325 1.213289 0.335485
v 0.115795 1.851663 0.215423
v -0.123911 1.261796 0.210621
v 0.106872 1.255306 0.352436
v 0.117736 1.789138 0.216806
v -0.125272 1.219552 0.220189
v 0.055689 1.988613 0.451768
v 0.110619 1.779924 0.412546
v -0.111581 1.213289 0.335485
v -0.117045 1.851663 0.215423
v 0.107943 1.844635 0.416847
v -0.108122 1.255306 0.352436
v -0.118986 1.789138 0.216806
v 0.057748 1.995342 0.172334
v -0.056933 1.988613 0.451768
v -0.111869 1.779924 0.412546
v 0.017645 2.008816 0.158287
v -0.109194 1.844635 0.416847
v 0.118980 1.711293 0.216048
v -0.058991 1.995342 0.172334
v -0.018732 1.996781 0.460980
v 0.119853 1.621549 0.213798
v 0.112829 1.613656 0.400477
v -0.120230 1.711293 0.216048
v 0.112365 1.701894 0.407285
v -0.121103 1.621549 0.213798
v -0.114079 1.613656 0.400477
v -0.113615 1.701894 0.407285
v 0.120428 1.529367 0.210906
v 0.120794 1.443865 0.208226
v 0.094857 1.955278 0.192636
v 0.109633 1.439151 0.383390
v 0.111961 1.905813 0.209119
v -0.121678 1.529368 0.210906
v 0.111787 1.523411 0.392240
v -0.122044 1.443865 0.208226
v -0.096104 1.955278 0.192636
v -0.110884 1.439151 0.383390
v 0.125105 1.188516 0.237620
v -0.113212 1.905813 0.209119
v -0.113038 1.523411 0.392240
v 0.124350 1.170144 0.263033
v 0.121050 1.371208 0.206375
v 0.121590 1.311848 0.206699
v 0.102766 1.898037 0.422879
v -0.126361 1.188516 0.237620
v 0.105733 1.306097 0.365268
v 0.087833 1.951132 0.434543
v -0.125600 1.170144 0.263033
v -0.122300 1.371208 0.206375
v 0.107100 1.366409 0.374813
v -0.122840 1.311848 0.206699
v -0.104017 1.898037 0.422879
v 0.120665 1.168425 0.290295
v -0.106983 1.306097 0.365268
v -0.089080 1.951132 0.434543
v 0.115269 1.183854 0.315067
v -0.108351 1.366409 0.374813
v 0.122660 1.261796 0.210621
v -0.121916 1.168425 0.290295
v -0.086930 2.361554 0.374249
v -0.073608 2.366908 0.386875
v -0.066010 2.353555 0.400214
v -0.059164 2.330397 0.417835
v -0.105817 2.348649 0.359634
v -0.098144 2.362114 0.248897
v -0.086546 2.367020 0.233624
v -0.079601 2.355111 0.217345
v -0.074157 2.335034 0.197435
v -0.113535 2.349987 0.265646
v 0.087732 2.361554 0.374248
v 0.074410 2.366908 0.386874
v 0.066811 2.353550 0.400218
v 0.059976 2.330384 0.417856
v 0.106604 2.348649 0.359628
v 0.098946 2.362114 0.248897
v 0.087348 2.367020 0.233624
v 0.080401 2.355109 0.217349
v 0.074997 2.335012 0.197367
v 0.114322 2.349988 0.265640
v -0.101723 2.323605 0.328202
v -0.104052 2.324302 0.296776
v -0.036010 2.296885 0.410688
v -0.013803 2.271868 0.419287
v -0.044503 2.304502 0.203221
v -0.014880 2.284653 0.192223
v 0.102285 2.323606 0.328196
v 0.104614 2.324303 0.296770
v 0.037114 2.296732 0.411008
v 0.014634 2.271722 0.419594
v 0.046317 2.304079 0.201911
v 0.018687 2.284248 0.190970
v -0.057871 2.360260 0.370656
v -0.085024 2.351142 0.394593
v -0.051974 2.349077 0.381492
v -0.069418 2.339727 0.410879
v -0.068659 2.355615 0.360716
v -0.099465 2.351178 0.373640
v -0.084482 2.344817 0.348466
v -0.046195 2.329669 0.396273
v -0.068208 2.360304 0.249372
v -0.083052 2.342813 0.207310
v -0.096977 2.352764 0.227456
v -0.062843 2.350381 0.236208
v -0.077534 2.356071 0.261414
v -0.109298 2.352653 0.250654
v -0.090444 2.345910 0.275453
v -0.058240 2.333456 0.219464
v 0.058730 2.360260 0.370656
v 0.070228 2.339714 0.410901
v 0.085836 2.351134 0.394610
v 0.052834 2.349077 0.381491
v 0.069518 2.355615 0.360715
v 0.100264 2.351175 0.373643
v 0.085328 2.344817 0.348466
v 0.047065 2.329662 0.396287
v 0.069067 2.360304 0.249372
v 0.097761 2.352764 0.227454
v 0.063702 2.350381 0.236208
v 0.083859 2.342801 0.207275
v 0.078393 2.356071 0.261414
v 0.110081 2.352654 0.250647
v 0.091289 2.345910 0.275453
v 0.059137 2.333438 0.219407
v -0.106162 2.287325 0.400986
v -0.112671 2.290499 0.216635
v 0.107507 2.286989 0.401764
v 0.112747 2.290482 0.216565
v 0.024486 2.272032 0.157858
v 0.019433 2.255285 0.450513
v -0.020118 2.272530 0.159526
v -0.018781 2.255432 0.450110
v -0.134501 2.296624 0.345875
v -0.138179 2.297614 0.278860
v -0.062390 2.268812 0.436649
v -0.068144 2.279533 0.175445
v 0.135231 2.296475 0.346142
v 0.138246 2.297629 0.278755
v 0.063657 2.268492 0.437454
v 0.069574 2.279024 0.173733
v -0.100041 2.312454 0.400735
v -0.067031 2.298122 0.428023
v -0.108684 2.284973 0.402660
v -0.063661 2.266227 0.439250
v -0.108826 2.315547 0.219900
v -0.114419 2.288192 0.215186
v -0.077058 2.305774 0.187546
v -0.068302 2.276851 0.172904
v -0.128053 2.321115 0.265630
v -0.140649 2.295741 0.278837
v -0.122000 2.319406 0.359474
v -0.137363 2.294683 0.346077
v 0.101160 2.312255 0.401137
v 0.109351 2.284821 0.403070
v 0.068146 2.297935 0.428439
v 0.064259 2.266078 0.439679
v 0.109262 2.315544 0.219857
v 0.078088 2.305527 0.186616
v 0.114475 2.288168 0.215122
v 0.069888 2.276302 0.171232
v 0.128489 2.321139 0.265491
v 0.140655 2.295738 0.278860
v 0.122795 2.319326 0.359540
v 0.137712 2.294607 0.346289
v -0.130625 2.322774 0.292448
v -0.127561 2.321864 0.334196
v -0.046571 2.289043 0.436177
v -0.017756 2.257202 0.447460
v -0.019247 2.254383 0.452817
v -0.057425 2.300515 0.176821
v -0.019364 2.274060 0.162328
v -0.019895 2.271633 0.156652
v 0.128027 2.321882 0.334063
v 0.131079 2.322794 0.292309
v 0.019539 2.254313 0.453030
v 0.018506 2.257033 0.447842
v 0.047667 2.288865 0.436576
v 0.059238 2.300021 0.175139
v 0.023697 2.273580 0.160694
v 0.024453 2.271103 0.155032
v -0.018866 2.008816 0.158287
v 0.019521 2.017450 0.135591
v 0.018053 2.019242 0.095589
v 0.016455 2.004991 0.014684
v 0.013729 1.969597 -0.088649
v 0.010374 1.910084 -0.179019
v 0.007292 1.819788 -0.253504
v 0.004602 1.691601 -0.305833
v 0.001864 1.516831 -0.308490
v 0.017485 1.996781 0.460980
v 0.003633 1.813316 0.698671
v 0.007822 1.821517 0.664335
v 0.010735 1.828862 0.641005
v 0.011596 1.868692 0.632840
v 0.012449 1.939966 0.616655
v 0.013846 1.987140 0.589165
v 0.015911 2.013856 0.548186
v 0.017843 2.028010 0.509610
v 0.018770 2.020943 0.487793
v 0.019731 2.008188 0.471709
vn -0.0000 -0.5414 -0.8408
vn -0.0000 -0.2143 -0.9768
vn -0.0000 0.1348 -0.9909
vn -0.0000 -0.9475 -0.3197
vn -0.0000 -0.4420 0.8970
vn -0.0000 -0.5031 0.8642
vn -0.0000 -0.5188 0.8549
vn -0.0000 -0.6107 0.7919
vn -0.9993 -0.0240 -0.0294
vn -0.9991 -0.0062 -0.0429
vn -0.9991 0.0058 -0.0430
vn -0.9995 -0.0312 -0.0102
vn -0.9993 -0.0059 -0.0378
vn -0.9993 0.0014 -0.0382
vn -0.9993 0.0012 -0.0382
vn -0.9993 -0.0053 -0.0375
vn -0.9994 -0.0295 -0.0167
vn -0.9992 0.0016 -0.0412
vn -0.9995 -0.0257 -0.0197
vn -0.9993 -0.0048 -0.0369
vn -0.9996 -0.0298 0.0001
vn -0.9992 -0.0026 -0.0396
vn -0.9992 0.0022 -0.0390
vn -0.9511 -0.0290 0.3076
vn -0.9995 -0.0300 -0.0015
vn -0.9993 -0.0011 -0.0378
vn -0.9992 0.0033 -0.0393
vn -0.8046 -0.2456 0.5407
vn -0.9994 -0.0298 -0.0182
vn -0.9993 -0.0010 -0.0381
vn -0.9992 0.0049 -0.0393
vn -0.6458 -0.5078 0.5702
vn -0.9992 -0.0207 -0.0342
vn -0.9993 -0.0006 -0.0385
vn -0.9992 0.0070 -0.0389
vn -0.5154 -0.7320 0.4456
vn -0.9992 -0.0001 -0.0392
vn -0.9992 -0.0001 -0.0389
vn -0.9992 0.0121 -0.0393
vn -0.4045 -0.9029 0.1453
vn -0.9954 0.0045 -0.0954
vn -0.9959 -0.0016 -0.0899
vn -0.9946 0.0082 -0.1030
vn -0.5126 -0.8554 -0.0749
vn -0.9992 0.0095 -0.0387
vn -0.9993 -0.0002 -0.0386
vn -0.9992 -0.0058 -0.0396
vn -0.4123 -0.8683 0.2759
vn -0.0000 -0.6909 -0.7229
vn -0.9998 -0.0181 0.0068
vn -0.9986 -0.0331 0.0411
vn -0.9990 -0.0343 0.0280
vn -0.9995 -0.0245 0.0177
vn -0.9951 -0.0421 0.0893
vn -0.9948 -0.0716 0.0720
vn -0.9962 -0.0837 0.0255
vn -0.9970 -0.0749 -0.0173
vn -0.9983 -0.0499 -0.0303
vn -0.9938 -0.0418 -0.1030
vn -0.9981 -0.0536 -0.0313
vn -0.0000 -0.3436 0.9391
vn -0.9987 0.0074 -0.0513
vn -0.9984 -0.0104 -0.0547
vn -0.9987 -0.0274 -0.0429
vn -0.9998 -0.0160 -0.0083
vn -0.0000 0.4092 -0.9125
vn -0.9987 0.0457 -0.0217
vn -0.9927 0.1202 0.0012
vn -0.9951 0.0987 -0.0023
vn -0.9970 0.0760 -0.0174
vn -0.9857 0.1670 -0.0242
vn -0.9721 0.2317 -0.0370
vn -0.9451 0.3245 -0.0377
vn -0.9054 0.4239 -0.0229
vn -0.8045 0.5934 -0.0256
vn -0.7712 0.6273 -0.1086
vn -0.8535 0.5207 -0.0207
vn -0.9987 0.0327 -0.0397
vn -0.9992 0.0017 -0.0388
vn -0.9991 -0.0058 -0.0415
vn -0.9994 -0.0322 -0.0101
vn -0.9923 -0.0106 0.1234
vn -0.9975 -0.0271 0.0658
vn -0.9903 0.1382 -0.0160
vn -0.0000 -0.6098 0.7926
vn -0.9993 0.0013 -0.0382
vn -0.9995 -0.0294 -0.0139
vn -0.9989 -0.0364 0.0293
vn -0.9943 0.1066 -0.0001
vn -0.9993 -0.0054 -0.0373
vn -0.0000 -0.1352 0.9908
vn -0.9993 -0.0052 -0.0378
vn -0.9993 0.0010 -0.0382
vn -0.9993 -0.0297 -0.0210
vn -0.9992 -0.0273 0.0300
vn -0.9959 0.0907 -0.0046
vn -0.0000 -0.0992 0.9951
vn -0.9993 0.0009 -0.0383
vn -0.9994 -0.0275 -0.0213
vn -0.9994 -0.0203 0.0281
vn -0.9968 0.0799 -0.0079
vn -0.9993 -0.0050 -0.0378
vn -0.0000 -0.7347 0.6783
vn -0.9993 0.0027 -0.0377
vn -0.9995 -0.0232 -0.0193
vn -0.9995 -0.0036 -0.0323
vn -0.9996 -0.0268 0.0099
vn -0.9978 0.0651 -0.0131
vn -0.3168 -0.7473 0.5842
vn -0.9960 0.0228 0.0867
vn -0.9946 0.0013 0.1039
vn -0.2274 -0.9311 0.2852
vn -0.9940 0.0188 0.1075
vn -0.9946 -0.0020 0.1035
vn -0.9946 -0.0011 0.1040
vn -0.9944 0.0132 0.1047
vn -0.2428 -0.8201 -0.5181
vn -0.2028 -0.9309 -0.3038
vn -0.9943 0.0168 0.1057
vn -0.9946 -0.0013 0.1042
vn -0.9946 0.0098 0.1036
vn -0.9946 -0.0009 0.1034
vn -0.2572 -0.5062 -0.8232
vn -0.9947 0.0062 0.1031
vn -0.9947 -0.0009 0.1033
vn -0.2602 -0.2138 -0.9416
vn -0.9934 0.0024 0.1147
vn -0.9931 -0.0060 0.1168
vn -0.3977 -0.2675 -0.8776
vn -0.0000 0.0247 0.9997
vn -0.0000 -0.2130 0.9770
vn -0.7990 -0.5808 0.1556
vn -0.9925 0.0030 0.1222
vn -0.9919 -0.0203 0.1256
vn -0.7660 -0.6428 0.0068
vn -0.5798 0.7655 0.2790
vn -0.6943 0.7127 0.1003
vn -0.6268 0.7669 0.1380
vn -0.7731 0.6332 0.0372
vn -0.8671 0.4976 0.0229
vn -0.9254 0.3774 0.0343
vn -0.0000 0.4437 0.8962
vn -0.9827 0.1509 0.1074
vn -0.5899 0.7768 0.2205
vn -0.9771 -0.0735 0.1996
vn -0.9876 -0.1170 0.1045
vn -0.9939 -0.1035 0.0389
vn -0.9896 -0.1328 0.0555
vn -0.9979 -0.0641 0.0116
vn -0.9995 -0.0326 -0.0043
vn -0.9987 -0.0367 0.0366
vn -0.0000 -0.7193 0.6947
vn -0.9775 -0.1286 0.1670
vn -0.9898 -0.0022 0.1428
vn -0.9953 -0.0024 0.0970
vn -0.9946 -0.0019 0.1035
vn -0.9946 -0.0022 0.1035
vn -0.9947 -0.0016 0.1028
vn -0.9947 -0.0015 0.1027
vn -0.9919 -0.0119 0.1264
vn -0.0000 -0.3838 0.9234
vn -0.9873 -0.0504 0.1509
vn -0.9904 -0.0005 0.1385
vn -0.9899 -0.0174 0.1405
vn -0.5860 -0.7997 -0.1305
vn -0.9590 0.2662 0.0976
vn -0.9747 -0.1127 0.1930
vn -0.9839 -0.0411 0.1741
vn -0.5838 -0.0345 0.8111
vn -0.6077 -0.0483 -0.7927
vn -0.5241 -0.1401 -0.8401
vn -0.5139 -0.1032 0.8516
vn -0.5830 -0.0407 0.8114
vn -0.5912 0.0177 -0.8063
vn -0.5738 -0.0796 0.8151
vn -0.5943 0.0278 -0.8037
vn -0.5485 -0.1151 0.8282
vn -0.6093 0.0197 -0.7927
vn -0.4990 -0.1964 0.8440
vn -0.6067 -0.0478 -0.7935
vn -0.2401 -0.5312 0.8125
vn -0.3274 -0.4597 -0.8256
vn -0.5441 0.2573 0.7986
vn -0.9991 0.0231 0.0368
vn -0.9990 0.0257 0.0367
vn -0.9995 0.0048 0.0314
vn -0.9990 -0.0178 0.0411
vn -0.9961 -0.0397 0.0794
vn -0.9911 -0.0510 0.1226
vn -0.6927 -0.7193 0.0529
vn -0.6305 -0.0437 -0.7750
vn -0.6496 0.0177 -0.7601
vn -0.9384 0.0217 0.3450
vn -0.5740 -0.0308 0.8183
vn -0.6061 0.0488 0.7939
vn -0.8904 0.0397 0.4534
vn -0.9492 -0.0057 0.3146
vn -0.5948 0.0010 -0.8039
vn -0.5821 -0.0295 0.8126
vn -0.9498 -0.0397 0.3105
vn -0.5907 0.0256 -0.8065
vn -0.5809 -0.0584 0.8119
vn -0.9388 -0.0701 0.3374
vn -0.6010 0.0258 -0.7988
vn -0.5622 -0.0991 0.8210
vn -0.9303 -0.0831 0.3574
vn -0.6142 -0.0008 -0.7892
vn -0.5293 -0.1418 0.8365
vn -0.5637 -0.6573 0.5002
vn -0.5568 -0.1538 -0.8163
vn -0.4345 -0.2925 0.8518
vn -0.6452 0.1411 -0.7509
vn -0.2452 -0.5034 0.8285
vn -0.3115 -0.6685 -0.6753
vn -0.9648 0.0192 -0.2621
vn -0.9184 0.0575 -0.3915
vn -0.9680 0.0140 -0.2505
vn -0.9735 0.0030 -0.2287
vn -0.9836 -0.0112 -0.1800
vn -0.9929 -0.0235 -0.1169
vn -0.6418 -0.6488 -0.4089
vn -0.9880 -0.0711 0.1369
vn -0.9936 -0.0470 0.1025
vn -0.9979 -0.0294 0.0579
vn -0.9995 -0.0058 0.0324
vn -0.9993 0.0137 0.0338
vn -0.9984 0.0396 0.0400
vn -0.9989 0.0286 0.0384
vn -0.9532 0.0615 -0.2960
vn -0.9151 0.0277 -0.4023
vn -0.9664 0.0179 -0.2564
vn -0.9700 0.0092 -0.2428
vn -0.9784 -0.0040 -0.2067
vn -0.9885 -0.0174 -0.1505
vn -0.9953 -0.0493 -0.0830
vn -0.6675 0.0354 0.7437
vn -0.6904 0.0072 -0.7234
vn -0.9313 -0.1021 0.3496
vn -0.9324 -0.0791 0.3527
vn -0.9453 -0.0563 0.3213
vn -0.9510 -0.0217 0.3083
vn -0.9453 0.0073 0.3260
vn -0.8844 0.0439 0.4647
vn -0.9190 0.0478 0.3915
vn -0.9782 0.2018 0.0490
vn -0.9014 0.1775 -0.3949
vn -0.3189 0.6250 0.7126
vn -0.4886 0.5217 -0.6994
vn -0.8478 0.2462 0.4696
vn -0.6600 0.0379 -0.7503
vn -0.6086 0.0725 0.7902
vn -0.9971 0.0631 0.0434
vn -0.9183 0.0530 -0.3924
vn -0.7092 0.0590 0.7025
vn -0.7126 0.0136 -0.7014
vn -0.8853 0.0703 0.4597
vn -0.6528 -0.0066 -0.7575
vn -0.6159 0.0125 0.7877
vn -0.9991 0.0213 0.0363
vn -0.9098 0.0059 -0.4151
vn -0.5773 -0.0099 0.8164
vn -0.6751 -0.0194 -0.7375
vn -0.8832 0.0130 0.4688
vn -0.6105 0.0269 0.7916
vn -0.9116 0.0080 -0.4109
vn -0.6137 0.0233 0.7892
vn -0.6831 0.0089 -0.7302
vn -0.8832 0.0207 0.4686
vn -0.6502 0.0028 -0.7598
vn -0.9991 0.0221 0.0373
vn 0.9993 -0.0240 -0.0294
vn 0.9991 -0.0062 -0.0429
vn 0.9991 0.0058 -0.0430
vn 0.9995 -0.0312 -0.0102
vn 0.9993 -0.0059 -0.0378
vn 0.9993 0.0014 -0.0382
vn 0.9993 0.0012 -0.0382
vn 0.9993 -0.0053 -0.0375
vn 0.9994 -0.0295 -0.0167
vn 0.9992 0.0016 -0.0412
vn 0.9995 -0.0257 -0.0197
vn 0.9993 -0.0048 -0.0369
vn 0.9996 -0.0299 -0.0000
vn 0.9992 -0.0027 -0.0401
vn 0.9992 0.0023 -0.0393
vn 0.9509 -0.0290 0.3080
vn 0.9995 -0.0328 -0.0018
vn 0.9989 -0.0032 -0.0474
vn 0.9990 0.0057 -0.0444
vn 0.8043 -0.2457 0.5410
vn 0.9991 -0.0414 -0.0121
vn 0.9989 -0.0028 -0.0465
vn 0.9989 0.0152 -0.0452
vn 0.6456 -0.5079 0.5703
vn 0.9991 -0.0350 -0.0243
vn 0.9995 0.0005 -0.0309
vn 0.9991 0.0195 -0.0378
vn 0.5152 -0.7320 0.4457
vn 0.9992 -0.0002 -0.0390
vn 0.9993 -0.0002 -0.0386
vn 0.9991 0.0086 -0.0419
vn 0.4043 -0.9030 0.1453
vn 0.9954 0.0045 -0.0954
vn 0.9959 -0.0021 -0.0901
vn 0.9938 -0.0084 -0.1105
vn 0.5123 -0.8556 -0.0745
vn 0.9992 0.0135 -0.0365
vn 0.9995 0.0005 -0.0316
vn 0.9993 -0.0106 -0.0356
vn 0.4121 -0.8683 0.2759
vn 0.9998 -0.0181 0.0068
vn 0.9986 -0.0331 0.0411
vn 0.9990 -0.0343 0.0280
vn 0.9995 -0.0245 0.0177
vn 0.9951 -0.0421 0.0893
vn 0.9948 -0.0717 0.0722
vn 0.9961 -0.0844 0.0263
vn 0.9970 -0.0760 -0.0165
vn 0.9983 -0.0500 -0.0303
vn 0.9938 -0.0419 -0.1030
vn 0.9981 -0.0540 -0.0311
vn 0.9987 0.0074 -0.0513
vn 0.9984 -0.0104 -0.0547
vn 0.9987 -0.0274 -0.0429
vn 0.9998 -0.0160 -0.0083
vn 0.9987 0.0457 -0.0217
vn 0.9927 0.1202 0.0012
vn 0.9951 0.0987 -0.0023
vn 0.9970 0.0760 -0.0174
vn 0.9857 0.1670 -0.0242
vn 0.9720 0.2319 -0.0371
vn 0.9449 0.3253 -0.0378
vn 0.9050 0.4248 -0.0228
vn 0.8092 0.5866 -0.0340
vn 0.7933 0.5945 -0.1311
vn 0.8535 0.5208 -0.0209
vn 0.9987 0.0327 -0.0397
vn 0.9992 0.0017 -0.0388
vn 0.9991 -0.0058 -0.0415
vn 0.9994 -0.0322 -0.0101
vn 0.9923 -0.0105 0.1237
vn 0.9975 -0.0271 0.0658
vn 0.9903 0.1383 -0.0160
vn 0.9993 0.0013 -0.0382
vn 0.9995 -0.0294 -0.0139
vn 0.9989 -0.0364 0.0293
vn 0.9943 0.1066 -0.0001
vn 0.9993 -0.0054 -0.0373
vn 0.9993 -0.0052 -0.0378
vn 0.9993 0.0010 -0.0382
vn 0.9993 -0.0297 -0.0210
vn 0.9992 -0.0273 0.0300
vn 0.9959 0.0907 -0.0046
vn 0.9993 0.0009 -0.0383
vn 0.9994 -0.0275 -0.0213
vn 0.9994 -0.0203 0.0281
vn 0.9968 0.0799 -0.0079
vn 0.9993 -0.0050 -0.0378
vn 0.9993 0.0027 -0.0377
vn 0.9995 -0.0232 -0.0193
vn 0.9995 -0.0036 -0.0323
vn 0.9996 -0.0268 0.0099
vn 0.9978 0.0651 -0.0131
vn 0.3169 -0.7475 0.5838
vn 0.9960 0.0228 0.0867
vn 0.9946 0.0013 0.1039
vn 0.2274 -0.9311 0.2852
vn 0.9940 0.0188 0.1075
vn 0.9946 -0.0020 0.1035
vn 0.9946 -0.0011 0.1040
vn 0.9944 0.0132 0.1047
vn 0.2428 -0.8201 -0.5181
vn 0.2028 -0.9309 -0.3038
vn 0.9943 0.0168 0.1057
vn 0.9946 -0.0013 0.1042
vn 0.9946 0.0098 0.1036
vn 0.9946 -0.0009 0.1034
vn 0.2572 -0.5062 -0.8232
vn 0.9947 0.0062 0.1031
vn 0.9947 -0.0009 0.1033
vn 0.2602 -0.2138 -0.9416
vn 0.9934 0.0024 0.1147
vn 0.9931 -0.0060 0.1168
vn 0.3977 -0.2675 -0.8776
vn 0.7990 -0.5808 0.1556
vn 0.9925 0.0030 0.1222
vn 0.9919 -0.0203 0.1256
vn 0.7660 -0.6428 0.0068
vn 0.5798 0.7655 0.2792
vn 0.6943 0.7127 0.1003
vn 0.6268 0.7669 0.1380
vn 0.7731 0.6332 0.0372
vn 0.8671 0.4976 0.0229
vn 0.9254 0.3774 0.0343
vn 0.9827 0.1509 0.1074
vn 0.5899 0.7768 0.2205
vn 0.9771 -0.0736 0.1996
vn 0.9876 -0.1170 0.1045
vn 0.9939 -0.1035 0.0389
vn 0.9896 -0.1328 0.0555
vn 0.9979 -0.0641 0.0116
vn 0.9995 -0.0326 -0.0043
vn 0.9987 -0.0367 0.0366
vn 0.9775 -0.1286 0.1670
vn 0.9897 -0.0022 0.1428
vn 0.9953 -0.0024 0.0970
vn 0.9946 -0.0019 0.1035
vn 0.9946 -0.0022 0.1035
vn 0.9947 -0.0016 0.1028
vn 0.9947 -0.0015 0.1027
vn 0.9919 -0.0119 0.1264
vn 0.9873 -0.0504 0.1509
vn 0.9904 -0.0005 0.1385
vn 0.9899 -0.0174 0.1405
vn 0.5860 -0.7997 -0.1305
vn 0.9590 0.2662 0.0976
vn 0.9747 -0.1127 0.1930
vn 0.9839 -0.0411 0.1741
vn 0.5718 -0.0365 0.8196
vn 0.5954 -0.0499 -0.8018
vn 0.5175 -0.1487 -0.8427
vn 0.5073 -0.1111 0.8546
vn 0.5708 -0.0415 0.8201
vn 0.5788 0.0176 -0.8153
vn 0.5614 -0.0801 0.8237
vn 0.5818 0.0280 -0.8129
vn 0.5358 -0.1156 0.8364
vn 0.5963 0.0200 -0.8025
vn 0.4862 -0.1981 0.8511
vn 0.5931 -0.0486 -0.8037
vn 0.2287 -0.5341 0.8139
vn 0.3128 -0.4623 -0.8297
vn 0.5622 0.2103 0.7998
vn 0.9991 0.0231 0.0368
vn 0.9990 0.0257 0.0367
vn 0.9995 0.0048 0.0314
vn 0.9990 -0.0178 0.0411
vn 0.9961 -0.0397 0.0794
vn 0.9911 -0.0510 0.1227
vn 0.6808 -0.7308 0.0504
vn 0.6199 -0.0496 -0.7831
vn 0.6497 0.0175 -0.7600
vn 0.9381 0.0216 0.3458
vn 0.5630 -0.0352 0.8257
vn 0.6061 0.0488 0.7939
vn 0.8903 0.0395 0.4537
vn 0.9489 -0.0057 0.3155
vn 0.5824 0.0005 -0.8129
vn 0.5699 -0.0306 0.8211
vn 0.9494 -0.0397 0.3114
vn 0.5782 0.0257 -0.8155
vn 0.5686 -0.0590 0.8205
vn 0.9384 -0.0702 0.3384
vn 0.5882 0.0260 -0.8083
vn 0.5496 -0.0996 0.8294
vn 0.9298 -0.0833 0.3585
vn 0.6009 -0.0008 -0.7993
vn 0.5165 -0.1425 0.8443
vn 0.5525 -0.6662 0.5009
vn 0.5430 -0.1555 -0.8252
vn 0.4222 -0.2950 0.8572
vn 0.6701 0.1240 -0.7318
vn 0.2435 -0.5106 0.8246
vn 0.3071 -0.6736 -0.6723
vn 0.9646 0.0191 -0.2631
vn 0.9182 0.0571 -0.3919
vn 0.9678 0.0140 -0.2515
vn 0.9733 0.0030 -0.2297
vn 0.9834 -0.0111 -0.1811
vn 0.9927 -0.0235 -0.1182
vn 0.6298 -0.6575 -0.4134
vn 0.9880 -0.0721 0.1368
vn 0.9936 -0.0470 0.1025
vn 0.9979 -0.0294 0.0579
vn 0.9995 -0.0058 0.0324
vn 0.9993 0.0137 0.0338
vn 0.9984 0.0396 0.0400
vn 0.9989 0.0286 0.0384
vn 0.9530 0.0613 -0.2968
vn 0.9151 0.0277 -0.4023
vn 0.9662 0.0178 -0.2573
vn 0.9698 0.0092 -0.2438
vn 0.9782 -0.0040 -0.2078
vn 0.9883 -0.0174 -0.1517
vn 0.9951 -0.0504 -0.0850
vn 0.6675 0.0354 0.7437
vn 0.6906 0.0064 -0.7232
vn 0.9305 -0.1035 0.3512
vn 0.9320 -0.0792 0.3538
vn 0.9450 -0.0564 0.3223
vn 0.9507 -0.0217 0.3092
vn 0.9450 0.0072 0.3269
vn 0.8844 0.0439 0.4647
vn 0.9187 0.0477 0.3921
vn 0.9804 0.1912 0.0466
vn 0.9018 0.1776 -0.3940
vn 0.3231 0.6152 0.7191
vn 0.5202 0.4880 -0.7009
vn 0.8608 0.2033 0.4666
vn 0.6677 0.0302 -0.7438
vn 0.6087 0.0719 0.7901
vn 0.9971 0.0630 0.0434
vn 0.9184 0.0529 -0.3921
vn 0.7092 0.0587 0.7026
vn 0.7204 -0.0113 -0.6935
vn 0.8854 0.0698 0.4596
vn 0.6526 -0.0071 -0.7576
vn 0.6158 0.0120 0.7878
vn 0.9991 0.0213 0.0363
vn 0.9098 0.0058 -0.4151
vn 0.5773 -0.0106 0.8164
vn 0.6750 -0.0201 -0.7375
vn 0.8832 0.0130 0.4688
vn 0.6105 0.0269 0.7916
vn 0.9116 0.0080 -0.4109
vn 0.6137 0.0233 0.7892
vn 0.6831 0.0089 -0.7302
vn 0.8832 0.0207 0.4686
vn 0.6502 0.0028 -0.7598
vn 0.9991 0.0221 0.0373
vn 0.0050 0.9822 -0.1876
vn -0.0001 0.9420 0.3355
vn -0.0000 0.9942 -0.1072
vn -0.0000 0.9332 0.3593
vn -0.0000 0.9940 -0.1090
vn -0.0000 0.9857 -0.1685
vn -0.0000 0.9922 -0.1245
vn -0.0000 0.9981 -0.0619
vn -0.0000 0.9987 0.0503
vn -0.0000 0.9943 0.1071
vn -0.0000 0.9765 0.2155
vn -0.0000 0.9501 0.3121
vn 0.0068 0.9975 -0.0707
vn 0.0021 1.0000 0.0045
vn 0.0001 0.9998 0.0202
vn -0.0000 0.9996 0.0283
vn -0.0000 1.0000 0.0007
vn -0.0000 0.9999 0.0106
vn -0.0000 0.9963 0.0855
vn -0.0000 0.9905 0.1376
vn -0.0000 0.9633 0.2686
vn -0.0000 0.9586 0.2847
vn -0.0000 0.9587 0.2846
vn -0.0000 0.9588 0.2841
vn -0.0000 0.9590 0.2833
vn -0.0000 0.9530 0.3030
vn -0.0000 0.8985 0.4390
vn -0.0000 0.8873 0.4612
vn -0.0749 -0.1044 0.9917
vn -0.0839 -0.1108 -0.9903
vn 0.0402 -0.4218 -0.9058
vn 0.0126 -0.4277 0.9038
vn -0.0581 -0.0664 0.9961
vn -0.0439 0.0105 -0.9990
vn -0.0498 -0.0921 0.9945
vn -0.0424 0.0317 -0.9986
vn -0.0371 -0.1192 0.9922
vn -0.0439 0.0256 -0.9987
vn -0.0056 -0.2451 0.9695
vn -0.0302 -0.0774 -0.9965
vn 0.0803 -0.5725 0.8159
vn 0.0548 -0.4875 -0.8714
vn 0.1099 -0.9920 -0.0624
vn -0.1537 -0.2469 -0.9568
vn -0.0590 -0.1843 0.9811
vn -0.0501 -0.0204 -0.9985
vn -0.0619 -0.0641 0.9960
vn -0.0421 0.0256 -0.9988
vn -0.0545 -0.0772 0.9955
vn -0.0433 0.0316 -0.9986
vn -0.0438 -0.1062 0.9934
vn -0.0412 -0.0053 -0.9991
vn -0.0266 -0.1579 0.9871
vn 0.1074 -0.8467 0.5212
vn -0.0007 -0.2206 -0.9754
vn 0.0303 -0.3754 0.9264
vn -0.0333 -0.6650 0.7461
vn 0.0780 -0.8087 -0.5830
vn 0.0898 -0.8056 -0.5856
vn 0.0703 -0.1050 0.9920
vn 0.0794 -0.1116 -0.9906
vn -0.0396 -0.4208 -0.9063
vn -0.0117 -0.4293 0.9031
vn 0.0546 -0.0665 0.9963
vn 0.0414 0.0104 -0.9991
vn 0.0469 -0.0921 0.9946
vn 0.0400 0.0317 -0.9987
vn 0.0348 -0.1191 0.9923
vn 0.0414 0.0256 -0.9988
vn 0.0052 -0.2452 0.9695
vn 0.0285 -0.0775 -0.9966
vn -0.0755 -0.5725 0.8164
vn -0.0518 -0.4879 -0.8714
vn -0.1039 -0.9927 -0.0616
vn 0.1460 -0.2499 -0.9572
vn 0.0551 -0.1854 0.9811
vn 0.0473 -0.0206 -0.9987
vn 0.0582 -0.0643 0.9962
vn 0.0397 0.0256 -0.9989
vn 0.0512 -0.0772 0.9957
vn 0.0409 0.0316 -0.9987
vn 0.0412 -0.1062 0.9935
vn 0.0389 -0.0053 -0.9992
vn 0.0249 -0.1579 0.9871
vn -0.1013 -0.8468 0.5222
vn 0.0006 -0.2209 -0.9753
vn -0.0285 -0.3755 0.9264
vn 0.0317 -0.6686 0.7430
vn -0.0688 -0.8098 -0.5827
vn -0.0850 -0.8062 -0.5856
vn -0.5129 0.3479 0.7848
vn -0.7710 0.4003 0.4953
vn -0.6455 0.3416 -0.6831
vn -0.8299 0.3794 -0.4090
vn 0.5081 0.3567 0.7839
vn 0.7704 0.4067 0.4911
vn 0.6524 0.3423 -0.6762
vn 0.8324 0.3729 -0.4099
vn -0.1200 0.9926 0.0186
vn 0.5947 0.6597 0.4594
vn 0.4142 0.8368 -0.3581
vn 0.1207 0.9925 0.0185
vn -0.5919 0.6622 0.4594
vn -0.4289 0.8267 -0.3641
vn -0.0028 0.9363 -0.3512
vn 0.0002 0.8814 0.4724
vn 0.6681 0.6864 0.2871
vn -0.1131 0.8167 -0.5659
vn 0.7466 0.5326 0.3987
vn 0.0431 0.9073 -0.4182
vn 0.7922 0.4357 0.4274
vn -0.1679 0.7465 -0.6438
vn 0.5888 0.7576 -0.2818
vn -0.0532 0.8335 0.5499
vn 0.6794 0.6043 -0.4162
vn 0.0976 0.9244 0.3688
vn 0.7161 0.5516 -0.4277
vn -0.1204 0.7344 0.6679
vn -0.6691 0.6859 0.2859
vn 0.1133 0.8167 -0.5658
vn -0.7478 0.5318 0.3975
vn -0.0431 0.9073 -0.4184
vn -0.7943 0.4325 0.4265
vn 0.1686 0.7458 -0.6445
vn -0.5898 0.7571 -0.2809
vn 0.0534 0.8335 0.5499
vn -0.6807 0.6034 -0.4154
vn -0.0976 0.9243 0.3690
vn -0.7208 0.5439 -0.4296
vn 0.1211 0.7338 0.6685
vn -0.1609 0.9865 0.0302
vn 0.5386 0.6885 0.4857
vn 0.4072 0.8311 -0.3789
vn 0.1605 0.9866 0.0282
vn -0.5363 0.6909 0.4848
vn -0.4261 0.8211 -0.3798
vn -0.0021 0.9370 -0.3493
vn -0.0002 0.8851 0.4654
vn -0.2111 0.6490 0.7310
vn 0.6268 0.7094 0.3224
vn -0.1437 0.8260 -0.5450
vn -0.6134 0.7837 0.0981
vn 0.0674 0.6154 0.7854
vn 0.7278 0.5384 0.4248
vn -0.5850 0.7317 0.3498
vn 0.0058 0.9295 -0.3689
vn -0.1604 0.3743 0.9133
vn 0.7639 0.4445 0.4679
vn -0.8344 0.5141 0.1985
vn -0.2134 0.7598 -0.6141
vn 0.5478 0.7756 -0.3136
vn -0.3724 0.6718 -0.6403
vn -0.6212 0.7837 -0.0037
vn -0.0841 0.8410 0.5345
vn 0.6575 0.6123 -0.4391
vn -0.1742 0.6675 -0.7239
vn 0.0600 0.9432 0.3268
vn -0.6237 0.7305 -0.2782
vn 0.6692 0.5879 -0.4545
vn -0.3841 0.3695 -0.8461
vn -0.8658 0.4944 -0.0775
vn -0.1667 0.7448 0.6461
vn -0.6278 0.7089 0.3214
vn 0.2106 0.6492 0.7309
vn 0.6138 0.7833 0.0983
vn 0.1439 0.8261 -0.5448
vn -0.7290 0.5376 0.4236
vn -0.0685 0.6158 0.7849
vn -0.0058 0.9295 -0.3689
vn 0.5849 0.7318 0.3497
vn -0.7660 0.4419 0.4668
vn 0.1547 0.3825 0.9109
vn 0.2124 0.7591 -0.6153
vn 0.8360 0.5137 0.1929
vn 0.3724 0.6718 -0.6403
vn -0.5488 0.7752 -0.3129
vn 0.0843 0.8410 0.5345
vn 0.6219 0.7831 -0.0042
vn 0.1718 0.6695 -0.7227
vn -0.6587 0.6114 -0.4384
vn 0.6241 0.7301 -0.2785
vn -0.0602 0.9431 0.3269
vn 0.3903 0.3922 -0.8330
vn -0.6752 0.5820 -0.4531
vn 0.8697 0.4873 -0.0784
vn 0.1692 0.7437 0.6468
vn -0.2025 0.7408 0.6404
vn -0.5728 0.1807 0.7995
vn -0.6456 0.2038 -0.7360
vn -0.3901 0.6804 -0.6204
vn -0.5727 0.7553 -0.3187
vn -0.8902 0.2300 -0.3933
vn -0.8437 0.2400 0.4802
vn -0.4694 0.8016 0.3703
vn 0.5677 0.1945 0.8000
vn 0.2448 0.7009 0.6699
vn 0.4108 0.6768 -0.6109
vn 0.6680 0.2003 -0.7167
vn 0.8935 0.2159 -0.3937
vn 0.5843 0.7452 -0.3213
vn 0.5210 0.7620 0.3846
vn 0.8453 0.2518 0.4712
vn -0.9317 0.3574 0.0649
vn -0.5703 0.8205 0.0406
vn -0.1507 0.3143 0.9373
vn 0.0422 0.8168 0.5753
vn -0.0887 0.8258 -0.5570
vn -0.2382 0.3531 -0.9047
vn 0.5949 0.8028 0.0406
vn 0.9336 0.3537 0.0577
vn -0.0403 0.8118 0.5825
vn 0.1423 0.3231 0.9356
vn 0.2571 0.3645 -0.8950
vn 0.1026 0.8154 -0.5698
vn 0.0014 0.9636 -0.2673
vn -0.0058 0.9128 -0.4084
vn -0.0014 0.8769 0.4807
vn -0.0000 0.9450 0.3270
vn -0.0003 0.1095 0.9940
vn 0.0005 -0.9416 -0.3367
vn -0.0002 -0.0623 0.9981
vn -0.0001 -0.3997 0.9166
vn -0.0000 -0.6424 0.7664
vn -0.0000 -0.8360 0.5487
vn -0.0000 -0.9459 0.3243
vn -0.0000 -0.9858 0.1681
vn -0.0000 -0.9985 -0.0549
vn -0.0038 -0.8993 -0.4373
vn -0.0000 -0.9949 -0.1013
vn 0.0001 -0.6886 0.7252
vn -0.0000 -0.7785 0.6276
vn -0.0000 -0.9511 0.3090
vn -0.0000 -0.9454 -0.3260
vn -0.0000 -0.8341 -0.5516
vn -0.0000 -0.5163 -0.8564
vn -0.0000 -0.2204 -0.9754
vn -0.0000 -0.2459 -0.9693
vn -0.0000 -0.9486 -0.3166
vn -0.0000 -0.9728 -0.2315
vn -0.0002 -0.6741 0.7386
vn -0.0000 -0.6414 -0.7672
vn -0.0000 -0.3867 -0.9222
vn -0.0000 -0.0431 -0.9991
vn -0.0000 -0.9744 0.2250
vn -0.0000 -0.6120 0.7909
vn -0.0000 -0.6095 0.7928
vn -0.0000 -0.2871 0.9579
vn -0.9996 -0.0248 -0.0107
vn -0.9991 -0.0150 -0.0407
vn -0.9991 -0.0004 -0.0423
vn -0.9966 0.0114 -0.0811
vn -0.9987 -0.0085 -0.0497
vn -0.9957 -0.0479 -0.0788
vn -0.9991 -0.0366 0.0202
vn -0.9994 -0.0168 -0.0310
vn -0.9993 -0.0015 -0.0386
vn -0.9992 0.0041 -0.0387
vn -0.9995 -0.0228 -0.0226
vn -0.9993 -0.0053 -0.0377
vn -0.9995 -0.0290 -0.0146
vn -0.9975 -0.0410 0.0580
vn -0.9993 -0.0014 -0.0385
vn -0.9994 -0.0152 -0.0321
vn -0.9993 0.0154 -0.0329
vn -0.9992 0.0011 -0.0394
vn -0.9995 -0.0261 -0.0201
vn -0.9994 -0.0041 -0.0341
vn -0.9991 0.0139 -0.0411
vn -0.9994 -0.0137 -0.0326
vn -0.9993 -0.0012 -0.0385
vn -0.9987 -0.0288 0.0409
vn -0.9979 -0.0424 0.0492
vn -0.9994 -0.0121 -0.0317
vn -0.9992 -0.0004 -0.0391
vn -0.9992 0.0019 -0.0389
vn -0.9992 -0.0064 -0.0398
vn -0.9995 -0.0315 -0.0065
vn -0.7391 -0.1891 0.6465
vn -0.9978 -0.0543 0.0379
vn -0.9995 -0.0091 -0.0294
vn -0.9993 -0.0000 -0.0386
vn -0.9992 0.0027 -0.0392
vn -0.9993 -0.0015 -0.0382
vn -0.9996 -0.0291 0.0029
vn -0.8893 -0.1132 0.4431
vn -0.9984 -0.0566 0.0022
vn -0.9994 -0.0087 -0.0334
vn -0.9992 0.0040 -0.0393
vn -0.9993 -0.0010 -0.0379
vn -0.9995 -0.0308 -0.0095
vn -0.7208 -0.3845 0.5767
vn -0.9987 -0.0407 -0.0306
vn -0.9993 -0.0058 -0.0375
vn -0.9992 0.0059 -0.0391
vn -0.9993 -0.0008 -0.0383
vn -0.9993 -0.0265 -0.0270
vn -0.5790 -0.6214 0.5279
vn -0.9992 -0.0002 -0.0395
vn -0.9992 -0.0000 -0.0390
vn -0.9992 -0.0001 -0.0391
vn -0.9992 0.0110 -0.0387
vn -0.9993 -0.0004 -0.0386
vn -0.9992 -0.0015 -0.0391
vn -0.4572 -0.8173 0.3507
vn -0.9949 0.0047 -0.1008
vn -0.9959 0.0025 -0.0903
vn -0.9954 -0.0048 -0.0960
vn -0.9988 0.0120 -0.0471
vn -0.9991 -0.0004 -0.0428
vn -0.9990 0.0011 -0.0444
vn -0.4565 -0.8883 0.0515
vn -0.9992 0.0082 -0.0388
vn -0.9992 -0.0131 -0.0385
vn -0.3898 -0.8952 0.2160
vn -0.9992 -0.0016 -0.0388
vn -0.9932 0.1100 -0.0370
vn -0.8735 -0.4734 0.1138
vn -0.0000 -0.8311 -0.5561
vn -0.9995 -0.0180 0.0272
vn -0.9978 -0.0368 0.0558
vn -0.9993 -0.0368 0.0065
vn -0.9996 -0.0294 0.0004
vn -0.9850 -0.0405 0.1675
vn -0.9647 -0.1362 0.2252
vn -0.9424 -0.2493 0.2231
vn -0.9135 -0.3681 0.1731
vn -0.8670 -0.4954 0.0540
vn -0.9033 -0.4166 -0.1020
vn -0.9991 -0.0117 -0.0414
vn -0.9975 -0.0639 -0.0290
vn -0.9980 -0.0482 -0.0412
vn -0.9983 -0.0496 -0.0294
vn -0.9966 -0.0818 0.0024
vn -0.9955 -0.0805 0.0493
vn -0.9945 -0.0577 0.0875
vn -0.9982 -0.0287 0.0532
vn -0.9997 -0.0228 0.0093
vn -0.9995 -0.0200 0.0251
vn -0.9990 -0.0357 0.0282
vn -0.9985 -0.0382 -0.0382
vn -0.0000 -0.3241 0.9460
vn -0.9988 0.0069 -0.0475
vn -0.9959 -0.0181 -0.0892
vn -0.9990 -0.0253 -0.0360
vn -0.9999 -0.0147 0.0013
vn -0.9998 -0.0115 0.0155
vn -0.9994 -0.0249 -0.0258
vn -0.9986 -0.0016 -0.0530
vn -0.9984 -0.0205 -0.0531
vn -0.0000 0.2892 -0.9573
vn -0.9990 0.0164 -0.0414
vn -0.9993 0.0189 -0.0327
vn -0.9989 0.0267 -0.0386
vn -0.9984 0.0384 -0.0414
vn -0.9976 0.0563 -0.0414
vn -0.9961 0.0800 -0.0382
vn -0.9894 0.1402 -0.0380
vn -0.9825 0.1515 -0.1080
vn -0.9987 0.0173 -0.0484
vn -0.7127 0.3936 -0.5806
vn -0.8804 0.4739 -0.0196
vn -0.7881 0.6142 -0.0414
vn -0.8271 0.5615 -0.0232
vn -0.9271 0.3737 -0.0299
vn -0.9602 0.2763 -0.0407
vn -0.9804 0.1946 -0.0304
vn -0.9920 0.1263 -0.0072
vn -0.9983 0.0563 -0.0152
vn -0.9969 0.0775 -0.0117
vn -0.9948 0.1019 -0.0014
vn -0.9989 0.0357 -0.0295
vn -0.9993 0.0015 -0.0385
vn -0.9991 -0.0043 -0.0412
vn -0.9995 -0.0317 -0.0083
vn -0.9821 -0.0047 0.1884
vn -0.9964 -0.0310 0.0792
vn -0.9886 0.1494 -0.0196
vn -0.9991 0.0220 -0.0363
vn -0.9962 -0.0189 0.0848
vn -0.9992 -0.0177 -0.0370
vn -0.9988 -0.0348 0.0346
vn -0.9992 -0.0013 -0.0396
vn -0.9993 -0.0056 -0.0373
vn -0.0000 -0.5721 0.8202
vn -0.9995 -0.0303 -0.0130
vn -0.9988 -0.0361 0.0326
vn -0.9936 0.1134 0.0015
vn -0.9993 -0.0053 -0.0373
vn -0.9994 -0.0152 -0.0308
vn -0.9993 -0.0015 -0.0385
vn -0.9992 -0.0376 0.0096
vn -0.9974 -0.0453 0.0554
vn -0.9993 0.0167 -0.0327
vn -0.0000 -0.3204 0.9473
vn -0.9993 -0.0051 -0.0378
vn -0.9993 0.0011 -0.0382
vn -0.9994 -0.0299 -0.0194
vn -0.9991 -0.0315 0.0288
vn -0.9954 0.0953 -0.0032
vn -0.9993 0.0141 -0.0332
vn -0.9970 -0.0203 0.0748
vn -0.9993 -0.0151 -0.0337
vn -0.9994 -0.0357 0.0022
vn -0.0000 -0.0657 0.9978
vn -0.9993 -0.0289 -0.0217
vn -0.9993 -0.0232 0.0297
vn -0.9964 0.0850 -0.0062
vn -0.9995 -0.0311 0.0012
vn -0.9993 -0.0014 -0.0386
vn -0.9993 -0.0145 -0.0338
vn -0.9974 -0.0101 0.0719
vn -0.9993 0.0125 -0.0339
vn -0.0000 -0.7692 0.6390
vn -0.9992 0.0020 -0.0400
vn -0.9995 -0.0248 -0.0195
vn -0.9994 -0.0043 -0.0355
vn -0.9995 -0.0283 0.0111
vn -0.9973 0.0716 -0.0171
vn -0.9991 0.0144 -0.0391
vn -0.9991 -0.0328 0.0262
vn -0.9996 -0.0290 -0.0038
vn -0.9994 -0.0005 -0.0339
vn -0.9995 -0.0116 -0.0292
vn -0.9959 0.0029 0.0909
vn -0.9925 -0.0007 0.1220
vn -0.9945 -0.0007 0.1045
vn -0.2184 -0.8788 -0.4243
vn -0.9946 -0.0004 0.1041
vn -0.9941 0.0180 0.1069
vn -0.9945 -0.0016 0.1044
vn -0.2059 -0.9778 -0.0382
vn -0.9943 0.0151 0.1052
vn -0.9946 -0.0012 0.1041
vn -0.9945 -0.0005 0.1044
vn -0.9946 -0.0002 0.1036
vn -0.9946 -0.0010 0.1037
vn -0.2584 -0.6906 -0.6755
vn -0.9945 0.0116 0.1040
vn -0.9946 -0.0002 0.1035
vn -0.9946 0.0078 0.1033
vn -0.9947 -0.0008 0.1031
vn -0.2589 -0.3501 -0.9002
vn -0.9934 -0.0036 0.1148
vn -0.9944 0.0047 0.1051
vn -0.9944 -0.0019 0.1061
vn -0.2796 -0.1383 -0.9501
vn -0.0000 -0.0973 0.9953
vn -0.9875 0.0048 0.1576
vn -0.9852 -0.0339 0.1682
vn -0.8264 -0.5601 0.0579
vn -0.9949 -0.0027 0.1010
vn -0.9946 -0.0017 0.1037
vn -0.9946 -0.0020 0.1039
vn -0.9947 -0.0014 0.1030
vn -0.9947 -0.0013 0.1030
vn -0.9926 -0.0088 0.1210
vn -0.0000 -0.3015 0.9535
vn -0.9910 0.0013 0.1340
vn -0.9905 -0.0195 0.1359
vn -0.6602 -0.7504 -0.0323
vn -0.9900 -0.0336 0.1371
vn -0.9926 -0.0083 0.1209
vn -0.9953 0.0202 0.0951
vn -0.9956 -0.0015 0.0940
vn -0.2732 -0.8333 0.4806
vn -0.9488 0.2771 0.1515
vn -0.9737 0.1998 0.1092
vn -0.9607 0.2490 0.1225
vn -0.9844 0.1487 0.0945
vn -0.9913 0.0936 0.0926
vn -0.9924 0.0624 0.1058
vn -0.0000 0.1932 0.9812
vn -0.9919 0.0296 0.1235
vn -0.9508 0.2708 0.1504
vn -0.9756 0.1937 0.1035
vn -0.7127 0.5418 0.4454
vn -0.9025 0.4302 0.0181
vn -0.8205 0.5708 0.0304
vn -0.6059 0.7782 0.1654
vn -0.6569 0.7433 0.1262
vn -0.7331 0.6773 0.0618
vn -0.5819 0.7700 0.2619
vn -0.7927 -0.4470 0.4145
vn -0.7670 -0.6080 0.2051
vn -0.7867 -0.5518 -0.2768
vn -0.7453 -0.6497 -0.1495
vn -0.8144 -0.3452 -0.4664
vn -0.8180 -0.1593 -0.5528
vn -0.8677 -0.1484 -0.4743
vn -0.6180 -0.6807 0.3934
vn -0.9565 -0.2525 0.1462
vn -0.9871 -0.0845 0.1356
vn -0.9605 -0.1900 0.2032
vn -0.9997 -0.0232 -0.0031
vn -0.9989 -0.0476 -0.0008
vn -0.9883 -0.1291 0.0810
vn -0.9962 -0.0815 0.0305
vn -0.9916 -0.1224 0.0430
vn -0.9882 -0.0950 0.1199
vn -0.9871 -0.0029 0.1598
vn -0.9956 -0.0020 0.0934
vn -0.9946 -0.0019 0.1034
vn -0.9946 -0.0022 0.1033
vn -0.9947 -0.0015 0.1026
vn -0.9913 -0.0155 0.1304
vn -0.0000 -0.5359 0.8443
vn -0.9834 -0.0833 0.1611
vn -0.9958 -0.0030 0.0920
vn -0.9946 -0.0020 0.1036
vn -0.9947 -0.0017 0.1032
vn -0.9948 -0.0021 0.1018
vn -0.9947 -0.0014 0.1025
vn -0.9942 -0.0034 0.1073
vn -0.9758 -0.0829 0.2024
vn -0.9869 -0.0283 0.1589
vn -0.9915 -0.0001 0.1304
vn -0.9911 -0.0125 0.1328
vn -0.5274 -0.6447 -0.5533
vn -0.9417 0.3288 0.0711
vn -0.9747 -0.1242 0.1858
vn -0.9849 -0.0476 0.1667
vn -0.9797 -0.0642 0.1898
vn -0.9255 -0.3618 0.1118
vn -0.9894 0.0429 0.1385
vn -0.9907 -0.0095 0.1357
vn -0.9875 -0.0277 0.1549
vn -0.6014 -0.0427 -0.7978
vn -0.6240 -0.0624 -0.7789
vn -0.6542 0.0274 -0.7559
vn -0.6291 -0.0464 -0.7760
vn -0.9819 0.0226 0.1880
vn -0.8368 0.0096 0.5474
vn -0.5835 -0.0361 0.8113
vn -0.5529 -0.0367 0.8324
vn -0.6076 0.0353 0.7934
vn -0.9695 0.0295 0.2433
vn -0.7604 0.0321 0.6486
vn -0.9856 -0.0000 0.1689
vn -0.8526 -0.0173 0.5223
vn -0.5987 -0.0193 -0.8007
vn -0.5926 0.0115 -0.8054
vn -0.5828 -0.0341 0.8119
vn -0.5824 -0.0293 0.8124
vn -0.9848 -0.0283 0.1713
vn -0.8525 -0.0564 0.5197
vn -0.5905 0.0220 -0.8068
vn -0.5920 0.0277 -0.8055
vn -0.5780 -0.0688 0.8131
vn -0.5825 -0.0488 0.8114
vn -0.9776 -0.0544 0.2035
vn -0.8349 -0.0913 0.5428
vn -0.5974 0.0268 -0.8015
vn -0.6051 0.0239 -0.7958
vn -0.5556 -0.1073 0.8245
vn -0.5684 -0.0899 0.8178
vn -0.9700 -0.0654 0.2342
vn -0.8144 -0.1245 0.5668
vn -0.6126 0.0119 -0.7903
vn -0.6129 -0.0201 -0.7899
vn -0.5162 -0.1653 0.8403
vn -0.5399 -0.1255 0.8323
vn -0.6486 -0.7029 0.2919
vn -0.4330 -0.5951 0.6770
vn -0.5909 -0.0885 -0.8019
vn -0.4850 -0.2755 -0.8300
vn -0.3659 -0.3869 0.8464
vn -0.4742 -0.2365 0.8480
vn -0.3411 -0.2827 0.8965
vn -0.6001 0.1080 0.7926
vn -0.2920 -0.3709 -0.8816
vn -0.8770 0.0002 -0.4805
vn -0.9934 0.0233 -0.1121
vn -0.7981 0.0574 -0.5998
vn -0.9840 0.0343 -0.1750
vn -0.8794 0.0179 -0.4757
vn -0.9943 0.0095 -0.1060
vn -0.8885 0.0152 -0.4586
vn -0.9960 -0.0074 -0.0894
vn -0.9077 0.0045 -0.4196
vn -0.9987 -0.0253 -0.0449
vn -0.9255 -0.0220 -0.3781
vn -0.9993 -0.0367 0.0104
vn -0.5342 -0.5659 -0.6280
vn -0.6904 -0.6989 -0.1867
vn -0.9900 -0.0528 0.1308
vn -0.9651 -0.2282 0.1284
vn -0.9949 -0.0439 0.0910
vn -0.9924 -0.0492 0.1132
vn -0.9985 -0.0237 0.0486
vn -0.9971 -0.0347 0.0682
vn -0.9995 -0.0002 0.0312
vn -0.9993 -0.0117 0.0356
vn -0.9992 0.0183 0.0353
vn -0.9994 0.0094 0.0324
vn -0.9978 0.0512 0.0417
vn -0.9991 0.0230 0.0362
vn -0.9989 0.0280 0.0377
vn -0.9989 0.0270 0.0380
vn -0.9353 0.0812 -0.3445
vn -0.8615 0.0623 -0.5039
vn -0.9624 0.0312 -0.2698
vn -0.9906 0.0382 -0.1310
vn -0.9832 0.0348 -0.1791
vn -0.9170 0.0403 -0.3968
vn -0.7984 0.0209 -0.6018
vn -0.9132 0.0152 -0.4072
vn -0.9656 0.0186 -0.2595
vn -0.8773 0.0152 -0.4796
vn -0.9673 0.0159 -0.2533
vn -0.9940 0.0162 -0.1085
vn -0.9689 0.0119 -0.2472
vn -0.8825 0.0178 -0.4701
vn -0.9716 0.0061 -0.2367
vn -0.9949 0.0017 -0.1012
vn -0.9758 -0.0004 -0.2185
vn -0.8974 0.0106 -0.4412
vn -0.9810 -0.0077 -0.1938
vn -0.9974 -0.0167 -0.0695
vn -0.9861 -0.0144 -0.1656
vn -0.9176 -0.0050 -0.3974
vn -0.9907 -0.0204 -0.1344
vn -0.9993 -0.0319 -0.0180
vn -0.9949 -0.0270 -0.0976
vn -0.9201 -0.0742 -0.3847
vn -0.9611 -0.2274 -0.1568
vn -0.9975 -0.0589 0.0382
vn -0.5175 0.0482 0.8544
vn -0.6387 0.0277 0.7690
vn -0.6942 0.0427 0.7185
vn -0.5526 0.0148 -0.8333
vn -0.6993 0.0057 -0.7148
vn -0.6857 0.0086 -0.7278
vn -0.9316 -0.0842 0.3536
vn -0.9684 -0.0835 0.2348
vn -0.8807 -0.2632 0.3938
vn -0.7947 -0.1713 0.5824
vn -0.9353 -0.0754 0.3457
vn -0.9729 -0.0624 0.2226
vn -0.9306 -0.0815 0.3569
vn -0.8237 -0.1055 0.5571
vn -0.9479 -0.0483 0.3150
vn -0.9818 -0.0423 0.1849
vn -0.9422 -0.0636 0.3290
vn -0.8451 -0.0757 0.5293
vn -0.9504 -0.0131 0.3106
vn -0.9860 -0.0133 0.1660
vn -0.9508 -0.0307 0.3082
vn -0.8550 -0.0355 0.5174
vn -0.9425 0.0138 0.3338
vn -0.9843 0.0110 0.1764
vn -0.9475 0.0010 0.3198
vn -0.8468 -0.0033 0.5320
vn -0.7566 0.0455 0.6523
vn -0.8851 0.0576 0.4618
vn -0.9664 0.0425 0.2534
vn -0.8837 0.0298 0.4670
vn -0.9034 0.0535 0.4255
vn -0.9766 0.0337 0.2123
vn -0.9311 0.0332 0.3632
vn -0.8076 0.0439 0.5881
vn -0.9381 0.2244 0.2639
vn -0.7124 0.2539 0.6542
vn -0.5079 0.2079 -0.8359
vn -0.3763 0.3429 0.8607
vn -0.7899 0.1572 -0.5927
vn -0.9667 0.1889 -0.1726
vn -0.4886 0.7549 0.4374
vn -0.6606 0.0618 -0.7482
vn -0.6069 0.0617 0.7924
vn -0.9947 0.0921 0.0455
vn -0.9167 0.0807 -0.3914
vn -0.6324 0.2160 0.7439
vn -0.6974 0.1080 -0.7085
vn -0.8811 0.1046 0.4613
vn -0.9833 0.0587 -0.1725
vn -0.8046 0.0457 -0.5920
vn -0.5737 0.0280 -0.8186
vn -0.7594 0.0718 0.6466
vn -0.9650 0.0672 0.2537
vn -0.5320 0.0700 0.8438
vn -0.9473 0.0364 0.3182
vn -0.9272 0.0140 0.3742
vn -0.6526 0.0001 -0.7577
vn -0.6020 -0.0225 0.7982
vn -0.9991 0.0208 0.0367
vn -0.9108 0.0203 -0.4124
vn -0.4820 -0.1873 0.8559
vn -0.5827 -0.2333 -0.7785
vn -0.8845 0.0202 0.4662
vn -0.9673 0.0193 0.2529
vn -0.7597 0.0094 0.6502
vn -0.5485 -0.0101 -0.8361
vn -0.5037 0.0116 0.8638
vn -0.7957 -0.0034 -0.6057
vn -0.9821 0.0167 -0.1876
vn -0.6138 0.0214 0.7892
vn -0.9104 0.0052 -0.4136
vn -0.5966 0.0207 0.8023
vn -0.6820 0.0085 -0.7313
vn -0.8830 0.0154 0.4692
vn -0.6486 0.0084 -0.7611
vn -0.9989 0.0282 0.0385
vn -0.5082 0.0311 0.8607
vn -0.9671 0.0228 0.2535
vn -0.7570 0.0209 0.6531
vn -0.6898 0.6424 -0.3339
vn -0.5499 0.0068 -0.8352
vn -0.7957 0.0014 -0.6057
vn -0.9826 0.0171 -0.1850
vn -0.2900 -0.6420 0.7097
vn -0.8485 -0.0492 0.5268
vn -0.8885 0.0073 0.4588
vn -0.9318 0.0046 -0.3629
vn -0.9303 -0.0002 -0.3667
vn -0.9266 0.0085 -0.3758
vn -0.9204 -0.0311 -0.3898
vn -0.4973 -0.7973 -0.3420
vn 0.9996 -0.0248 -0.0107
vn 0.9991 -0.0150 -0.0407
vn 0.9991 -0.0004 -0.0423
vn 0.9966 0.0114 -0.0811
vn 0.9987 -0.0085 -0.0497
vn 0.9957 -0.0479 -0.0788
vn 0.9991 -0.0366 0.0202
vn 0.9994 -0.0168 -0.0310
vn 0.9993 -0.0015 -0.0386
vn 0.9992 0.0041 -0.0387
vn 0.9995 -0.0228 -0.0226
vn 0.9993 -0.0053 -0.0377
vn 0.9995 -0.0290 -0.0146
vn 0.9975 -0.0410 0.0580
vn 0.9993 -0.0014 -0.0385
vn 0.9994 -0.0152 -0.0321
vn 0.9993 0.0154 -0.0329
vn 0.9992 0.0011 -0.0394
vn 0.9995 -0.0261 -0.0201
vn 0.9994 -0.0041 -0.0341
vn 0.9991 0.0139 -0.0411
vn 0.9994 -0.0137 -0.0326
vn 0.9993 -0.0012 -0.0385
vn 0.9987 -0.0288 0.0409
vn 0.9979 -0.0424 0.0492
vn 0.9994 -0.0122 -0.0320
vn 0.9992 -0.0004 -0.0396
vn 0.9992 0.0019 -0.0389
vn 0.9992 -0.0064 -0.0398
vn 0.9995 -0.0315 -0.0065
vn 0.7390 -0.1891 0.6466
vn 0.9977 -0.0552 0.0384
vn 0.9993 -0.0132 -0.0339
vn 0.9988 0.0012 -0.0482
vn 0.9991 0.0032 -0.0411
vn 0.9991 -0.0023 -0.0417
vn 0.9996 -0.0298 0.0026
vn 0.8891 -0.1133 0.4435
vn 0.9981 -0.0614 0.0060
vn 0.9993 -0.0210 -0.0324
vn 0.9987 0.0093 -0.0494
vn 0.9989 0.0100 -0.0465
vn 0.9987 -0.0038 -0.0507
vn 0.9993 -0.0377 -0.0077
vn 0.7205 -0.3846 0.5769
vn 0.9985 -0.0472 -0.0262
vn 0.9995 -0.0186 -0.0260
vn 0.9993 0.0131 -0.0354
vn 0.9990 0.0189 -0.0416
vn 0.9993 -0.0009 -0.0381
vn 0.9990 -0.0411 -0.0174
vn 0.5788 -0.6215 0.5280
vn 0.9992 -0.0003 -0.0394
vn 0.9993 -0.0001 -0.0387
vn 0.9992 -0.0010 -0.0394
vn 0.9992 0.0112 -0.0385
vn 0.9996 0.0009 -0.0284
vn 0.9993 -0.0028 -0.0379
vn 0.4570 -0.8174 0.3508
vn 0.9949 0.0047 -0.1008
vn 0.9959 0.0025 -0.0903
vn 0.9952 -0.0095 -0.0979
vn 0.9986 0.0025 -0.0530
vn 0.9991 -0.0008 -0.0430
vn 0.9990 0.0011 -0.0444
vn 0.4563 -0.8883 0.0515
vn 0.9992 0.0169 -0.0359
vn 0.9993 0.0001 -0.0361
vn 0.9993 -0.0233 -0.0309
vn 0.3897 -0.8953 0.2160
vn 0.9995 -0.0056 -0.0322
vn 0.9931 0.1115 -0.0366
vn 0.8734 -0.4735 0.1139
vn 0.9994 0.0044 -0.0336
vn 0.9995 -0.0180 0.0272
vn 0.9978 -0.0368 0.0558
vn 0.9993 -0.0368 0.0065
vn 0.9996 -0.0294 0.0004
vn 0.9850 -0.0405 0.1676
vn 0.9647 -0.1362 0.2254
vn 0.9423 -0.2494 0.2232
vn 0.9135 -0.3682 0.1731
vn 0.8669 -0.4955 0.0540
vn 0.9032 -0.4171 -0.1018
vn 0.9991 -0.0139 -0.0400
vn 0.9975 -0.0647 -0.0285
vn 0.9980 -0.0482 -0.0412
vn 0.9983 -0.0498 -0.0293
vn 0.9966 -0.0829 0.0033
vn 0.9955 -0.0809 0.0497
vn 0.9945 -0.0577 0.0875
vn 0.9982 -0.0287 0.0532
vn 0.9997 -0.0228 0.0093
vn 0.9995 -0.0200 0.0251
vn 0.9990 -0.0357 0.0282
vn 0.9985 -0.0382 -0.0382
vn 0.9988 0.0069 -0.0475
vn 0.9959 -0.0181 -0.0892
vn 0.9990 -0.0253 -0.0360
vn 0.9999 -0.0147 0.0013
vn 0.9998 -0.0115 0.0155
vn 0.9994 -0.0249 -0.0258
vn 0.9986 -0.0016 -0.0530
vn 0.9984 -0.0205 -0.0531
vn 0.9990 0.0164 -0.0414
vn 0.9993 0.0189 -0.0327
vn 0.9989 0.0267 -0.0387
vn 0.9983 0.0397 -0.0428
vn 0.9972 0.0611 -0.0429
vn 0.9956 0.0854 -0.0379
vn 0.9902 0.1325 -0.0447
vn 0.9853 0.1159 -0.1256
vn 0.9987 0.0173 -0.0484
vn 0.7126 0.3936 -0.5807
vn 0.8801 0.4744 -0.0195
vn 0.8008 0.5960 -0.0595
vn 0.8281 0.5600 -0.0253
vn 0.9267 0.3746 -0.0299
vn 0.9600 0.2768 -0.0409
vn 0.9804 0.1946 -0.0305
vn 0.9920 0.1263 -0.0072
vn 0.9983 0.0563 -0.0152
vn 0.9969 0.0775 -0.0117
vn 0.9948 0.1019 -0.0014
vn 0.9989 0.0357 -0.0295
vn 0.9993 0.0015 -0.0385
vn 0.9991 -0.0043 -0.0412
vn 0.9995 -0.0317 -0.0083
vn 0.9820 -0.0047 0.1888
vn 0.9964 -0.0310 0.0792
vn 0.9886 0.1494 -0.0196
vn 0.9991 0.0220 -0.0363
vn 0.9962 -0.0189 0.0850
vn 0.9992 -0.0177 -0.0370
vn 0.9988 -0.0348 0.0346
vn 0.9992 -0.0013 -0.0396
vn 0.9993 -0.0056 -0.0373
vn 0.9995 -0.0303 -0.0130
vn 0.9988 -0.0361 0.0326
vn 0.9936 0.1134 0.0015
vn 0.9993 -0.0053 -0.0373
vn 0.9994 -0.0152 -0.0308
vn 0.9993 -0.0015 -0.0385
vn 0.9992 -0.0376 0.0096
vn 0.9974 -0.0453 0.0554
vn 0.9993 0.0167 -0.0327
vn 0.9993 -0.0051 -0.0378
vn 0.9993 0.0011 -0.0382
vn 0.9994 -0.0299 -0.0194
vn 0.9991 -0.0315 0.0288
vn 0.9954 0.0953 -0.0032
vn 0.9993 0.0141 -0.0332
vn 0.9970 -0.0203 0.0748
vn 0.9993 -0.0151 -0.0337
vn 0.9994 -0.0357 0.0022
vn 0.9993 -0.0289 -0.0217
vn 0.9993 -0.0232 0.0297
vn 0.9964 0.0850 -0.0062
vn 0.9995 -0.0311 0.0012
vn 0.9993 -0.0014 -0.0386
vn 0.9993 -0.0145 -0.0338
vn 0.9974 -0.0101 0.0719
vn 0.9993 0.0125 -0.0339
vn 0.9992 0.0020 -0.0400
vn 0.9995 -0.0248 -0.0195
vn 0.9994 -0.0043 -0.0355
vn 0.9995 -0.0283 0.0111
vn 0.9973 0.0716 -0.0171
vn 0.9991 0.0144 -0.0391
vn 0.9991 -0.0328 0.0262
vn 0.9996 -0.0290 -0.0038
vn 0.9994 -0.0005 -0.0339
vn 0.9995 -0.0116 -0.0292
vn 0.9959 0.0029 0.0909
vn 0.9925 -0.0007 0.1220
vn 0.9945 -0.0007 0.1045
vn 0.2184 -0.8788 -0.4243
vn 0.9946 -0.0004 0.1041
vn 0.9941 0.0180 0.1069
vn 0.9945 -0.0016 0.1044
vn 0.2059 -0.9778 -0.0382
vn 0.9943 0.0151 0.1052
vn 0.9946 -0.0012 0.1041
vn 0.9945 -0.0005 0.1044
vn 0.9946 -0.0002 0.1036
vn 0.9946 -0.0010 0.1037
vn 0.2584 -0.6906 -0.6755
vn 0.9945 0.0116 0.1040
vn 0.9946 -0.0002 0.1035
vn 0.9946 0.0078 0.1033
vn 0.9947 -0.0008 0.1031
vn 0.2589 -0.3501 -0.9002
vn 0.9934 -0.0036 0.1148
vn 0.9944 0.0047 0.1051
vn 0.9944 -0.0019 0.1061
vn 0.2796 -0.1383 -0.9501
vn 0.9875 0.0048 0.1576
vn 0.9852 -0.0339 0.1682
vn 0.8264 -0.5601 0.0579
vn 0.9949 -0.0027 0.1010
vn 0.9946 -0.0017 0.1037
vn 0.9946 -0.0020 0.1039
vn 0.9947 -0.0014 0.1030
vn 0.9947 -0.0013 0.1030
vn 0.9926 -0.0088 0.1210
vn 0.9910 0.0013 0.1340
vn 0.9905 -0.0195 0.1359
vn 0.6602 -0.7504 -0.0323
vn 0.9900 -0.0336 0.1371
vn 0.9926 -0.0083 0.1209
vn 0.9953 0.0202 0.0951
vn 0.9956 -0.0015 0.0940
vn 0.2732 -0.8333 0.4806
vn 0.9488 0.2770 0.1516
vn 0.9737 0.1998 0.1092
vn 0.9607 0.2490 0.1225
vn 0.9844 0.1487 0.0945
vn 0.9913 0.0936 0.0926
vn 0.9924 0.0624 0.1058
vn 0.9919 0.0296 0.1235
vn 0.9508 0.2708 0.1504
vn 0.9756 0.1937 0.1035
vn 0.7127 0.5418 0.4454
vn 0.9025 0.4302 0.0181
vn 0.8205 0.5708 0.0304
vn 0.6059 0.7782 0.1654
vn 0.6569 0.7433 0.1262
vn 0.7331 0.6773 0.0618
vn 0.5819 0.7700 0.2619
vn 0.7927 -0.4473 0.4142
vn 0.7670 -0.6080 0.2051
vn 0.7867 -0.5518 -0.2768
vn 0.7453 -0.6497 -0.1495
vn 0.8144 -0.3452 -0.4664
vn 0.8180 -0.1593 -0.5528
vn 0.8677 -0.1484 -0.4743
vn 0.6180 -0.6807 0.3934
vn 0.9565 -0.2525 0.1462
vn 0.9871 -0.0845 0.1356
vn 0.9605 -0.1900 0.2032
vn 0.9997 -0.0232 -0.0031
vn 0.9989 -0.0476 -0.0008
vn 0.9883 -0.1291 0.0810
vn 0.9962 -0.0815 0.0305
vn 0.9916 -0.1224 0.0430
vn 0.9882 -0.0950 0.1199
vn 0.9871 -0.0029 0.1598
vn 0.9956 -0.0020 0.0934
vn 0.9946 -0.0019 0.1034
vn 0.9946 -0.0022 0.1033
vn 0.9947 -0.0015 0.1026
vn 0.9913 -0.0155 0.1304
vn 0.9834 -0.0833 0.1611
vn 0.9958 -0.0030 0.0920
vn 0.9946 -0.0020 0.1036
vn 0.9947 -0.0017 0.1032
vn 0.9948 -0.0021 0.1018
vn 0.9947 -0.0014 0.1025
vn 0.9942 -0.0034 0.1073
vn 0.9758 -0.0829 0.2024
vn 0.9869 -0.0283 0.1589
vn 0.9915 -0.0001 0.1304
vn 0.9911 -0.0125 0.1328
vn 0.5274 -0.6447 -0.5533
vn 0.9417 0.3288 0.0711
vn 0.9747 -0.1242 0.1858
vn 0.9849 -0.0476 0.1667
vn 0.9797 -0.0642 0.1898
vn 0.9255 -0.3618 0.1118
vn 0.9894 0.0429 0.1385
vn 0.9907 -0.0095 0.1357
vn 0.9875 -0.0277 0.1549
vn 0.5924 -0.0513 -0.8040
vn 0.6123 -0.0656 -0.7879
vn 0.6561 0.0252 -0.7543
vn 0.6276 -0.0504 -0.7769
vn 0.9819 0.0226 0.1880
vn 0.8330 0.0087 0.5532
vn 0.5718 -0.0392 0.8195
vn 0.5434 -0.0427 0.8384
vn 0.6076 0.0353 0.7934
vn 0.9695 0.0295 0.2433
vn 0.7586 0.0294 0.6509
vn 0.9856 -0.0000 0.1689
vn 0.8486 -0.0177 0.5287
vn 0.5864 -0.0202 -0.8098
vn 0.5803 0.0113 -0.8144
vn 0.5705 -0.0350 0.8205
vn 0.5702 -0.0307 0.8209
vn 0.9848 -0.0283 0.1713
vn 0.8483 -0.0569 0.5264
vn 0.5781 0.0220 -0.8157
vn 0.5795 0.0280 -0.8145
vn 0.5657 -0.0695 0.8217
vn 0.5702 -0.0495 0.8200
vn 0.9776 -0.0544 0.2035
vn 0.8303 -0.0918 0.5497
vn 0.5847 0.0270 -0.8108
vn 0.5923 0.0242 -0.8054
vn 0.5430 -0.1077 0.8328
vn 0.5559 -0.0904 0.8263
vn 0.9700 -0.0654 0.2342
vn 0.8089 -0.1262 0.5742
vn 0.5995 0.0121 -0.8003
vn 0.5995 -0.0204 -0.8001
vn 0.5034 -0.1665 0.8479
vn 0.5272 -0.1260 0.8404
vn 0.6369 -0.7138 0.2912
vn 0.4219 -0.6011 0.6787
vn 0.5771 -0.0896 -0.8117
vn 0.4715 -0.2780 -0.8369
vn 0.3546 -0.3898 0.8499
vn 0.4615 -0.2387 0.8544
vn 0.3362 -0.2925 0.8952
vn 0.6026 0.0995 0.7918
vn 0.2883 -0.3756 -0.8808
vn 0.8733 -0.0005 -0.4872
vn 0.9934 0.0233 -0.1121
vn 0.7963 0.0538 -0.6025
vn 0.9840 0.0343 -0.1750
vn 0.8755 0.0179 -0.4829
vn 0.9943 0.0095 -0.1060
vn 0.8845 0.0154 -0.4662
vn 0.9960 -0.0074 -0.0894
vn 0.9038 0.0047 -0.4280
vn 0.9987 -0.0253 -0.0449
vn 0.9214 -0.0225 -0.3880
vn 0.9993 -0.0367 0.0104
vn 0.5217 -0.5718 -0.6332
vn 0.6783 -0.7096 -0.1906
vn 0.9900 -0.0528 0.1308
vn 0.9630 -0.2373 0.1274
vn 0.9949 -0.0439 0.0910
vn 0.9924 -0.0492 0.1132
vn 0.9985 -0.0237 0.0486
vn 0.9971 -0.0347 0.0682
vn 0.9995 -0.0002 0.0312
vn 0.9993 -0.0117 0.0356
vn 0.9992 0.0183 0.0353
vn 0.9994 0.0094 0.0324
vn 0.9978 0.0512 0.0417
vn 0.9991 0.0230 0.0362
vn 0.9989 0.0280 0.0377
vn 0.9989 0.0270 0.0380
vn 0.9351 0.0809 -0.3451
vn 0.8584 0.0600 -0.5095
vn 0.9622 0.0311 -0.2707
vn 0.9906 0.0382 -0.1310
vn 0.9832 0.0348 -0.1791
vn 0.9171 0.0402 -0.3967
vn 0.7984 0.0209 -0.6017
vn 0.9132 0.0152 -0.4072
vn 0.9653 0.0186 -0.2604
vn 0.8735 0.0150 -0.4866
vn 0.9670 0.0159 -0.2543
vn 0.9940 0.0162 -0.1085
vn 0.9686 0.0119 -0.2482
vn 0.8785 0.0180 -0.4774
vn 0.9713 0.0062 -0.2377
vn 0.9949 0.0017 -0.1012
vn 0.9756 -0.0004 -0.2196
vn 0.8934 0.0109 -0.4492
vn 0.9808 -0.0077 -0.1949
vn 0.9974 -0.0167 -0.0695
vn 0.9859 -0.0144 -0.1667
vn 0.9137 -0.0049 -0.4064
vn 0.9906 -0.0204 -0.1356
vn 0.9993 -0.0319 -0.0180
vn 0.9947 -0.0271 -0.0990
vn 0.9149 -0.0767 -0.3962
vn 0.9577 -0.2369 -0.1632
vn 0.9975 -0.0598 0.0380
vn 0.5175 0.0482 0.8544
vn 0.6387 0.0277 0.7690
vn 0.6942 0.0427 0.7185
vn 0.5529 0.0142 -0.8331
vn 0.7013 -0.0016 -0.7128
vn 0.6857 0.0086 -0.7278
vn 0.9311 -0.0845 0.3548
vn 0.9683 -0.0845 0.2349
vn 0.8763 -0.2722 0.3976
vn 0.7879 -0.1749 0.5904
vn 0.9349 -0.0755 0.3468
vn 0.9729 -0.0624 0.2226
vn 0.9301 -0.0817 0.3580
vn 0.8188 -0.1063 0.5641
vn 0.9476 -0.0484 0.3159
vn 0.9818 -0.0423 0.1849
vn 0.9418 -0.0637 0.3300
vn 0.8407 -0.0762 0.5361
vn 0.9501 -0.0132 0.3115
vn 0.9860 -0.0133 0.1660
vn 0.9505 -0.0307 0.3091
vn 0.8510 -0.0360 0.5239
vn 0.9422 0.0138 0.3347
vn 0.9843 0.0110 0.1764
vn 0.9472 0.0010 0.3207
vn 0.8428 -0.0039 0.5381
vn 0.7566 0.0455 0.6523
vn 0.8851 0.0576 0.4618
vn 0.9664 0.0425 0.2534
vn 0.8837 0.0298 0.4670
vn 0.9031 0.0533 0.4260
vn 0.9766 0.0337 0.2123
vn 0.9308 0.0331 0.3640
vn 0.8042 0.0422 0.5928
vn 0.9453 0.1972 0.2600
vn 0.7293 0.2042 0.6531
vn 0.5487 0.1755 -0.8174
vn 0.3894 0.3123 0.8665
vn 0.7962 0.1532 -0.5853
vn 0.9669 0.1873 -0.1733
vn 0.4886 0.7541 0.4389
vn 0.6775 0.0471 -0.7340
vn 0.6069 0.0617 0.7924
vn 0.9949 0.0904 0.0449
vn 0.9170 0.0804 -0.3907
vn 0.6331 0.2116 0.7446
vn 0.7181 0.0609 -0.6933
vn 0.8825 0.0973 0.4601
vn 0.9833 0.0587 -0.1725
vn 0.8066 0.0438 -0.5895
vn 0.5869 0.0109 -0.8096
vn 0.7595 0.0713 0.6465
vn 0.9650 0.0669 0.2536
vn 0.5321 0.0695 0.8438
vn 0.9473 0.0363 0.3183
vn 0.9272 0.0140 0.3742
vn 0.6526 0.0001 -0.7577
vn 0.6009 -0.0263 0.7989
vn 0.9991 0.0208 0.0367
vn 0.9107 0.0201 -0.4125
vn 0.4813 -0.1922 0.8552
vn 0.5809 -0.2385 -0.7783
vn 0.8844 0.0200 0.4663
vn 0.9673 0.0193 0.2529
vn 0.7596 0.0092 0.6503
vn 0.5484 -0.0108 -0.8362
vn 0.5037 0.0108 0.8638
vn 0.7956 -0.0036 -0.6058
vn 0.9821 0.0167 -0.1876
vn 0.6138 0.0214 0.7892
vn 0.9104 0.0052 -0.4136
vn 0.5966 0.0207 0.8023
vn 0.6820 0.0085 -0.7313
vn 0.8830 0.0154 0.4692
vn 0.6486 0.0084 -0.7611
vn 0.9989 0.0282 0.0385
vn 0.5082 0.0311 0.8607
vn 0.9671 0.0228 0.2535
vn 0.7570 0.0209 0.6531
vn 0.7187 0.6017 -0.3485
vn 0.5499 0.0068 -0.8352
vn 0.7957 0.0014 -0.6057
vn 0.9826 0.0171 -0.1850
vn 0.2903 -0.6443 0.7076
vn 0.8486 -0.0496 0.5267
vn 0.8885 0.0073 0.4588
vn 0.9312 -0.0191 -0.3641
vn 0.9303 -0.0010 -0.3668
vn 0.9266 0.0085 -0.3758
vn 0.9204 -0.0315 -0.3897
vn 0.4958 -0.7996 -0.3387
vn 0.1590 0.9286 -0.3352
vn 0.0488 0.9023 0.4283
vn 0.6288 0.7773 0.0202
vn 0.3710 -0.9268 0.0579
vn 0.7422 0.6702 -0.0074
vn 0.6475 0.0423 0.7609
vn 0.1633 -0.9022 -0.3992
vn 0.0509 -0.6712 0.7395
vn -0.0556 -0.7821 0.6207
vn -0.0369 -0.9519 0.3041
vn -0.0334 -0.9454 -0.3243
vn -0.0405 -0.8347 -0.5492
vn -0.0426 -0.5165 -0.8552
vn -0.0429 -0.2199 -0.9746
vn -0.0670 -0.2538 -0.9649
vn -0.1522 -0.9453 -0.2887
vn -0.2874 -0.9409 -0.1790
vn -0.6189 0.7849 -0.0280
vn -0.5061 0.8560 -0.1056
vn -0.3877 0.9178 -0.0861
vn -0.2630 0.9640 -0.0401
vn -0.1925 0.9793 0.0621
vn -0.1509 0.9819 0.1148
vn -0.1311 0.9666 0.2203
vn -0.1264 0.9414 0.3127
vn -0.2649 0.9608 -0.0822
vn -0.3053 0.9522 -0.0036
vn -0.3707 0.9287 0.0083
vn -0.4589 0.8884 0.0116
vn -0.5523 0.8335 -0.0159
vn -0.6490 0.7607 -0.0114
vn -0.7261 0.6864 0.0396
vn -0.7648 0.6402 0.0721
vn -0.7869 0.5982 0.1517
vn -0.8077 0.5691 0.1542
vn -0.8213 0.5508 0.1489
vn -0.8357 0.5303 0.1427
vn -0.8565 0.4988 0.1330
vn -0.8723 0.4713 0.1304
vn -0.8971 0.4053 0.1757
vn -0.9556 0.2693 0.1195
vn -0.7873 -0.0271 0.6160
vn -0.4590 -0.3530 0.8153
vn -0.2714 -0.6217 0.7347
vn -0.1835 -0.8248 0.5348
vn -0.1478 -0.9369 0.3168
vn -0.1534 -0.9745 0.1640
vn -0.2013 -0.9777 -0.0597
vn -0.1459 0.9328 -0.3294
vn -0.0488 0.9032 0.4265
vn -0.6288 0.7773 0.0202
vn -0.7422 0.6701 -0.0074
vn 0.6189 0.7850 -0.0280
vn 0.5061 0.8560 -0.1056
vn 0.3877 0.9178 -0.0861
vn 0.2630 0.9640 -0.0401
vn 0.1925 0.9793 0.0621
vn 0.1509 0.9819 0.1148
vn 0.1311 0.9666 0.2203
vn 0.1264 0.9414 0.3127
vn 0.2867 0.9536 -0.0918
vn 0.3103 0.9506 -0.0070
vn 0.3708 0.9287 0.0082
vn 0.4589 0.8884 0.0116
vn 0.5523 0.8335 -0.0159
vn 0.6490 0.7607 -0.0114
vn 0.7261 0.6864 0.0396
vn 0.7648 0.6402 0.0721
vn 0.7869 0.5982 0.1517
vn 0.8077 0.5691 0.1542
vn 0.8213 0.5507 0.1489
vn 0.8358 0.5303 0.1427
vn 0.8565 0.4988 0.1330
vn 0.8723 0.4713 0.1304
vn 0.8971 0.4054 0.1757
vn 0.9556 0.2693 0.1195
vn -0.0000 0.8973 0.4414
vn -0.0000 0.8878 0.4602
vn -0.0000 0.9276 0.3736
vn -0.0000 0.9594 0.2822
vn -0.0000 0.9589 0.2838
vn -0.0000 0.9587 0.2844
vn -0.0000 0.9591 0.2830
vn -0.0000 0.9793 0.2025
vn -0.0000 0.9936 0.1126
vn -0.0000 0.9988 0.0486
vn -0.0000 1.0000 -0.0081
vn -0.0000 0.9998 0.0185
vn -0.0000 0.9996 0.0279
vn 0.0005 0.9999 0.0115
vn 0.0048 0.9998 -0.0171
vn 0.0065 0.9906 -0.1368
vn -0.0000 0.9457 0.3250
vn -0.0000 0.9593 0.2824
vn -0.0000 0.9898 0.1423
vn -0.0000 0.9959 0.0904
vn -0.0000 0.9999 -0.0139
vn -0.0000 0.9961 -0.0881
vn -0.0000 0.9864 -0.1642
vn -0.0000 0.9909 -0.1344
vn -0.0000 0.9940 -0.1092
vn -0.1079 -0.3152 -0.9429
vn -0.1247 -0.1785 -0.9760
vn -0.0792 -0.1435 0.9865
vn -0.0112 -0.2612 0.9652
vn -0.0599 -0.0558 -0.9966
vn -0.0460 -0.0007 -0.9989
vn -0.0598 -0.0635 0.9962
vn -0.0664 -0.0753 0.9950
vn -0.0427 0.0183 -0.9989
vn -0.0420 0.0306 -0.9986
vn -0.0523 -0.0843 0.9951
vn -0.0563 -0.0711 0.9959
vn -0.0429 0.0313 -0.9986
vn -0.0437 0.0307 -0.9986
vn -0.0406 -0.1122 0.9929
vn -0.0470 -0.0997 0.9939
vn -0.0432 0.0142 -0.9990
vn -0.0372 -0.0350 -0.9987
vn -0.0177 -0.1961 0.9804
vn -0.0328 -0.1324 0.9906
vn 0.1120 -0.9600 0.2567
vn 0.0979 -0.7054 0.7020
vn -0.0188 -0.1369 -0.9904
vn 0.0255 -0.3361 -0.9415
vn 0.0552 -0.4624 0.8849
vn 0.0101 -0.3044 0.9525
vn -0.0182 -0.5991 0.8005
vn 0.1654 -0.6101 -0.7748
vn 0.0765 -0.6534 -0.7532
vn 0.1011 -0.9283 -0.3579
vn 0.1016 -0.3183 -0.9425
vn 0.1185 -0.1802 -0.9765
vn 0.0743 -0.1445 0.9867
vn 0.0101 -0.2620 0.9650
vn 0.0566 -0.0561 -0.9968
vn 0.0434 -0.0008 -0.9991
vn 0.0562 -0.0636 0.9964
vn 0.0624 -0.0756 0.9952
vn 0.0403 0.0183 -0.9990
vn 0.0397 0.0306 -0.9987
vn 0.0492 -0.0843 0.9952
vn 0.0530 -0.0712 0.9961
vn 0.0405 0.0313 -0.9987
vn 0.0413 0.0307 -0.9987
vn 0.0381 -0.1121 0.9930
vn 0.0442 -0.0997 0.9940
vn 0.0408 0.0142 -0.9991
vn 0.0351 -0.0351 -0.9988
vn 0.0165 -0.1962 0.9804
vn 0.0308 -0.1324 0.9907
vn -0.1058 -0.9604 0.2578
vn -0.0921 -0.7054 0.7028
vn 0.0177 -0.1371 -0.9904
vn -0.0241 -0.3365 -0.9414
vn -0.0519 -0.4625 0.8851
vn -0.0095 -0.3045 0.9525
vn 0.0181 -0.6031 0.7975
vn -0.1580 -0.6061 -0.7795
vn -0.0723 -0.6538 -0.7532
vn -0.0956 -0.9290 -0.3576
vn 0.0763 -0.8897 -0.4502
vn 0.0140 -0.6749 0.7378
vn 0.0176 -0.4945 -0.8690
vn 0.1165 -0.2109 -0.9705
vn -0.0591 -0.8567 0.5125
vn 0.0175 -0.5774 0.8163
vn 0.0708 -0.3647 0.9284
vn -0.0164 -0.5772 0.8164
vn 0.1957 -0.0162 -0.9805
vn 0.2261 -0.0991 -0.9691
vn -0.1753 -0.0723 -0.9819
vn -0.1228 -0.2105 -0.9698
vn 0.1273 -0.2394 0.9626
vn 0.1883 0.0126 -0.9820
vn -0.0186 -0.4945 -0.8690
vn 0.0749 -0.6253 0.7768
vn 0.1622 -0.3330 0.9289
vn 0.2078 -0.0564 0.9766
vn 0.2033 -0.0611 0.9772
vn -0.0749 -0.3643 0.9283
vn -0.2369 -0.0982 -0.9666
vn -0.2052 -0.0159 -0.9786
vn 0.2215 -0.0884 0.9711
vn -0.1343 -0.2390 0.9617
vn -0.1974 0.0127 -0.9802
vn 0.1331 -0.3701 -0.9194
vn -0.0010 -0.7833 -0.6217
vn -0.1690 -0.3273 0.9297
vn -0.0781 -0.6190 0.7815
vn -0.2133 -0.0607 0.9751
vn -0.2180 -0.0558 0.9744
vn 0.0009 -0.7838 -0.6210
vn -0.2324 -0.0872 0.9687
vn 0.1851 0.0264 -0.9824
vn -0.1377 -0.3660 -0.9204
vn 0.1849 0.0320 -0.9822
vn 0.1983 -0.0741 0.9773
vn 0.1912 -0.0911 0.9773
vn -0.1941 0.0265 -0.9806
vn -0.1939 0.0320 -0.9805
vn -0.2007 -0.0911 0.9754
vn -0.2080 -0.0739 0.9753
vn 0.1856 0.0316 -0.9821
vn 0.1865 0.0254 -0.9821
vn 0.2858 -0.2083 -0.9354
vn 0.1820 -0.1071 0.9774
vn 0.1722 -0.1211 0.9776
vn -0.1947 0.0315 -0.9803
vn -0.1957 0.0254 -0.9803
vn -0.2977 -0.2035 -0.9327
vn -0.1811 -0.1212 0.9760
vn -0.1913 -0.1071 0.9757
vn 0.0848 -0.8238 -0.5605
vn 0.1219 -0.9916 -0.0423
vn 0.1831 -0.0040 -0.9831
vn 0.1667 -0.0726 -0.9833
vn 0.2209 -0.1447 0.9645
vn -0.0894 -0.8238 -0.5598
vn 0.1568 -0.1577 0.9750
vn -0.1278 -0.9909 -0.0414
vn -0.1922 -0.0039 -0.9813
vn -0.2312 -0.1415 0.9625
vn 0.0561 -0.8568 0.5125
vn -0.1651 -0.1577 0.9736
vn -0.6634 0.3663 0.6525
vn -0.7409 0.3544 -0.5705
vn 0.6607 0.3743 0.6507
vn 0.7446 0.3500 -0.5685
vn -0.0579 0.9376 -0.3429
vn -0.2290 0.8484 0.4772
vn 0.0562 0.9384 -0.3410
vn 0.2338 0.8468 0.4777
vn -0.0718 0.8510 -0.5202
vn 0.4009 0.9136 -0.0681
vn 0.7239 0.5798 0.3739
vn 0.7731 0.4772 0.4178
vn -0.1495 0.8373 -0.5259
vn 0.7667 0.4751 0.4318
vn -0.1503 0.7720 -0.6176
vn -0.0079 0.8731 0.4875
vn 0.3701 0.9280 0.0439
vn 0.6501 0.6575 -0.3808
vn 0.7065 0.5572 -0.4364
vn -0.0970 0.7754 0.6240
vn 0.6657 0.6341 -0.3933
vn -0.1116 0.8217 0.5589
vn 0.1123 0.8216 0.5589
vn 0.0720 0.8511 -0.5201
vn -0.4014 0.9133 -0.0690
vn -0.7250 0.5792 0.3726
vn -0.7747 0.4755 0.4168
vn 0.1501 0.8371 -0.5261
vn 0.1508 0.7717 -0.6178
vn 0.0080 0.8731 0.4875
vn -0.3706 0.9277 0.0446
vn -0.6512 0.6569 -0.3800
vn -0.7087 0.5544 -0.4364
vn 0.0974 0.7751 0.6243
vn -0.6774 0.6186 -0.3980
vn -0.7684 0.4729 0.4312
vn -0.1445 0.9253 -0.3506
vn -0.2145 0.8529 0.4759
vn 0.1324 0.9273 -0.3502
vn 0.2168 0.8517 0.4771
vn -0.2961 0.9548 -0.0241
vn -0.1022 0.8657 -0.4900
vn -0.3658 0.8774 -0.3105
vn -0.6021 0.7777 0.1805
vn 0.2528 0.7818 0.5699
vn 0.3515 0.9361 -0.0110
vn -0.4415 0.6899 0.5737
vn -0.0140 0.6379 0.7700
vn 0.5085 0.6092 0.6085
vn 0.6989 0.5927 0.4002
vn 0.3831 0.4592 0.8015
vn 0.7519 0.4803 0.4516
vn -0.0280 0.5240 0.8512
vn -0.6222 0.7368 -0.2646
vn -0.1894 0.8585 -0.4765
vn 0.7279 0.4970 0.4723
vn -0.1901 0.7800 -0.5962
vn -0.7185 0.6805 0.1437
vn -0.3237 0.8791 0.3498
vn -0.0391 0.8855 0.4630
vn -0.2770 0.9600 0.0411
vn -0.6215 0.7773 -0.0973
vn 0.3264 0.9452 -0.0083
vn 0.1382 0.8428 -0.5201
vn -0.5268 0.6910 -0.4949
vn 0.6226 0.6700 -0.4042
vn 0.3781 0.6976 -0.6086
vn -0.2282 0.6845 -0.6924
vn 0.6743 0.5776 -0.4602
vn 0.2128 0.5620 -0.7993
vn -0.2797 0.5499 -0.7870
vn -0.6041 0.7128 0.3564
vn -0.1374 0.7808 0.6095
vn -0.7421 0.6693 -0.0353
vn 0.6123 0.6685 -0.4221
vn -0.1534 0.8382 0.5233
vn 0.6091 0.7081 0.3570
vn 0.1564 0.8374 0.5237
vn 0.3662 0.8773 -0.3102
vn 0.1024 0.8658 -0.4898
vn 0.2962 0.9548 -0.0239
vn 0.6022 0.7776 0.1805
vn -0.3521 0.9359 -0.0115
vn -0.2534 0.7818 0.5697
vn 0.4413 0.6901 0.5736
vn -0.7000 0.5922 0.3991
vn -0.5095 0.6090 0.6078
vn 0.0133 0.6382 0.7698
vn -0.7537 0.4785 0.4506
vn -0.3871 0.4621 0.7979
vn 0.0248 0.5269 0.8496
vn 0.1867 0.8579 -0.4786
vn 0.6225 0.7351 -0.2686
vn 0.1902 0.7798 -0.5964
vn 0.7195 0.6797 0.1424
vn 0.2771 0.9600 0.0410
vn 0.0391 0.8855 0.4630
vn 0.3243 0.8790 0.3497
vn 0.6220 0.7769 -0.0978
vn -0.1387 0.8428 -0.5201
vn -0.3270 0.9450 -0.0079
vn 0.5270 0.6908 -0.4950
vn -0.3793 0.6979 -0.6075
vn -0.6236 0.6695 -0.4035
vn 0.2276 0.6850 -0.6921
vn -0.2164 0.5789 -0.7862
vn -0.6770 0.5750 -0.4594
vn 0.2769 0.5597 -0.7810
vn 0.1384 0.7804 0.6098
vn 0.7445 0.6666 -0.0361
vn -0.6253 0.6571 -0.4210
vn -0.7291 0.4962 0.4713
vn -0.8243 0.4313 0.3668
vn -0.1190 0.9925 0.0269
vn -0.1698 0.7487 -0.6408
vn -0.8749 0.4093 -0.2589
vn -0.1226 0.7356 0.6663
vn -0.3750 0.3405 0.8622
vn 0.7905 0.4360 0.4301
vn 0.5600 0.6867 0.4635
vn -0.0002 0.8820 0.4712
vn -0.5793 0.3174 -0.7508
vn 0.4053 0.8416 -0.3570
vn 0.7064 0.5660 -0.4251
vn -0.0005 0.9360 -0.3520
vn 0.8251 0.4346 0.3609
vn 0.1702 0.7480 -0.6415
vn 0.1194 0.9925 0.0265
vn 0.8778 0.4020 -0.2606
vn 0.1235 0.7349 0.6669
vn 0.3689 0.3497 0.8611
vn -0.5574 0.6890 0.4633
vn -0.7928 0.4328 0.4292
vn 0.5879 0.3281 -0.7394
vn -0.7117 0.5582 -0.4265
vn -0.4212 0.8315 -0.3622
vn 0.0422 0.9093 -0.4139
vn 0.6672 0.6855 0.2915
vn -0.6805 0.5656 0.4658
vn -0.4073 0.5111 0.7569
vn 0.7471 0.5285 0.4031
vn -0.1184 0.8150 -0.5673
vn 0.5901 0.7535 -0.2900
vn 0.0986 0.9270 0.3619
vn -0.5680 0.5035 -0.6511
vn -0.7419 0.5481 -0.3863
vn 0.6805 0.5996 -0.4213
vn -0.0580 0.8321 0.5516
vn -0.6682 0.6850 0.2904
vn -0.0422 0.9093 -0.4140
vn 0.4051 0.5137 0.7563
vn 0.6800 0.5674 0.4644
vn -0.7484 0.5276 0.4019
vn 0.1186 0.8150 -0.5671
vn -0.0988 0.9269 0.3621
vn -0.5911 0.7530 -0.2892
vn 0.7431 0.5459 -0.3870
vn 0.5694 0.5040 -0.6494
vn -0.6818 0.5985 -0.4206
vn 0.0582 0.8321 0.5516
vn -0.4541 0.4208 0.7853
vn -0.7323 0.1902 0.6538
vn -0.7401 0.4885 0.4622
vn -0.3597 0.7701 0.5268
vn -0.7989 0.4670 -0.3790
vn -0.7870 0.1985 -0.5841
vn -0.5484 0.4332 -0.7153
vn -0.5053 0.7077 -0.4938
vn 0.4686 0.3992 0.7881
vn 0.4142 0.7228 0.5531
vn 0.7554 0.4696 0.4570
vn 0.7307 0.2037 0.6516
vn 0.8087 0.4478 -0.3814
vn 0.5147 0.7025 -0.4916
vn 0.5734 0.4270 -0.6992
vn 0.7945 0.1888 -0.5772
vn 0.1723 0.6013 -0.7802
vn 0.0116 0.9269 -0.3752
vn -0.0039 0.9233 -0.3842
vn 0.0169 0.7250 -0.6886
vn -0.0011 0.9019 0.4320
vn -0.0404 0.9092 0.4145
vn 0.0731 0.5559 0.8280
vn -0.0240 0.6803 0.7325
vn -0.0097 0.9329 -0.3600
vn -0.1638 0.6026 -0.7810
vn -0.0338 0.7204 -0.6927
vn -0.0749 0.5621 0.8237
vn 0.0390 0.9071 0.4190
vn 0.0170 0.6789 0.7341
vn -0.8175 0.5733 0.0555
vn -0.5334 0.8213 0.2024
vn -0.9073 0.2988 0.2960
vn -0.9412 0.2837 -0.1836
vn -0.5873 0.7992 -0.1281
vn -0.0451 0.7458 0.6646
vn -0.3965 0.2005 0.8959
vn -0.2381 0.7104 -0.6624
vn -0.4827 0.2192 -0.8479
vn 0.5708 0.7948 0.2062
vn 0.8296 0.5564 0.0474
vn 0.9089 0.3064 0.2828
vn 0.6047 0.7857 -0.1302
vn 0.9449 0.2691 -0.1865
vn 0.0665 0.7228 0.6878
vn 0.3889 0.2133 0.8963
vn 0.2670 0.7028 -0.6594
vn 0.5203 0.2223 -0.8246
vn -0.8307 0.2655 0.4893
vn -0.5671 0.2095 0.7966
vn -0.2019 0.2703 0.9414
vn -0.6216 0.6592 0.4231
vn -0.3191 0.6331 0.7052
vn -0.0292 0.7806 0.6243
vn -0.8811 0.2504 -0.4013
vn -0.6636 0.2189 -0.7153
vn -0.5210 0.4833 -0.7036
vn -0.7315 0.5739 -0.3682
vn -0.3489 0.2730 -0.8965
vn -0.1994 0.7340 -0.6492
vn -0.9274 0.3694 -0.0592
vn -0.7820 0.6215 0.0470
vn -0.9022 0.3895 0.1855
vn 0.8311 0.2769 0.4822
vn 0.5611 0.2242 0.7968
vn 0.3620 0.5763 0.7327
vn 0.6694 0.6023 0.4350
vn 0.1943 0.2821 0.9395
vn 0.0392 0.7695 0.6374
vn 0.8838 0.2396 -0.4018
vn 0.6790 0.2181 -0.7010
vn 0.3717 0.2963 -0.8798
vn 0.7330 0.5724 -0.3675
vn 0.5449 0.4765 -0.6900
vn 0.2250 0.7170 -0.6598
vn 0.9311 0.3598 -0.0600
vn 0.7958 0.6038 0.0455
vn 0.9029 0.3922 0.1757
vn -0.7259 0.6845 0.0673
vn 0.2536 0.6053 0.7545
vn -0.0005 0.8902 0.4556
vn 0.0002 0.9476 0.3195
vn 0.1616 0.7137 -0.6815
vn -0.0035 0.9360 -0.3521
vn 0.0037 0.9768 -0.2142
vn 0.7251 0.6854 0.0670
vn -0.2553 0.6082 0.7516
vn -0.1701 0.7089 -0.6845
vn -0.6477 0.0423 0.7607
vn -0.1650 -0.8996 -0.4044
vn 0.7870 -0.0271 0.6164
vn 0.4588 -0.3530 0.8154
vn 0.2713 -0.6217 0.7348
vn 0.1834 -0.8249 0.5348
vn 0.1477 -0.9369 0.3168
vn 0.1533 -0.9745 0.1640
vn 0.2013 -0.9777 -0.0595
vn -0.0755 -0.8860 -0.4575
vn -0.0000 -0.9091 -0.4166
vn 0.0004 -0.9807 -0.1953
vn -0.0000 -0.9980 0.0630
vn -0.0000 -0.9683 0.2500
vn -0.0000 -0.9068 0.4215
vn -0.0000 -0.7403 0.6723
vn -0.0000 -0.5356 0.8445
vn -0.0001 -0.2350 0.9720
vn -0.0002 0.0651 0.9979
vn -0.3710 -0.9268 0.0579
vn -0.0508 -0.6695 0.7410
vn 0.0556 -0.7822 0.6206
vn 0.0368 -0.9519 0.3041
vn 0.0334 -0.9454 -0.3243
vn 0.0405 -0.8347 -0.5492
vn 0.0426 -0.5165 -0.8552
vn 0.0429 -0.2199 -0.9746
vn 0.0670 -0.2538 -0.9649
vn 0.1522 -0.9453 -0.2887
vn 0.2874 -0.9409 -0.1790
vn -0.0153 -0.6733 0.7392
vn -0.0000 -0.6754 0.7375
vn -0.0000 -0.9822 -0.1880
vn -0.0000 -0.9711 -0.2385
vn -0.0000 -0.6986 -0.7155
vn -0.0000 -0.1363 -0.9907
vn -0.0000 -0.3574 -0.9340
vn -0.0000 -0.7044 -0.7098
vn -0.0000 -0.8916 -0.4527
vn -0.0000 -0.9990 -0.0440
vn -0.0000 -0.8499 0.5270
vn 0.0001 -0.7253 0.6884
vn -0.9987 -0.0179 -0.0476
vn -0.9988 -0.0009 -0.0483
vn -0.9996 -0.0233 -0.0170
vn -0.9994 -0.0158 -0.0307
vn -0.9993 -0.0367 0.0039
vn -0.9993 -0.0152 -0.0331
vn -0.9995 -0.0126 -0.0304
vn -0.9994 -0.0009 -0.0360
vn -0.9995 -0.0305 -0.0029
vn -0.9992 -0.0009 -0.0395
vn -0.9984 -0.0376 0.0420
vn -0.9992 -0.0154 -0.0358
vn -0.9992 -0.0001 -0.0387
vn -0.9976 -0.0485 0.0491
vn -0.9995 -0.0098 -0.0290
vn -0.9981 -0.0575 0.0206
vn -0.9995 -0.0091 -0.0312
vn -0.9986 -0.0511 -0.0157
vn -0.9993 -0.0075 -0.0357
vn -0.9992 -0.0030 -0.0400
vn -0.9993 -0.0004 -0.0387
vn -0.9990 -0.0012 -0.0447
vn -0.9989 0.0012 -0.0459
vn -0.9991 0.0006 -0.0429
vn -0.9993 -0.0036 -0.0385
vn -0.9989 -0.0261 -0.0393
vn -0.9992 -0.0382 0.0121
vn -0.8933 -0.4275 0.1392
vn -0.8869 -0.4621 0.0002
vn -0.8616 -0.4995 0.0906
vn -0.9295 -0.3066 0.2051
vn -0.9542 -0.1931 0.2285
vn -0.9754 -0.0818 0.2049
vn -0.9923 -0.0208 0.1225
vn -0.9990 -0.0358 0.0270
vn -0.9973 -0.0318 0.0659
vn -0.9996 -0.0124 0.0242
vn -0.9975 -0.0423 0.0572
vn -0.9996 -0.0252 -0.0097
vn -0.9970 -0.0486 -0.0595
vn -0.9963 -0.0032 -0.0855
vn -0.9954 -0.0349 -0.0891
vn -0.9970 0.0258 -0.0736
vn -0.9949 0.0943 -0.0371
vn -0.9876 0.1496 -0.0479
vn -0.9913 0.1260 -0.0372
vn -0.9969 0.0673 -0.0399
vn -0.9980 0.0466 -0.0419
vn -0.9987 0.0317 -0.0402
vn -0.9990 0.0238 -0.0373
vn -0.9990 0.0143 -0.0418
vn -0.9993 0.0149 -0.0331
vn -0.9989 0.0168 -0.0447
vn -0.9993 0.0178 -0.0325
vn -0.9992 0.0197 -0.0344
vn -0.9977 -0.0252 0.0629
vn -0.9993 -0.0183 -0.0337
vn -0.9990 -0.0343 0.0293
vn -0.9992 -0.0016 -0.0392
vn -0.9994 -0.0150 -0.0312
vn -0.9993 -0.0368 0.0086
vn -0.9975 -0.0454 0.0548
vn -0.9993 0.0159 -0.0328
vn -0.9994 0.0132 -0.0335
vn -0.9969 -0.0120 0.0775
vn -0.9993 -0.0148 -0.0338
vn -0.9994 -0.0338 0.0010
vn -0.9996 -0.0287 0.0023
vn -0.9992 -0.0013 -0.0388
vn -0.9993 -0.0141 -0.0335
vn -0.9981 -0.0156 0.0600
vn -0.9993 0.0127 -0.0363
vn -0.9991 0.0153 -0.0388
vn -0.9993 -0.0259 0.0273
vn -0.9996 -0.0267 -0.0059
vn -0.9993 -0.0003 -0.0362
vn -0.9994 -0.0123 -0.0329
vn -0.9487 0.2759 0.1543
vn -0.9957 -0.0000 0.0929
vn -0.7894 -0.5278 0.3134
vn -0.9946 -0.0003 0.1039
vn -0.9796 0.1747 0.0997
vn -0.9670 0.2260 0.1174
vn -0.9945 -0.0005 0.1043
vn -0.7582 -0.6107 -0.2283
vn -0.9945 -0.0006 0.1049
vn -0.9556 0.2633 0.1325
vn -0.9884 0.1195 0.0936
vn -0.9946 -0.0002 0.1034
vn -0.9927 0.0750 0.0940
vn -0.9944 -0.0010 0.1057
vn -0.9866 0.0362 0.1593
vn -0.9873 -0.0133 0.1586
vn -0.8137 -0.4557 -0.3609
vn -0.7548 -0.6556 0.0210
vn -0.8146 -0.2461 -0.5252
vn -0.8255 -0.1026 -0.5550
vn -0.9540 -0.2536 0.1600
vn -0.9883 -0.0318 0.1493
vn -0.9913 -0.0092 0.1314
vn -0.9903 0.0348 0.1345
vn -0.9409 -0.3050 0.1473
vn -0.9651 -0.1490 0.2155
vn -0.9942 -0.0040 0.1079
vn -0.9947 -0.0014 0.1024
vn -0.9949 -0.0019 0.1005
vn -0.9959 -0.0031 0.0907
vn -0.9956 -0.0027 0.0935
vn -0.9946 -0.0018 0.1038
vn -0.9946 -0.0015 0.1034
vn -0.9947 -0.0013 0.1027
vn -0.9943 -0.0028 0.1065
vn -0.9812 -0.0557 0.1846
vn -0.9806 -0.0770 0.1802
vn -0.9846 -0.0411 0.1701
vn -0.9197 -0.3363 -0.2024
vn -0.9905 0.0523 0.1268
vn -0.9916 -0.0075 0.1288
vn -0.9894 -0.0195 0.1441
vn -0.9872 0.0422 -0.1538
vn -0.8285 0.0953 -0.5519
vn -0.8756 0.0134 -0.4828
vn -0.9927 0.0293 -0.1173
vn -0.9830 0.0232 -0.1824
vn -0.7965 0.0088 -0.6046
vn -0.9937 0.0196 -0.1101
vn -0.8767 0.0090 -0.4810
vn -0.8784 0.0171 -0.4776
vn -0.9941 0.0129 -0.1073
vn -0.9945 0.0059 -0.1042
vn -0.8806 0.0182 -0.4735
vn -0.8851 0.0168 -0.4651
vn -0.9953 -0.0028 -0.0964
vn -0.9967 -0.0120 -0.0803
vn -0.8926 0.0131 -0.4506
vn -0.9025 0.0078 -0.4307
vn -0.9981 -0.0211 -0.0576
vn -0.9991 -0.0290 -0.0316
vn -0.9128 0.0004 -0.4084
vn -0.9220 -0.0122 -0.3871
vn -0.9994 -0.0344 -0.0040
vn -0.9989 -0.0392 0.0256
vn -0.9268 -0.0363 -0.3737
vn -0.8618 -0.2353 -0.4493
vn -0.9748 -0.2232 0.0005
vn -0.5262 0.0588 0.8483
vn -0.4663 -0.0804 0.8809
vn -0.9615 0.0988 0.2563
vn -0.7547 0.1062 0.6474
vn -0.5493 0.0098 -0.8356
vn -0.8088 -0.1385 0.5715
vn -0.9697 -0.0663 0.2353
vn -0.9370 -0.2402 0.2535
vn -0.7316 -0.3024 0.6110
vn -0.8292 -0.0982 0.5502
vn -0.9752 -0.0592 0.2135
vn -0.9711 -0.0643 0.2298
vn -0.8189 -0.1140 0.5626
vn -0.8493 -0.0664 0.5237
vn -0.9835 -0.0356 0.1772
vn -0.9798 -0.0486 0.1938
vn -0.8402 -0.0840 0.5358
vn -0.8543 -0.0257 0.5191
vn -0.9860 -0.0063 0.1667
vn -0.9857 -0.0208 0.1675
vn -0.8544 -0.0459 0.5175
vn -0.8427 0.0027 0.5384
vn -0.9833 0.0166 0.1814
vn -0.9850 0.0057 0.1723
vn -0.8500 -0.0099 0.5266
vn -0.7564 0.0306 0.6534
vn -0.9669 0.0300 0.2535
vn -0.7819 0.0543 0.6211
vn -0.9727 0.0347 0.2293
vn -0.9798 0.0286 0.1979
vn -0.8263 0.0232 0.5628
vn -0.5632 0.0703 -0.8233
vn -0.8043 0.0710 -0.5900
vn -0.9814 0.0868 -0.1714
vn -0.9834 0.0466 -0.1755
vn -0.8016 0.0332 -0.5969
vn -0.5620 0.0198 -0.8269
vn -0.7580 0.0597 0.6495
vn -0.9658 0.0549 0.2533
vn -0.4967 0.1373 0.8570
vn -0.8838 0.2753 0.3782
vn -0.9407 0.0172 0.3387
vn -0.9678 0.0225 0.2507
vn -0.7576 0.0070 0.6527
vn -0.4908 -0.1242 -0.8624
vn -0.5068 0.0277 0.8616
vn -0.7926 0.0021 -0.6097
vn -0.9824 0.0225 -0.1855
vn -0.5115 0.0373 0.8585
vn -0.9671 0.0199 0.2534
vn -0.7583 0.0142 0.6518
vn -0.5516 0.0054 -0.8341
vn -0.7957 -0.0021 -0.6057
vn -0.9823 0.0157 -0.1868
vn -0.6602 -0.3456 0.6669
vn -0.8727 0.0054 0.4882
vn -0.9087 0.0101 0.4174
vn -0.9207 0.1421 -0.3634
vn -0.9303 -0.0055 -0.3666
vn -0.9291 0.0057 -0.3698
vn -0.9245 0.0085 -0.3810
vn -0.8328 -0.3504 -0.4285
vn 0.9987 -0.0179 -0.0476
vn 0.9988 -0.0009 -0.0483
vn 0.9996 -0.0233 -0.0170
vn 0.9994 -0.0158 -0.0307
vn 0.9993 -0.0367 0.0039
vn 0.9993 -0.0152 -0.0331
vn 0.9995 -0.0126 -0.0304
vn 0.9994 -0.0009 -0.0360
vn 0.9995 -0.0305 -0.0029
vn 0.9992 -0.0009 -0.0395
vn 0.9984 -0.0376 0.0420
vn 0.9992 -0.0154 -0.0358
vn 0.9991 -0.0000 -0.0423
vn 0.9976 -0.0486 0.0492
vn 0.9995 -0.0109 -0.0307
vn 0.9986 0.0045 -0.0520
vn 0.9979 -0.0601 0.0225
vn 0.9992 -0.0175 -0.0357
vn 0.9990 0.0129 -0.0424
vn 0.9983 -0.0575 -0.0109
vn 0.9994 -0.0217 -0.0279
vn 0.9993 0.0009 -0.0369
vn 0.9992 -0.0036 -0.0396
vn 0.9993 -0.0015 -0.0365
vn 0.9989 -0.0039 -0.0461
vn 0.9989 0.0012 -0.0459
vn 0.9991 0.0006 -0.0429
vn 0.9995 -0.0124 -0.0276
vn 0.9989 -0.0308 -0.0364
vn 0.9994 0.0094 -0.0321
vn 0.9992 -0.0382 0.0121
vn 0.8932 -0.4276 0.1392
vn 0.8868 -0.4622 0.0002
vn 0.8615 -0.4995 0.0906
vn 0.9294 -0.3067 0.2052
vn 0.9541 -0.1932 0.2286
vn 0.9753 -0.0818 0.2050
vn 0.9922 -0.0207 0.1226
vn 0.9990 -0.0358 0.0270
vn 0.9973 -0.0318 0.0659
vn 0.9996 -0.0124 0.0242
vn 0.9975 -0.0423 0.0572
vn 0.9996 -0.0252 -0.0097
vn 0.9970 -0.0486 -0.0595
vn 0.9963 -0.0032 -0.0855
vn 0.9954 -0.0349 -0.0891
vn 0.9970 0.0258 -0.0736
vn 0.9945 0.0980 -0.0363
vn 0.9896 0.1293 -0.0626
vn 0.9914 0.1247 -0.0387
vn 0.9965 0.0731 -0.0405
vn 0.9978 0.0496 -0.0438
vn 0.9987 0.0320 -0.0408
vn 0.9990 0.0238 -0.0373
vn 0.9990 0.0143 -0.0418
vn 0.9993 0.0149 -0.0331
vn 0.9989 0.0168 -0.0447
vn 0.9993 0.0178 -0.0325
vn 0.9992 0.0197 -0.0344
vn 0.9977 -0.0251 0.0630
vn 0.9993 -0.0183 -0.0337
vn 0.9990 -0.0343 0.0293
vn 0.9992 -0.0016 -0.0392
vn 0.9994 -0.0150 -0.0312
vn 0.9993 -0.0368 0.0086
vn 0.9975 -0.0454 0.0548
vn 0.9993 0.0159 -0.0328
vn 0.9994 0.0132 -0.0335
vn 0.9969 -0.0120 0.0775
vn 0.9993 -0.0148 -0.0338
vn 0.9994 -0.0338 0.0010
vn 0.9996 -0.0287 0.0023
vn 0.9992 -0.0013 -0.0388
vn 0.9993 -0.0141 -0.0335
vn 0.9981 -0.0156 0.0600
vn 0.9993 0.0127 -0.0363
vn 0.9991 0.0153 -0.0388
vn 0.9993 -0.0259 0.0273
vn 0.9996 -0.0267 -0.0059
vn 0.9993 -0.0003 -0.0362
vn 0.9994 -0.0123 -0.0329
vn 0.9487 0.2759 0.1543
vn 0.9957 -0.0000 0.0929
vn 0.7894 -0.5278 0.3134
vn 0.9946 -0.0003 0.1039
vn 0.9796 0.1747 0.0997
vn 0.9670 0.2260 0.1174
vn 0.9945 -0.0005 0.1043
vn 0.7582 -0.6107 -0.2283
vn 0.9945 -0.0006 0.1049
vn 0.9556 0.2633 0.1325
vn 0.9884 0.1195 0.0936
vn 0.9946 -0.0002 0.1034
vn 0.9927 0.0750 0.0940
vn 0.9944 -0.0010 0.1057
vn 0.9866 0.0362 0.1593
vn 0.9873 -0.0133 0.1586
vn 0.8137 -0.4557 -0.3609
vn 0.7548 -0.6556 0.0210
vn 0.8146 -0.2461 -0.5252
vn 0.8255 -0.1026 -0.5550
vn 0.9540 -0.2536 0.1600
vn 0.9883 -0.0318 0.1493
vn 0.9913 -0.0092 0.1314
vn 0.9903 0.0348 0.1345
vn 0.9409 -0.3050 0.1473
vn 0.9651 -0.1490 0.2155
vn 0.9942 -0.0040 0.1079
vn 0.9947 -0.0014 0.1024
vn 0.9949 -0.0019 0.1004
vn 0.9959 -0.0031 0.0907
vn 0.9956 -0.0027 0.0935
vn 0.9946 -0.0018 0.1038
vn 0.9946 -0.0015 0.1034
vn 0.9947 -0.0013 0.1027
vn 0.9943 -0.0028 0.1065
vn 0.9812 -0.0557 0.1846
vn 0.9806 -0.0770 0.1802
vn 0.9846 -0.0411 0.1701
vn 0.9197 -0.3363 -0.2024
vn 0.9905 0.0523 0.1268
vn 0.9916 -0.0075 0.1288
vn 0.9894 -0.0195 0.1441
vn 0.9872 0.0422 -0.1538
vn 0.8259 0.0921 -0.5563
vn 0.8721 0.0121 -0.4891
vn 0.9927 0.0293 -0.1173
vn 0.9830 0.0232 -0.1824
vn 0.7965 0.0088 -0.6046
vn 0.9937 0.0196 -0.1101
vn 0.8728 0.0085 -0.4879
vn 0.8745 0.0170 -0.4847
vn 0.9941 0.0129 -0.1073
vn 0.9945 0.0059 -0.1042
vn 0.8767 0.0183 -0.4808
vn 0.8811 0.0170 -0.4726
vn 0.9953 -0.0028 -0.0964
vn 0.9967 -0.0120 -0.0803
vn 0.8887 0.0133 -0.4584
vn 0.8985 0.0080 -0.4389
vn 0.9981 -0.0211 -0.0576
vn 0.9991 -0.0290 -0.0316
vn 0.9089 0.0006 -0.4171
vn 0.9180 -0.0124 -0.3964
vn 0.9994 -0.0344 -0.0040
vn 0.9989 -0.0392 0.0256
vn 0.9225 -0.0374 -0.3843
vn 0.8539 -0.2424 -0.4606
vn 0.9726 -0.2325 -0.0025
vn 0.5262 0.0588 0.8483
vn 0.4655 -0.0850 0.8810
vn 0.9623 0.0943 0.2552
vn 0.7568 0.0976 0.6464
vn 0.5493 0.0098 -0.8356
vn 0.8029 -0.1408 0.5793
vn 0.9697 -0.0663 0.2353
vn 0.9344 -0.2493 0.2546
vn 0.7229 -0.3094 0.6178
vn 0.8245 -0.0988 0.5572
vn 0.9752 -0.0592 0.2135
vn 0.9711 -0.0643 0.2298
vn 0.8137 -0.1151 0.5697
vn 0.8450 -0.0669 0.5305
vn 0.9835 -0.0356 0.1772
vn 0.9798 -0.0486 0.1938
vn 0.8357 -0.0845 0.5426
vn 0.8504 -0.0262 0.5256
vn 0.9860 -0.0063 0.1667
vn 0.9857 -0.0208 0.1675
vn 0.8504 -0.0464 0.5241
vn 0.8388 0.0021 0.5444
vn 0.9833 0.0166 0.1814
vn 0.9850 0.0057 0.1723
vn 0.8461 -0.0104 0.5329
vn 0.7564 0.0306 0.6534
vn 0.9669 0.0300 0.2535
vn 0.7791 0.0521 0.6247
vn 0.9727 0.0347 0.2293
vn 0.9798 0.0286 0.1979
vn 0.8226 0.0220 0.5681
vn 0.5918 0.0393 -0.8051
vn 0.8085 0.0673 -0.5847
vn 0.9814 0.0866 -0.1716
vn 0.9834 0.0466 -0.1755
vn 0.8021 0.0327 -0.5963
vn 0.5653 0.0148 -0.8248
vn 0.7580 0.0597 0.6495
vn 0.9658 0.0549 0.2533
vn 0.4986 0.1307 0.8569
vn 0.8839 0.2740 0.3790
vn 0.9407 0.0172 0.3387
vn 0.9678 0.0225 0.2507
vn 0.7570 0.0053 0.6534
vn 0.4892 -0.1286 -0.8626
vn 0.5068 0.0277 0.8616
vn 0.7920 0.0002 -0.6106
vn 0.9824 0.0225 -0.1855
vn 0.5115 0.0373 0.8585
vn 0.9671 0.0199 0.2534
vn 0.7583 0.0142 0.6518
vn 0.5516 0.0054 -0.8341
vn 0.7957 -0.0021 -0.6057
vn 0.9823 0.0157 -0.1868
vn 0.6600 -0.3485 0.6655
vn 0.8727 0.0054 0.4882
vn 0.9087 0.0101 0.4174
vn 0.9255 0.0928 -0.3673
vn 0.9301 -0.0123 -0.3672
vn 0.9291 0.0057 -0.3698
vn 0.9245 0.0085 -0.3810
vn 0.8321 -0.3541 -0.4269
vn -0.0000 0.9372 0.3487
vn -0.0000 -0.9568 0.2906
vn -0.0000 0.8146 -0.5801
vn -0.0002 -0.0707 0.9975
vn -0.0588 -0.7216 0.6899
vn -0.0450 -0.8533 0.5195
vn -0.0336 -0.9984 -0.0448
vn -0.0363 -0.8921 -0.4504
vn -0.0429 -0.7048 -0.7081
vn -0.0427 -0.3574 -0.9330
vn -0.0455 -0.1371 -0.9895
vn -0.1197 -0.7086 -0.6954
vn -0.2029 -0.9587 -0.1996
vn -0.4070 -0.9059 -0.1167
vn -0.7099 0.7041 -0.0178
vn -0.5548 0.8296 -0.0622
vn -0.4531 0.8843 -0.1130
vn -0.3195 0.9457 -0.0596
vn -0.2228 0.9749 0.0025
vn -0.1685 0.9807 0.0995
vn -0.1390 0.9790 0.1490
vn -0.1277 0.9502 0.2841
vn -0.0980 0.9295 0.3555
vn -0.2180 0.9573 -0.1900
vn -0.2840 0.9585 -0.0237
vn -0.3343 0.9425 0.0018
vn -0.4130 0.9107 0.0135
vn -0.5058 0.8627 0.0008
vn -0.6003 0.7994 -0.0244
vn -0.6924 0.7214 0.0150
vn -0.7492 0.6599 0.0569
vn -0.7820 0.6132 0.1117
vn -0.7966 0.5836 0.1573
vn -0.8157 0.5583 0.1512
vn -0.8273 0.5424 0.1463
vn -0.8464 0.5144 0.1379
vn -0.8637 0.4876 0.1276
vn -0.8838 0.4416 0.1548
vn -0.9230 0.3499 0.1604
vn -0.9828 0.1733 0.0639
vn -0.9084 0.0282 0.4171
vn -0.6160 -0.1762 0.7678
vn -0.3470 -0.5040 0.7909
vn -0.2196 -0.7257 0.6521
vn -0.1604 -0.8972 0.4114
vn -0.1442 -0.9589 0.2443
vn -0.1761 -0.9825 0.0608
vn -0.2041 -0.9511 -0.2320
vn 0.9828 0.1733 0.0639
vn 0.9230 0.3499 0.1604
vn 0.8838 0.4416 0.1548
vn 0.8637 0.4876 0.1276
vn 0.8464 0.5144 0.1379
vn 0.8273 0.5424 0.1463
vn 0.8157 0.5583 0.1512
vn 0.7966 0.5836 0.1573
vn 0.7820 0.6132 0.1117
vn 0.7492 0.6599 0.0569
vn 0.6924 0.7214 0.0150
vn 0.6003 0.7994 -0.0244
vn 0.5058 0.8627 0.0008
vn 0.4130 0.9107 0.0135
vn 0.3354 0.9421 0.0008
vn 0.2971 0.9543 -0.0310
vn 0.2392 0.9505 -0.1985
vn 0.0979 0.9294 0.3559
vn 0.1277 0.9502 0.2841
vn 0.1390 0.9790 0.1490
vn 0.1685 0.9807 0.0995
vn 0.2228 0.9749 0.0025
vn 0.3195 0.9457 -0.0596
vn 0.4531 0.8843 -0.1130
vn 0.5548 0.8297 -0.0622
vn 0.7099 0.7041 -0.0178
vn 0.0659 -0.3261 -0.9430
vn -0.0056 -0.7232 0.6906
vn 0.0248 -0.4527 0.8913
vn 0.2049 -0.0490 -0.9775
vn -0.1559 -0.1294 -0.9793
vn 0.1038 -0.2957 0.9496
vn 0.1911 0.0021 -0.9816
vn -0.0698 -0.3258 -0.9429
vn 0.1185 -0.5130 0.8502
vn 0.2054 -0.0571 0.9770
vn -0.0263 -0.4525 0.8914
vn -0.2149 -0.0485 -0.9754
vn 0.2126 -0.0651 0.9750
vn -0.1097 -0.2953 0.9491
vn -0.2003 0.0023 -0.9797
vn -0.0164 -0.5660 -0.8243
vn -0.1245 -0.5058 0.8536
vn -0.2155 -0.0566 0.9749
vn 0.1029 -0.8862 -0.4517
vn -0.2231 -0.0643 0.9727
vn 0.1863 0.0198 -0.9823
vn 0.0168 -0.5677 -0.8231
vn -0.0288 -0.6623 0.7487
vn 0.1847 0.0310 -0.9823
vn 0.1950 -0.0823 0.9773
vn -0.1954 0.0199 -0.9805
vn 0.2010 -0.0669 0.9773
vn -0.1937 0.0310 -0.9806
vn -0.2047 -0.0822 0.9754
vn -0.2109 -0.0666 0.9752
vn 0.1852 0.0315 -0.9822
vn 0.1862 0.0305 -0.9820
vn 0.2507 -0.2637 -0.9315
vn 0.1773 -0.1137 0.9776
vn 0.2625 -0.1563 -0.9522
vn -0.1942 0.0315 -0.9804
vn 0.1867 -0.0996 0.9773
vn -0.1954 0.0304 -0.9803
vn -0.2605 -0.2572 -0.9306
vn -0.1863 -0.1138 0.9759
vn 0.0376 -0.6764 -0.7355
vn -0.2745 -0.1541 -0.9492
vn -0.1961 -0.0997 0.9755
vn 0.1162 -0.9369 -0.3296
vn 0.1858 0.0146 -0.9825
vn 0.1773 -0.0323 -0.9836
vn 0.2292 -0.1172 0.9663
vn -0.0399 -0.6768 -0.7351
vn 0.1444 -0.1933 0.9705
vn 0.1919 -0.1989 0.9611
vn -0.1221 -0.9365 -0.3287
vn -0.1950 0.0146 -0.9807
vn 0.1658 -0.1339 0.9770
vn -0.1863 -0.0321 -0.9820
vn -0.2403 -0.1150 0.9639
vn 0.0991 -0.9606 0.2597
vn -0.1521 -0.1932 0.9693
vn -0.2003 -0.1950 0.9601
vn 0.0052 -0.7229 0.6910
vn -0.1745 -0.1340 0.9755
vn 0.1482 -0.1297 -0.9804
vn -0.1040 -0.9600 0.2601
vn -0.3509 0.9150 -0.1993
vn -0.0103 0.9558 0.2940
vn 0.4120 0.6780 0.6088
vn 0.4376 0.5317 0.7252
vn -0.5172 0.8051 -0.2903
vn -0.3121 0.9221 0.2286
vn -0.0648 0.9626 -0.2629
vn 0.2757 0.7644 -0.5828
vn 0.2670 0.6249 -0.7336
vn -0.4904 0.7931 0.3612
vn 0.3511 0.9149 -0.1990
vn 0.0099 0.9558 0.2940
vn -0.4128 0.6779 0.6083
vn -0.4405 0.5323 0.7229
vn 0.5186 0.8041 -0.2907
vn 0.3123 0.9221 0.2285
vn 0.0645 0.9626 -0.2630
vn -0.2762 0.7643 -0.5827
vn -0.2743 0.6324 -0.7244
vn 0.4935 0.7913 0.3611
vn -0.1470 0.8521 -0.5022
vn -0.1109 0.8328 0.5424
vn 0.7549 0.4910 0.4348
vn 0.2215 0.8506 0.4768
vn 0.6479 0.6545 -0.3898
vn 0.0903 0.9345 -0.3444
vn 0.1471 0.8516 -0.5031
vn 0.1119 0.8322 0.5430
vn -0.7561 0.4896 0.4342
vn -0.2187 0.8517 0.4762
vn -0.6592 0.6408 -0.3934
vn -0.0992 0.9329 -0.3462
vn 0.4037 0.9130 -0.0583
vn -0.5690 0.5322 0.6269
vn 0.7233 0.5783 0.3774
vn -0.2771 0.4996 0.8207
vn -0.0754 0.8514 -0.5192
vn -0.7273 0.5907 0.3495
vn -0.1558 0.7691 -0.6198
vn 0.7743 0.4714 0.4223
vn 0.3777 0.9255 0.0269
vn -0.5179 0.4896 -0.7014
vn -0.6592 0.5172 -0.5459
vn 0.6503 0.6544 -0.3858
vn -0.0108 0.8739 0.4861
vn -0.7787 0.5755 -0.2499
vn -0.1023 0.7722 0.6271
vn 0.7035 0.5601 -0.4375
vn -0.4044 0.9127 -0.0589
vn 0.2740 0.5026 0.8200
vn 0.5677 0.5346 0.6260
vn -0.7244 0.5777 0.3762
vn 0.0755 0.8514 -0.5190
vn 0.7275 0.5914 0.3479
vn 0.1562 0.7689 -0.6200
vn -0.7760 0.4694 0.4213
vn -0.3783 0.9253 0.0274
vn 0.6606 0.5158 -0.5455
vn -0.6514 0.6538 -0.3849
vn 0.5174 0.4945 -0.6984
vn 0.0108 0.8739 0.4860
vn 0.7803 0.5728 -0.2511
vn 0.1028 0.7719 0.6274
vn -0.7061 0.5567 -0.4376
vn -0.6282 0.4353 0.6449
vn -0.7007 0.4264 -0.5720
vn 0.6441 0.4113 0.6450
vn 0.7119 0.4146 -0.5668
vn 0.0269 0.8258 -0.5633
vn -0.0121 0.7904 0.6124
vn -0.0336 0.8354 -0.5486
vn 0.0057 0.7874 0.6164
vn -0.7935 0.5501 0.2602
vn -0.8287 0.5373 -0.1565
vn -0.2549 0.4519 0.8549
vn -0.3635 0.4774 -0.8000
vn 0.8059 0.5363 0.2508
vn 0.8414 0.5156 -0.1619
vn 0.2639 0.4372 0.8598
vn 0.3985 0.4729 -0.7859
vn -0.7215 0.2229 0.6556
vn -0.4113 0.2176 0.8851
vn -0.4835 0.6533 0.5827
vn -0.1476 0.6625 0.7343
vn -0.7836 0.2234 -0.5797
vn -0.6424 0.5282 -0.5552
vn -0.5488 0.2105 -0.8090
vn -0.3610 0.5364 -0.7628
vn -0.9292 0.2919 -0.2266
vn -0.7828 0.6015 -0.1595
vn -0.8876 0.3126 0.3383
vn -0.7251 0.6445 0.2426
vn 0.7187 0.2368 0.6537
vn 0.5345 0.5899 0.6053
vn 0.4036 0.2318 0.8851
vn 0.1746 0.6265 0.7596
vn 0.7893 0.2159 -0.5748
vn 0.5750 0.2205 -0.7879
vn 0.6481 0.5272 -0.5495
vn 0.3994 0.5197 -0.7553
vn 0.9323 0.2803 -0.2286
vn 0.7871 0.5957 -0.1601
vn 0.8891 0.3199 0.3275
vn 0.7569 0.6061 0.2443
vn -0.6682 0.6931 0.2705
vn -0.6801 0.7163 -0.1561
vn 0.3439 0.4573 0.8202
vn 0.1303 0.8067 0.5764
vn 0.0113 0.9057 0.4238
vn 0.2083 0.5732 -0.7925
vn 0.0762 0.8784 -0.4719
vn -0.0595 0.9251 -0.3750
vn 0.6777 0.7171 -0.1627
vn 0.6715 0.6889 0.2730
vn -0.0099 0.9051 0.4252
vn -0.1323 0.8087 0.5731
vn -0.3469 0.4618 0.8164
vn -0.2097 0.5867 -0.7822
vn -0.0898 0.8762 -0.4736
vn 0.0649 0.9217 -0.3825
vn -0.1060 -0.8819 -0.4594
vn 0.2039 -0.9515 -0.2303
vn 0.1761 -0.9825 0.0608
vn 0.1441 -0.9589 0.2443
vn 0.1604 -0.8972 0.4114
vn 0.2195 -0.7257 0.6521
vn 0.3469 -0.5041 0.7910
vn 0.6157 -0.1762 0.7680
vn 0.9082 0.0282 0.4176
vn 0.0278 -0.6655 0.7459
vn 0.4070 -0.9059 -0.1167
vn 0.2029 -0.9587 -0.1996
vn 0.1197 -0.7086 -0.6954
vn 0.0455 -0.1371 -0.9895
vn 0.0427 -0.3574 -0.9330
vn 0.0429 -0.7048 -0.7081
vn 0.0363 -0.8921 -0.4504
vn 0.0336 -0.9984 -0.0448
vn 0.0450 -0.8533 0.5195
vn 0.0592 -0.7222 0.6891
vt 0.904955 0.504197
vt 0.888568 0.515921
vt 0.914978 0.601119
vt 0.932544 0.593430
vt 0.868877 0.527201
vt 0.894003 0.607984
vt 0.904943 0.690125
vt 0.926112 0.688015
vt 0.943823 0.684723
vt 0.922405 0.774445
vt 0.939787 0.775369
vt 0.901590 0.771973
vt 0.886396 0.844875
vt 0.906198 0.851382
vt 0.922694 0.855942
vt 0.826213 0.357864
vt 0.815086 0.375055
vt 0.850023 0.435688
vt 0.863854 0.420772
vt 0.800929 0.392604
vt 0.833023 0.450572
vt 0.789072 0.550646
vt 0.781160 0.554793
vt 0.795996 0.618105
vt 0.805716 0.615766
vt 0.773502 0.559255
vt 0.786575 0.620618
vt 0.792862 0.683342
vt 0.803163 0.683091
vt 0.813789 0.683034
vt 0.800348 0.749481
vt 0.810956 0.751206
vt 0.790073 0.747960
vt 0.778684 0.806735
vt 0.788452 0.809501
vt 0.798561 0.812468
vt 0.758547 0.433187
vt 0.756050 0.436940
vt 0.776729 0.483160
vt 0.780688 0.480371
vt 0.753871 0.439390
vt 0.773832 0.485100
vt 0.796940 0.546900
vt 0.800677 0.545664
vt 0.806215 0.544004
vt 0.834906 0.683663
vt 0.828303 0.683302
vt 0.825441 0.753706
vt 0.832023 0.754929
vt 0.823888 0.683102
vt 0.821038 0.752904
vt 0.808208 0.815328
vt 0.812486 0.816619
vt 0.818908 0.818564
vt 0.819296 0.613276
vt 0.825666 0.612677
vt 0.815060 0.613773
vt 0.837752 0.535542
vt 0.830859 0.536546
vt 0.853844 0.610236
vt 0.861102 0.610379
vt 0.827733 0.537226
vt 0.850531 0.610376
vt 0.860667 0.685110
vt 0.864050 0.685431
vt 0.871461 0.686653
vt 0.861070 0.760472
vt 0.868433 0.762761
vt 0.857704 0.759713
vt 0.843979 0.826161
vt 0.847259 0.827309
vt 0.854416 0.830553
vt 0.775888 0.411393
vt 0.770019 0.414461
vt 0.798555 0.466972
vt 0.804909 0.464760
vt 0.767423 0.416166
vt 0.795720 0.468277
vt 0.780634 0.687350
vt 0.768486 0.694164
vt 0.766209 0.752295
vt 0.778039 0.749014
vt 0.751607 0.704761
vt 0.749817 0.758012
vt 0.742271 0.807581
vt 0.757089 0.805943
vt 0.767660 0.805512
vt 0.738455 0.477322
vt 0.734768 0.510544
vt 0.744422 0.543420
vt 0.750628 0.518390
vt 0.726944 0.551191
vt 0.733880 0.575421
vt 0.741871 0.610808
vt 0.755417 0.588075
vt 0.764416 0.571599
vt 0.764260 0.638821
vt 0.775399 0.628107
vt 0.748414 0.654669
vt 0.732259 0.718452
vt 0.731070 0.766258
vt 0.710838 0.732888
vt 0.710169 0.775294
vt 0.705259 0.815225
vt 0.724988 0.811046
vt 0.713123 0.588935
vt 0.718393 0.607596
vt 0.694538 0.621313
vt 0.698980 0.636960
vt 0.704189 0.661362
vt 0.724540 0.636318
vt 0.729635 0.674028
vt 0.708495 0.693945
vt 0.687440 0.745742
vt 0.687050 0.783269
vt 0.662878 0.756405
vt 0.662637 0.789677
vt 0.659140 0.821328
vt 0.682958 0.818798
vt 0.672998 0.648030
vt 0.676963 0.661871
vt 0.649719 0.669802
vt 0.653368 0.682346
vt 0.657618 0.701454
vt 0.681596 0.683267
vt 0.685355 0.711652
vt 0.661001 0.726426
vt 0.637637 0.764678
vt 0.637533 0.794319
vt 0.610208 0.770305
vt 0.610113 0.796926
vt 0.607575 0.822367
vt 0.634552 0.822593
vt 0.625422 0.687391
vt 0.628819 0.698736
vt 0.599561 0.700917
vt 0.602566 0.711122
vt 0.606028 0.726527
vt 0.632771 0.715876
vt 0.635888 0.738070
vt 0.608721 0.746439
vt 0.545683 0.774674
vt 0.512017 0.775333
vt 0.510973 0.796093
vt 0.544992 0.796893
vt 0.482987 0.775567
vt 0.481714 0.795587
vt 0.480612 0.814878
vt 0.509509 0.816129
vt 0.543156 0.818283
vt 0.542118 0.717427
vt 0.512637 0.722322
vt 0.512882 0.729985
vt 0.543409 0.725762
vt 0.486624 0.725307
vt 0.486029 0.732426
vt 0.485194 0.743309
vt 0.512975 0.741639
vt 0.544760 0.738411
vt 0.512688 0.756878
vt 0.545570 0.754858
vt 0.484167 0.757812
vt 0.462784 0.775312
vt 0.461449 0.795337
vt 0.449885 0.774787
vt 0.448529 0.795085
vt 0.447630 0.814899
vt 0.460580 0.814662
vt 0.467068 0.726074
vt 0.466196 0.732843
vt 0.453403 0.725241
vt 0.452751 0.732121
vt 0.451995 0.742479
vt 0.465179 0.743269
vt 0.464051 0.757583
vt 0.451060 0.756866
vt 0.576404 0.733684
vt 0.578286 0.751692
vt 0.579189 0.773318
vt 0.571579 0.710601
vt 0.573852 0.719784
vt 0.578864 0.797491
vt 0.576688 0.820668
vt 0.749348 0.443865
vt 0.745854 0.447895
vt 0.762363 0.494190
vt 0.767864 0.489600
vt 0.742546 0.452992
vt 0.757060 0.499501
vt 0.597163 0.693406
vt 0.569928 0.703416
vt 0.570442 0.706184
vt 0.598038 0.696020
vt 0.541401 0.710490
vt 0.541500 0.713407
vt 0.487916 0.718461
vt 0.469212 0.718879
vt 0.467811 0.722306
vt 0.487064 0.721684
vt 0.456126 0.717209
vt 0.454158 0.720948
vt 0.512928 0.715531
vt 0.512580 0.718590
vt 0.646443 0.661519
vt 0.622532 0.679503
vt 0.623682 0.681967
vt 0.647815 0.663846
vt 0.690283 0.611940
vt 0.669306 0.639326
vt 0.670894 0.641524
vt 0.692126 0.614040
vt 0.720255 0.536671
vt 0.707970 0.578115
vt 0.710165 0.580286
vt 0.722960 0.539587
vt 0.727536 0.449976
vt 0.725811 0.489377
vt 0.729189 0.493978
vt 0.731411 0.456151
vt 0.759809 0.381471
vt 0.754221 0.384632
vt 0.756752 0.389857
vt 0.762389 0.386616
vt 0.751657 0.386132
vt 0.754208 0.391499
vt 0.745567 0.407388
vt 0.743630 0.411882
vt 0.745894 0.416009
vt 0.747853 0.411689
vt 0.741608 0.414538
vt 0.743909 0.418650
vt 0.803359 0.320982
vt 0.794254 0.340008
vt 0.797965 0.346287
vt 0.807524 0.327721
vt 0.782278 0.359795
vt 0.785490 0.365503
vt 0.737260 0.418428
vt 0.734451 0.421004
vt 0.736924 0.425879
vt 0.739692 0.422766
vt 0.730950 0.424294
vt 0.734316 0.429996
vt 0.809933 0.308557
vt 0.808196 0.310187
vt 0.812438 0.316432
vt 0.813846 0.313365
vt 0.831987 0.347041
vt 0.833491 0.343504
vt 0.871202 0.411497
vt 0.873175 0.408527
vt 0.913810 0.497112
vt 0.916241 0.494946
vt 0.956352 0.682161
vt 0.953589 0.682726
vt 0.949398 0.775851
vt 0.952128 0.776035
vt 0.931908 0.858433
vt 0.934569 0.859174
vt 0.942156 0.588842
vt 0.944844 0.587488
vt 0.905662 0.920145
vt 0.908727 0.920269
vt 0.896922 0.916702
vt 0.873911 0.954014
vt 0.882455 0.956792
vt 0.889383 0.950675
vt 0.572542 0.839140
vt 0.602410 0.842538
vt 0.540122 0.835444
vt 0.537361 0.846770
vt 0.568637 0.851198
vt 0.597475 0.855592
vt 0.460810 0.830111
vt 0.479973 0.830370
vt 0.448012 0.830989
vt 0.449859 0.841527
vt 0.462009 0.840284
vt 0.479849 0.840724
vt 0.507667 0.832270
vt 0.506142 0.843037
vt 0.628475 0.844945
vt 0.652165 0.846310
vt 0.622661 0.859330
vt 0.645510 0.862326
vt 0.674984 0.846810
vt 0.696071 0.846712
vt 0.667403 0.864730
vt 0.687409 0.866853
vt 0.714275 0.846388
vt 0.729718 0.846500
vt 0.704323 0.869002
vt 0.718243 0.871288
vt 0.742512 0.847494
vt 0.751434 0.848675
vt 0.729365 0.873648
vt 0.736920 0.875520
vt 0.826893 0.877589
vt 0.833747 0.881552
vt 0.823735 0.876150
vt 0.806071 0.906884
vt 0.809121 0.908504
vt 0.815713 0.912907
vt 0.793378 0.863979
vt 0.799566 0.866459
vt 0.789264 0.862331
vt 0.772725 0.891244
vt 0.776702 0.893108
vt 0.782685 0.895914
vt 0.881952 0.909435
vt 0.863881 0.899786
vt 0.844172 0.933553
vt 0.860567 0.945156
vt 0.770456 0.854832
vt 0.780067 0.858657
vt 0.761205 0.851221
vt 0.745689 0.878663
vt 0.754580 0.882757
vt 0.763848 0.887085
vt 0.773200 0.805569
vt 0.756148 0.849505
vt 0.740955 0.876667
vt 0.728798 0.430519
vt 0.732678 0.437041
vt 0.740449 0.460150
vt 0.769077 0.563380
vt 0.781172 0.622992
vt 0.786957 0.684241
vt 0.753885 0.505489
vt 0.784216 0.747670
vt 0.793853 0.548224
vt 0.811492 0.614427
vt 0.820081 0.683031
vt 0.817239 0.752248
vt 0.804555 0.814239
vt 0.751872 0.441324
vt 0.771375 0.486849
vt 0.739566 0.416455
vt 0.741949 0.420596
vt 0.785772 0.860935
vt 0.769354 0.889664
vt 0.836136 0.823784
vt 0.827794 0.821257
vt 0.808131 0.869893
vt 0.816173 0.873117
vt 0.790971 0.899798
vt 0.798753 0.903448
vt 0.748793 0.393589
vt 0.747300 0.400558
vt 0.749659 0.405281
vt 0.751243 0.398753
vt 0.761267 0.427868
vt 0.763756 0.422486
vt 0.820810 0.539548
vt 0.813748 0.541741
vt 0.834467 0.611870
vt 0.842725 0.611105
vt 0.844038 0.684173
vt 0.852608 0.684651
vt 0.841127 0.756625
vt 0.849671 0.758216
vt 0.785745 0.476531
vt 0.790462 0.472709
vt 0.765665 0.418592
vt 0.793543 0.469994
vt 0.825112 0.538095
vt 0.857718 0.684938
vt 0.854766 0.759165
vt 0.841110 0.825292
vt 0.847662 0.610633
vt 0.750112 0.388779
vt 0.752635 0.394157
vt 0.820969 0.875040
vt 0.803394 0.905626
vt 0.868053 0.837107
vt 0.846730 0.889608
vt 0.828119 0.921881
vt 0.769852 0.373724
vt 0.772664 0.379027
vt 0.786863 0.404684
vt 0.816981 0.460013
vt 0.850930 0.533275
vt 0.885641 0.689005
vt 0.882507 0.767332
vt 0.874998 0.610479
vt 0.220769 0.835313
vt 0.221477 0.829515
vt 0.210786 0.826124
vt 0.210318 0.831442
vt 0.221105 0.818346
vt 0.210486 0.816003
vt 0.198624 0.814115
vt 0.198990 0.823705
vt 0.198706 0.828808
vt 0.219798 0.799570
vt 0.209521 0.798577
vt 0.218334 0.776610
vt 0.208917 0.776666
vt 0.198068 0.776675
vt 0.197811 0.797674
vt 0.217542 0.722526
vt 0.217679 0.719048
vt 0.212441 0.722163
vt 0.212182 0.724715
vt 0.216551 0.715193
vt 0.211584 0.718794
vt 0.205775 0.721711
vt 0.206404 0.724804
vt 0.206107 0.726622
vt 0.143822 0.813506
vt 0.145995 0.796982
vt 0.135234 0.796779
vt 0.132474 0.814127
vt 0.150269 0.774695
vt 0.140086 0.773205
vt 0.130506 0.770270
vt 0.125296 0.795872
vt 0.122311 0.814687
vt 0.143489 0.827900
vt 0.143346 0.823111
vt 0.131781 0.824187
vt 0.131949 0.829106
vt 0.121577 0.825577
vt 0.121801 0.830800
vt 0.174266 0.827115
vt 0.174250 0.822249
vt 0.158523 0.822430
vt 0.158629 0.827221
vt 0.173883 0.812917
vt 0.158542 0.813043
vt 0.173693 0.796968
vt 0.159514 0.796949
vt 0.175676 0.776228
vt 0.162706 0.775621
vt 0.190015 0.726774
vt 0.190278 0.725577
vt 0.177187 0.722184
vt 0.176913 0.723375
vt 0.190432 0.722901
vt 0.177648 0.719725
vt 0.164754 0.714444
vt 0.164074 0.716754
vt 0.163782 0.718047
vt 0.186192 0.797173
vt 0.186889 0.813190
vt 0.187242 0.776562
vt 0.187338 0.822568
vt 0.187213 0.827535
vt 0.110130 0.827273
vt 0.110447 0.833034
vt 0.110873 0.815110
vt 0.099608 0.815646
vt 0.098937 0.829085
vt 0.099358 0.835510
vt 0.114090 0.794113
vt 0.119773 0.765458
vt 0.109066 0.760595
vt 0.102910 0.792609
vt 0.090091 0.830748
vt 0.090628 0.837801
vt 0.090533 0.816470
vt 0.083986 0.817202
vt 0.083866 0.831993
vt 0.084558 0.839539
vt 0.093584 0.792338
vt 0.100018 0.757517
vt 0.093065 0.755903
vt 0.086603 0.792597
vt 0.057244 0.845883
vt 0.053686 0.835577
vt 0.045521 0.837020
vt 0.050105 0.847625
vt 0.050236 0.816758
vt 0.041160 0.817029
vt 0.037567 0.817270
vt 0.042254 0.837504
vt 0.046679 0.846455
vt 0.048516 0.788374
vt 0.038419 0.787474
vt 0.051278 0.749964
vt 0.039827 0.748782
vt 0.035247 0.748400
vt 0.034466 0.787223
vt 0.153864 0.710566
vt 0.153585 0.712000
vt 0.154763 0.708353
vt 0.145920 0.699767
vt 0.144846 0.701844
vt 0.144585 0.703417
vt 0.199705 0.726143
vt 0.199422 0.727537
vt 0.199456 0.723212
vt 0.135425 0.688313
vt 0.135117 0.690073
vt 0.136623 0.686317
vt 0.128231 0.669327
vt 0.126951 0.671373
vt 0.126587 0.673414
vt 0.120492 0.654154
vt 0.120121 0.656529
vt 0.121707 0.651912
vt 0.116265 0.639393
vt 0.115477 0.641796
vt 0.115147 0.644369
vt 0.079954 0.638402
vt 0.085463 0.634067
vt 0.073875 0.633977
vt 0.066649 0.638962
vt 0.090044 0.630816
vt 0.080070 0.630436
vt 0.073526 0.630547
vt 0.067184 0.633179
vt 0.059934 0.638167
vt 0.098368 0.663360
vt 0.084926 0.663938
vt 0.075592 0.704560
vt 0.089401 0.705250
vt 0.068792 0.664826
vt 0.059650 0.703983
vt 0.066212 0.751871
vt 0.079566 0.753735
vt 0.072826 0.817266
vt 0.074085 0.791540
vt 0.061964 0.789958
vt 0.062157 0.816916
vt 0.075234 0.841753
vt 0.073788 0.833272
vt 0.064316 0.834222
vt 0.066698 0.843584
vt 0.108277 0.633028
vt 0.100352 0.631649
vt 0.097599 0.634449
vt 0.106931 0.635495
vt 0.094109 0.638022
vt 0.105167 0.638395
vt 0.075068 0.645302
vt 0.060840 0.646450
vt 0.054558 0.665800
vt 0.054214 0.646854
vt 0.048187 0.666239
vt 0.123157 0.691744
vt 0.125891 0.677241
vt 0.119367 0.660999
vt 0.116263 0.677943
vt 0.114383 0.649226
vt 0.111085 0.667795
vt 0.141932 0.717324
vt 0.144071 0.706336
vt 0.134533 0.693362
vt 0.132242 0.705786
vt 0.203891 0.737741
vt 0.205563 0.729434
vt 0.198802 0.729901
vt 0.196459 0.737876
vt 0.189420 0.728902
vt 0.186888 0.736757
vt 0.161062 0.729543
vt 0.163207 0.720429
vt 0.153032 0.714647
vt 0.150903 0.724664
vt 0.176339 0.725541
vt 0.174018 0.733804
vt 0.217200 0.736152
vt 0.217336 0.726821
vt 0.211795 0.728216
vt 0.210950 0.737014
vt 0.217454 0.753874
vt 0.209646 0.754432
vt 0.200696 0.754882
vt 0.181181 0.754109
vt 0.168585 0.752267
vt 0.156166 0.749670
vt 0.146111 0.746446
vt 0.136884 0.741143
vt 0.191592 0.754900
vt 0.126760 0.732688
vt 0.116931 0.723014
vt 0.108973 0.714511
vt 0.102876 0.708632
vt 0.046542 0.703811
vt 0.040979 0.703809
vt 0.090540 0.644261
vt 0.102938 0.643868
vt 0.111220 0.639538
vt 0.110015 0.644459
vt 0.106242 0.663701
vt 0.112540 0.634753
vt 0.111881 0.637012
vt 0.079480 0.832687
vt 0.080411 0.840621
vt 0.079218 0.817440
vt 0.081339 0.792430
vt 0.087532 0.754912
vt 0.097576 0.706058
vt 0.327510 0.695479
vt 0.345243 0.694823
vt 0.344402 0.683085
vt 0.327267 0.683610
vt 0.363692 0.694547
vt 0.361593 0.683195
vt 0.359318 0.671045
vt 0.343477 0.670669
vt 0.327022 0.671056
vt 0.383594 0.695421
vt 0.378694 0.684435
vt 0.404631 0.697675
vt 0.393055 0.684826
vt 0.385592 0.672777
vt 0.373855 0.672519
vt 0.370677 0.659037
vt 0.357481 0.658044
vt 0.381292 0.658976
vt 0.378923 0.644178
vt 0.368715 0.644626
vt 0.356091 0.644383
vt 0.342592 0.657780
vt 0.326813 0.658053
vt 0.341814 0.644369
vt 0.326623 0.644547
vt 0.328294 0.738942
vt 0.328652 0.757495
vt 0.347704 0.757110
vt 0.347283 0.738616
vt 0.329157 0.781041
vt 0.348001 0.780506
vt 0.367104 0.779606
vt 0.367096 0.756704
vt 0.366748 0.738467
vt 0.386980 0.756397
vt 0.387017 0.738851
vt 0.386481 0.778270
vt 0.404992 0.776827
vt 0.405974 0.756195
vt 0.406439 0.739604
vt 0.341164 0.630232
vt 0.326418 0.630328
vt 0.355018 0.630152
vt 0.354155 0.614764
vt 0.340604 0.614837
vt 0.326194 0.614877
vt 0.367299 0.630045
vt 0.377276 0.629434
vt 0.376029 0.613991
vt 0.366203 0.614604
vt 0.365306 0.597403
vt 0.353417 0.597579
vt 0.375043 0.596819
vt 0.374179 0.577626
vt 0.364515 0.578188
vt 0.352755 0.578401
vt 0.340094 0.597658
vt 0.325951 0.597681
vt 0.339617 0.578515
vt 0.325694 0.578561
vt 0.339153 0.557423
vt 0.325426 0.557524
vt 0.352120 0.557244
vt 0.351472 0.534556
vt 0.338669 0.534817
vt 0.325130 0.534996
vt 0.363745 0.556971
vt 0.373322 0.556418
vt 0.372454 0.533652
vt 0.362966 0.534208
vt 0.362164 0.510480
vt 0.350783 0.510909
vt 0.371577 0.509920
vt 0.370636 0.485896
vt 0.361303 0.486452
vt 0.350037 0.486952
vt 0.338140 0.511259
vt 0.324793 0.511526
vt 0.337558 0.487387
vt 0.324411 0.487742
vt 0.336931 0.463836
vt 0.323988 0.464266
vt 0.349238 0.463331
vt 0.348403 0.440579
vt 0.336271 0.441139
vt 0.323540 0.441629
vt 0.360369 0.462774
vt 0.369599 0.462235
vt 0.368516 0.439463
vt 0.359395 0.439980
vt 0.358422 0.418540
vt 0.347553 0.419174
vt 0.367445 0.418046
vt 0.366367 0.398320
vt 0.357442 0.398796
vt 0.346697 0.399457
vt 0.335594 0.419775
vt 0.323086 0.420302
vt 0.334916 0.400086
vt 0.322634 0.400624
vt 0.334242 0.382269
vt 0.322196 0.382788
vt 0.345825 0.381632
vt 0.344877 0.365470
vt 0.333548 0.366069
vt 0.321793 0.366533
vt 0.356418 0.380954
vt 0.365220 0.380493
vt 0.363899 0.364398
vt 0.355263 0.364822
vt 0.353859 0.350104
vt 0.343769 0.350632
vt 0.362269 0.349773
vt 0.360162 0.336354
vt 0.352064 0.336492
vt 0.342407 0.336747
vt 0.332799 0.351114
vt 0.321457 0.351476
vt 0.331971 0.336993
vt 0.321240 0.337199
vt 0.331036 0.323352
vt 0.321190 0.323341
vt 0.340693 0.323514
vt 0.338587 0.310865
vt 0.329989 0.310066
vt 0.321303 0.309772
vt 0.349717 0.323767
vt 0.357385 0.323978
vt 0.353789 0.312797
vt 0.346714 0.311983
vt 0.343411 0.301616
vt 0.336366 0.299248
vt 0.349700 0.303318
vt 0.346690 0.297129
vt 0.341528 0.294008
vt 0.335017 0.290598
vt 0.328957 0.297611
vt 0.321528 0.296997
vt 0.328266 0.288339
vt 0.321593 0.287514
vt 0.263402 0.826563
vt 0.260466 0.805241
vt 0.245534 0.803572
vt 0.248200 0.824938
vt 0.257731 0.779743
vt 0.242786 0.778395
vt 0.231608 0.777173
vt 0.234204 0.801642
vt 0.236509 0.822528
vt 0.253699 0.718499
vt 0.253662 0.710509
vt 0.238934 0.713085
vt 0.238853 0.719425
vt 0.253692 0.699856
vt 0.238164 0.706929
vt 0.225854 0.709111
vt 0.228134 0.714839
vt 0.228054 0.720025
vt 0.296410 0.828660
vt 0.298084 0.842042
vt 0.314344 0.843701
vt 0.313309 0.829597
vt 0.298911 0.848577
vt 0.314829 0.850687
vt 0.330842 0.852060
vt 0.330703 0.844656
vt 0.330391 0.829979
vt 0.265885 0.839387
vt 0.281891 0.840554
vt 0.279702 0.827642
vt 0.267307 0.845577
vt 0.283032 0.846804
vt 0.422339 0.756075
vt 0.422977 0.740437
vt 0.421179 0.775580
vt 0.433428 0.774707
vt 0.434580 0.756112
vt 0.435251 0.741221
vt 0.282756 0.338815
vt 0.290808 0.338268
vt 0.293249 0.324983
vt 0.285645 0.325830
vt 0.300174 0.337749
vt 0.301917 0.324112
vt 0.304353 0.311076
vt 0.296567 0.312596
vt 0.289508 0.313955
vt 0.310496 0.337424
vt 0.311377 0.323577
vt 0.312695 0.310102
vt 0.314214 0.297490
vt 0.307091 0.299115
vt 0.315075 0.288138
vt 0.308634 0.290260
vt 0.300334 0.301680
vt 0.293987 0.303727
vt 0.302330 0.293741
vt 0.296976 0.297061
vt 0.278224 0.402254
vt 0.287348 0.401919
vt 0.287658 0.383937
vt 0.278707 0.384274
vt 0.298220 0.401494
vt 0.298295 0.383558
vt 0.298527 0.367169
vt 0.288193 0.367508
vt 0.279466 0.367849
vt 0.310213 0.401076
vt 0.310031 0.383197
vt 0.309942 0.366874
vt 0.310056 0.351747
vt 0.299097 0.352013
vt 0.289180 0.352378
vt 0.280753 0.352773
vt 0.276493 0.488356
vt 0.286246 0.488397
vt 0.286513 0.465225
vt 0.276924 0.465321
vt 0.298003 0.488232
vt 0.298047 0.464941
vt 0.298096 0.442444
vt 0.286790 0.442820
vt 0.277366 0.443034
vt 0.311001 0.488014
vt 0.310807 0.464624
vt 0.310604 0.442050
vt 0.310407 0.420758
vt 0.298159 0.421187
vt 0.287071 0.421613
vt 0.277798 0.421909
vt 0.274913 0.577661
vt 0.285179 0.578174
vt 0.285473 0.557290
vt 0.275315 0.556862
vt 0.297650 0.578402
vt 0.297785 0.557462
vt 0.297882 0.535091
vt 0.285741 0.535014
vt 0.275704 0.534699
vt 0.311456 0.578522
vt 0.311396 0.557533
vt 0.311300 0.535082
vt 0.311168 0.511704
vt 0.297952 0.511815
vt 0.285992 0.511854
vt 0.276090 0.511672
vt 0.272337 0.643965
vt 0.283060 0.644579
vt 0.283902 0.630256
vt 0.273357 0.629711
vt 0.296279 0.644738
vt 0.296850 0.630386
vt 0.297211 0.614783
vt 0.284438 0.614587
vt 0.273993 0.614025
vt 0.311142 0.644700
vt 0.311356 0.630388
vt 0.311453 0.614862
vt 0.311479 0.597632
vt 0.297466 0.597509
vt 0.284844 0.597273
vt 0.274485 0.596715
vt 0.254280 0.737198
vt 0.255560 0.755767
vt 0.272838 0.756840
vt 0.271924 0.738101
vt 0.274533 0.780747
vt 0.292306 0.781280
vt 0.291163 0.757518
vt 0.290655 0.738741
vt 0.309785 0.757690
vt 0.309435 0.739018
vt 0.310553 0.781331
vt 0.272959 0.697648
vt 0.276180 0.684734
vt 0.262348 0.684702
vt 0.291638 0.696384
vt 0.292837 0.684268
vt 0.294218 0.671416
vt 0.279440 0.671191
vt 0.267497 0.670460
vt 0.309739 0.695857
vt 0.310017 0.683965
vt 0.310372 0.671362
vt 0.310783 0.658290
vt 0.295399 0.658296
vt 0.281678 0.657977
vt 0.270591 0.657178
vt 0.401743 0.821046
vt 0.400025 0.836317
vt 0.415738 0.835199
vt 0.417566 0.818672
vt 0.398635 0.845192
vt 0.414125 0.845723
vt 0.429468 0.847855
vt 0.428680 0.834193
vt 0.429962 0.816702
vt 0.365731 0.826984
vt 0.364874 0.840890
vt 0.382707 0.838274
vt 0.384045 0.823991
vt 0.364362 0.847859
vt 0.381779 0.845918
vt 0.347492 0.843309
vt 0.347806 0.829076
vt 0.347357 0.850319
vt 0.329801 0.807086
vt 0.348050 0.806429
vt 0.366618 0.804932
vt 0.385446 0.802507
vt 0.403507 0.799876
vt 0.419482 0.797617
vt 0.431742 0.795888
vt 0.276939 0.806277
vt 0.294178 0.806901
vt 0.311831 0.807187
vt 0.250479 0.838059
vt 0.251866 0.844572
vt 0.237915 0.836065
vt 0.236793 0.844202
vt 0.229807 0.832938
vt 0.229085 0.820308
vt 0.228646 0.839785
vt 0.227239 0.800360
vt 0.225046 0.776615
vt 0.290980 0.707258
vt 0.309544 0.706780
vt 0.290701 0.716926
vt 0.309414 0.716711
vt 0.327897 0.716439
vt 0.327721 0.706424
vt 0.271778 0.708488
vt 0.271605 0.717557
vt 0.405780 0.708418
vt 0.422569 0.713053
vt 0.422647 0.706628
vt 0.406241 0.717712
vt 0.422988 0.720441
vt 0.435650 0.722681
vt 0.435692 0.716671
vt 0.438078 0.711012
vt 0.253826 0.725988
vt 0.238829 0.725746
vt 0.239196 0.736205
vt 0.227921 0.725490
vt 0.228205 0.735497
vt 0.364998 0.705205
vt 0.385721 0.705866
vt 0.365730 0.715300
vt 0.386389 0.715871
vt 0.345913 0.705689
vt 0.346431 0.715754
vt 0.240516 0.754561
vt 0.229449 0.753677
vt 0.290570 0.726242
vt 0.309351 0.726347
vt 0.328062 0.726213
vt 0.271629 0.726126
vt 0.406473 0.727398
vt 0.423173 0.729042
vt 0.435601 0.730440
vt 0.366273 0.725482
vt 0.386771 0.726067
vt 0.346861 0.725728
vt 0.222027 0.720875
vt 0.222103 0.716439
vt 0.220345 0.711967
vt 0.216635 0.715273
vt 0.222137 0.735534
vt 0.221907 0.725827
vt 0.223207 0.753493
vt 0.438518 0.815407
vt 0.438199 0.832488
vt 0.439875 0.844266
vt 0.441325 0.774457
vt 0.439832 0.795065
vt 0.442455 0.756349
vt 0.443220 0.741849
vt 0.443740 0.731397
vt 0.444100 0.724133
vt 0.444643 0.718984
vt 0.447139 0.714607
vt 0.910588 0.510770
vt 0.935841 0.600672
vt 0.918081 0.607901
vt 0.893899 0.522060
vt 0.944760 0.692206
vt 0.926971 0.695040
vt 0.905755 0.696602
vt 0.896935 0.614218
vt 0.873919 0.532820
vt 0.938405 0.782707
vt 0.921053 0.781336
vt 0.919255 0.862813
vt 0.902883 0.857830
vt 0.883256 0.850814
vt 0.900308 0.778328
vt 0.835742 0.362434
vt 0.871698 0.426310
vt 0.857478 0.440855
vt 0.824162 0.379322
vt 0.840090 0.455284
vt 0.809543 0.396490
vt 0.793524 0.554173
vt 0.808469 0.619705
vt 0.798689 0.621791
vt 0.785506 0.558112
vt 0.814806 0.687155
vt 0.804180 0.686937
vt 0.793875 0.686922
vt 0.789205 0.624059
vt 0.777733 0.562374
vt 0.810235 0.755227
vt 0.799674 0.753228
vt 0.796289 0.816147
vt 0.786260 0.812920
vt 0.776568 0.809903
vt 0.789441 0.751443
vt 0.766099 0.435940
vt 0.786988 0.483697
vt 0.782957 0.486380
vt 0.763504 0.439626
vt 0.810837 0.547980
vt 0.805256 0.549495
vt 0.801489 0.550633
vt 0.780009 0.488244
vt 0.761260 0.442018
vt 0.835902 0.688330
vt 0.831201 0.759493
vt 0.824652 0.758100
vt 0.829310 0.687799
vt 0.816471 0.822766
vt 0.810102 0.820656
vt 0.805858 0.819255
vt 0.820271 0.757184
vt 0.824901 0.687485
vt 0.828494 0.617134
vt 0.822109 0.617568
vt 0.817862 0.617954
vt 0.842586 0.540344
vt 0.863981 0.615757
vt 0.856728 0.615426
vt 0.835669 0.541167
vt 0.872371 0.692265
vt 0.864994 0.690852
vt 0.861620 0.690444
vt 0.853413 0.615480
vt 0.832525 0.541766
vt 0.867399 0.768264
vt 0.860096 0.765785
vt 0.851656 0.835669
vt 0.844586 0.832242
vt 0.841336 0.831009
vt 0.856751 0.764938
vt 0.784012 0.414610
vt 0.811612 0.468727
vt 0.805202 0.470771
vt 0.778064 0.417521
vt 0.802333 0.472002
vt 0.775423 0.419158
vt 0.781546 0.690613
vt 0.777384 0.752186
vt 0.765474 0.755161
vt 0.769225 0.697111
vt 0.765580 0.808397
vt 0.755005 0.808556
vt 0.740153 0.809813
vt 0.748943 0.760454
vt 0.752078 0.707269
vt 0.744850 0.479537
vt 0.755940 0.520919
vt 0.749078 0.545782
vt 0.740292 0.512658
vt 0.768328 0.574478
vt 0.758900 0.590717
vt 0.744764 0.613094
vt 0.737700 0.577505
vt 0.731401 0.553095
vt 0.777837 0.631256
vt 0.766422 0.641679
vt 0.750167 0.657113
vt 0.730014 0.768214
vt 0.732410 0.720455
vt 0.722800 0.812834
vt 0.703025 0.816502
vt 0.709022 0.776696
vt 0.710806 0.734314
vt 0.721376 0.609275
vt 0.716595 0.590479
vt 0.726776 0.638151
vt 0.705820 0.662661
vt 0.701200 0.638134
vt 0.697164 0.622375
vt 0.730909 0.675980
vt 0.709386 0.695333
vt 0.686006 0.784039
vt 0.687496 0.746512
vt 0.680753 0.819494
vt 0.656995 0.821409
vt 0.661737 0.789785
vt 0.663078 0.756491
vt 0.678541 0.662473
vt 0.674919 0.648535
vt 0.682761 0.683970
vt 0.658414 0.701529
vt 0.654419 0.682341
vt 0.651059 0.669709
vt 0.686090 0.712406
vt 0.661657 0.726518
vt 0.636643 0.793780
vt 0.637793 0.764102
vt 0.632439 0.822058
vt 0.605462 0.821180
vt 0.609070 0.795728
vt 0.610082 0.769070
vt 0.629440 0.698112
vt 0.626289 0.686689
vt 0.633231 0.715317
vt 0.606171 0.725314
vt 0.602851 0.709857
vt 0.600058 0.699585
vt 0.636362 0.737510
vt 0.608874 0.745219
vt 0.544654 0.772055
vt 0.543424 0.794278
vt 0.509345 0.792766
vt 0.510815 0.772005
vt 0.541026 0.815654
vt 0.507448 0.812799
vt 0.478687 0.810939
vt 0.480158 0.791640
vt 0.481795 0.771621
vt 0.542131 0.714767
vt 0.543244 0.723127
vt 0.512552 0.726666
vt 0.512465 0.719002
vt 0.544362 0.735795
vt 0.512417 0.738318
vt 0.484555 0.739380
vt 0.485577 0.728507
vt 0.486298 0.721396
vt 0.544911 0.752243
vt 0.511843 0.753553
vt 0.483280 0.753874
vt 0.459986 0.790942
vt 0.461635 0.770952
vt 0.458822 0.810225
vt 0.446026 0.810090
vt 0.447137 0.790408
vt 0.448766 0.770191
vt 0.465689 0.728516
vt 0.466666 0.721746
vt 0.464514 0.738941
vt 0.451322 0.737935
vt 0.452224 0.727576
vt 0.452975 0.720687
vt 0.463171 0.753245
vt 0.450188 0.752309
vt 0.578009 0.749784
vt 0.576251 0.731780
vt 0.578589 0.771401
vt 0.573883 0.717843
vt 0.571803 0.708610
vt 0.577540 0.795595
vt 0.574555 0.818771
vt 0.756620 0.446372
vt 0.773925 0.492586
vt 0.768306 0.497031
vt 0.753020 0.450308
vt 0.762865 0.502202
vt 0.749578 0.455316
vt 0.597842 0.692017
vt 0.598654 0.694652
vt 0.570768 0.704168
vt 0.570319 0.701388
vt 0.541603 0.710735
vt 0.541571 0.707817
vt 0.487718 0.714579
vt 0.486803 0.717783
vt 0.467467 0.717981
vt 0.468925 0.714569
vt 0.453795 0.716389
vt 0.455824 0.712659
vt 0.512487 0.715272
vt 0.512903 0.712223
vt 0.647998 0.661345
vt 0.649310 0.663707
vt 0.624686 0.681224
vt 0.623598 0.678730
vt 0.693156 0.612892
vt 0.694944 0.615041
vt 0.672986 0.641975
vt 0.671456 0.639736
vt 0.725095 0.538401
vt 0.727722 0.541387
vt 0.713865 0.581753
vt 0.711728 0.579525
vt 0.734652 0.451905
vt 0.738365 0.458182
vt 0.735151 0.495948
vt 0.731895 0.491259
vt 0.768734 0.384270
vt 0.771177 0.389481
vt 0.765455 0.392572
vt 0.763064 0.387281
vt 0.762869 0.394147
vt 0.760461 0.388713
vt 0.753808 0.409803
vt 0.755980 0.414163
vt 0.753907 0.418431
vt 0.751753 0.414245
vt 0.751852 0.421019
vt 0.749661 0.416847
vt 0.813886 0.324953
vt 0.817868 0.331803
vt 0.807814 0.350107
vt 0.804273 0.343730
vt 0.794831 0.368986
vt 0.791773 0.363194
vt 0.745212 0.420621
vt 0.747527 0.425022
vt 0.744676 0.428062
vt 0.742338 0.423122
vt 0.741956 0.432107
vt 0.738760 0.426318
vt 0.820789 0.312711
vt 0.824575 0.317622
vt 0.823084 0.320650
vt 0.819011 0.314294
vt 0.843402 0.348275
vt 0.841804 0.351770
vt 0.881340 0.414317
vt 0.879289 0.417234
vt 0.922113 0.501820
vt 0.919625 0.503921
vt 0.957352 0.689969
vt 0.950725 0.783690
vt 0.948000 0.783436
vt 0.954575 0.690463
vt 0.931044 0.866350
vt 0.928402 0.865541
vt 0.948291 0.595052
vt 0.945569 0.596335
vt 0.903637 0.926763
vt 0.900575 0.926561
vt 0.883509 0.956663
vt 0.876426 0.962601
vt 0.867956 0.959601
vt 0.891928 0.922893
vt 0.599609 0.841262
vt 0.569863 0.837170
vt 0.594342 0.854204
vt 0.565672 0.849143
vt 0.534567 0.844033
vt 0.537576 0.832762
vt 0.477748 0.826446
vt 0.458846 0.825643
vt 0.477419 0.836805
vt 0.459870 0.835780
vt 0.447985 0.836367
vt 0.446310 0.826013
vt 0.505257 0.828925
vt 0.503507 0.839672
vt 0.649195 0.846245
vt 0.625578 0.844297
vt 0.642122 0.862097
vt 0.619387 0.858544
vt 0.693013 0.847754
vt 0.671960 0.847317
vt 0.683845 0.867671
vt 0.663921 0.865045
vt 0.726626 0.848398
vt 0.711201 0.847893
vt 0.714529 0.872888
vt 0.700683 0.870249
vt 0.748269 0.851129
vt 0.739384 0.849720
vt 0.733079 0.877591
vt 0.725578 0.875527
vt 0.829688 0.886118
vt 0.822939 0.881979
vt 0.810850 0.916995
vt 0.804377 0.912423
vt 0.801371 0.910724
vt 0.819821 0.880458
vt 0.795914 0.870146
vt 0.789794 0.867508
vt 0.778283 0.899155
vt 0.772376 0.896196
vt 0.768451 0.894230
vt 0.785724 0.865754
vt 0.877151 0.915240
vt 0.854847 0.950396
vt 0.838760 0.938370
vt 0.859338 0.905126
vt 0.776627 0.861843
vt 0.767120 0.857772
vt 0.759688 0.889842
vt 0.750538 0.885278
vt 0.741760 0.880959
vt 0.757968 0.853924
vt 0.752959 0.852080
vt 0.771116 0.808596
vt 0.737081 0.878843
vt 0.740130 0.439104
vt 0.736416 0.432474
vt 0.747295 0.462419
vt 0.783741 0.626292
vt 0.773202 0.566383
vt 0.787947 0.687668
vt 0.759534 0.508106
vt 0.783593 0.751002
vt 0.814278 0.618515
vt 0.798368 0.551876
vt 0.821097 0.687315
vt 0.816490 0.756430
vt 0.802235 0.818072
vt 0.777507 0.489928
vt 0.759210 0.443898
vt 0.749841 0.422912
vt 0.747569 0.418709
vt 0.782271 0.864268
vt 0.765123 0.892562
vt 0.833557 0.828431
vt 0.812340 0.877231
vt 0.804386 0.873800
vt 0.825285 0.825688
vt 0.794145 0.907101
vt 0.786463 0.903252
vt 0.757400 0.396092
vt 0.759711 0.401320
vt 0.757955 0.407804
vt 0.755722 0.403020
vt 0.771590 0.425379
vt 0.768959 0.430694
vt 0.825543 0.543906
vt 0.845590 0.616005
vt 0.837314 0.616556
vt 0.818427 0.545915
vt 0.853575 0.689776
vt 0.845019 0.689076
vt 0.848759 0.763235
vt 0.840258 0.761423
vt 0.796960 0.476293
vt 0.792144 0.479990
vt 0.800112 0.473660
vt 0.773601 0.421537
vt 0.829882 0.542567
vt 0.853828 0.764315
vt 0.858676 0.690194
vt 0.838491 0.830066
vt 0.850537 0.615662
vt 0.761226 0.396762
vt 0.758847 0.391318
vt 0.817084 0.879278
vt 0.798728 0.909398
vt 0.842457 0.894507
vt 0.865120 0.842574
vt 0.823018 0.926286
vt 0.781650 0.382166
vt 0.778979 0.376790
vt 0.795161 0.408192
vt 0.823805 0.464300
vt 0.855819 0.538422
vt 0.881351 0.773196
vt 0.886486 0.694983
vt 0.877870 0.616218
vt 0.219368 0.829614
vt 0.208929 0.825670
vt 0.209446 0.820367
vt 0.220128 0.823835
vt 0.197351 0.822982
vt 0.197666 0.817885
vt 0.197358 0.808303
vt 0.209215 0.810259
vt 0.219827 0.812673
vt 0.208352 0.792842
vt 0.218629 0.793897
vt 0.196641 0.791871
vt 0.197017 0.770887
vt 0.207871 0.770941
vt 0.217291 0.770939
vt 0.216758 0.716889
vt 0.211406 0.719045
vt 0.211672 0.716495
vt 0.216891 0.713418
vt 0.205338 0.720915
vt 0.205647 0.719099
vt 0.205048 0.716000
vt 0.210836 0.713115
vt 0.215769 0.709591
vt 0.142545 0.807389
vt 0.131191 0.807942
vt 0.134054 0.790611
vt 0.144816 0.790879
vt 0.121022 0.808438
vt 0.124121 0.789642
vt 0.129484 0.764074
vt 0.139047 0.767069
vt 0.149222 0.768622
vt 0.142129 0.821780
vt 0.130577 0.822918
vt 0.130438 0.817998
vt 0.142013 0.816990
vt 0.120412 0.824548
vt 0.120222 0.819324
vt 0.172921 0.821165
vt 0.157279 0.821187
vt 0.157199 0.816397
vt 0.172932 0.816301
vt 0.157271 0.807011
vt 0.172617 0.806971
vt 0.158337 0.790926
vt 0.172519 0.791027
vt 0.161654 0.769624
vt 0.174622 0.770309
vt 0.189248 0.720977
vt 0.176159 0.717495
vt 0.176439 0.716306
vt 0.189518 0.719783
vt 0.163069 0.712074
vt 0.163370 0.710783
vt 0.164065 0.708477
vt 0.176912 0.713853
vt 0.189688 0.717114
vt 0.185625 0.807314
vt 0.185020 0.791304
vt 0.186189 0.770711
vt 0.185869 0.821652
vt 0.186020 0.816688
vt 0.109041 0.826710
vt 0.108760 0.820947
vt 0.097934 0.829115
vt 0.097554 0.822688
vt 0.098309 0.809252
vt 0.109580 0.808788
vt 0.112924 0.787813
vt 0.101753 0.786237
vt 0.108104 0.754263
vt 0.118780 0.759193
vt 0.089188 0.831348
vt 0.088696 0.824293
vt 0.083103 0.833046
vt 0.082461 0.825497
vt 0.082676 0.810708
vt 0.089228 0.810019
vt 0.092429 0.785907
vt 0.085445 0.786121
vt 0.092133 0.749467
vt 0.099076 0.751126
vt 0.055750 0.839215
vt 0.048598 0.840924
vt 0.044084 0.830279
vt 0.052257 0.828889
vt 0.045179 0.839721
vt 0.040813 0.830743
vt 0.036255 0.810480
vt 0.039849 0.810261
vt 0.048926 0.810048
vt 0.037293 0.780689
vt 0.047385 0.781653
vt 0.033341 0.780414
vt 0.034365 0.741592
vt 0.038943 0.742003
vt 0.050385 0.743259
vt 0.152916 0.705957
vt 0.153205 0.704525
vt 0.143974 0.697315
vt 0.144246 0.695744
vt 0.145333 0.693674
vt 0.154117 0.702318
vt 0.198652 0.721788
vt 0.198946 0.720396
vt 0.198722 0.717464
vt 0.134595 0.683905
vt 0.134913 0.682146
vt 0.126178 0.667176
vt 0.126555 0.665136
vt 0.127846 0.663095
vt 0.136123 0.680158
vt 0.119831 0.650231
vt 0.120219 0.647854
vt 0.114967 0.638059
vt 0.115325 0.635493
vt 0.116146 0.633101
vt 0.121447 0.645612
vt 0.079798 0.631912
vt 0.066508 0.632362
vt 0.073770 0.627459
vt 0.085325 0.627626
vt 0.059811 0.631483
vt 0.067133 0.626601
vt 0.073449 0.624055
vt 0.079948 0.623970
vt 0.089900 0.624403
vt 0.098042 0.656953
vt 0.088792 0.698788
vt 0.074988 0.698009
vt 0.084595 0.657451
vt 0.078648 0.747212
vt 0.065308 0.745261
vt 0.059050 0.697327
vt 0.068454 0.658232
vt 0.071515 0.810700
vt 0.060847 0.810282
vt 0.060822 0.783323
vt 0.072934 0.784983
vt 0.073766 0.835203
vt 0.065218 0.836974
vt 0.062896 0.827600
vt 0.072375 0.826712
vt 0.108191 0.626690
vt 0.106830 0.629143
vt 0.097449 0.628064
vt 0.100201 0.625278
vt 0.105038 0.632031
vt 0.093949 0.631618
vt 0.054214 0.659104
vt 0.060638 0.639797
vt 0.074867 0.638766
vt 0.047840 0.659498
vt 0.054010 0.640142
vt 0.122630 0.685495
vt 0.115830 0.671645
vt 0.119047 0.654704
vt 0.125457 0.671002
vt 0.110723 0.661462
vt 0.114158 0.642906
vt 0.141233 0.711204
vt 0.131619 0.699601
vt 0.133989 0.687190
vt 0.143442 0.700230
vt 0.203056 0.732013
vt 0.195625 0.732104
vt 0.198016 0.724148
vt 0.204775 0.723723
vt 0.186061 0.730929
vt 0.188639 0.723098
vt 0.160280 0.723549
vt 0.150155 0.718604
vt 0.152347 0.708601
vt 0.162480 0.714451
vt 0.173208 0.727896
vt 0.175574 0.719655
vt 0.216369 0.730499
vt 0.210117 0.731327
vt 0.211005 0.722541
vt 0.216545 0.721177
vt 0.208721 0.748724
vt 0.216533 0.748209
vt 0.199768 0.749123
vt 0.167669 0.746315
vt 0.180254 0.748234
vt 0.155266 0.743640
vt 0.145231 0.740351
vt 0.136038 0.734989
vt 0.190662 0.749087
vt 0.125969 0.726469
vt 0.116203 0.716731
vt 0.108300 0.708175
vt 0.102243 0.702256
vt 0.045943 0.697068
vt 0.040380 0.697030
vt 0.102760 0.637490
vt 0.090348 0.637828
vt 0.109837 0.638114
vt 0.111112 0.633203
vt 0.105911 0.657340
vt 0.111833 0.630691
vt 0.112573 0.628463
vt 0.078949 0.834104
vt 0.078070 0.826163
vt 0.077906 0.810915
vt 0.080183 0.785920
vt 0.086607 0.748441
vt 0.096961 0.699648
vt 0.326872 0.690235
vt 0.326659 0.678365
vt 0.343806 0.677864
vt 0.344623 0.689607
vt 0.326434 0.665811
vt 0.342898 0.665440
vt 0.358746 0.665833
vt 0.361015 0.678000
vt 0.363101 0.689364
vt 0.378153 0.679273
vt 0.383061 0.690284
vt 0.373302 0.667328
vt 0.385159 0.667611
vt 0.392669 0.679709
vt 0.404293 0.692612
vt 0.356912 0.652814
vt 0.370119 0.653817
vt 0.355522 0.639133
vt 0.368154 0.639375
vt 0.378469 0.638920
vt 0.380841 0.653760
vt 0.326239 0.652807
vt 0.342021 0.652541
vt 0.326054 0.639299
vt 0.341245 0.639120
vt 0.327469 0.733700
vt 0.346469 0.733413
vt 0.346779 0.751915
vt 0.327724 0.752259
vt 0.365950 0.733309
vt 0.366174 0.751553
vt 0.366028 0.774464
vt 0.346934 0.775326
vt 0.328096 0.775822
vt 0.386239 0.733758
vt 0.386064 0.751306
vt 0.405686 0.734609
vt 0.405068 0.751189
vt 0.403898 0.771796
vt 0.385395 0.773175
vt 0.325845 0.625078
vt 0.340590 0.624973
vt 0.325606 0.609625
vt 0.340016 0.609567
vt 0.353566 0.609476
vt 0.354444 0.624883
vt 0.366732 0.624766
vt 0.365622 0.609300
vt 0.375558 0.608670
vt 0.376819 0.624143
vt 0.352800 0.592272
vt 0.364697 0.592071
vt 0.352090 0.573073
vt 0.363857 0.572826
vt 0.373630 0.572233
vt 0.374543 0.591463
vt 0.325335 0.592429
vt 0.339478 0.592378
vt 0.325031 0.573309
vt 0.338953 0.573225
vt 0.324691 0.552273
vt 0.338417 0.552122
vt 0.324297 0.529747
vt 0.337835 0.529507
vt 0.350636 0.529188
vt 0.351383 0.551896
vt 0.363015 0.551579
vt 0.362136 0.528786
vt 0.371732 0.528181
vt 0.372700 0.550986
vt 0.349821 0.505522
vt 0.361207 0.505030
vt 0.348926 0.481550
vt 0.360197 0.480977
vt 0.369634 0.480355
vt 0.370726 0.504413
vt 0.323835 0.506281
vt 0.337180 0.505941
vt 0.323304 0.482501
vt 0.336449 0.482064
vt 0.322713 0.459033
vt 0.335655 0.458510
vt 0.322086 0.436405
vt 0.334817 0.435817
vt 0.346948 0.435160
vt 0.347960 0.457917
vt 0.359096 0.457279
vt 0.357945 0.434470
vt 0.367170 0.433871
vt 0.368429 0.456666
vt 0.345917 0.413755
vt 0.356792 0.413022
vt 0.344881 0.394049
vt 0.355634 0.393278
vt 0.364663 0.392698
vt 0.365919 0.412436
vt 0.321447 0.415093
vt 0.333957 0.414462
vt 0.320811 0.395437
vt 0.333097 0.394790
vt 0.320194 0.377629
vt 0.332245 0.377001
vt 0.319619 0.361408
vt 0.331376 0.360841
vt 0.342708 0.360125
vt 0.343832 0.376247
vt 0.354434 0.375450
vt 0.353103 0.359349
vt 0.361843 0.358791
vt 0.363340 0.374871
vt 0.341423 0.345345
vt 0.351518 0.344687
vt 0.339883 0.331539
vt 0.349535 0.331159
vt 0.357725 0.330867
vt 0.360028 0.344208
vt 0.319117 0.346394
vt 0.330455 0.345940
vt 0.318742 0.332168
vt 0.329459 0.331885
vt 0.318553 0.318366
vt 0.328369 0.318320
vt 0.318561 0.304857
vt 0.327197 0.305112
vt 0.335746 0.305849
vt 0.337996 0.318400
vt 0.347001 0.318543
vt 0.343835 0.306876
vt 0.350977 0.307553
vt 0.354749 0.318607
vt 0.333442 0.294311
vt 0.340427 0.296599
vt 0.332113 0.285643
vt 0.338541 0.288970
vt 0.343756 0.291973
vt 0.346766 0.298149
vt 0.318744 0.292133
vt 0.326107 0.292720
vt 0.318840 0.282624
vt 0.325449 0.283428
vt 0.262092 0.821177
vt 0.246901 0.819453
vt 0.244353 0.798056
vt 0.259280 0.799808
vt 0.235217 0.816957
vt 0.233030 0.796058
vt 0.230566 0.771577
vt 0.241740 0.772857
vt 0.256681 0.774281
vt 0.252966 0.713040
vt 0.238104 0.713885
vt 0.238208 0.707553
vt 0.252966 0.705060
vt 0.227282 0.714421
vt 0.227364 0.709230
vt 0.224986 0.703444
vt 0.237352 0.701386
vt 0.252973 0.694416
vt 0.295116 0.823400
vt 0.312037 0.824386
vt 0.313036 0.838492
vt 0.296728 0.836787
vt 0.329133 0.824819
vt 0.329440 0.839517
vt 0.329596 0.846928
vt 0.313488 0.845454
vt 0.297514 0.843290
vt 0.278393 0.822331
vt 0.280503 0.835267
vt 0.264489 0.834043
vt 0.281610 0.841494
vt 0.265888 0.840214
vt 0.422254 0.735567
vt 0.421447 0.751181
vt 0.434554 0.736472
vt 0.433701 0.751335
vt 0.432327 0.769871
vt 0.420080 0.770638
vt 0.280198 0.333920
vt 0.282978 0.320882
vt 0.290681 0.320059
vt 0.288352 0.333361
vt 0.286765 0.308965
vt 0.293926 0.307686
vt 0.301692 0.306184
vt 0.299335 0.319188
vt 0.297708 0.332812
vt 0.308768 0.318637
vt 0.308013 0.332447
vt 0.309997 0.305206
vt 0.304385 0.294257
vt 0.311478 0.292636
vt 0.305909 0.285372
vt 0.312357 0.283259
vt 0.291203 0.298773
vt 0.297654 0.296808
vt 0.294160 0.292056
vt 0.299536 0.288831
vt 0.276271 0.397414
vt 0.276579 0.379440
vt 0.285648 0.379045
vt 0.285513 0.397014
vt 0.277178 0.363010
vt 0.286020 0.362620
vt 0.296358 0.362213
vt 0.296292 0.378587
vt 0.296394 0.396505
vt 0.308027 0.378136
vt 0.308388 0.395992
vt 0.307768 0.361839
vt 0.296772 0.347068
vt 0.307722 0.346739
vt 0.278322 0.347914
vt 0.286859 0.347485
vt 0.275264 0.483415
vt 0.275527 0.460415
vt 0.285232 0.460254
vt 0.285134 0.483396
vt 0.275787 0.438157
vt 0.285328 0.437876
vt 0.296642 0.437414
vt 0.296775 0.459890
vt 0.296899 0.483157
vt 0.309534 0.459482
vt 0.309896 0.482857
vt 0.309149 0.436926
vt 0.296518 0.416178
vt 0.308767 0.415652
vt 0.276031 0.417054
vt 0.285422 0.416691
vt 0.274127 0.572550
vt 0.274457 0.551794
vt 0.284731 0.552183
vt 0.284509 0.573032
vt 0.274748 0.529675
vt 0.284901 0.529943
vt 0.297052 0.529965
vt 0.297052 0.552310
vt 0.296989 0.573226
vt 0.310662 0.552332
vt 0.310794 0.573308
vt 0.310468 0.529895
vt 0.296997 0.506714
vt 0.310211 0.506531
vt 0.275009 0.506691
vt 0.285028 0.506819
vt 0.271637 0.638712
vt 0.272657 0.624488
vt 0.283320 0.625026
vt 0.282479 0.639324
vt 0.273282 0.608836
vt 0.283843 0.609383
vt 0.296626 0.609564
vt 0.296278 0.625150
vt 0.295709 0.639486
vt 0.310783 0.625145
vt 0.310572 0.639450
vt 0.310866 0.609627
vt 0.296852 0.592311
vt 0.310864 0.592408
vt 0.273746 0.591563
vt 0.284221 0.592098
vt 0.253447 0.731726
vt 0.271090 0.732702
vt 0.271909 0.751441
vt 0.254635 0.750294
vt 0.289822 0.733405
vt 0.290233 0.752183
vt 0.291249 0.775960
vt 0.273479 0.775360
vt 0.308604 0.733733
vt 0.308855 0.752409
vt 0.309495 0.776067
vt 0.261603 0.679338
vt 0.275553 0.679401
vt 0.272307 0.692290
vt 0.266774 0.665140
vt 0.278837 0.665886
vt 0.293626 0.666133
vt 0.292220 0.678971
vt 0.290990 0.691074
vt 0.309402 0.678696
vt 0.309092 0.690583
vt 0.309781 0.666099
vt 0.294822 0.653029
vt 0.310207 0.653034
vt 0.269884 0.651893
vt 0.281091 0.652698
vt 0.400404 0.815929
vt 0.416167 0.813511
vt 0.414351 0.829841
vt 0.398702 0.831144
vt 0.428494 0.811535
vt 0.427189 0.828714
vt 0.427769 0.841926
vt 0.412778 0.840167
vt 0.397351 0.839973
vt 0.364441 0.821875
vt 0.382732 0.818888
vt 0.381384 0.833173
vt 0.363560 0.835800
vt 0.380460 0.840818
vt 0.363035 0.842781
vt 0.346537 0.823947
vt 0.346203 0.838205
vt 0.346053 0.845234
vt 0.346852 0.801273
vt 0.328614 0.801896
vt 0.365402 0.799804
vt 0.384208 0.797406
vt 0.402244 0.794808
vt 0.418186 0.792594
vt 0.430413 0.790937
vt 0.275748 0.800924
vt 0.292988 0.801611
vt 0.310645 0.801951
vt 0.250463 0.839116
vt 0.249099 0.832615
vt 0.235391 0.838547
vt 0.236551 0.830485
vt 0.227801 0.814691
vt 0.228456 0.827336
vt 0.227297 0.834198
vt 0.224006 0.770981
vt 0.226068 0.794734
vt 0.308860 0.701501
vt 0.290292 0.701938
vt 0.327048 0.701179
vt 0.327182 0.711194
vt 0.308689 0.711429
vt 0.289972 0.711599
vt 0.271089 0.703114
vt 0.270875 0.712173
vt 0.422381 0.701741
vt 0.422116 0.708194
vt 0.405283 0.703396
vt 0.437905 0.706379
vt 0.435302 0.711998
vt 0.435176 0.717971
vt 0.422459 0.715587
vt 0.405669 0.712708
vt 0.238365 0.730658
vt 0.238047 0.720203
vt 0.253050 0.720522
vt 0.227376 0.729895
vt 0.227132 0.719888
vt 0.385154 0.700745
vt 0.364377 0.700030
vt 0.385769 0.710763
vt 0.365066 0.710131
vt 0.345259 0.700476
vt 0.345737 0.710544
vt 0.239594 0.749015
vt 0.228530 0.748075
vt 0.308583 0.721062
vt 0.289799 0.720910
vt 0.327303 0.720968
vt 0.270856 0.720733
vt 0.422567 0.724184
vt 0.405826 0.722402
vt 0.435035 0.725708
vt 0.386086 0.720969
vt 0.365555 0.720318
vt 0.346118 0.720521
vt 0.221310 0.710843
vt 0.221244 0.715262
vt 0.219543 0.706412
vt 0.221116 0.720204
vt 0.221309 0.729904
vt 0.222288 0.747859
vt 0.436666 0.827120
vt 0.437014 0.810350
vt 0.438157 0.838519
vt 0.438483 0.790221
vt 0.440222 0.769723
vt 0.441583 0.751669
vt 0.442536 0.737189
vt 0.443195 0.726739
vt 0.443654 0.719467
vt 0.444273 0.714303
vt 0.446845 0.709898
vt 0.052815 0.844060
vt 0.048106 0.841795
vt 0.058556 0.842736
vt 0.061135 0.843168
vt 0.058715 0.844192
vt 0.054327 0.850744
vt 0.060062 0.849398
vt 0.065669 0.624582
vt 0.068770 0.624221
vt 0.071728 0.620388
vt 0.074027 0.620575
vt 0.077081 0.620843
vt 0.074789 0.622324
vt 0.876726 0.962907
vt 0.864268 0.975589
vt 0.863009 0.968026
vt 0.870643 0.970099
vt 0.856554 0.974028
vt 0.852538 0.973375
vt 0.856686 0.973332
vt 0.727349 0.429806
vt 0.726145 0.434108
vt 0.731430 0.454358
vt 0.733676 0.436001
vt 0.723658 0.452421
vt 0.722735 0.461692
vt 0.724378 0.452510
vt 0.210205 0.695967
vt 0.208155 0.698719
vt 0.215131 0.706057
vt 0.217438 0.702940
vt 0.205854 0.701673
vt 0.212172 0.709207
vt 0.202972 0.704692
vt 0.208129 0.712627
vt 0.199735 0.706947
vt 0.203314 0.715321
vt 0.196186 0.708105
vt 0.198099 0.716735
vt 0.190451 0.708263
vt 0.190397 0.716704
vt 0.180541 0.706360
vt 0.178788 0.714084
vt 0.169672 0.702612
vt 0.166745 0.709412
vt 0.161453 0.698182
vt 0.157494 0.703946
vt 0.154059 0.691576
vt 0.149243 0.696134
vt 0.145584 0.679959
vt 0.140298 0.683401
vt 0.137464 0.664145
vt 0.132041 0.666840
vt 0.130553 0.646703
vt 0.125337 0.649380
vt 0.123348 0.632870
vt 0.119082 0.636408
vt 0.116947 0.627199
vt 0.114259 0.631569
vt 0.110824 0.625058
vt 0.109483 0.629648
vt 0.101862 0.624522
vt 0.101552 0.628554
vt 0.092105 0.625316
vt 0.091956 0.628277
vt 0.083308 0.626317
vt 0.082771 0.628281
vt 0.077261 0.627383
vt 0.074965 0.628854
vt 0.062641 0.849823
vt 0.068909 0.848664
vt 0.068151 0.847170
vt 0.076397 0.847460
vt 0.075959 0.845277
vt 0.081278 0.846659
vt 0.080838 0.844099
vt 0.085453 0.845801
vt 0.084914 0.842991
vt 0.091600 0.844371
vt 0.090992 0.841240
vt 0.100316 0.842577
vt 0.099720 0.838997
vt 0.111325 0.840846
vt 0.110779 0.836693
vt 0.122529 0.839475
vt 0.122075 0.834727
vt 0.132373 0.838633
vt 0.132123 0.833345
vt 0.143426 0.838396
vt 0.143492 0.832518
vt 0.157987 0.838985
vt 0.158397 0.832350
vt 0.172913 0.840182
vt 0.173727 0.832774
vt 0.184845 0.841620
vt 0.186258 0.833620
vt 0.194891 0.843577
vt 0.197177 0.835184
vt 0.204532 0.846478
vt 0.208016 0.837940
vt 0.212582 0.849931
vt 0.217533 0.841786
vt 0.217760 0.853290
vt 0.224104 0.846218
vt 0.220353 0.855984
vt 0.227750 0.850194
vt 0.447467 0.863850
vt 0.450448 0.860606
vt 0.444597 0.852158
vt 0.439183 0.856123
vt 0.456063 0.858071
vt 0.452771 0.849159
vt 0.464676 0.856968
vt 0.463460 0.847923
vt 0.479877 0.857100
vt 0.479967 0.848305
vt 0.504714 0.858706
vt 0.505362 0.850418
vt 0.535088 0.861599
vt 0.535980 0.853919
vt 0.565736 0.865258
vt 0.566762 0.858185
vt 0.594113 0.869092
vt 0.595186 0.862568
vt 0.619000 0.872554
vt 0.620044 0.866492
vt 0.641598 0.875506
vt 0.642578 0.869847
vt 0.663136 0.878042
vt 0.664100 0.872762
vt 0.682603 0.880494
vt 0.683652 0.875567
vt 0.698822 0.883164
vt 0.700018 0.878539
vt 0.711938 0.885936
vt 0.713284 0.881557
vt 0.722190 0.888508
vt 0.723677 0.884334
vt 0.729006 0.890420
vt 0.730644 0.886407
vt 0.732618 0.891579
vt 0.734391 0.887666
vt 0.737131 0.893490
vt 0.739007 0.889729
vt 0.745858 0.897557
vt 0.747745 0.893958
vt 0.755021 0.901907
vt 0.756867 0.898447
vt 0.760474 0.904507
vt 0.762291 0.901126
vt 0.763816 0.906102
vt 0.765613 0.902769
vt 0.767759 0.907985
vt 0.769533 0.904706
vt 0.773695 0.910820
vt 0.775434 0.907623
vt 0.781914 0.914748
vt 0.783606 0.911661
vt 0.789630 0.918439
vt 0.791282 0.915454
vt 0.794223 0.920638
vt 0.795861 0.917721
vt 0.796854 0.921902
vt 0.798501 0.919038
vt 0.799838 0.923502
vt 0.801509 0.920734
vt 0.806356 0.927883
vt 0.808002 0.925286
vt 0.818633 0.936965
vt 0.820165 0.934583
vt 0.834274 0.948959
vt 0.835712 0.946783
vt 0.849418 0.960824
vt 0.851169 0.958987
vt 0.858866 0.968177
vt 0.720582 0.492902
vt 0.722482 0.490690
vt 0.714648 0.538266
vt 0.717005 0.537454
vt 0.701999 0.578262
vt 0.704799 0.578292
vt 0.684111 0.610231
vt 0.687199 0.611275
vt 0.663181 0.635597
vt 0.666371 0.637746
vt 0.640626 0.655713
vt 0.643749 0.659009
vt 0.617362 0.671531
vt 0.620212 0.676037
vt 0.593137 0.683255
vt 0.595424 0.688993
vt 0.567364 0.691320
vt 0.568928 0.698168
vt 0.540270 0.696821
vt 0.541158 0.704574
vt 0.513212 0.700669
vt 0.513461 0.709110
vt 0.489972 0.702800
vt 0.489389 0.711723
vt 0.473855 0.703026
vt 0.471933 0.712124
vt 0.464033 0.701835
vt 0.460286 0.710667
vt 0.458328 0.699718
vt 0.452904 0.708110
vt 0.454513 0.697040
vt 0.448003 0.704756
vt 0.845092 0.963978
vt 0.829961 0.951376
vt 0.843297 0.965771
vt 0.828472 0.953517
vt 0.814740 0.938777
vt 0.802826 0.929169
vt 0.813150 0.941122
vt 0.801113 0.931726
vt 0.796451 0.924451
vt 0.793488 0.922680
vt 0.794713 0.927176
vt 0.791774 0.925497
vt 0.790884 0.921297
vt 0.786367 0.918913
vt 0.789175 0.924168
vt 0.784639 0.921853
vt 0.778794 0.914922
vt 0.770732 0.910673
vt 0.777023 0.917964
vt 0.768911 0.913824
vt 0.764912 0.907606
vt 0.761045 0.905568
vt 0.763054 0.910837
vt 0.759162 0.908855
vt 0.757768 0.903842
vt 0.752418 0.901025
vt 0.755864 0.907176
vt 0.750483 0.904439
vt 0.743422 0.896302
vt 0.734803 0.891848
vt 0.741442 0.899857
vt 0.732832 0.895569
vt 0.730244 0.889669
vt 0.726533 0.888323
vt 0.728374 0.893536
vt 0.724799 0.892293
vt 0.719630 0.886077
vt 0.709319 0.883033
vt 0.718037 0.890211
vt 0.707862 0.887378
vt 0.696147 0.879676
vt 0.679879 0.876289
vt 0.694834 0.884270
vt 0.678706 0.881184
vt 0.660428 0.872994
vt 0.639016 0.869548
vt 0.659332 0.878243
vt 0.637898 0.875179
vt 0.616608 0.865645
vt 0.591898 0.861129
vt 0.615418 0.871682
vt 0.590672 0.867630
vt 0.563646 0.856091
vt 0.533039 0.851158
vt 0.562460 0.863143
vt 0.531989 0.858825
vt 0.502574 0.847053
vt 0.477333 0.844390
vt 0.501769 0.855345
vt 0.477011 0.853228
vt 0.461028 0.843348
vt 0.450446 0.843787
vt 0.461777 0.852516
vt 0.453001 0.852904
vt 0.442125 0.846095
vt 0.436573 0.849635
vt 0.447008 0.854570
vt 0.443547 0.856941
vt 0.222552 0.840534
vt 0.216121 0.836038
vt 0.226153 0.844598
vt 0.218210 0.850707
vt 0.215935 0.847668
vt 0.211071 0.844066
vt 0.206645 0.832119
vt 0.195805 0.829313
vt 0.203145 0.840524
vt 0.193508 0.837613
vt 0.184887 0.827706
vt 0.172356 0.826808
vt 0.183454 0.835645
vt 0.171515 0.834183
vt 0.157020 0.826309
vt 0.142106 0.826393
vt 0.156578 0.832934
vt 0.142006 0.832267
vt 0.130727 0.827151
vt 0.120668 0.828473
vt 0.130943 0.832429
vt 0.121093 0.833211
vt 0.109356 0.830368
vt 0.098280 0.832600
vt 0.109876 0.834520
vt 0.098850 0.836180
vt 0.089535 0.834785
vt 0.083449 0.836499
vt 0.090119 0.837910
vt 0.083970 0.839304
vt 0.079368 0.837582
vt 0.074479 0.838730
vt 0.079796 0.840147
vt 0.074905 0.840920
vt 0.066657 0.840567
vt 0.067406 0.842065
vt 0.354264 0.296253
vt 0.359307 0.306230
vt 0.348227 0.288089
vt 0.356295 0.282064
vt 0.363746 0.291995
vt 0.369512 0.303382
vt 0.299437 0.287774
vt 0.292587 0.294242
vt 0.306690 0.283396
vt 0.301145 0.276219
vt 0.292496 0.282135
vt 0.284678 0.290410
vt 0.283670 0.297817
vt 0.289535 0.289010
vt 0.278679 0.308609
vt 0.269282 0.307249
vt 0.274467 0.295421
vt 0.281094 0.285031
vt 0.386093 0.622421
vt 0.387802 0.636629
vt 0.384825 0.607164
vt 0.394985 0.605055
vt 0.396150 0.619918
vt 0.397782 0.633025
vt 0.365641 0.323364
vt 0.361810 0.311841
vt 0.368558 0.335950
vt 0.378533 0.335246
vt 0.375568 0.322056
vt 0.371548 0.309595
vt 0.274752 0.320775
vt 0.271858 0.333962
vt 0.262515 0.333653
vt 0.265371 0.320063
vt 0.383820 0.590106
vt 0.382915 0.571011
vt 0.393215 0.569353
vt 0.394061 0.588237
vt 0.356944 0.301685
vt 0.350989 0.293454
vt 0.366087 0.298068
vt 0.358816 0.287996
vt 0.234681 0.696373
vt 0.244618 0.689636
vt 0.225147 0.697635
vt 0.224370 0.692701
vt 0.230976 0.691748
vt 0.238291 0.685778
vt 0.264449 0.590512
vt 0.264826 0.571615
vt 0.264000 0.607685
vt 0.254332 0.606139
vt 0.254689 0.589130
vt 0.254994 0.570390
vt 0.286795 0.303040
vt 0.281798 0.313684
vt 0.278140 0.300693
vt 0.272943 0.312327
vt 0.386147 0.627741
vt 0.384890 0.612518
vt 0.387863 0.641918
vt 0.397259 0.638359
vt 0.395612 0.625272
vt 0.394457 0.610445
vt 0.263393 0.623241
vt 0.262388 0.637332
vt 0.253003 0.635391
vt 0.253841 0.621511
vt 0.277799 0.325731
vt 0.274802 0.338842
vt 0.268965 0.325006
vt 0.266014 0.338515
vt 0.383913 0.595498
vt 0.383058 0.576445
vt 0.393565 0.593671
vt 0.392772 0.574838
vt 0.424614 0.695873
vt 0.436226 0.698901
vt 0.412630 0.687392
vt 0.419001 0.681988
vt 0.428166 0.690004
vt 0.436130 0.692415
vt 0.235890 0.701938
vt 0.226380 0.703540
vt 0.245785 0.695044
vt 0.240030 0.691199
vt 0.232707 0.697445
vt 0.225905 0.699041
vt 0.265593 0.595642
vt 0.265115 0.612859
vt 0.266019 0.576697
vt 0.256774 0.575438
vt 0.256417 0.594234
vt 0.256028 0.611297
vt 0.454631 0.691768
vt 0.447884 0.699725
vt 0.444784 0.694803
vt 0.451137 0.688184
vt 0.442156 0.689447
vt 0.447333 0.684194
vt 0.264496 0.628458
vt 0.263489 0.642589
vt 0.255523 0.626722
vt 0.254685 0.640649
vt 0.381984 0.549889
vt 0.381007 0.527203
vt 0.391397 0.525944
vt 0.392333 0.548431
vt 0.424549 0.701007
vt 0.412561 0.692696
vt 0.436228 0.703790
vt 0.435863 0.697467
vt 0.427713 0.695469
vt 0.418439 0.687583
vt 0.218919 0.699411
vt 0.212412 0.693366
vt 0.220215 0.695849
vt 0.214910 0.690866
vt 0.379987 0.503552
vt 0.378873 0.479610
vt 0.389316 0.478726
vt 0.390406 0.502486
vt 0.265796 0.506182
vt 0.266116 0.483059
vt 0.265488 0.529015
vt 0.255581 0.528105
vt 0.255895 0.505427
vt 0.256249 0.482461
vt 0.382201 0.555370
vt 0.381325 0.532732
vt 0.391967 0.553973
vt 0.391133 0.531545
vt 0.265168 0.550991
vt 0.255286 0.549923
vt 0.380433 0.509127
vt 0.379471 0.485228
vt 0.390272 0.508145
vt 0.389333 0.484439
vt 0.267286 0.511117
vt 0.266852 0.533999
vt 0.267756 0.487951
vt 0.258479 0.487300
vt 0.257975 0.510313
vt 0.257535 0.533043
vt 0.266433 0.556023
vt 0.257140 0.554916
vt 0.377639 0.456036
vt 0.376345 0.433352
vt 0.386835 0.432811
vt 0.388106 0.455327
vt 0.375058 0.412010
vt 0.373763 0.392332
vt 0.384285 0.392034
vt 0.385565 0.411616
vt 0.402410 0.676224
vt 0.394825 0.663780
vt 0.404280 0.656934
vt 0.410702 0.670017
vt 0.267148 0.417113
vt 0.267486 0.397558
vt 0.266811 0.438095
vt 0.257079 0.437813
vt 0.257508 0.416979
vt 0.257946 0.397547
vt 0.390312 0.650473
vt 0.400203 0.644883
vt 0.378403 0.461692
vt 0.377285 0.439041
vt 0.388290 0.461088
vt 0.387191 0.438616
vt 0.266461 0.460212
vt 0.256651 0.459771
vt 0.376174 0.417730
vt 0.375053 0.398082
vt 0.386094 0.417463
vt 0.384983 0.397929
vt 0.402414 0.681473
vt 0.394875 0.669015
vt 0.410179 0.675474
vt 0.403791 0.662298
vt 0.269325 0.421916
vt 0.268801 0.442919
vt 0.269846 0.402351
vt 0.260887 0.402290
vt 0.260271 0.421729
vt 0.259657 0.442581
vt 0.341061 0.282033
vt 0.333300 0.277918
vt 0.337228 0.268684
vt 0.347293 0.274122
vt 0.390380 0.655729
vt 0.399709 0.650221
vt 0.268268 0.465065
vt 0.259049 0.464570
vt 0.325540 0.275603
vt 0.318084 0.274934
vt 0.316656 0.265282
vt 0.326811 0.265785
vt 0.372394 0.374512
vt 0.370838 0.358379
vt 0.381395 0.357995
vt 0.382933 0.374228
vt 0.368943 0.343679
vt 0.366527 0.330149
vt 0.377089 0.329059
vt 0.379515 0.343042
vt 0.260647 0.650337
vt 0.257517 0.663495
vt 0.248877 0.661066
vt 0.251528 0.648167
vt 0.343815 0.287393
vt 0.336179 0.283225
vt 0.349875 0.279976
vt 0.339930 0.274452
vt 0.269870 0.348045
vt 0.268612 0.363187
vt 0.259245 0.363229
vt 0.260536 0.347972
vt 0.252323 0.677480
vt 0.244509 0.674583
vt 0.328516 0.280849
vt 0.321100 0.280131
vt 0.329652 0.271510
vt 0.319657 0.270984
vt 0.373855 0.380289
vt 0.372473 0.364180
vt 0.383797 0.380180
vt 0.382429 0.364017
vt 0.267900 0.379623
vt 0.258458 0.379679
vt 0.370766 0.349493
vt 0.380737 0.349146
vt 0.261750 0.655630
vt 0.258630 0.668827
vt 0.253211 0.653467
vt 0.250558 0.666407
vt 0.310916 0.275767
vt 0.303738 0.278228
vt 0.297812 0.270641
vt 0.307037 0.266905
vt 0.272693 0.352879
vt 0.271297 0.367994
vt 0.263923 0.352780
vt 0.262500 0.368000
vt 0.253457 0.682859
vt 0.246201 0.679960
vt 0.296519 0.282588
vt 0.289058 0.276668
vt 0.270431 0.384417
vt 0.261564 0.384429
vt 0.363374 0.317623
vt 0.373851 0.315816
vt 0.313915 0.280942
vt 0.310216 0.272570
vt 0.288728 0.893014
vt 0.293787 0.891730
vt 0.293210 0.888374
vt 0.288570 0.889873
vt 0.299504 0.889036
vt 0.298490 0.885700
vt 0.297904 0.884791
vt 0.293947 0.886238
vt 0.289195 0.887327
vt 0.282626 0.892551
vt 0.285729 0.893110
vt 0.285793 0.890220
vt 0.282893 0.889463
vt 0.285599 0.887581
vt 0.282006 0.886823
vt 0.277152 0.884747
vt 0.278033 0.887004
vt 0.273062 0.882370
vt 0.272500 0.883218
vt 0.271389 0.886582
vt 0.277349 0.890372
vt 0.259316 0.876004
vt 0.266055 0.882009
vt 0.267417 0.878635
vt 0.260688 0.872243
vt 0.269504 0.878675
vt 0.263264 0.871955
vt 0.304640 0.885517
vt 0.303284 0.882138
vt 0.311242 0.880800
vt 0.309748 0.877137
vt 0.306967 0.876321
vt 0.301149 0.881751
vt 0.362243 0.887153
vt 0.367931 0.889399
vt 0.368583 0.885915
vt 0.363283 0.883712
vt 0.373040 0.890483
vt 0.373427 0.887183
vt 0.372860 0.884799
vt 0.367891 0.883956
vt 0.363884 0.882786
vt 0.376316 0.890642
vt 0.376579 0.887471
vt 0.379810 0.890135
vt 0.379806 0.886695
vt 0.380637 0.884252
vt 0.376745 0.885016
vt 0.385235 0.887973
vt 0.384770 0.884269
vt 0.391059 0.884311
vt 0.390186 0.880625
vt 0.389651 0.879866
vt 0.385601 0.882137
vt 0.396201 0.880168
vt 0.395053 0.876448
vt 0.402893 0.875356
vt 0.401661 0.871298
vt 0.399210 0.871016
vt 0.393046 0.876575
vt 0.350639 0.879873
vt 0.357221 0.884102
vt 0.358606 0.880669
vt 0.352187 0.876221
vt 0.360731 0.880149
vt 0.354967 0.875254
vt 0.297858 0.883403
vt 0.292096 0.886079
vt 0.291497 0.882766
vt 0.296851 0.880112
vt 0.287061 0.887419
vt 0.286782 0.884340
vt 0.287420 0.881768
vt 0.292268 0.880668
vt 0.296287 0.879202
vt 0.284086 0.887623
vt 0.283954 0.884736
vt 0.280920 0.887189
vt 0.281091 0.884038
vt 0.280208 0.881442
vt 0.283788 0.882129
vt 0.275584 0.885072
vt 0.276270 0.881677
vt 0.269684 0.881228
vt 0.270826 0.877823
vt 0.271406 0.876982
vt 0.275440 0.879363
vt 0.264405 0.876641
vt 0.265800 0.873202
vt 0.257756 0.870535
vt 0.259180 0.866714
vt 0.261761 0.866415
vt 0.267898 0.873255
vt 0.309720 0.875238
vt 0.303037 0.879876
vt 0.301700 0.876557
vt 0.308269 0.871651
vt 0.299580 0.876153
vt 0.305513 0.870770
vt 0.371274 0.885356
vt 0.366161 0.884312
vt 0.366811 0.880811
vt 0.371584 0.882016
vt 0.360521 0.882048
vt 0.361576 0.878593
vt 0.362200 0.877674
vt 0.366156 0.878829
vt 0.371040 0.879656
vt 0.377979 0.884817
vt 0.374550 0.885426
vt 0.374680 0.882254
vt 0.377939 0.881439
vt 0.374896 0.879786
vt 0.378818 0.878984
vt 0.389348 0.879049
vt 0.383395 0.882639
vt 0.382997 0.878978
vt 0.388538 0.875391
vt 0.383889 0.876891
vt 0.388019 0.874616
vt 0.401440 0.869924
vt 0.394613 0.874909
vt 0.393514 0.871213
vt 0.400272 0.865878
vt 0.391503 0.871313
vt 0.397828 0.865639
vt 0.355552 0.879012
vt 0.356960 0.875555
vt 0.349080 0.874781
vt 0.350673 0.871084
vt 0.353481 0.870173
vt 0.359102 0.875051
vt 0.330698 0.870421
vt 0.320872 0.874161
vt 0.322138 0.884645
vt 0.330712 0.881606
vt 0.312880 0.890011
vt 0.313720 0.902507
vt 0.322914 0.898346
vt 0.330942 0.895967
vt 0.340723 0.873738
vt 0.339536 0.884119
vt 0.348913 0.889060
vt 0.338839 0.897830
vt 0.347531 0.901684
vt 0.249424 0.867600
vt 0.248680 0.878671
vt 0.257877 0.885661
vt 0.239051 0.860974
vt 0.239592 0.873167
vt 0.240985 0.888905
vt 0.248636 0.893363
vt 0.257009 0.898966
vt 0.230751 0.860650
vt 0.232414 0.872272
vt 0.222862 0.863429
vt 0.225456 0.873933
vt 0.229802 0.888945
vt 0.235193 0.887860
vt 0.424545 0.864776
vt 0.413156 0.869149
vt 0.413662 0.880711
vt 0.423596 0.877139
vt 0.403871 0.885829
vt 0.404070 0.900085
vt 0.413824 0.895923
vt 0.422280 0.892916
vt 0.443381 0.870581
vt 0.434343 0.866158
vt 0.431844 0.877622
vt 0.439861 0.880294
vt 0.428598 0.893039
vt 0.434818 0.894924
vt 0.319588 0.868827
vt 0.320538 0.879127
vt 0.311243 0.884292
vt 0.329512 0.865233
vt 0.329265 0.876367
vt 0.328580 0.890641
vt 0.320775 0.892700
vt 0.312141 0.896719
vt 0.339423 0.868588
vt 0.337939 0.879062
vt 0.347249 0.884042
vt 0.345837 0.896595
vt 0.336669 0.892734
vt 0.237872 0.854884
vt 0.248114 0.861816
vt 0.247033 0.873050
vt 0.238138 0.867231
vt 0.256130 0.880332
vt 0.255277 0.893812
vt 0.246394 0.888018
vt 0.238695 0.883205
vt 0.221470 0.857643
vt 0.229401 0.854582
vt 0.230944 0.866197
vt 0.223985 0.867891
vt 0.232984 0.881956
vt 0.227591 0.882963
vt 0.411814 0.863350
vt 0.412086 0.874934
vt 0.402210 0.880352
vt 0.422913 0.858690
vt 0.421854 0.871166
vt 0.420005 0.887036
vt 0.411627 0.890141
vt 0.402072 0.894609
vt 0.431947 0.860097
vt 0.429608 0.871863
vt 0.440556 0.864682
vt 0.437330 0.875046
vt 0.432067 0.889870
vt 0.426101 0.887432
vt 0.285563 0.899823
vt 0.288784 0.899872
vt 0.282187 0.899494
vt 0.281821 0.909732
vt 0.285346 0.909917
vt 0.288662 0.909941
vt 0.292737 0.873818
vt 0.284638 0.872976
vt 0.285194 0.881651
vt 0.290568 0.881870
vt 0.276724 0.872528
vt 0.279905 0.881066
vt 0.276395 0.897920
vt 0.270047 0.894717
vt 0.269254 0.906151
vt 0.275786 0.908606
vt 0.269105 0.872177
vt 0.274179 0.879884
vt 0.294348 0.899109
vt 0.300587 0.896945
vt 0.294352 0.909473
vt 0.300842 0.907931
vt 0.300778 0.875086
vt 0.296423 0.881869
vt 0.306086 0.893956
vt 0.306669 0.905619
vt 0.264544 0.890760
vt 0.263615 0.903051
vt 0.375595 0.898000
vt 0.379312 0.897749
vt 0.372126 0.897928
vt 0.370660 0.908768
vt 0.374168 0.908857
vt 0.377915 0.908752
vt 0.385969 0.871195
vt 0.382562 0.879002
vt 0.388395 0.877765
vt 0.393572 0.871029
vt 0.369406 0.872479
vt 0.371465 0.879920
vt 0.377039 0.879627
vt 0.377781 0.871583
vt 0.385297 0.896322
vt 0.391663 0.893364
vt 0.384042 0.907941
vt 0.390815 0.905944
vt 0.366691 0.897152
vt 0.360735 0.895225
vt 0.359228 0.906562
vt 0.365174 0.908113
vt 0.365499 0.880083
vt 0.361222 0.873866
vt 0.355530 0.892603
vt 0.354028 0.904498
vt 0.397086 0.889855
vt 0.396739 0.903293
vt 0.284362 0.894323
vt 0.280948 0.894081
vt 0.287568 0.894299
vt 0.288195 0.904421
vt 0.284886 0.904391
vt 0.281390 0.904213
vt 0.275175 0.867015
vt 0.278231 0.875644
vt 0.272545 0.874468
vt 0.267580 0.866660
vt 0.291196 0.868265
vt 0.288911 0.876345
vt 0.283507 0.876183
vt 0.283079 0.867446
vt 0.274989 0.892653
vt 0.268467 0.889513
vt 0.275262 0.903301
vt 0.268360 0.901063
vt 0.293025 0.893421
vt 0.299137 0.891181
vt 0.300014 0.902097
vt 0.293810 0.903804
vt 0.294816 0.876307
vt 0.299282 0.869526
vt 0.304536 0.888178
vt 0.305493 0.899779
vt 0.262864 0.885538
vt 0.262323 0.897972
vt 0.374145 0.892804
vt 0.370676 0.892784
vt 0.377812 0.892479
vt 0.377053 0.903612
vt 0.373284 0.903705
vt 0.369758 0.903589
vt 0.367834 0.867340
vt 0.376207 0.866421
vt 0.375324 0.874426
vt 0.369761 0.874762
vt 0.384440 0.866001
vt 0.380884 0.873778
vt 0.383645 0.890939
vt 0.389908 0.887977
vt 0.389401 0.900509
vt 0.383030 0.902642
vt 0.392122 0.865757
vt 0.386789 0.872533
vt 0.365185 0.892072
vt 0.359158 0.890186
vt 0.364222 0.903008
vt 0.358082 0.901529
vt 0.359689 0.868755
vt 0.363835 0.874957
vt 0.353901 0.887574
vt 0.352634 0.899426
vt 0.395342 0.884496
vt 0.394974 0.897896
vt 0.269408 0.853832
vt 0.283584 0.854774
vt 0.283445 0.851073
vt 0.268020 0.849937
vt 0.298005 0.856459
vt 0.299070 0.852871
vt 0.299248 0.851982
vt 0.283443 0.850162
vt 0.267822 0.848968
vt 0.364986 0.855485
vt 0.380500 0.853924
vt 0.381115 0.850321
vt 0.364213 0.851916
vt 0.395346 0.853810
vt 0.397322 0.850214
vt 0.397732 0.849403
vt 0.381252 0.849527
vt 0.364107 0.851129
vt 0.266533 0.843219
vt 0.282077 0.844481
vt 0.282101 0.845299
vt 0.266771 0.844089
vt 0.297824 0.846369
vt 0.297662 0.847178
vt 0.296638 0.850809
vt 0.282234 0.849023
vt 0.268126 0.847999
vt 0.362785 0.846054
vt 0.379944 0.844429
vt 0.379800 0.845220
vt 0.362900 0.846832
vt 0.396483 0.844166
vt 0.396071 0.844986
vt 0.394058 0.848614
vt 0.379155 0.848820
vt 0.363674 0.850366
vt 0.424196 0.847348
vt 0.433958 0.852784
vt 0.433628 0.853286
vt 0.423627 0.848062
vt 0.442341 0.859401
vt 0.442182 0.859792
vt 0.442040 0.860144
vt 0.433299 0.853855
vt 0.420916 0.850600
vt 0.219546 0.852614
vt 0.227893 0.847407
vt 0.228141 0.847913
vt 0.219738 0.852962
vt 0.237887 0.843102
vt 0.238284 0.843878
vt 0.240449 0.846946
vt 0.228378 0.848493
vt 0.219893 0.853284
vt 0.445753 0.865885
vt 0.436538 0.859122
vt 0.436142 0.859572
vt 0.445530 0.866210
vt 0.425908 0.853483
vt 0.425261 0.854152
vt 0.422372 0.856637
vt 0.435750 0.860078
vt 0.445343 0.866513
vt 0.239178 0.849164
vt 0.229401 0.853342
vt 0.229602 0.853919
vt 0.239516 0.850047
vt 0.221291 0.858144
vt 0.221437 0.858526
vt 0.221566 0.858869
vt 0.229787 0.854540
vt 0.241616 0.853066
vt 0.330954 0.855626
vt 0.315049 0.854161
vt 0.314785 0.855061
vt 0.330917 0.856542
vt 0.312751 0.858768
vt 0.330845 0.861339
vt 0.349414 0.858088
vt 0.347526 0.854440
vt 0.347315 0.853608
vt 0.252653 0.848209
vt 0.253014 0.849226
vt 0.255555 0.853231
vt 0.412630 0.850628
vt 0.411989 0.851424
vt 0.408845 0.854838
vt 0.313650 0.848727
vt 0.313423 0.849576
vt 0.329690 0.850438
vt 0.329724 0.851332
vt 0.329689 0.856144
vt 0.311462 0.853295
vt 0.346012 0.848519
vt 0.346264 0.849334
vt 0.348190 0.852959
vt 0.251425 0.842330
vt 0.251842 0.843242
vt 0.254351 0.847285
vt 0.411357 0.844995
vt 0.410750 0.845822
vt 0.407615 0.849317
vt 0.284017 0.863016
vt 0.295577 0.864375
vt 0.272735 0.862415
vt 0.262039 0.862208
vt 0.253717 0.862331
vt 0.283422 0.849241
vt 0.299211 0.851087
vt 0.267800 0.848021
vt 0.252545 0.847194
vt 0.238838 0.848002
vt 0.366940 0.863319
vt 0.379160 0.861989
vt 0.390900 0.861815
vt 0.381354 0.848807
vt 0.397929 0.848615
vt 0.364146 0.850443
vt 0.401356 0.862478
vt 0.409161 0.863465
vt 0.412986 0.849755
vt 0.426520 0.852490
vt 0.345492 0.868039
vt 0.355007 0.865610
vt 0.347320 0.852904
vt 0.330940 0.854836
vt 0.307046 0.866463
vt 0.316283 0.868557
vt 0.315017 0.853321
vt 0.294152 0.858763
vt 0.282585 0.857364
vt 0.271339 0.856731
vt 0.282020 0.843801
vt 0.266435 0.842517
vt 0.297794 0.845687
vt 0.260701 0.856471
vt 0.252429 0.856504
vt 0.251224 0.841567
vt 0.237482 0.842172
vt 0.377718 0.856866
vt 0.365518 0.858199
vt 0.389515 0.856628
vt 0.400070 0.857093
vt 0.407919 0.857830
vt 0.380048 0.843709
vt 0.362822 0.845369
vt 0.396681 0.843380
vt 0.411699 0.844131
vt 0.424783 0.846356
vt 0.353674 0.860487
vt 0.344264 0.862870
vt 0.346007 0.847822
vt 0.329666 0.849691
vt 0.315061 0.863225
vt 0.305710 0.860955
vt 0.313634 0.848020
vt 0.341983 0.869433
vt 0.330753 0.865462
vt 0.319684 0.869830
vt 0.250472 0.863043
vt 0.239170 0.855502
vt 0.229832 0.855695
vt 0.221837 0.859596
vt 0.229082 0.852474
vt 0.221068 0.857580
vt 0.412191 0.864413
vt 0.424617 0.859239
vt 0.435617 0.861244
vt 0.445000 0.867180
vt 0.437080 0.858365
vt 0.446105 0.865369
vt 0.318472 0.864540
vt 0.329615 0.860283
vt 0.340755 0.864260
vt 0.227523 0.846674
vt 0.219240 0.852110
vt 0.228450 0.849657
vt 0.220187 0.853994
vt 0.238022 0.849372
vt 0.249227 0.857226
vt 0.410924 0.858602
vt 0.423021 0.853084
vt 0.433164 0.855028
vt 0.441738 0.860864
vt 0.434468 0.851995
vt 0.442620 0.858807
vt 0.444721 0.699845
vt 0.451114 0.693409
vt 0.446997 0.689586
vt 0.441728 0.694622
vt 0.452690 0.703509
vt 0.460089 0.706180
vt 0.458289 0.694940
vt 0.463971 0.697383
vt 0.471783 0.707907
vt 0.489372 0.707922
vt 0.473913 0.698953
vt 0.490180 0.699082
vt 0.513599 0.705833
vt 0.541467 0.701896
vt 0.513546 0.697409
vt 0.540752 0.694121
vt 0.569443 0.696113
vt 0.596214 0.687561
vt 0.568040 0.689222
vt 0.594072 0.681771
vt 0.621368 0.675209
vt 0.645369 0.658767
vt 0.618639 0.670640
vt 0.642336 0.655394
vt 0.668560 0.638081
vt 0.690087 0.612151
vt 0.665428 0.635850
vt 0.687026 0.611029
vt 0.708551 0.579626
vt 0.721826 0.539106
vt 0.705751 0.579532
vt 0.719449 0.539863
vt 0.728534 0.492489
vt 0.726579 0.494656
vt 0.729559 0.463504
vt 0.216574 0.697268
vt 0.217800 0.693416
vt 0.209444 0.690283
vt 0.211386 0.687322
vt 0.213591 0.684425
vt 0.218909 0.689434
vt 0.082630 0.621800
vt 0.091805 0.621883
vt 0.083160 0.619840
vt 0.091968 0.618949
vt 0.101371 0.622221
vt 0.109281 0.623294
vt 0.101664 0.618267
vt 0.110496 0.618748
vt 0.114059 0.625194
vt 0.118983 0.630075
vt 0.116558 0.620810
vt 0.123208 0.626437
vt 0.125182 0.643126
vt 0.131720 0.660646
vt 0.130522 0.640457
vt 0.137236 0.657984
vt 0.139837 0.677255
vt 0.148685 0.690040
vt 0.145188 0.673823
vt 0.153551 0.685469
vt 0.156874 0.697909
vt 0.166077 0.703430
vt 0.160850 0.692140
vt 0.169027 0.696615
vt 0.178067 0.708177
vt 0.189626 0.710911
vt 0.179880 0.700378
vt 0.189709 0.702399
vt 0.197337 0.711017
vt 0.202554 0.709637
vt 0.195373 0.702455
vt 0.198932 0.701351
vt 0.207369 0.706965
vt 0.211446 0.703552
vt 0.202287 0.699181
vt 0.205264 0.696183
vt 0.214386 0.700375
vt 0.207533 0.693167
s 1
f 266/235/266 1071/236/1066 2435/237/2418 1076/238/1071
f 1071/236/1066 211/239/211 971/240/971 2435/237/2418
f 2435/237/2418 971/240/971 212/241/212 974/242/974
f 1076/238/1071 2435/237/2418 974/242/974 265/243/265
f 265/243/265 974/242/974 2436/244/2419 1075/245/1070
f 974/242/974 212/241/212 972/246/972 2436/244/2419
f 2436/244/2419 972/246/972 213/247/213 1069/248/1064
f 1075/245/1070 2436/244/2419 1069/248/1064 264/249/264
f 267/250/267 1072/251/1067 2437/252/2420 1074/253/1069
f 1072/251/1067 252/254/252 970/255/970 2437/252/2420
f 2437/252/2420 970/255/970 211/239/211 1071/236/1066
f 1074/253/1069 2437/252/2420 1071/236/1066 266/235/266
f 289/256/289 1113/257/1107 2438/258/2421 1117/259/1111
f 1113/257/1107 214/260/214 977/261/977 2438/258/2421
f 2438/258/2421 977/261/977 215/262/215 1110/263/1105
f 1117/259/1111 2438/258/2421 1110/263/1105 292/264/292
f 292/264/292 1110/263/1105 2439/265/1112 1118/266/1112
f 1110/263/1105 215/262/215 978/267/978 2439/265/1112
f 2439/265/1112 978/267/978 216/268/216 1112/269/216
f 1118/266/1112 2439/265/1112 1112/269/216 288/270/288
f 297/271/297 1126/272/1120 2440/273/2422 1132/274/1125
f 1126/272/1120 254/275/254 1048/276/1043 2440/273/2422
f 2440/273/2422 1048/276/1043 219/277/219 1125/278/1119
f 1132/274/1125 2440/273/2422 1125/278/1119 296/279/296
f 294/280/294 982/281/981 2441/282/984 1131/283/984
f 982/281/981 218/284/218 985/285/984 2441/282/984
f 2441/282/984 985/285/984 217/286/217 1124/287/1118
f 1131/283/984 2441/282/984 1124/287/1118 295/288/295
f 296/279/296 1125/278/1119 2442/289/2423 1130/290/1124
f 1125/278/1119 219/277/219 986/291/985 2442/289/2423
f 2442/289/2423 986/291/985 218/284/218 982/281/981
f 1130/290/1124 2442/289/2423 982/281/981 294/280/294
f 307/292/307 1146/293/1137 2443/294/2424 1154/295/1145
f 1146/293/1137 221/296/221 992/297/991 2443/294/2424
f 2443/294/2424 992/297/991 222/298/222 990/299/989
f 1154/295/1145 2443/294/2424 990/299/989 308/300/308
f 308/300/308 990/299/989 2444/301/2425 1153/302/1144
f 990/299/989 222/298/222 993/303/992 2444/301/2425
f 2444/301/2425 993/303/992 220/304/220 1145/305/1136
f 1153/302/1144 2444/301/2425 1145/305/1136 306/306/306
f 309/307/309 1148/308/1139 2445/309/2426 1152/310/1143
f 1148/308/1139 255/311/255 1049/312/1044 2445/309/2426
f 2445/309/2426 1049/312/1044 221/296/221 1146/293/1137
f 1152/310/1143 2445/309/2426 1146/293/1137 307/292/307
f 282/313/282 1100/314/1095 2446/315/2427 1109/316/1104
f 1100/314/1095 224/317/224 997/318/996 2446/315/2427
f 2446/315/2427 997/318/996 225/319/225 998/320/997
f 1109/316/1104 2446/315/2427 998/320/997 281/321/281
f 285/322/285 1103/323/1098 2447/324/2428 1108/325/1103
f 1103/323/1098 256/326/256 995/327/994 2447/324/2428
f 2447/324/2428 995/327/994 223/328/223 1000/329/999
f 1108/325/1103 2447/324/2428 1000/329/999 283/330/283
f 283/330/283 1000/329/999 2448/331/2429 1107/332/1102
f 1000/329/999 223/328/223 996/333/995 2448/331/2429
f 2448/331/2429 996/333/995 224/317/224 1100/314/1095
f 1107/332/1102 2448/331/2429 1100/314/1095 282/313/282
f 224/317/224 1006/334/1005 2449/335/2430 997/318/996
f 1006/334/1005 228/336/228 1004/337/1003 2449/335/2430
f 2449/335/2430 1004/337/1003 229/338/229 1005/339/1004
f 997/318/996 2449/335/2430 1005/339/1004 225/319/225
f 256/326/256 1062/340/1057 2450/341/2431 995/327/994
f 1062/340/1057 257/342/257 1002/343/1001 2450/341/2431
f 2450/341/2431 1002/343/1001 227/344/227 1007/345/1006
f 995/327/994 2450/341/2431 1007/345/1006 223/328/223
f 223/328/223 1007/345/1006 2451/346/2432 996/333/995
f 1007/345/1006 227/344/227 1003/347/1002 2451/346/2432
f 2451/346/2432 1003/347/1002 228/336/228 1006/334/1005
f 996/333/995 2451/346/2432 1006/334/1005 224/317/224
f 228/336/228 1013/348/1011 2452/349/1003 1004/337/1003
f 1013/348/1011 232/350/232 1011/351/1003 2452/349/1003
f 2452/349/1003 1011/351/1003 233/352/233 1012/353/1010
f 1004/337/1003 2452/349/1003 1012/353/1010 229/338/229
f 257/342/257 1061/354/1056 2453/355/2433 1002/343/1001
f 1061/354/1056 258/356/258 1009/357/1008 2453/355/2433
f 2453/355/2433 1009/357/1008 231/358/231 1014/359/1012
f 1002/343/1001 2453/355/2433 1014/359/1012 227/344/227
f 227/344/227 1014/359/1012 2454/360/2434 1003/347/1002
f 1014/359/1012 231/358/231 1010/361/1009 2454/360/2434
f 2454/360/2434 1010/361/1009 232/350/232 1013/348/1011
f 1003/347/1002 2454/360/2434 1013/348/1011 228/336/228
f 232/350/232 1020/362/1017 2455/363/1003 1011/351/1003
f 1020/362/1017 236/364/236 1018/365/1003 2455/363/1003
f 2455/363/1003 1018/365/1003 237/366/237 1019/367/1016
f 1011/351/1003 2455/363/1003 1019/367/1016 233/352/233
f 258/356/258 1060/368/1055 2456/369/2435 1009/357/1008
f 1060/368/1055 259/370/259 1016/371/1014 2456/369/2435
f 2456/369/2435 1016/371/1014 235/372/235 1021/373/1018
f 1009/357/1008 2456/369/2435 1021/373/1018 231/358/231
f 231/358/231 1021/373/1018 2457/374/2436 1010/361/1009
f 1021/373/1018 235/372/235 1017/375/1015 2457/374/2436
f 2457/374/2436 1017/375/1015 236/364/236 1020/362/1017
f 1010/361/1009 2457/374/2436 1020/362/1017 232/350/232
f 248/376/248 1038/377/1003 2458/378/1003 1044/379/1003
f 1038/377/1003 240/380/240 1025/381/1022 2458/378/1003
f 2458/378/1003 1025/381/1022 241/382/241 1026/383/1023
f 1044/379/1003 2458/378/1003 1026/383/1023 247/384/247
f 262/385/262 1059/386/1054 2459/387/2437 1056/388/1051
f 1059/386/1054 260/389/260 1023/390/1020 2459/387/2437
f 2459/387/2437 1023/390/1020 239/391/239 1028/392/1025
f 1056/388/1051 2459/387/2437 1028/392/1025 249/393/249
f 249/393/249 1028/392/1025 2460/394/2438 1041/395/1037
f 1028/392/1025 239/391/239 1024/396/1021 2460/394/2438
f 2460/394/2438 1024/396/1021 240/380/240 1038/377/1003
f 1041/395/1037 2460/394/2438 1038/377/1003 248/376/248
f 240/380/240 1034/397/1031 2461/398/2439 1025/381/1022
f 1034/397/1031 244/399/244 1032/400/1029 2461/398/2439
f 2461/398/2439 1032/400/1029 245/401/245 1033/402/1030
f 1025/381/1022 2461/398/2439 1033/402/1030 241/382/241
f 260/389/260 1058/403/1053 2462/404/2440 1023/390/1020
f 1058/403/1053 261/405/261 1030/406/1027 2462/404/2440
f 2462/404/2440 1030/406/1027 243/407/243 1035/408/1032
f 1023/390/1020 2462/404/2440 1035/408/1032 239/391/239
f 239/391/239 1035/408/1032 2463/409/2441 1024/396/1021
f 1035/408/1032 243/407/243 1031/410/1028 2463/409/2441
f 2463/409/2441 1031/410/1028 244/399/244 1034/397/1031
f 1024/396/1021 2463/409/2441 1034/397/1031 240/380/240
f 235/372/235 1039/411/1035 2464/412/2442 1017/375/1015
f 1039/411/1035 249/393/249 1041/395/1037 2464/412/2442
f 2464/412/2442 1041/395/1037 248/376/248 1027/413/1024
f 1017/375/1015 2464/412/2442 1027/413/1024 236/364/236
f 259/370/259 1057/414/1052 2465/415/2443 1016/371/1014
f 1057/414/1052 262/385/262 1056/388/1051 2465/415/2443
f 2465/415/2443 1056/388/1051 249/393/249 1039/411/1035
f 1016/371/1014 2465/415/2443 1039/411/1035 235/372/235
f 236/364/236 1027/413/1024 2466/416/1003 1018/365/1003
f 1027/413/1024 248/376/248 1044/379/1003 2466/416/1003
f 2466/416/1003 1044/379/1003 247/384/247 1037/417/1034
f 1018/365/1003 2466/416/1003 1037/417/1034 237/366/237
f 290/418/290 1114/419/1108 2467/420/2444 1119/421/1113
f 1114/419/1108 253/422/253 976/423/976 2467/420/2444
f 2467/420/2444 976/423/976 214/260/214 1113/257/1107
f 1119/421/1113 2467/420/2444 1113/257/1107 289/256/289
f 238/424/238 1029/425/1026 2468/426/2445 1053/427/1048
f 1029/425/1026 250/428/250 1043/429/1039 2468/426/2445
f 2468/426/2445 1043/429/1039 262/385/262 1057/414/1052
f 1053/427/1048 2468/426/2445 1057/414/1052 259/370/259
f 242/430/242 1036/431/1033 2469/432/2446 1054/433/1049
f 1036/431/1033 246/434/246 1055/435/1050 2469/432/2446
f 2469/432/2446 1055/435/1050 261/405/261 1058/403/1053
f 1054/433/1049 2469/432/2446 1058/403/1053 260/389/260
f 250/428/250 1040/436/1036 2470/437/2447 1043/429/1039
f 1040/436/1036 242/430/242 1054/433/1049 2470/437/2447
f 2470/437/2447 1054/433/1049 260/389/260 1059/386/1054
f 1043/429/1039 2470/437/2447 1059/386/1054 262/385/262
f 234/438/234 1022/439/1019 2471/440/2448 1052/441/1047
f 1022/439/1019 238/424/238 1053/427/1048 2471/440/2448
f 2471/440/2448 1053/427/1048 259/370/259 1060/368/1055
f 1052/441/1047 2471/440/2448 1060/368/1055 258/356/258
f 230/442/230 1015/443/1013 2472/444/2449 1051/445/1046
f 1015/443/1013 234/438/234 1052/441/1047 2472/444/2449
f 2472/444/2449 1052/441/1047 258/356/258 1061/354/1056
f 1051/445/1046 2472/444/2449 1061/354/1056 257/342/257
f 226/446/226 1008/447/1007 2473/448/2450 1050/449/1045
f 1008/447/1007 230/442/230 1051/445/1046 2473/448/2450
f 2473/448/2450 1051/445/1046 257/342/257 1062/340/1057
f 1050/449/1045 2473/448/2450 1062/340/1057 256/326/256
f 284/450/284 1102/451/1097 2474/452/2451 1106/453/1101
f 1102/451/1097 226/446/226 1050/449/1045 2474/452/2451
f 2474/452/2451 1050/449/1045 256/326/256 1103/323/1098
f 1106/453/1101 2474/452/2451 1103/323/1098 285/322/285
f 305/454/305 1144/455/1135 2475/456/2452 1151/457/1142
f 1144/455/1135 210/458/210 994/459/993 2475/456/2452
f 2475/456/2452 994/459/993 255/311/255 1148/308/1139
f 1151/457/1142 2475/456/2452 1148/308/1139 309/307/309
f 293/460/293 1122/461/1116 2476/462/2453 1129/463/1123
f 1122/461/1116 209/464/209 984/465/983 2476/462/2453
f 2476/462/2453 984/465/983 254/275/254 1126/272/1120
f 1129/463/1123 2476/462/2453 1126/272/1120 297/271/297
f 263/466/263 1068/467/1063 2477/468/2454 1073/469/1068
f 1068/467/1063 207/470/207 1046/471/1041 2477/468/2454
f 2477/468/2454 1046/471/1041 252/254/252 1072/251/1067
f 1073/469/1068 2477/468/2454 1072/251/1067 267/250/267
f 287/472/287 1111/473/1106 2478/474/2455 1120/475/1114
f 1111/473/1106 208/476/208 1047/477/1042 2478/474/2455
f 2478/474/2455 1047/477/1042 253/422/253 1114/419/1108
f 1120/475/1114 2478/474/2455 1114/419/1108 290/418/290
f 206/478/206 966/479/966 2479/480/2456 1045/481/1040
f 966/479/966 263/466/263 1073/469/1068 2479/480/2456
f 2479/480/2456 1073/469/1068 267/250/267 1067/482/1062
f 1045/481/1040 2479/480/2456 1067/482/1062 251/483/251
f 251/483/251 1067/482/1062 2480/484/2457 963/485/963
f 1067/482/1062 267/250/267 1074/253/1069 2480/484/2457
f 2480/484/2457 1074/253/1069 266/235/266 975/486/975
f 963/485/963 2480/484/2457 975/486/975 203/487/203
f 204/488/204 1070/489/1065 2481/490/2458 965/491/965
f 1070/489/1065 265/243/265 1075/245/1070 2481/490/2458
f 2481/490/2458 1075/245/1070 264/249/264 973/492/973
f 965/491/965 2481/490/2458 973/492/973 205/493/205
f 203/487/203 975/486/975 2482/494/2459 964/495/964
f 975/486/975 266/235/266 1076/238/1071 2482/494/2459
f 2482/494/2459 1076/238/1071 265/243/265 1070/489/1065
f 964/495/964 2482/494/2459 1070/489/1065 204/488/204
f 205/493/205 973/492/973 2483/496/2460 1077/497/1072
f 973/492/973 264/249/264 1086/498/1081 2483/496/2460
f 2483/496/2460 1086/498/1081 280/499/280 1087/500/1082
f 1077/497/1072 2483/496/2460 1087/500/1082 268/501/268
f 237/366/237 1037/417/1034 2484/502/2461 1083/503/1078
f 1037/417/1034 247/384/247 1042/504/1038 2484/502/2461
f 2484/502/2461 1042/504/1038 279/505/279 1088/506/1083
f 1083/503/1078 2484/502/2461 1088/506/1083 276/507/276
f 241/382/241 1033/402/1030 2485/508/2462 1084/509/1079
f 1033/402/1030 245/401/245 1085/510/1080 2485/508/2462
f 2485/508/2462 1085/510/1080 278/511/278 1089/512/1084
f 1084/509/1079 2485/508/2462 1089/512/1084 277/513/277
f 247/384/247 1026/383/1023 2486/514/2463 1042/504/1038
f 1026/383/1023 241/382/241 1084/509/1079 2486/514/2463
f 2486/514/2463 1084/509/1079 277/513/277 1090/515/1085
f 1042/504/1038 2486/514/2463 1090/515/1085 279/505/279
f 233/352/233 1019/367/1016 2487/516/2464 1082/517/1077
f 1019/367/1016 237/366/237 1083/503/1078 2487/516/2464
f 2487/516/2464 1083/503/1078 276/507/276 1091/518/1086
f 1082/517/1077 2487/516/2464 1091/518/1086 275/519/275
f 229/338/229 1012/353/1010 2488/520/2465 1081/521/1076
f 1012/353/1010 233/352/233 1082/517/1077 2488/520/2465
f 2488/520/2465 1082/517/1077 275/519/275 1092/522/1087
f 1081/521/1076 2488/520/2465 1092/522/1087 274/523/274
f 225/319/225 1005/339/1004 2489/524/2466 1080/525/1075
f 1005/339/1004 229/338/229 1081/521/1076 2489/524/2466
f 2489/524/2466 1081/521/1076 274/523/274 1093/526/1088
f 1080/525/1075 2489/524/2466 1093/526/1088 273/527/273
f 281/321/281 998/320/997 2490/528/2467 1105/529/1100
f 998/320/997 225/319/225 1080/525/1075 2490/528/2467
f 2490/528/2467 1080/525/1075 273/527/273 1104/530/1099
f 1105/529/1100 2490/528/2467 1104/530/1099 286/531/286
f 306/306/306 1145/305/1136 2491/532/2468 1150/533/1141
f 1145/305/1136 220/304/220 991/534/990 2491/532/2468
f 2491/532/2468 991/534/990 272/535/272 1149/536/1140
f 1150/533/1141 2491/532/2468 1149/536/1140 310/537/310
f 295/288/295 1124/287/1118 2492/538/2469 1128/539/1122
f 1124/287/1118 217/286/217 987/540/986 2492/538/2469
f 2492/538/2469 987/540/986 271/541/271 1127/542/1121
f 1128/539/1122 2492/538/2469 1127/542/1121 298/543/298
f 264/249/264 1069/248/1064 2493/544/2470 1086/498/1081
f 1069/248/1064 213/247/213 1078/545/1073 2493/544/2470
f 2493/544/2470 1078/545/1073 269/546/269 1098/547/1093
f 1086/498/1081 2493/544/2470 1098/547/1093 280/499/280
f 288/270/288 1112/269/216 2494/548/2471 1121/549/1115
f 1112/269/216 216/268/216 1079/550/1074 2494/548/2471
f 2494/548/2471 1079/550/1074 270/551/270 1115/552/1109
f 1121/549/1115 2494/548/2471 1115/552/1109 291/553/291
f 216/268/216 1099/554/1094 2495/555/2472 1079/550/1074
f 1099/554/1094 281/321/281 1105/529/1100 2495/555/2472
f 2495/555/2472 1105/529/1100 286/531/286 1094/556/1089
f 1079/550/1074 2495/555/2472 1094/556/1089 270/551/270
f 208/476/208 1001/557/1000 2496/558/2473 1047/477/1042
f 1001/557/1000 284/450/284 1106/453/1101 2496/558/2473
f 2496/558/2473 1106/453/1101 285/322/285 1063/559/1058
f 1047/477/1042 2496/558/2473 1063/559/1058 253/422/253
f 214/260/214 1101/560/1096 2497/561/2474 977/261/977
f 1101/560/1096 283/330/283 1107/332/1102 2497/561/2474
f 2497/561/2474 1107/332/1102 282/313/282 999/562/998
f 977/261/977 2497/561/2474 999/562/998 215/262/215
f 253/422/253 1063/559/1058 2498/563/2475 976/423/976
f 1063/559/1058 285/322/285 1108/325/1103 2498/563/2475
f 2498/563/2475 1108/325/1103 283/330/283 1101/560/1096
f 976/423/976 2498/563/2475 1101/560/1096 214/260/214
f 215/262/215 999/562/998 2499/564/2476 978/267/978
f 999/562/998 282/313/282 1109/316/1104 2499/564/2476
f 2499/564/2476 1109/316/1104 281/321/281 1099/554/1094
f 978/267/978 2499/564/2476 1099/554/1094 216/268/216
f 219/277/219 983/565/982 2500/566/2477 986/291/985
f 983/565/982 289/256/289 1117/259/1111 2500/566/2477
f 2500/566/2477 1117/259/1111 292/264/292 1116/567/1110
f 986/291/985 2500/566/2477 1116/567/1110 218/284/218
f 218/284/218 1116/567/1110 2501/568/984 985/285/984
f 1116/567/1110 292/264/292 1118/266/1112 2501/568/984
f 2501/568/984 1118/266/1112 288/270/288 981/569/217
f 985/285/984 2501/568/984 981/569/217 217/286/217
f 254/275/254 1066/570/1061 2502/571/2478 1048/276/1043
f 1066/570/1061 290/418/290 1119/421/1113 2502/571/2478
f 2502/571/2478 1119/421/1113 289/256/289 983/565/982
f 1048/276/1043 2502/571/2478 983/565/982 219/277/219
f 209/464/209 968/572/968 2503/573/2479 984/465/983
f 968/572/968 287/472/287 1120/475/1114 2503/573/2479
f 2503/573/2479 1120/475/1114 290/418/290 1066/570/1061
f 984/465/983 2503/573/2479 1066/570/1061 254/275/254
f 217/286/217 981/569/217 2504/574/2480 987/540/986
f 981/569/217 288/270/288 1121/549/1115 2504/574/2480
f 2504/574/2480 1121/549/1115 291/553/291 1097/575/1092
f 987/540/986 2504/574/2480 1097/575/1092 271/541/271
f 300/576/300 1134/577/295 2505/578/2481 1143/579/1134
f 1134/577/295 295/288/295 1128/539/1122 2505/578/2481
f 2505/578/2481 1128/539/1122 298/543/298 1137/580/1129
f 1143/579/1134 2505/578/2481 1137/580/1129 303/581/303
f 299/582/299 1133/583/1126 2506/584/2482 1142/585/1133
f 1133/583/1126 293/460/293 1129/463/1123 2506/584/2482
f 2506/584/2482 1129/463/1123 297/271/297 1136/586/1128
f 1142/585/1133 2506/584/2482 1136/586/1128 302/587/302
f 301/588/301 1135/589/1127 2507/590/2483 1141/591/1132
f 1135/589/1127 296/279/296 1130/290/1124 2507/590/2483
f 2507/590/2483 1130/290/1124 294/280/294 1123/592/1117
f 1141/591/1132 2507/590/2483 1123/592/1117 304/593/304
f 304/593/304 1123/592/1117 2508/594/984 1140/595/1131
f 1123/592/1117 294/280/294 1131/283/984 2508/594/984
f 2508/594/984 1131/283/984 295/288/295 1134/577/295
f 1140/595/1131 2508/594/984 1134/577/295 300/576/300
f 302/587/302 1136/586/1128 2509/596/2484 1139/597/1130
f 1136/586/1128 297/271/297 1132/274/1125 2509/596/2484
f 2509/596/2484 1132/274/1125 296/279/296 1135/589/1127
f 1139/597/1130 2509/596/2484 1135/589/1127 301/588/301
f 255/311/255 1065/598/1060 2510/599/2485 1049/312/1044
f 1065/598/1060 302/587/302 1139/597/1130 2510/599/2485
f 2510/599/2485 1139/597/1130 301/588/301 989/600/988
f 1049/312/1044 2510/599/2485 989/600/988 221/296/221
f 222/298/222 1138/601/304 2511/602/2486 993/303/992
f 1138/601/304 304/593/304 1140/595/1131 2511/602/2486
f 2511/602/2486 1140/595/1131 300/576/300 988/603/987
f 993/303/992 2511/602/2486 988/603/987 220/304/220
f 221/296/221 989/600/988 2512/604/2487 992/297/991
f 989/600/988 301/588/301 1141/591/1132 2512/604/2487
f 2512/604/2487 1141/591/1132 304/593/304 1138/601/304
f 992/297/991 2512/604/2487 1138/601/304 222/298/222
f 210/458/210 969/605/969 2513/606/2488 994/459/993
f 969/605/969 299/582/299 1142/585/1133 2513/606/2488
f 2513/606/2488 1142/585/1133 302/587/302 1065/598/1060
f 994/459/993 2513/606/2488 1065/598/1060 255/311/255
f 220/304/220 988/603/987 2514/607/2489 991/534/990
f 988/603/987 300/576/300 1143/579/1134 2514/607/2489
f 2514/607/2489 1143/579/1134 303/581/303 1096/608/1091
f 991/534/990 2514/607/2489 1096/608/1091 272/535/272
f 213/247/213 979/609/979 2515/610/2490 1078/545/1073
f 979/609/979 306/306/306 1150/533/1141 2515/610/2490
f 2515/610/2490 1150/533/1141 310/537/310 1095/611/1090
f 1078/545/1073 2515/610/2490 1095/611/1090 269/546/269
f 207/470/207 967/612/967 2516/613/2491 1046/471/1041
f 967/612/967 305/454/305 1151/457/1142 2516/613/2491
f 2516/613/2491 1151/457/1142 309/307/309 1064/614/1059
f 1046/471/1041 2516/613/2491 1064/614/1059 252/254/252
f 252/254/252 1064/614/1059 2517/615/2492 970/255/970
f 1064/614/1059 309/307/309 1152/310/1143 2517/615/2492
f 2517/615/2492 1152/310/1143 307/292/307 980/616/980
f 970/255/970 2517/615/2492 980/616/980 211/239/211
f 212/241/212 1147/617/1138 2518/618/2493 972/246/972
f 1147/617/1138 308/300/308 1153/302/1144 2518/618/2493
f 2518/618/2493 1153/302/1144 306/306/306 979/609/979
f 972/246/972 2518/618/2493 979/609/979 213/247/213
f 211/239/211 980/616/980 2519/619/2494 971/240/971
f 980/616/980 307/292/307 1154/295/1145 2519/619/2494
f 2519/619/2494 1154/295/1145 308/300/308 1147/617/1138
f 971/240/971 2519/619/2494 1147/617/1138 212/241/212
f 338/620/338 1197/621/1188 2520/622/2495 1213/623/1204
f 1197/621/1188 312/624/312 1194/625/1185 2520/622/2495
f 2520/622/2495 1194/625/1185 315/626/315 1205/627/1196
f 1213/623/1204 2520/622/2495 1205/627/1196 346/628/346
f 312/624/312 1155/629/1146 2521/630/2496 1194/625/1185
f 1155/629/1146 313/631/313 1195/632/1186 2521/630/2496
f 2521/630/2496 1195/632/1186 316/633/316 1157/634/1148
f 1194/625/1185 2521/630/2496 1157/634/1148 315/626/315
f 347/635/347 1214/636/1205 2522/637/2497 1230/638/1221
f 1214/636/1205 311/639/311 1196/640/1187 2522/637/2497
f 2522/637/2497 1196/640/1187 314/641/314 1215/642/1206
f 1230/638/1221 2522/637/2497 1215/642/1206 348/643/348
f 318/644/318 1159/645/1150 2523/646/2498 1169/647/1160
f 1159/645/1150 317/648/317 1167/649/1158 2523/646/2498
f 2523/646/2498 1167/649/1158 324/650/324 1166/651/1157
f 1169/647/1160 2523/646/2498 1166/651/1157 323/652/323
f 339/653/339 1198/654/1189 2524/655/2499 1212/656/1203
f 1198/654/1189 318/644/318 1169/647/1160 2524/655/2499
f 2524/655/2499 1169/647/1160 323/652/323 1200/657/1191
f 1212/656/1203 2524/655/2499 1200/657/1191 341/658/341
f 340/659/340 1199/660/1190 2525/661/2500 1211/662/1202
f 1199/660/1190 321/663/321 1163/664/1154 2525/661/2500
f 2525/661/2500 1163/664/1154 318/644/318 1198/654/1189
f 1211/662/1202 2525/661/2500 1198/654/1189 339/653/339
f 321/663/321 1165/665/1156 2526/666/2501 1163/664/1154
f 1165/665/1156 322/667/322 1164/668/1155 2526/666/2501
f 2526/666/2501 1164/668/1155 317/648/317 1159/645/1150
f 1163/664/1154 2526/666/2501 1159/645/1150 318/644/318
f 350/669/350 1217/670/1208 2527/671/2502 1229/672/1220
f 1217/670/1208 320/673/320 1158/674/1149 2527/671/2502
f 2527/671/2502 1158/674/1149 319/675/319 1216/676/1207
f 1229/672/1220 2527/671/2502 1216/676/1207 349/677/349
f 315/626/315 1157/634/1148 2528/678/2503 1160/679/1151
f 1157/634/1148 316/633/316 1161/680/1152 2528/678/2503
f 2528/678/2503 1161/680/1152 322/667/322 1165/665/1156
f 1160/679/1151 2528/678/2503 1165/665/1156 321/663/321
f 346/628/346 1205/627/1196 2529/681/2504 1210/682/1201
f 1205/627/1196 315/626/315 1160/679/1151 2529/681/2504
f 2529/681/2504 1160/679/1151 321/663/321 1199/660/1190
f 1210/682/1201 2529/681/2504 1199/660/1190 340/659/340
f 341/658/341 1200/657/1191 2530/683/2505 1209/684/1200
f 1200/657/1191 323/652/323 1171/685/1162 2530/683/2505
f 2530/683/2505 1171/685/1162 326/686/326 1201/687/1192
f 1209/684/1200 2530/683/2505 1201/687/1192 342/688/342
f 323/652/323 1166/651/1157 2531/689/2506 1171/685/1162
f 1166/651/1157 324/650/324 1172/690/1163 2531/689/2506
f 2531/689/2506 1172/690/1163 327/691/327 1170/692/1161
f 1171/685/1162 2531/689/2506 1170/692/1161 326/686/326
f 342/688/342 1201/687/1192 2532/693/2507 1208/694/1199
f 1201/687/1192 326/686/326 1175/695/1166 2532/693/2507
f 2532/693/2507 1175/695/1166 329/696/329 1202/697/1193
f 1208/694/1199 2532/693/2507 1202/697/1193 343/698/343
f 326/686/326 1170/692/1161 2533/699/2508 1175/695/1166
f 1170/692/1161 327/691/327 1176/700/1167 2533/699/2508
f 2533/699/2508 1176/700/1167 330/701/330 1174/702/1165
f 1175/695/1166 2533/699/2508 1174/702/1165 329/696/329
f 345/703/345 1204/704/1195 2534/705/2509 1207/706/1198
f 1204/704/1195 335/707/335 1179/708/1170 2534/705/2509
f 2534/705/2509 1179/708/1170 332/709/332 1203/710/1194
f 1207/706/1198 2534/705/2509 1203/710/1194 344/711/344
f 335/707/335 1193/712/1184 2535/713/2510 1179/708/1170
f 1193/712/1184 336/714/336 1180/715/1171 2535/713/2510
f 2535/713/2510 1180/715/1171 333/716/333 1178/717/1169
f 1179/708/1170 2535/713/2510 1178/717/1169 332/709/332
f 349/677/349 1216/676/1207 2536/718/2511 1228/719/1219
f 1216/676/1207 319/675/319 1168/720/1159 2536/718/2511
f 2536/718/2511 1168/720/1159 325/721/325 1218/722/1209
f 1228/719/1219 2536/718/2511 1218/722/1209 351/723/351
f 348/643/348 1215/642/1206 2537/724/2512 1227/725/1218
f 1215/642/1206 314/641/314 1162/726/1153 2537/724/2512
f 2537/724/2512 1162/726/1153 320/673/320 1217/670/1208
f 1227/725/1218 2537/724/2512 1217/670/1208 350/669/350
f 351/723/351 1218/722/1209 2538/727/2513 1226/728/1217
f 1218/722/1209 325/721/325 1173/729/1164 2538/727/2513
f 2538/727/2513 1173/729/1164 328/730/328 1219/731/1210
f 1226/728/1217 2538/727/2513 1219/731/1210 352/732/352
f 352/732/352 1219/731/1210 2539/733/2514 1225/734/1216
f 1219/731/1210 328/730/328 1177/735/1168 2539/733/2514
f 2539/733/2514 1177/735/1168 331/736/331 1220/737/1211
f 1225/734/1216 2539/733/2514 1220/737/1211 353/738/353
f 355/739/355 1222/740/1213 2540/741/2515 1224/742/1215
f 1222/740/1213 337/743/337 1181/744/1172 2540/741/2515
f 2540/741/2515 1181/744/1172 334/745/334 1221/746/1212
f 1224/742/1215 2540/741/2515 1221/746/1212 354/747/354
f 370/748/370 1253/749/1243 2541/750/2516 1258/751/1248
f 1253/749/1243 364/752/364 1192/753/1183 2541/750/2516
f 2541/750/2516 1192/753/1183 336/714/336 1190/754/1181
f 1258/751/1248 2541/750/2516 1190/754/1181 366/755/366
f 365/756/365 1257/757/1247 2542/758/2517 1189/759/1180
f 1257/757/1247 366/755/366 1190/754/1181 2542/758/2517
f 2542/758/2517 1190/754/1181 336/714/336 1193/712/1184
f 1189/759/1180 2542/758/2517 1193/712/1184 335/707/335
f 368/760/368 1256/761/1246 2543/762/2518 1206/763/1197
f 1256/761/1246 365/756/365 1189/759/1180 2543/762/2518
f 2543/762/2518 1189/759/1180 335/707/335 1204/704/1195
f 1206/763/1197 2543/762/2518 1204/704/1195 345/703/345
f 367/764/367 1191/765/1182 2544/766/2519 1255/767/1245
f 1191/765/1182 337/743/337 1222/740/1213 2544/766/2519
f 2544/766/2519 1222/740/1213 355/739/355 1252/768/1242
f 1255/767/1245 2544/766/2519 1252/768/1242 369/769/369
f 364/752/364 1239/770/1229 2545/771/2520 1246/772/1236
f 1239/770/1229 355/739/355 1224/742/1215 2545/771/2520
f 2545/771/2520 1224/742/1215 354/747/354 1238/773/1228
f 1246/772/1236 2545/771/2520 1238/773/1228 363/774/363
f 361/775/361 1236/776/1226 2546/777/2521 1245/778/1235
f 1236/776/1226 352/732/352 1225/734/1216 2546/777/2521
f 2546/777/2521 1225/734/1216 353/738/353 1237/779/1227
f 1245/778/1235 2546/777/2521 1237/779/1227 362/780/362
f 360/781/360 1235/782/360 2547/783/2522 1244/784/1234
f 1235/782/360 351/723/351 1226/728/1217 2547/783/2522
f 2547/783/2522 1226/728/1217 352/732/352 1236/776/1226
f 1244/784/1234 2547/783/2522 1236/776/1226 361/775/361
f 357/785/357 1232/786/1223 2548/787/2523 1243/788/1233
f 1232/786/1223 348/643/348 1227/725/1218 2548/787/2523
f 2548/787/2523 1227/725/1218 350/669/350 1234/789/1225
f 1243/788/1233 2548/787/2523 1234/789/1225 359/790/359
f 358/791/358 1233/792/1224 2549/793/1232 1242/794/1232
f 1233/792/1224 349/677/349 1228/719/1219 2549/793/1232
f 2549/793/1232 1228/719/1219 351/723/351 1235/782/360
f 1242/794/1232 2549/793/1232 1235/782/360 360/781/360
f 359/790/359 1234/789/1225 2550/795/316 1241/796/1231
f 1234/789/1225 350/669/350 1229/672/1220 2550/795/316
f 2550/795/316 1229/672/1220 349/677/349 1233/792/1224
f 1241/796/1231 2550/795/316 1233/792/1224 358/791/358
f 356/797/356 1231/798/1222 2551/799/2524 1240/800/1230
f 1231/798/1222 347/635/347 1230/638/1221 2551/799/2524
f 2551/799/2524 1230/638/1221 348/643/348 1232/786/1223
f 1240/800/1230 2551/799/2524 1232/786/1223 357/785/357
f 313/631/313 1156/801/1147 2552/802/2525 1195/632/1186
f 1156/801/1147 356/797/356 1240/800/1230 2552/802/2525
f 2552/802/2525 1240/800/1230 357/785/357 1182/803/1173
f 1195/632/1186 2552/802/2525 1182/803/1173 316/633/316
f 322/667/322 1184/804/1175 2553/805/2526 1164/668/1155
f 1184/804/1175 359/790/359 1241/796/1231 2553/805/2526
f 2553/805/2526 1241/796/1231 358/791/358 1183/806/1174
f 1164/668/1155 2553/805/2526 1183/806/1174 317/648/317
f 317/648/317 1183/806/1174 2554/807/2527 1167/649/1158
f 1183/806/1174 358/791/358 1242/794/1232 2554/807/2527
f 2554/807/2527 1242/794/1232 360/781/360 1185/808/1176
f 1167/649/1158 2554/807/2527 1185/808/1176 324/650/324
f 316/633/316 1182/803/1173 2555/809/1225 1161/680/1152
f 1182/803/1173 357/785/357 1243/788/1233 2555/809/1225
f 2555/809/1225 1243/788/1233 359/790/359 1184/804/1175
f 1161/680/1152 2555/809/1225 1184/804/1175 322/667/322
f 324/650/324 1185/808/1176 2556/810/2528 1172/690/1163
f 1185/808/1176 360/781/360 1244/784/1234 2556/810/2528
f 2556/810/2528 1244/784/1234 361/775/361 1186/811/1177
f 1172/690/1163 2556/810/2528 1186/811/1177 327/691/327
f 327/691/327 1186/811/1177 2557/812/2529 1176/700/1167
f 1186/811/1177 361/775/361 1245/778/1235 2557/812/2529
f 2557/812/2529 1245/778/1235 362/780/362 1187/813/1178
f 1176/700/1167 2557/812/2529 1187/813/1178 330/701/330
f 336/714/336 1192/753/1183 2558/814/2530 1180/715/1171
f 1192/753/1183 364/752/364 1246/772/1236 2558/814/2530
f 2558/814/2530 1246/772/1236 363/774/363 1188/815/1179
f 1180/715/1171 2558/814/2530 1188/815/1179 333/716/333
f 369/769/369 1252/768/1242 2559/816/2531 1254/817/1244
f 1252/768/1242 355/739/355 1239/770/1229 2559/816/2531
f 2559/816/2531 1239/770/1229 364/752/364 1253/749/1243
f 1254/817/1244 2559/816/2531 1253/749/1243 370/748/370
f 353/738/353 1223/818/1214 2560/819/2532 1237/779/1227
f 1223/818/1214 369/769/369 1254/817/1244 2560/819/2532
f 2560/819/2532 1254/817/1244 370/748/370 1247/820/1237
f 1237/779/1227 2560/819/2532 1247/820/1237 362/780/362
f 331/736/331 1250/821/1240 2561/822/2533 1220/737/1211
f 1250/821/1240 367/764/367 1255/767/1245 2561/822/2533
f 2561/822/2533 1255/767/1245 369/769/369 1223/818/1214
f 1220/737/1211 2561/822/2533 1223/818/1214 353/738/353
f 343/698/343 1202/697/1193 2562/823/2534 1251/824/1241
f 1202/697/1193 329/696/329 1248/825/1238 2562/823/2534
f 2562/823/2534 1248/825/1238 365/756/365 1256/761/1246
f 1251/824/1241 2562/823/2534 1256/761/1246 368/760/368
f 329/696/329 1174/702/1165 2563/826/2535 1248/825/1238
f 1174/702/1165 330/701/330 1249/827/1239 2563/826/2535
f 2563/826/2535 1249/827/1239 366/755/366 1257/757/1247
f 1248/825/1238 2563/826/2535 1257/757/1247 365/756/365
f 362/780/362 1247/820/1237 2564/828/2536 1187/813/1178
f 1247/820/1237 370/748/370 1258/751/1248 2564/828/2536
f 2564/828/2536 1258/751/1248 366/755/366 1249/827/1239
f 1187/813/1178 2564/828/2536 1249/827/1239 330/701/330
f 387/829/387 1306/830/1296 2565/831/2537 1329/832/1319
f 1306/830/1296 418/833/418 1331/834/1321 2565/831/2537
f 2565/831/2537 1331/834/1321 431/835/431 1334/836/1324
f 1329/832/1319 2565/831/2537 1334/836/1324 430/837/430
f 418/833/418 1305/838/1295 2566/839/2538 1331/834/1321
f 1305/838/1295 373/840/373 1259/841/1249 2566/839/2538
f 2566/839/2538 1259/841/1249 393/842/393 1332/843/1322
f 1331/834/1321 2566/839/2538 1332/843/1322 431/835/431
f 431/835/431 1332/843/1322 2567/844/2539 1333/845/1323
f 1332/843/1322 393/842/393 1260/846/1250 2567/844/2539
f 2567/844/2539 1260/846/1250 372/847/372 1303/848/1293
f 1333/845/1323 2567/844/2539 1303/848/1293 417/849/417
f 430/837/430 1334/836/1324 2568/850/2540 1330/851/1320
f 1334/836/1324 431/835/431 1333/845/1323 2568/850/2540
f 2568/850/2540 1333/845/1323 417/849/417 1304/852/1294
f 1330/851/1320 2568/850/2540 1304/852/1294 386/853/386
f 472/854/472 1434/855/1424 2569/856/2541 1441/857/1431
f 1434/855/1424 429/858/429 1335/859/1325 2569/856/2541
f 2569/856/2541 1335/859/1325 432/860/432 1338/861/1328
f 1441/857/1431 2569/856/2541 1338/861/1328 467/862/467
f 467/862/467 1338/861/1328 2570/863/2542 1440/864/1430
f 1338/861/1328 432/860/432 1337/865/1327 2570/863/2542
f 2570/863/2542 1337/865/1327 394/866/394 1433/867/1423
f 1440/864/1430 2570/863/2542 1433/867/1423 471/868/471
f 386/853/386 1304/852/1294 2571/869/2543 1325/870/1315
f 1304/852/1294 417/849/417 1339/871/1329 2571/869/2543
f 2571/869/2543 1339/871/1329 433/872/433 1342/873/1332
f 1325/870/1315 2571/869/2543 1342/873/1332 428/874/428
f 417/849/417 1303/848/1293 2572/875/2544 1339/871/1329
f 1303/848/1293 372/847/372 1272/876/1262 2572/875/2544
f 2572/875/2544 1272/876/1262 400/877/400 1340/878/1330
f 1339/871/1329 2572/875/2544 1340/878/1330 433/872/433
f 433/872/433 1340/878/1330 2573/879/2545 1341/880/1331
f 1340/878/1330 400/877/400 1273/881/1263 2573/879/2545
f 2573/879/2545 1273/881/1263 376/882/376 1307/883/1297
f 1341/880/1331 2573/879/2545 1307/883/1297 419/884/419
f 428/874/428 1342/873/1332 2574/885/2546 1326/886/1316
f 1342/873/1332 433/872/433 1341/880/1331 2574/885/2546
f 2574/885/2546 1341/880/1331 419/884/419 1308/887/1298
f 1326/886/1316 2574/885/2546 1308/887/1298 388/888/388
f 388/888/388 1308/887/1298 2575/889/2547 1323/890/1313
f 1308/887/1298 419/884/419 1343/891/1333 2575/889/2547
f 2575/889/2547 1343/891/1333 434/892/434 1346/893/1336
f 1323/890/1313 2575/889/2547 1346/893/1336 427/894/427
f 419/884/419 1307/883/1297 2576/895/2548 1343/891/1333
f 1307/883/1297 376/882/376 1278/896/1268 2576/895/2548
f 2576/895/2548 1278/896/1268 403/897/403 1344/898/1334
f 1343/891/1333 2576/895/2548 1344/898/1334 434/892/434
f 434/892/434 1344/898/1334 2577/899/2549 1345/900/1335
f 1344/898/1334 403/897/403 1279/901/1269 2577/899/2549
f 2577/899/2549 1279/901/1269 378/902/378 1309/903/1299
f 1345/900/1335 2577/899/2549 1309/903/1299 420/904/420
f 427/894/427 1346/893/1336 2578/905/2550 1324/906/1314
f 1346/893/1336 434/892/434 1345/900/1335 2578/905/2550
f 2578/905/2550 1345/900/1335 420/904/420 1310/907/1300
f 1324/906/1314 2578/905/2550 1310/907/1300 389/908/389
f 389/908/389 1310/907/1300 2579/909/2551 1321/910/1311
f 1310/907/1300 420/904/420 1347/911/1337 2579/909/2551
f 2579/909/2551 1347/911/1337 435/912/435 1350/913/1340
f 1321/910/1311 2579/909/2551 1350/913/1340 426/914/426
f 420/904/420 1309/903/1299 2580/915/2552 1347/911/1337
f 1309/903/1299 378/902/378 1284/916/1274 2580/915/2552
f 2580/915/2552 1284/916/1274 406/917/406 1348/918/1338
f 1347/911/1337 2580/915/2552 1348/918/1338 435/912/435
f 435/912/435 1348/918/1338 2581/919/2553 1349/920/1339
f 1348/918/1338 406/917/406 1285/921/1275 2581/919/2553
f 2581/919/2553 1285/921/1275 380/922/380 1311/923/1301
f 1349/920/1339 2581/919/2553 1311/923/1301 421/924/421
f 426/914/426 1350/913/1340 2582/925/2554 1322/926/1312
f 1350/913/1340 435/912/435 1349/920/1339 2582/925/2554
f 2582/925/2554 1349/920/1339 421/924/421 1312/927/1302
f 1322/926/1312 2582/925/2554 1312/927/1302 390/928/390
f 390/928/390 1312/927/1302 2583/929/2555 1319/930/1309
f 1312/927/1302 421/924/421 1351/931/1341 2583/929/2555
f 2583/929/2555 1351/931/1341 436/932/436 1354/933/1344
f 1319/930/1309 2583/929/2555 1354/933/1344 425/934/425
f 421/924/421 1311/923/1301 2584/935/2556 1351/931/1341
f 1311/923/1301 380/922/380 1290/936/1280 2584/935/2556
f 2584/935/2556 1290/936/1280 409/937/409 1352/938/1342
f 1351/931/1341 2584/935/2556 1352/938/1342 436/932/436
f 436/932/436 1352/938/1342 2585/939/2557 1353/940/1343
f 1352/938/1342 409/937/409 1291/941/1281 2585/939/2557
f 2585/939/2557 1291/941/1281 382/942/382 1313/943/1303
f 1353/940/1343 2585/939/2557 1313/943/1303 422/944/422
f 425/934/425 1354/933/1344 2586/945/2558 1320/946/1310
f 1354/933/1344 436/932/436 1353/940/1343 2586/945/2558
f 2586/945/2558 1353/940/1343 422/944/422 1314/947/1304
f 1320/946/1310 2586/945/2558 1314/947/1304 391/948/391
f 391/948/391 1314/947/1304 2587/949/2559 1317/950/1307
f 1314/947/1304 422/944/422 1355/951/1345 2587/949/2559
f 2587/949/2559 1355/951/1345 437/952/437 1358/953/1348
f 1317/950/1307 2587/949/2559 1358/953/1348 424/954/424
f 422/944/422 1313/943/1303 2588/955/2560 1355/951/1345
f 1313/943/1303 382/942/382 1296/956/1286 2588/955/2560
f 2588/955/2560 1296/956/1286 412/957/412 1356/958/1346
f 1355/951/1345 2588/955/2560 1356/958/1346 437/952/437
f 437/952/437 1356/958/1346 2589/959/2561 1357/960/1347
f 1356/958/1346 412/957/412 1297/961/1287 2589/959/2561
f 2589/959/2561 1297/961/1287 384/962/384 1315/963/1305
f 1357/960/1347 2589/959/2561 1315/963/1305 423/964/423
f 424/954/424 1358/953/1348 2590/965/2562 1318/966/1308
f 1358/953/1348 437/952/437 1357/960/1347 2590/965/2562
f 2590/965/2562 1357/960/1347 423/964/423 1316/967/1306
f 1318/966/1308 2590/965/2562 1316/967/1306 392/968/392
f 453/969/453 1401/970/1391 2591/971/2563 1412/972/1402
f 1401/970/1391 397/973/397 1359/974/1349 2591/971/2563
f 2591/971/2563 1359/974/1349 438/975/438 1361/976/1351
f 1412/972/1402 2591/971/2563 1361/976/1351 456/977/456
f 460/978/460 1416/979/1406 2592/980/2564 1425/981/1415
f 1416/979/1406 374/982/374 1300/983/1290 2592/980/2564
f 2592/980/2564 1300/983/1290 415/984/415 1419/985/1409
f 1425/981/1415 2592/980/2564 1419/985/1409 463/986/463
f 458/987/458 1406/988/1396 2593/989/2565 1411/990/1401
f 1406/988/1396 451/991/451 1393/992/1383 2593/989/2565
f 2593/989/2565 1393/992/1383 447/993/447 1402/994/1392
f 1411/990/1401 2593/989/2565 1402/994/1392 454/995/454
f 453/969/453 1301/996/1291 2594/997/2566 1410/998/1400
f 1301/996/1291 385/999/385 1394/1000/1384 2594/997/2566
f 2594/997/2566 1394/1000/1384 451/991/451 1406/988/1396
f 1410/998/1400 2594/997/2566 1406/988/1396 458/987/458
f 471/868/471 1433/867/1423 2595/1001/2567 1439/1002/1429
f 1433/867/1423 394/866/394 1362/1003/1352 2595/1001/2567
f 2595/1001/2567 1362/1003/1352 439/1004/439 1364/1005/1354
f 1439/1002/1429 2595/1001/2567 1364/1005/1354 469/1006/469
f 381/1007/381 1289/1008/1279 2596/1009/2568 1299/1010/1289
f 1289/1008/1279 408/1011/408 1365/1012/1355 2596/1009/2568
f 2596/1009/2568 1365/1012/1355 440/1013/440 1368/1014/1358
f 1299/1010/1289 2596/1009/2568 1368/1014/1358 413/1015/413
f 408/1011/408 1288/1016/1278 2597/1017/2569 1365/1012/1355
f 1288/1016/1278 391/948/391 1317/950/1307 2597/1017/2569
f 2597/1017/2569 1317/950/1307 424/954/424 1366/1018/1356
f 1365/1012/1355 2597/1017/2569 1366/1018/1356 440/1013/440
f 440/1013/440 1366/1018/1356 2598/1019/2570 1367/1020/1357
f 1366/1018/1356 424/954/424 1318/966/1308 2598/1019/2570
f 2598/1019/2570 1318/966/1308 392/968/392 1294/1021/1284
f 1367/1020/1357 2598/1019/2570 1294/1021/1284 411/1022/411
f 413/1015/413 1368/1014/1358 2599/1023/2571 1298/1024/1288
f 1368/1014/1358 440/1013/440 1367/1020/1357 2599/1023/2571
f 2599/1023/2571 1367/1020/1357 411/1022/411 1295/1025/1285
f 1298/1024/1288 2599/1023/2571 1295/1025/1285 383/1026/383
f 379/1027/379 1283/1028/1273 2600/1029/2572 1293/1030/1283
f 1283/1028/1273 405/1031/405 1369/1032/1359 2600/1029/2572
f 2600/1029/2572 1369/1032/1359 441/1033/441 1372/1034/1362
f 1293/1030/1283 2600/1029/2572 1372/1034/1362 410/1035/410
f 405/1031/405 1282/1036/1272 2601/1037/2573 1369/1032/1359
f 1282/1036/1272 390/928/390 1319/930/1309 2601/1037/2573
f 2601/1037/2573 1319/930/1309 425/934/425 1370/1038/1360
f 1369/1032/1359 2601/1037/2573 1370/1038/1360 441/1033/441
f 441/1033/441 1370/1038/1360 2602/1039/2574 1371/1040/1361
f 1370/1038/1360 425/934/425 1320/946/1310 2602/1039/2574
f 2602/1039/2574 1320/946/1310 391/948/391 1288/1016/1278
f 1371/1040/1361 2602/1039/2574 1288/1016/1278 408/1011/408
f 410/1035/410 1372/1034/1362 2603/1041/2575 1292/1042/1282
f 1372/1034/1362 441/1033/441 1371/1040/1361 2603/1041/2575
f 2603/1041/2575 1371/1040/1361 408/1011/408 1289/1008/1279
f 1292/1042/1282 2603/1041/2575 1289/1008/1279 381/1007/381
f 377/1043/377 1277/1044/1267 2604/1045/2576 1287/1046/1277
f 1277/1044/1267 402/1047/402 1373/1048/1363 2604/1045/2576
f 2604/1045/2576 1373/1048/1363 442/1049/442 1376/1050/1366
f 1287/1046/1277 2604/1045/2576 1376/1050/1366 407/1051/407
f 402/1047/402 1276/1052/1266 2605/1053/2577 1373/1048/1363
f 1276/1052/1266 389/908/389 1321/910/1311 2605/1053/2577
f 2605/1053/2577 1321/910/1311 426/914/426 1374/1054/1364
f 1373/1048/1363 2605/1053/2577 1374/1054/1364 442/1049/442
f 442/1049/442 1374/1054/1364 2606/1055/2578 1375/1056/1365
f 1374/1054/1364 426/914/426 1322/926/1312 2606/1055/2578
f 2606/1055/2578 1322/926/1312 390/928/390 1282/1036/1272
f 1375/1056/1365 2606/1055/2578 1282/1036/1272 405/1031/405
f 407/1051/407 1376/1050/1366 2607/1057/2579 1286/1058/1276
f 1376/1050/1366 442/1049/442 1375/1056/1365 2607/1057/2579
f 2607/1057/2579 1375/1056/1365 405/1031/405 1283/1028/1273
f 1286/1058/1276 2607/1057/2579 1283/1028/1273 379/1027/379
f 375/1059/375 1271/1060/1261 2608/1061/2580 1281/1062/1271
f 1271/1060/1261 399/1063/399 1377/1064/1367 2608/1061/2580
f 2608/1061/2580 1377/1064/1367 443/1065/443 1380/1066/1370
f 1281/1062/1271 2608/1061/2580 1380/1066/1370 404/1067/404
f 399/1063/399 1270/1068/1260 2609/1069/2581 1377/1064/1367
f 1270/1068/1260 388/888/388 1323/890/1313 2609/1069/2581
f 2609/1069/2581 1323/890/1313 427/894/427 1378/1070/1368
f 1377/1064/1367 2609/1069/2581 1378/1070/1368 443/1065/443
f 443/1065/443 1378/1070/1368 2610/1071/2582 1379/1072/1369
f 1378/1070/1368 427/894/427 1324/906/1314 2610/1071/2582
f 2610/1071/2582 1324/906/1314 389/908/389 1276/1052/1266
f 1379/1072/1369 2610/1071/2582 1276/1052/1266 402/1047/402
f 404/1067/404 1380/1066/1370 2611/1073/2583 1280/1074/1270
f 1380/1066/1370 443/1065/443 1379/1072/1369 2611/1073/2583
f 2611/1073/2583 1379/1072/1369 402/1047/402 1277/1044/1267
f 1280/1074/1270 2611/1073/2583 1277/1044/1267 377/1043/377
f 371/1075/371 1264/1076/1254 2612/1077/2584 1275/1078/1265
f 1264/1076/1254 395/1079/395 1381/1080/1371 2612/1077/2584
f 2612/1077/2584 1381/1080/1371 444/1081/444 1384/1082/1374
f 1275/1078/1265 2612/1077/2584 1384/1082/1374 401/1083/401
f 395/1079/395 1263/1084/1253 2613/1085/2585 1381/1080/1371
f 1263/1084/1253 386/853/386 1325/870/1315 2613/1085/2585
f 2613/1085/2585 1325/870/1315 428/874/428 1382/1086/1372
f 1381/1080/1371 2613/1085/2585 1382/1086/1372 444/1081/444
f 444/1081/444 1382/1086/1372 2614/1087/2586 1383/1088/1373
f 1382/1086/1372 428/874/428 1326/886/1316 2614/1087/2586
f 2614/1087/2586 1326/886/1316 388/888/388 1270/1068/1260
f 1383/1088/1373 2614/1087/2586 1270/1068/1260 399/1063/399
f 401/1083/401 1384/1082/1374 2615/1089/2587 1274/1090/1264
f 1384/1082/1374 444/1081/444 1383/1088/1373 2615/1089/2587
f 2615/1089/2587 1383/1088/1373 399/1063/399 1271/1060/1261
f 1274/1090/1264 2615/1089/2587 1271/1060/1261 375/1059/375
f 466/1091/466 1267/1092/1257 2616/1093/2588 1437/1094/1427
f 1267/1092/1257 397/973/397 1385/1095/1375 2616/1093/2588
f 2616/1093/2588 1385/1095/1375 445/1096/445 1388/1097/1378
f 1437/1094/1427 2616/1093/2588 1388/1097/1378 470/1098/470
f 470/1098/470 1388/1097/1378 2617/1099/2589 1436/1100/1426
f 1388/1097/1378 445/1096/445 1387/1101/1377 2617/1099/2589
f 2617/1099/2589 1387/1101/1377 429/858/429 1434/855/1424
f 1436/1100/1426 2617/1099/2589 1434/855/1424 472/854/472
f 374/982/374 1269/1102/1259 2618/1103/2590 1266/1104/1256
f 1269/1102/1259 398/1105/398 1389/1106/1379 2618/1103/2590
f 2618/1103/2590 1389/1106/1379 446/1107/446 1392/1108/1382
f 1266/1104/1256 2618/1103/2590 1392/1108/1382 396/1109/396
f 398/1105/398 1268/1110/1258 2619/1111/2591 1389/1106/1379
f 1268/1110/1258 387/829/387 1329/832/1319 2619/1111/2591
f 2619/1111/2591 1329/832/1319 430/837/430 1390/1112/1380
f 1389/1106/1379 2619/1111/2591 1390/1112/1380 446/1107/446
f 446/1107/446 1390/1112/1380 2620/1113/2592 1391/1114/1381
f 1390/1112/1380 430/837/430 1330/851/1320 2620/1113/2592
f 2620/1113/2592 1330/851/1320 386/853/386 1263/1084/1253
f 1391/1114/1381 2620/1113/2592 1263/1084/1253 395/1079/395
f 396/1109/396 1392/1108/1382 2621/1115/2593 1265/1116/1255
f 1392/1108/1382 446/1107/446 1391/1114/1381 2621/1115/2593
f 2621/1115/2593 1391/1114/1381 395/1079/395 1264/1076/1254
f 1265/1116/1255 2621/1115/2593 1264/1076/1254 371/1075/371
f 452/1117/452 1400/1118/1390 2622/1119/2594 1409/1120/1399
f 1400/1118/1390 414/1121/414 1395/1122/1385 2622/1119/2594
f 2622/1119/2594 1395/1122/1385 450/1123/450 1405/1124/1395
f 1409/1120/1399 2622/1119/2594 1405/1124/1395 457/1125/457
f 455/1126/455 1403/1127/1393 2623/1128/2595 1408/1129/1398
f 1403/1127/1393 448/1130/448 1397/1131/1387 2623/1128/2595
f 2623/1128/2595 1397/1131/1387 414/1121/414 1400/1118/1390
f 1408/1129/1398 2623/1128/2595 1400/1118/1390 452/1117/452
f 454/995/454 1402/994/1392 2624/1132/2596 1407/1133/1397
f 1402/994/1392 447/993/447 1398/1134/1388 2624/1132/2596
f 2624/1132/2596 1398/1134/1388 448/1130/448 1403/1127/1393
f 1407/1133/1397 2624/1132/2596 1403/1127/1393 455/1126/455
f 429/858/429 1327/1135/1317 2625/1136/2597 1335/859/1325
f 1327/1135/1317 454/995/454 1407/1133/1397 2625/1136/2597
f 2625/1136/2597 1407/1133/1397 455/1126/455 1336/1137/1326
f 1335/859/1325 2625/1136/2597 1336/1137/1326 432/860/432
f 432/860/432 1336/1137/1326 2626/1138/2598 1337/865/1327
f 1336/1137/1326 455/1126/455 1408/1129/1398 2626/1138/2598
f 2626/1138/2598 1408/1129/1398 452/1117/452 1261/1139/1251
f 1337/865/1327 2626/1138/2598 1261/1139/1251 394/866/394
f 394/866/394 1261/1139/1251 2627/1140/2599 1362/1003/1352
f 1261/1139/1251 452/1117/452 1409/1120/1399 2627/1140/2599
f 2627/1140/2599 1409/1120/1399 457/1125/457 1363/1141/1353
f 1362/1003/1352 2627/1140/2599 1363/1141/1353 439/1004/439
f 397/973/397 1401/970/1391 2628/1142/2600 1385/1095/1375
f 1401/970/1391 453/969/453 1410/998/1400 2628/1142/2600
f 2628/1142/2600 1410/998/1400 458/987/458 1386/1143/1376
f 1385/1095/1375 2628/1142/2600 1386/1143/1376 445/1096/445
f 445/1096/445 1386/1143/1376 2629/1144/2601 1387/1101/1377
f 1386/1143/1376 458/987/458 1411/990/1401 2629/1144/2601
f 2629/1144/2601 1411/990/1401 454/995/454 1327/1135/1317
f 1387/1101/1377 2629/1144/2601 1327/1135/1317 429/858/429
f 385/999/385 1301/996/1291 2630/1145/2602 1396/1146/1386
f 1301/996/1291 453/969/453 1412/972/1402 2630/1145/2602
f 2630/1145/2602 1412/972/1402 456/977/456 1404/1147/1394
f 1396/1146/1386 2630/1145/2602 1404/1147/1394 449/1148/449
f 312/624/312 1197/621/1188 2631/1149/2603 1413/1150/1403
f 1197/621/1188 338/620/338 1399/1151/1389 2631/1149/2603
f 2631/1149/2603 1399/1151/1389 449/1148/449 1404/1147/1394
f 1413/1150/1403 2631/1149/2603 1404/1147/1394 456/977/456
f 313/631/313 1155/629/1146 2632/1152/2604 1414/1153/1404
f 1155/629/1146 312/624/312 1413/1150/1403 2632/1152/2604
f 2632/1152/2604 1413/1150/1403 456/977/456 1361/976/1351
f 1414/1153/1404 2632/1152/2604 1361/976/1351 438/975/438
f 398/1105/398 1421/1154/1411 2633/1155/2605 1268/1110/1258
f 1421/1154/1411 465/1156/465 1422/1157/1412 2633/1155/2605
f 2633/1155/2605 1422/1157/1412 461/1158/461 1328/1159/1318
f 1268/1110/1258 2633/1155/2605 1328/1159/1318 387/829/387
f 374/982/374 1416/979/1406 2634/1160/2606 1269/1102/1259
f 1416/979/1406 460/978/460 1423/1161/1413 2634/1160/2606
f 2634/1160/2606 1423/1161/1413 465/1156/465 1421/1154/1411
f 1269/1102/1259 2634/1160/2606 1421/1154/1411 398/1105/398
f 373/840/373 1262/1162/1252 2635/1163/2607 1302/1164/1292
f 1262/1162/1252 459/1165/459 1424/1166/1414 2635/1163/2607
f 2635/1163/2607 1424/1166/1414 464/1167/464 1420/1168/1410
f 1302/1164/1292 2635/1163/2607 1420/1168/1410 416/1169/416
f 466/1091/466 1428/1170/1418 2636/1171/2608 1435/1172/1425
f 1428/1170/1418 460/978/460 1425/981/1415 2636/1171/2608
f 2636/1171/2608 1425/981/1415 463/986/463 1430/1173/1420
f 1435/1172/1425 2636/1171/2608 1430/1173/1420 468/1174/468
f 418/833/418 1418/1175/1408 2637/1176/2609 1305/838/1295
f 1418/1175/1408 462/1177/462 1426/1178/1416 2637/1176/2609
f 2637/1176/2609 1426/1178/1416 459/1165/459 1262/1162/1252
f 1305/838/1295 2637/1176/2609 1262/1162/1252 373/840/373
f 387/829/387 1328/1159/1318 2638/1179/2610 1306/830/1296
f 1328/1159/1318 461/1158/461 1427/1180/1417 2638/1179/2610
f 2638/1179/2610 1427/1180/1417 462/1177/462 1418/1175/1408
f 1306/830/1296 2638/1179/2610 1418/1175/1408 418/833/418
f 397/973/397 1267/1092/1257 2639/1181/2611 1359/974/1349
f 1267/1092/1257 466/1091/466 1435/1172/1425 2639/1181/2611
f 2639/1181/2611 1435/1172/1425 468/1174/468 1360/1182/1350
f 1359/974/1349 2639/1181/2611 1360/1182/1350 438/975/438
f 465/1156/465 1432/1183/1422 2640/1184/2612 1422/1157/1412
f 1432/1183/1422 470/1098/470 1436/1100/1426 2640/1184/2612
f 2640/1184/2612 1436/1100/1426 472/854/472 1417/1185/1407
f 1422/1157/1412 2640/1184/2612 1417/1185/1407 461/1158/461
f 460/978/460 1428/1170/1418 2641/1186/2613 1423/1161/1413
f 1428/1170/1418 466/1091/466 1437/1094/1427 2641/1186/2613
f 2641/1186/2613 1437/1094/1427 470/1098/470 1432/1183/1422
f 1423/1161/1413 2641/1186/2613 1432/1183/1422 465/1156/465
f 459/1165/459 1415/1187/1405 2642/1188/2614 1424/1166/1414
f 1415/1187/1405 471/868/471 1439/1002/1429 2642/1188/2614
f 2642/1188/2614 1439/1002/1429 469/1006/469 1431/1189/1421
f 1424/1166/1414 2642/1188/2614 1431/1189/1421 464/1167/464
f 462/1177/462 1429/1190/1419 2643/1191/2615 1426/1178/1416
f 1429/1190/1419 467/862/467 1440/864/1430 2643/1191/2615
f 2643/1191/2615 1440/864/1430 471/868/471 1415/1187/1405
f 1426/1178/1416 2643/1191/2615 1415/1187/1405 459/1165/459
f 461/1158/461 1417/1185/1407 2644/1192/2616 1427/1180/1417
f 1417/1185/1407 472/854/472 1441/857/1431 2644/1192/2616
f 2644/1192/2616 1441/857/1431 467/862/467 1429/1190/1419
f 1427/1180/1417 2644/1192/2616 1429/1190/1419 462/1177/462
f 347/635/347 1443/1193/1433 2645/1194/2617 1214/636/1205
f 1443/1193/1433 463/986/463 1419/985/1409 2645/1194/2617
f 2645/1194/2617 1419/985/1409 415/984/415 1442/1195/1432
f 1214/636/1205 2645/1194/2617 1442/1195/1432 311/1196/311
f 356/797/356 1444/1197/1434 2646/1198/2618 1231/798/1222
f 1444/1197/1434 468/1174/468 1430/1173/1420 2646/1198/2618
f 2646/1198/2618 1430/1173/1420 463/986/463 1443/1193/1433
f 1231/798/1222 2646/1198/2618 1443/1193/1433 347/635/347
f 313/631/313 1414/1153/1404 2647/1199/2619 1156/801/1147
f 1414/1153/1404 438/975/438 1360/1182/1350 2647/1199/2619
f 2647/1199/2619 1360/1182/1350 468/1174/468 1444/1197/1434
f 1156/801/1147 2647/1199/2619 1444/1197/1434 356/797/356
f 245/401/245 1445/1200/1435 2648/1201/2620 1085/510/1080
f 1445/1200/1435 457/1125/457 1405/1124/1395 2648/1201/2620
f 2648/1201/2620 1405/1124/1395 450/1123/450 1438/1202/1428
f 1085/510/1080 2648/1201/2620 1438/1202/1428 278/511/278
f 244/399/244 1446/1203/1436 2649/1204/2621 1032/400/1029
f 1446/1203/1436 439/1004/439 1363/1141/1353 2649/1204/2621
f 2649/1204/2621 1363/1141/1353 457/1125/457 1445/1200/1435
f 1032/400/1029 2649/1204/2621 1445/1200/1435 245/401/245
f 244/399/244 1031/410/1028 2650/1205/2622 1446/1203/1436
f 1031/410/1028 243/407/243 1447/1206/1437 2650/1205/2622
f 2650/1205/2622 1447/1206/1437 469/1006/469 1364/1005/1354
f 1446/1203/1436 2650/1205/2622 1364/1005/1354 439/1004/439
f 243/407/243 1030/406/1027 2651/1207/2623 1447/1206/1437
f 1030/406/1027 261/405/261 1448/1208/1438 2651/1207/2623
f 2651/1207/2623 1448/1208/1438 464/1167/464 1431/1189/1421
f 1447/1206/1437 2651/1207/2623 1431/1189/1421 469/1006/469
f 261/405/261 1055/435/1050 2652/1209/2624 1448/1208/1438
f 1055/435/1050 246/434/246 1449/1210/1439 2652/1209/2624
f 2652/1209/2624 1449/1210/1439 416/1169/416 1420/1168/1410
f 1448/1208/1438 2652/1209/2624 1420/1168/1410 464/1167/464
f 526/1211/526 1554/1212/1543 2653/1213/2625 1549/1214/1538
f 1554/1212/1543 525/1215/525 1454/1216/1444 2653/1213/2625
f 2653/1213/2625 1454/1216/1444 474/1217/474 1451/1218/1441
f 1549/1214/1538 2653/1213/2625 1451/1218/1441 473/1219/473
f 525/1215/525 1553/1220/1542 2654/1221/2626 1454/1216/1444
f 1553/1220/1542 524/1222/524 1547/1223/1536 2654/1221/2626
f 2654/1221/2626 1547/1223/1536 475/1224/475 1452/1225/1442
f 1454/1216/1444 2654/1221/2626 1452/1225/1442 474/1217/474
f 527/1226/527 1552/1227/1541 2655/1228/2627 1550/1229/1539
f 1552/1227/1541 526/1211/526 1549/1214/1538 2655/1228/2627
f 2655/1228/2627 1549/1214/1538 473/1219/473 1450/1230/1440
f 1550/1229/1539 2655/1228/2627 1450/1230/1440 513/1231/513
f 547/1232/547 1593/1233/1581 2656/1234/2628 1589/1235/1577
f 1593/1233/1581 550/1236/550 1587/1237/1576 2656/1234/2628
f 2656/1234/2628 1587/1237/1576 477/1238/477 1457/1239/1447
f 1589/1235/1577 2656/1234/2628 1457/1239/1447 476/1240/476
f 550/1236/550 1594/1241/1582 2657/1242/1582 1587/1237/1576
f 1594/1241/1582 546/1243/546 1588/1244/478 2657/1242/1582
f 2657/1242/1582 1588/1244/478 478/1245/478 1458/1246/1448
f 1587/1237/1576 2657/1242/1582 1458/1246/1448 477/1238/477
f 554/1247/554 1607/1248/1594 2658/1249/2629 1601/1250/1589
f 1607/1248/1594 553/1251/553 1600/1252/1588 2658/1249/2629
f 2658/1249/2629 1600/1252/1588 481/1253/481 1527/1254/1516
f 1601/1250/1589 2658/1249/2629 1527/1254/1516 515/1255/515
f 551/1256/551 1606/1257/1454 2659/1258/1454 1462/1259/1451
f 1606/1257/1454 552/1260/552 1599/1261/1587 2659/1258/1454
f 2659/1258/1454 1599/1261/1587 479/1262/479 1465/1263/1454
f 1462/1259/1451 2659/1258/1454 1465/1263/1454 480/1264/480
f 553/1251/553 1605/1265/1593 2660/1266/2630 1600/1252/1588
f 1605/1265/1593 551/1256/551 1462/1259/1451 2660/1266/2630
f 2660/1266/2630 1462/1259/1451 480/1264/480 1466/1267/1455
f 1600/1252/1588 2660/1266/2630 1466/1267/1455 481/1253/481
f 562/1268/562 1627/1269/1612 2661/1270/2631 1619/1271/1604
f 1627/1269/1612 563/1272/563 1470/1273/1459 2661/1270/2631
f 2661/1270/2631 1470/1273/1459 484/1274/484 1472/1275/1461
f 1619/1271/1604 2661/1270/2631 1472/1275/1461 483/1276/483
f 563/1272/563 1626/1277/1611 2662/1278/2632 1470/1273/1459
f 1626/1277/1611 561/1279/561 1618/1280/1603 2662/1278/2632
f 2662/1278/2632 1618/1280/1603 482/1281/482 1473/1282/1462
f 1470/1273/1459 2662/1278/2632 1473/1282/1462 484/1274/484
f 564/1283/564 1625/1284/1610 2663/1285/2633 1621/1286/1606
f 1625/1284/1610 562/1268/562 1619/1271/1604 2663/1285/2633
f 2663/1285/2633 1619/1271/1604 483/1276/483 1528/1287/1517
f 1621/1286/1606 2663/1285/2633 1528/1287/1517 516/1288/516
f 541/1289/541 1586/1290/1575 2664/1291/2634 1577/1292/1566
f 1586/1290/1575 540/1293/540 1478/1294/1467 2664/1291/2634
f 2664/1291/2634 1478/1294/1467 487/1295/487 1477/1296/1466
f 1577/1292/1566 2664/1291/2634 1477/1296/1466 486/1297/486
f 544/1298/544 1585/1299/1574 2665/1300/2635 1580/1301/1569
f 1585/1299/1574 542/1302/542 1480/1303/1469 2665/1300/2635
f 2665/1300/2635 1480/1303/1469 485/1304/485 1475/1305/1464
f 1580/1301/1569 2665/1300/2635 1475/1305/1464 517/1306/517
f 542/1302/542 1584/1307/1573 2666/1308/2636 1480/1303/1469
f 1584/1307/1573 541/1289/541 1577/1292/1566 2666/1308/2636
f 2666/1308/2636 1577/1292/1566 486/1297/486 1476/1309/1465
f 1480/1303/1469 2666/1308/2636 1476/1309/1465 485/1304/485
f 486/1297/486 1477/1296/1466 2667/1310/2637 1486/1311/1475
f 1477/1296/1466 487/1295/487 1485/1312/1474 2667/1310/2637
f 2667/1310/2637 1485/1312/1474 491/1313/491 1484/1314/1473
f 1486/1311/1475 2667/1310/2637 1484/1314/1473 490/1315/490
f 517/1306/517 1475/1305/1464 2668/1316/2638 1541/1317/1530
f 1475/1305/1464 485/1304/485 1487/1318/1476 2668/1316/2638
f 2668/1316/2638 1487/1318/1476 489/1319/489 1482/1320/1471
f 1541/1317/1530 2668/1316/2638 1482/1320/1471 518/1321/518
f 485/1304/485 1476/1309/1465 2669/1322/2639 1487/1318/1476
f 1476/1309/1465 486/1297/486 1486/1311/1475 2669/1322/2639
f 2669/1322/2639 1486/1311/1475 490/1315/490 1483/1323/1472
f 1487/1318/1476 2669/1322/2639 1483/1323/1472 489/1319/489
f 490/1315/490 1484/1314/1473 2670/1324/2640 1493/1325/1482
f 1484/1314/1473 491/1313/491 1492/1326/1481 2670/1324/2640
f 2670/1324/2640 1492/1326/1481 495/1327/495 1491/1328/1480
f 1493/1325/1482 2670/1324/2640 1491/1328/1480 494/1329/494
f 518/1321/518 1482/1320/1471 2671/1330/2641 1540/1331/1529
f 1482/1320/1471 489/1319/489 1494/1332/1483 2671/1330/2641
f 2671/1330/2641 1494/1332/1483 493/1333/493 1489/1334/1478
f 1540/1331/1529 2671/1330/2641 1489/1334/1478 519/1335/519
f 489/1319/489 1483/1323/1472 2672/1336/2642 1494/1332/1483
f 1483/1323/1472 490/1315/490 1493/1325/1482 2672/1336/2642
f 2672/1336/2642 1493/1325/1482 494/1329/494 1490/1337/1479
f 1494/1332/1483 2672/1336/2642 1490/1337/1479 493/1333/493
f 494/1329/494 1491/1328/1480 2673/1338/2643 1500/1339/1489
f 1491/1328/1480 495/1327/495 1499/1340/1488 2673/1338/2643
f 2673/1338/2643 1499/1340/1488 499/1341/499 1498/1342/1487
f 1500/1339/1489 2673/1338/2643 1498/1342/1487 498/1343/498
f 519/1335/519 1489/1334/1478 2674/1344/2644 1539/1345/1528
f 1489/1334/1478 493/1333/493 1501/1346/1490 2674/1344/2644
f 2674/1344/2644 1501/1346/1490 497/1347/497 1496/1348/1485
f 1539/1345/1528 2674/1344/2644 1496/1348/1485 520/1349/520
f 493/1333/493 1490/1337/1479 2675/1350/2645 1501/1346/1490
f 1490/1337/1479 494/1329/494 1500/1339/1489 2675/1350/2645
f 2675/1350/2645 1500/1339/1489 498/1343/498 1497/1351/1486
f 1501/1346/1490 2675/1350/2645 1497/1351/1486 497/1347/497
f 510/1352/510 1524/1353/1513 2676/1354/2646 1518/1355/1507
f 1524/1353/1513 509/1356/509 1506/1357/1495 2676/1354/2646
f 2676/1354/2646 1506/1357/1495 503/1358/503 1505/1359/1494
f 1518/1355/1507 2676/1354/2646 1505/1359/1494 502/1360/502
f 523/1361/523 1535/1362/1524 2677/1363/2647 1538/1364/1527
f 1535/1362/1524 511/1365/511 1508/1366/1497 2677/1363/2647
f 2677/1363/2647 1508/1366/1497 501/1367/501 1503/1368/1492
f 1538/1364/1527 2677/1363/2647 1503/1368/1492 521/1369/521
f 511/1365/511 1521/1370/1510 2678/1371/2648 1508/1366/1497
f 1521/1370/1510 510/1352/510 1518/1355/1507 2678/1371/2648
f 2678/1371/2648 1518/1355/1507 502/1360/502 1504/1372/1493
f 1508/1366/1497 2678/1371/2648 1504/1372/1493 501/1367/501
f 502/1360/502 1505/1359/1494 2679/1373/2649 1514/1374/1503
f 1505/1359/1494 503/1358/503 1513/1375/1502 2679/1373/2649
f 2679/1373/2649 1513/1375/1502 507/1376/507 1512/1377/1501
f 1514/1374/1503 2679/1373/2649 1512/1377/1501 506/1378/506
f 521/1369/521 1503/1368/1492 2680/1379/2650 1537/1380/1526
f 1503/1368/1492 501/1367/501 1515/1381/1504 2680/1379/2650
f 2680/1379/2650 1515/1381/1504 505/1382/505 1510/1383/1499
f 1537/1380/1526 2680/1379/2650 1510/1383/1499 522/1384/522
f 501/1367/501 1504/1372/1493 2681/1385/2651 1515/1381/1504
f 1504/1372/1493 502/1360/502 1514/1374/1503 2681/1385/2651
f 2681/1385/2651 1514/1374/1503 506/1378/506 1511/1386/1500
f 1515/1381/1504 2681/1385/2651 1511/1386/1500 505/1382/505
f 497/1347/497 1497/1351/1486 2682/1387/2652 1519/1388/1508
f 1497/1351/1486 498/1343/498 1507/1389/1496 2682/1387/2652
f 2682/1387/2652 1507/1389/1496 510/1352/510 1521/1370/1510
f 1519/1388/1508 2682/1387/2652 1521/1370/1510 511/1365/511
f 520/1349/520 1496/1348/1485 2683/1390/2653 1536/1391/1525
f 1496/1348/1485 497/1347/497 1519/1388/1508 2683/1390/2653
f 2683/1390/2653 1519/1388/1508 511/1365/511 1535/1362/1524
f 1536/1391/1525 2683/1390/2653 1535/1362/1524 523/1361/523
f 498/1343/498 1498/1342/1487 2684/1392/2654 1507/1389/1496
f 1498/1342/1487 499/1341/499 1517/1393/1506 2684/1392/2654
f 2684/1392/2654 1517/1393/1506 509/1356/509 1524/1353/1513
f 1507/1389/1496 2684/1392/2654 1524/1353/1513 510/1352/510
f 548/1394/548 1595/1395/1583 2685/1396/2655 1590/1397/1578
f 1595/1395/1583 547/1232/547 1589/1235/1577 2685/1396/2655
f 2685/1396/2655 1589/1235/1577 476/1240/476 1456/1398/1446
f 1590/1397/1578 2685/1396/2655 1456/1398/1446 514/1399/514
f 500/1400/500 1532/1401/1521 2686/1402/2656 1509/1403/1498
f 1532/1401/1521 520/1349/520 1536/1391/1525 2686/1402/2656
f 2686/1402/2656 1536/1391/1525 523/1361/523 1523/1404/1512
f 1509/1403/1498 2686/1402/2656 1523/1404/1512 512/1405/512
f 504/1406/504 1533/1407/1522 2687/1408/2657 1516/1409/1505
f 1533/1407/1522 521/1369/521 1537/1380/1526 2687/1408/2657
f 2687/1408/2657 1537/1380/1526 522/1384/522 1534/1410/1523
f 1516/1409/1505 2687/1408/2657 1534/1410/1523 508/1411/508
f 512/1405/512 1523/1404/1512 2688/1412/2658 1520/1413/1509
f 1523/1404/1512 523/1361/523 1538/1364/1527 2688/1412/2658
f 2688/1412/2658 1538/1364/1527 521/1369/521 1533/1407/1522
f 1520/1413/1509 2688/1412/2658 1533/1407/1522 504/1406/504
f 496/1414/496 1531/1415/1520 2689/1416/2659 1502/1417/1491
f 1531/1415/1520 519/1335/519 1539/1345/1528 2689/1416/2659
f 2689/1416/2659 1539/1345/1528 520/1349/520 1532/1401/1521
f 1502/1417/1491 2689/1416/2659 1532/1401/1521 500/1400/500
f 492/1418/492 1530/1419/1519 2690/1420/2660 1495/1421/1484
f 1530/1419/1519 518/1321/518 1540/1331/1529 2690/1420/2660
f 2690/1420/2660 1540/1331/1529 519/1335/519 1531/1415/1520
f 1495/1421/1484 2690/1420/2660 1531/1415/1520 496/1414/496
f 488/1422/488 1529/1423/1518 2691/1424/2661 1488/1425/1477
f 1529/1423/1518 517/1306/517 1541/1317/1530 2691/1424/2661
f 2691/1424/2661 1541/1317/1530 518/1321/518 1530/1419/1519
f 1488/1425/1477 2691/1424/2661 1530/1419/1519 492/1418/492
f 543/1426/543 1583/1427/1572 2692/1428/2662 1579/1429/1568
f 1583/1427/1572 544/1298/544 1580/1301/1569 2692/1428/2662
f 2692/1428/2662 1580/1301/1569 517/1306/517 1529/1423/1518
f 1579/1429/1568 2692/1428/2662 1529/1423/1518 488/1422/488
f 305/1430/305 1624/1431/1609 2693/1432/2663 1144/1433/1135
f 1624/1431/1609 564/1283/564 1621/1286/1606 2693/1432/2663
f 2693/1432/2663 1621/1286/1606 516/1288/516 1474/1434/1463
f 1144/1433/1135 2693/1432/2663 1474/1434/1463 210/1435/210
f 293/1436/293 1604/1437/1592 2694/1438/2664 1122/1439/1116
f 1604/1437/1592 554/1247/554 1601/1250/1589 2694/1438/2664
f 2694/1438/2664 1601/1250/1589 515/1255/515 1464/1440/1453
f 1122/1439/1116 2694/1438/2664 1464/1440/1453 209/1441/209
f 263/1442/263 1551/1443/1540 2695/1444/2665 1068/1445/1063
f 1551/1443/1540 527/1226/527 1550/1229/1539 2695/1444/2665
f 2695/1444/2665 1550/1229/1539 513/1231/513 1525/1446/1514
f 1068/1445/1063 2695/1444/2665 1525/1446/1514 207/1447/207
f 287/1448/287 1596/1449/1584 2696/1450/2666 1111/1451/1106
f 1596/1449/1584 548/1394/548 1590/1397/1578 2696/1450/2666
f 2696/1450/2666 1590/1397/1578 514/1399/514 1526/1452/1515
f 1111/1451/1106 2696/1450/2666 1526/1452/1515 208/1453/208
f 206/1454/206 1045/1455/1040 2697/1456/2667 966/1457/966
f 1045/1455/1040 251/1458/251 1546/1459/1535 2697/1456/2667
f 2697/1456/2667 1546/1459/1535 527/1226/527 1551/1443/1540
f 966/1457/966 2697/1456/2667 1551/1443/1540 263/1442/263
f 251/1458/251 963/1460/963 2698/1461/2668 1546/1459/1535
f 963/1460/963 203/1462/203 1455/1463/1445 2698/1461/2668
f 2698/1461/2668 1455/1463/1445 526/1211/526 1552/1227/1541
f 1546/1459/1535 2698/1461/2668 1552/1227/1541 527/1226/527
f 204/1464/204 965/1465/965 2699/1466/2669 1548/1467/1537
f 965/1465/965 205/1468/205 1453/1469/1443 2699/1466/2669
f 2699/1466/2669 1453/1469/1443 524/1222/524 1553/1220/1542
f 1548/1467/1537 2699/1466/2669 1553/1220/1542 525/1215/525
f 203/1462/203 964/1470/964 2700/1471/2670 1455/1463/1445
f 964/1470/964 204/1464/204 1548/1467/1537 2700/1471/2670
f 2700/1471/2670 1548/1467/1537 525/1215/525 1554/1212/1543
f 1455/1463/1445 2700/1471/2670 1554/1212/1543 526/1211/526
f 205/1468/205 1077/1472/1072 2701/1473/2671 1453/1469/1443
f 1077/1472/1072 268/1474/268 1564/1475/1553 2701/1473/2671
f 2701/1473/2671 1564/1475/1553 539/1476/539 1563/1477/1552
f 1453/1469/1443 2701/1473/2671 1563/1477/1552 524/1222/524
f 499/1341/499 1560/1478/1549 2702/1479/2672 1517/1393/1506
f 1560/1478/1549 535/1480/535 1565/1481/1554 2702/1479/2672
f 2702/1479/2672 1565/1481/1554 538/1482/538 1522/1483/1511
f 1517/1393/1506 2702/1479/2672 1522/1483/1511 509/1356/509
f 503/1358/503 1561/1484/1550 2703/1485/2673 1513/1375/1502
f 1561/1484/1550 536/1486/536 1566/1487/1555 2703/1485/2673
f 2703/1485/2673 1566/1487/1555 537/1488/537 1562/1489/1551
f 1513/1375/1502 2703/1485/2673 1562/1489/1551 507/1376/507
f 509/1356/509 1522/1483/1511 2704/1490/2674 1506/1357/1495
f 1522/1483/1511 538/1482/538 1567/1491/1556 2704/1490/2674
f 2704/1490/2674 1567/1491/1556 536/1486/536 1561/1484/1550
f 1506/1357/1495 2704/1490/2674 1561/1484/1550 503/1358/503
f 495/1327/495 1559/1492/1548 2705/1493/2675 1499/1340/1488
f 1559/1492/1548 534/1494/534 1568/1495/1557 2705/1493/2675
f 2705/1493/2675 1568/1495/1557 535/1480/535 1560/1478/1549
f 1499/1340/1488 2705/1493/2675 1560/1478/1549 499/1341/499
f 491/1313/491 1558/1496/1547 2706/1497/2676 1492/1326/1481
f 1558/1496/1547 533/1498/533 1569/1499/1558 2706/1497/2676
f 2706/1497/2676 1569/1499/1558 534/1494/534 1559/1492/1548
f 1492/1326/1481 2706/1497/2676 1559/1492/1548 495/1327/495
f 487/1295/487 1557/1500/1546 2707/1501/2677 1485/1312/1474
f 1557/1500/1546 532/1502/532 1570/1503/1559 2707/1501/2677
f 2707/1501/2677 1570/1503/1559 533/1498/533 1558/1496/1547
f 1485/1312/1474 2707/1501/2677 1558/1496/1547 491/1313/491
f 540/1293/540 1582/1504/1571 2708/1505/2678 1478/1294/1467
f 1582/1504/1571 545/1506/545 1581/1507/1570 2708/1505/2678
f 2708/1505/2678 1581/1507/1570 532/1502/532 1557/1500/1546
f 1478/1294/1467 2708/1505/2678 1557/1500/1546 487/1295/487
f 561/1279/561 1623/1508/1608 2709/1509/2679 1618/1280/1603
f 1623/1508/1608 565/1510/565 1622/1511/1607 2709/1509/2679
f 2709/1509/2679 1622/1511/1607 531/1512/531 1471/1513/1460
f 1618/1280/1603 2709/1509/2679 1471/1513/1460 482/1281/482
f 552/1260/552 1603/1514/1591 2710/1515/2680 1599/1261/1587
f 1603/1514/1591 555/1516/555 1602/1517/1590 2710/1515/2680
f 2710/1515/2680 1602/1517/1590 530/1518/530 1467/1519/1456
f 1599/1261/1587 2710/1515/2680 1467/1519/1456 479/1262/479
f 524/1222/524 1563/1477/1552 2711/1520/2681 1547/1223/1536
f 1563/1477/1552 539/1476/539 1575/1521/1564 2711/1520/2681
f 2711/1520/2681 1575/1521/1564 528/1522/528 1555/1523/1544
f 1547/1223/1536 2711/1520/2681 1555/1523/1544 475/1224/475
f 546/1243/546 1597/1524/1585 2712/1525/2682 1588/1244/478
f 1597/1524/1585 549/1526/549 1591/1527/1579 2712/1525/2682
f 2712/1525/2682 1591/1527/1579 529/1528/529 1556/1529/1545
f 1588/1244/478 2712/1525/2682 1556/1529/1545 478/1245/478
f 478/1245/478 1556/1529/1545 2713/1530/2683 1576/1531/1565
f 1556/1529/1545 529/1528/529 1571/1532/1560 2713/1530/2683
f 2713/1530/2683 1571/1532/1560 545/1506/545 1582/1504/1571
f 1576/1531/1565 2713/1530/2683 1582/1504/1571 540/1293/540
f 208/1453/208 1526/1452/1515 2714/1533/2684 1481/1534/1470
f 1526/1452/1515 514/1399/514 1542/1535/1531 2714/1533/2684
f 2714/1533/2684 1542/1535/1531 544/1298/544 1583/1427/1572
f 1481/1534/1470 2714/1533/2684 1583/1427/1572 543/1426/543
f 476/1240/476 1457/1239/1447 2715/1536/2685 1578/1537/1567
f 1457/1239/1447 477/1238/477 1479/1538/1468 2715/1536/2685
f 2715/1536/2685 1479/1538/1468 541/1289/541 1584/1307/1573
f 1578/1537/1567 2715/1536/2685 1584/1307/1573 542/1302/542
f 514/1399/514 1456/1398/1446 2716/1539/2686 1542/1535/1531
f 1456/1398/1446 476/1240/476 1578/1537/1567 2716/1539/2686
f 2716/1539/2686 1578/1537/1567 542/1302/542 1585/1299/1574
f 1542/1535/1531 2716/1539/2686 1585/1299/1574 544/1298/544
f 477/1238/477 1458/1246/1448 2717/1540/2687 1479/1538/1468
f 1458/1246/1448 478/1245/478 1576/1531/1565 2717/1540/2687
f 2717/1540/2687 1576/1531/1565 540/1293/540 1586/1290/1575
f 1479/1538/1468 2717/1540/2687 1586/1290/1575 541/1289/541
f 481/1253/481 1466/1267/1455 2718/1541/2688 1463/1542/1452
f 1466/1267/1455 480/1264/480 1592/1543/1580 2718/1541/2688
f 2718/1541/2688 1592/1543/1580 550/1236/550 1593/1233/1581
f 1463/1542/1452 2718/1541/2688 1593/1233/1581 547/1232/547
f 480/1264/480 1465/1263/1454 2719/1544/1454 1592/1543/1580
f 1465/1263/1454 479/1262/479 1461/1545/479 2719/1544/1454
f 2719/1544/1454 1461/1545/479 546/1243/546 1594/1241/1582
f 1592/1543/1580 2719/1544/1454 1594/1241/1582 550/1236/550
f 515/1255/515 1527/1254/1516 2720/1546/2689 1545/1547/1534
f 1527/1254/1516 481/1253/481 1463/1542/1452 2720/1546/2689
f 2720/1546/2689 1463/1542/1452 547/1232/547 1595/1395/1583
f 1545/1547/1534 2720/1546/2689 1595/1395/1583 548/1394/548
f 209/1441/209 1464/1440/1453 2721/1548/2690 968/1549/968
f 1464/1440/1453 515/1255/515 1545/1547/1534 2721/1548/2690
f 2721/1548/2690 1545/1547/1534 548/1394/548 1596/1449/1584
f 968/1549/968 2721/1548/2690 1596/1449/1584 287/1448/287
f 479/1262/479 1467/1519/1456 2722/1550/2691 1461/1545/479
f 1467/1519/1456 530/1518/530 1574/1551/1563 2722/1550/2691
f 2722/1550/2691 1574/1551/1563 549/1526/549 1597/1524/1585
f 1461/1545/479 2722/1550/2691 1597/1524/1585 546/1243/546
f 556/1552/556 1617/1553/1602 2723/1554/2692 1608/1555/552
f 1617/1553/1602 559/1556/559 1611/1557/1597 2723/1554/2692
f 2723/1554/2692 1611/1557/1597 555/1516/555 1603/1514/1591
f 1608/1555/552 2723/1554/2692 1603/1514/1591 552/1260/552
f 299/1558/299 1616/1559/1601 2724/1560/2693 1133/1561/1126
f 1616/1559/1601 558/1562/558 1610/1563/1596 2724/1560/2693
f 2724/1560/2693 1610/1563/1596 554/1247/554 1604/1437/1592
f 1133/1561/1126 2724/1560/2693 1604/1437/1592 293/1436/293
f 557/1564/557 1615/1565/1600 2725/1566/2694 1609/1567/1595
f 1615/1565/1600 560/1568/560 1598/1569/1586 2725/1566/2694
f 2725/1566/2694 1598/1569/1586 551/1256/551 1605/1265/1593
f 1609/1567/1595 2725/1566/2694 1605/1265/1593 553/1251/553
f 560/1568/560 1614/1570/1599 2726/1571/1454 1598/1569/1586
f 1614/1570/1599 556/1552/556 1608/1555/552 2726/1571/1454
f 2726/1571/1454 1608/1555/552 552/1260/552 1606/1257/1454
f 1598/1569/1586 2726/1571/1454 1606/1257/1454 551/1256/551
f 558/1562/558 1613/1572/1598 2727/1573/2695 1610/1563/1596
f 1613/1572/1598 557/1564/557 1609/1567/1595 2727/1573/2695
f 2727/1573/2695 1609/1567/1595 553/1251/553 1607/1248/1594
f 1610/1563/1596 2727/1573/2695 1607/1248/1594 554/1247/554
f 516/1288/516 1528/1287/1517 2728/1574/2696 1544/1575/1533
f 1528/1287/1517 483/1276/483 1469/1576/1458 2728/1574/2696
f 2728/1574/2696 1469/1576/1458 557/1564/557 1613/1572/1598
f 1544/1575/1533 2728/1574/2696 1613/1572/1598 558/1562/558
f 484/1274/484 1473/1282/1462 2729/1577/2697 1612/1578/560
f 1473/1282/1462 482/1281/482 1468/1579/1457 2729/1577/2697
f 2729/1577/2697 1468/1579/1457 556/1552/556 1614/1570/1599
f 1612/1578/560 2729/1577/2697 1614/1570/1599 560/1568/560
f 483/1276/483 1472/1275/1461 2730/1580/2698 1469/1576/1458
f 1472/1275/1461 484/1274/484 1612/1578/560 2730/1580/2698
f 2730/1580/2698 1612/1578/560 560/1568/560 1615/1565/1600
f 1469/1576/1458 2730/1580/2698 1615/1565/1600 557/1564/557
f 210/1435/210 1474/1434/1463 2731/1581/2699 969/1582/969
f 1474/1434/1463 516/1288/516 1544/1575/1533 2731/1581/2699
f 2731/1581/2699 1544/1575/1533 558/1562/558 1616/1559/1601
f 969/1582/969 2731/1581/2699 1616/1559/1601 299/1558/299
f 482/1281/482 1471/1513/1460 2732/1583/2700 1468/1579/1457
f 1471/1513/1460 531/1512/531 1573/1584/1562 2732/1583/2700
f 2732/1583/2700 1573/1584/1562 559/1556/559 1617/1553/1602
f 1468/1579/1457 2732/1583/2700 1617/1553/1602 556/1552/556
f 475/1224/475 1555/1523/1544 2733/1585/2701 1459/1586/1449
f 1555/1523/1544 528/1522/528 1572/1587/1561 2733/1585/2701
f 2733/1585/2701 1572/1587/1561 565/1510/565 1623/1508/1608
f 1459/1586/1449 2733/1585/2701 1623/1508/1608 561/1279/561
f 207/1447/207 1525/1446/1514 2734/1588/2702 967/1589/967
f 1525/1446/1514 513/1231/513 1543/1590/1532 2734/1588/2702
f 2734/1588/2702 1543/1590/1532 564/1283/564 1624/1431/1609
f 967/1589/967 2734/1588/2702 1624/1431/1609 305/1430/305
f 513/1231/513 1450/1230/1440 2735/1591/2703 1543/1590/1532
f 1450/1230/1440 473/1219/473 1460/1592/1450 2735/1591/2703
f 2735/1591/2703 1460/1592/1450 562/1268/562 1625/1284/1610
f 1543/1590/1532 2735/1591/2703 1625/1284/1610 564/1283/564
f 474/1217/474 1452/1225/1442 2736/1593/2704 1620/1594/1605
f 1452/1225/1442 475/1224/475 1459/1586/1449 2736/1593/2704
f 2736/1593/2704 1459/1586/1449 561/1279/561 1626/1277/1611
f 1620/1594/1605 2736/1593/2704 1626/1277/1611 563/1272/563
f 473/1219/473 1451/1218/1441 2737/1595/2705 1460/1592/1450
f 1451/1218/1441 474/1217/474 1620/1594/1605 2737/1595/2705
f 2737/1595/2705 1620/1594/1605 563/1272/563 1627/1269/1612
f 1460/1592/1450 2737/1595/2705 1627/1269/1612 562/1268/562
f 591/1596/591 1683/1597/1668 2738/1598/2706 1668/1599/1653
f 1683/1597/1668 598/1600/598 1675/1601/1660 2738/1598/2706
f 2738/1598/2706 1675/1601/1660 570/1602/570 1665/1603/1650
f 1668/1599/1653 2738/1598/2706 1665/1603/1650 567/1604/567
f 567/1604/567 1665/1603/1650 2739/1605/2707 1628/1606/1613
f 1665/1603/1650 570/1602/570 1630/1607/1615 2739/1605/2707
f 2739/1605/2707 1630/1607/1615 571/1608/571 1666/1609/1651
f 1628/1606/1613 2739/1605/2707 1666/1609/1651 568/1610/568
f 599/1611/599 1700/1612/1685 2740/1613/2708 1684/1614/1669
f 1700/1612/1685 600/1615/600 1685/1616/1670 2740/1613/2708
f 2740/1613/2708 1685/1616/1670 569/1617/569 1667/1618/1652
f 1684/1614/1669 2740/1613/2708 1667/1618/1652 566/1619/566
f 573/1620/573 1642/1621/1627 2741/1622/2709 1632/1623/1617
f 1642/1621/1627 578/1624/578 1639/1625/1624 2741/1622/2709
f 2741/1622/2709 1639/1625/1624 579/1626/579 1640/1627/1625
f 1632/1623/1617 2741/1622/2709 1640/1627/1625 572/1628/572
f 592/1629/592 1682/1630/1667 2742/1631/2710 1669/1632/1654
f 1682/1630/1667 594/1633/594 1671/1634/1656 2742/1631/2710
f 2742/1631/2710 1671/1634/1656 578/1624/578 1642/1621/1627
f 1669/1632/1654 2742/1631/2710 1642/1621/1627 573/1620/573
f 593/1635/593 1681/1636/1666 2743/1637/2711 1670/1638/1655
f 1681/1636/1666 592/1629/592 1669/1632/1654 2743/1637/2711
f 2743/1637/2711 1669/1632/1654 573/1620/573 1636/1639/1621
f 1670/1638/1655 2743/1637/2711 1636/1639/1621 576/1640/576
f 576/1640/576 1636/1639/1621 2744/1641/2712 1638/1642/1623
f 1636/1639/1621 573/1620/573 1632/1623/1617 2744/1641/2712
f 2744/1641/2712 1632/1623/1617 572/1628/572 1637/1643/1622
f 1638/1642/1623 2744/1641/2712 1637/1643/1622 577/1644/577
f 602/1645/602 1699/1646/1684 2745/1647/2713 1687/1648/1672
f 1699/1646/1684 601/1649/601 1686/1650/1671 2745/1647/2713
f 2745/1647/2713 1686/1650/1671 574/1651/574 1631/1652/1616
f 1687/1648/1672 2745/1647/2713 1631/1652/1616 575/1653/575
f 570/1602/570 1633/1654/1618 2746/1655/2714 1630/1607/1615
f 1633/1654/1618 576/1640/576 1638/1642/1623 2746/1655/2714
f 2746/1655/2714 1638/1642/1623 577/1644/577 1634/1656/1619
f 1630/1607/1615 2746/1655/2714 1634/1656/1619 571/1608/571
f 598/1600/598 1680/1657/1665 2747/1658/2715 1675/1601/1660
f 1680/1657/1665 593/1635/593 1670/1638/1655 2747/1658/2715
f 2747/1658/2715 1670/1638/1655 576/1640/576 1633/1654/1618
f 1675/1601/1660 2747/1658/2715 1633/1654/1618 570/1602/570
f 594/1633/594 1679/1659/1664 2748/1660/2716 1671/1634/1656
f 1679/1659/1664 595/1661/595 1672/1662/1657 2748/1660/2716
f 2748/1660/2716 1672/1662/1657 581/1663/581 1644/1664/1629
f 1671/1634/1656 2748/1660/2716 1644/1664/1629 578/1624/578
f 578/1624/578 1644/1664/1629 2749/1665/2717 1639/1625/1624
f 1644/1664/1629 581/1663/581 1643/1666/1628 2749/1665/2717
f 2749/1665/2717 1643/1666/1628 582/1667/582 1645/1668/1630
f 1639/1625/1624 2749/1665/2717 1645/1668/1630 579/1626/579
f 595/1661/595 1678/1669/1663 2750/1670/2718 1672/1662/1657
f 1678/1669/1663 596/1671/596 1673/1672/1658 2750/1670/2718
f 2750/1670/2718 1673/1672/1658 584/1673/584 1648/1674/1633
f 1672/1662/1657 2750/1670/2718 1648/1674/1633 581/1663/581
f 581/1663/581 1648/1674/1633 2751/1675/2719 1643/1666/1628
f 1648/1674/1633 584/1673/584 1647/1676/1632 2751/1675/2719
f 2751/1675/2719 1647/1676/1632 585/1677/585 1649/1678/1634
f 1643/1666/1628 2751/1675/2719 1649/1678/1634 582/1667/582
f 597/1679/597 1677/1680/1662 2752/1681/2720 1674/1682/1659
f 1677/1680/1662 344/1683/344 1203/1684/1194 2752/1681/2720
f 2752/1681/2720 1203/1684/1194 332/1685/332 1651/1686/1636
f 1674/1682/1659 2752/1681/2720 1651/1686/1636 588/1687/588
f 588/1687/588 1651/1686/1636 2753/1688/2721 1664/1689/1649
f 1651/1686/1636 332/1685/332 1178/1690/1169 2753/1688/2721
f 2753/1688/2721 1178/1690/1169 333/1691/333 1652/1692/1637
f 1664/1689/1649 2753/1688/2721 1652/1692/1637 589/1693/589
f 601/1649/601 1698/1694/1683 2754/1695/2722 1686/1650/1671
f 1698/1694/1683 603/1696/603 1688/1697/1673 2754/1695/2722
f 2754/1695/2722 1688/1697/1673 580/1698/580 1641/1699/1626
f 1686/1650/1671 2754/1695/2722 1641/1699/1626 574/1651/574
f 600/1615/600 1697/1700/1682 2755/1701/2723 1685/1616/1670
f 1697/1700/1682 602/1645/602 1687/1648/1672 2755/1701/2723
f 2755/1701/2723 1687/1648/1672 575/1653/575 1635/1702/1620
f 1685/1616/1670 2755/1701/2723 1635/1702/1620 569/1617/569
f 603/1696/603 1696/1703/1681 2756/1704/2724 1688/1697/1673
f 1696/1703/1681 604/1705/604 1689/1706/1674 2756/1704/2724
f 2756/1704/2724 1689/1706/1674 583/1707/583 1646/1708/1631
f 1688/1697/1673 2756/1704/2724 1646/1708/1631 580/1698/580
f 604/1705/604 1695/1709/1680 2757/1710/2725 1689/1706/1674
f 1695/1709/1680 605/1711/605 1690/1712/1675 2757/1710/2725
f 2757/1710/2725 1690/1712/1675 586/1713/586 1650/1714/1635
f 1689/1706/1674 2757/1710/2725 1650/1714/1635 583/1707/583
f 606/1715/606 1694/1716/1679 2758/1717/2726 1692/1718/1677
f 1694/1716/1679 354/1719/354 1691/1720/1676 2758/1717/2726
f 2758/1717/2726 1691/1720/1676 587/1721/587 1653/1722/1638
f 1692/1718/1677 2758/1717/2726 1653/1722/1638 590/1723/590
f 620/1724/620 1727/1725/1711 2759/1726/2727 1722/1727/1706
f 1727/1725/1711 616/1728/616 1661/1729/1646 2759/1726/2727
f 2759/1726/2727 1661/1729/1646 589/1693/589 1663/1730/1648
f 1722/1727/1706 2759/1726/2727 1663/1730/1648 614/1731/614
f 615/1732/615 1660/1733/1645 2760/1734/2728 1726/1735/1710
f 1660/1733/1645 588/1687/588 1664/1689/1649 2760/1734/2728
f 2760/1734/2728 1664/1689/1649 589/1693/589 1661/1729/1646
f 1726/1735/1710 2760/1734/2728 1661/1729/1646 616/1728/616
f 618/1736/618 1676/1737/1661 2761/1738/2729 1725/1739/1709
f 1676/1737/1661 597/1679/597 1674/1682/1659 2761/1738/2729
f 2761/1738/2729 1674/1682/1659 588/1687/588 1660/1733/1645
f 1725/1739/1709 2761/1738/2729 1660/1733/1645 615/1732/615
f 617/1740/617 1724/1741/1708 2762/1742/2730 1662/1743/1647
f 1724/1741/1708 619/1744/619 1721/1745/1705 2762/1742/2730
f 2762/1742/2730 1721/1745/1705 606/1715/606 1692/1718/1677
f 1662/1743/1647 2762/1742/2730 1692/1718/1677 590/1723/590
f 614/1731/614 1715/1746/1699 2763/1747/2731 1708/1748/1692
f 1715/1746/1699 363/1749/363 1238/1750/1228 2763/1747/2731
f 2763/1747/2731 1238/1750/1228 354/1719/354 1694/1716/1679
f 1708/1748/1692 2763/1747/2731 1694/1716/1679 606/1715/606
f 612/1751/612 1714/1752/1698 2764/1753/2732 1706/1754/1690
f 1714/1752/1698 613/1755/613 1707/1756/1691 2764/1753/2732
f 2764/1753/2732 1707/1756/1691 605/1711/605 1695/1709/1680
f 1706/1754/1690 2764/1753/2732 1695/1709/1680 604/1705/604
f 611/1757/611 1713/1758/1697 2765/1759/2733 1705/1760/611
f 1713/1758/1697 612/1751/612 1706/1754/1690 2765/1759/2733
f 2765/1759/2733 1706/1754/1690 604/1705/604 1696/1703/1681
f 1705/1760/611 2765/1759/2733 1696/1703/1681 603/1696/603
f 608/1761/608 1712/1762/1696 2766/1763/2734 1702/1764/1687
f 1712/1762/1696 610/1765/610 1704/1766/1689 2766/1763/2734
f 2766/1763/2734 1704/1766/1689 602/1645/602 1697/1700/1682
f 1702/1764/1687 2766/1763/2734 1697/1700/1682 600/1615/600
f 609/1767/609 1711/1768/1695 2767/1769/1695 1703/1770/1688
f 1711/1768/1695 611/1757/611 1705/1760/611 2767/1769/1695
f 2767/1769/1695 1705/1760/611 603/1696/603 1698/1694/1683
f 1703/1770/1688 2767/1769/1695 1698/1694/1683 601/1649/601
f 610/1765/610 1710/1771/1694 2768/1772/571 1704/1766/1689
f 1710/1771/1694 609/1767/609 1703/1770/1688 2768/1772/571
f 2768/1772/571 1703/1770/1688 601/1649/601 1699/1646/1684
f 1704/1766/1689 2768/1772/571 1699/1646/1684 602/1645/602
f 607/1773/607 1709/1774/1693 2769/1775/2735 1701/1776/1686
f 1709/1774/1693 608/1761/608 1702/1764/1687 2769/1775/2735
f 2769/1775/2735 1702/1764/1687 600/1615/600 1700/1612/1685
f 1701/1776/1686 2769/1775/2735 1700/1612/1685 599/1611/599
f 568/1610/568 1666/1609/1651 2770/1777/2736 1629/1778/1614
f 1666/1609/1651 571/1608/571 1654/1779/1639 2770/1777/2736
f 2770/1777/2736 1654/1779/1639 608/1761/608 1709/1774/1693
f 1629/1778/1614 2770/1777/2736 1709/1774/1693 607/1773/607
f 577/1644/577 1637/1643/1622 2771/1780/2737 1656/1781/1641
f 1637/1643/1622 572/1628/572 1655/1782/1640 2771/1780/2737
f 2771/1780/2737 1655/1782/1640 609/1767/609 1710/1771/1694
f 1656/1781/1641 2771/1780/2737 1710/1771/1694 610/1765/610
f 572/1628/572 1640/1627/1625 2772/1783/2738 1655/1782/1640
f 1640/1627/1625 579/1626/579 1657/1784/1642 2772/1783/2738
f 2772/1783/2738 1657/1784/1642 611/1757/611 1711/1768/1695
f 1655/1782/1640 2772/1783/2738 1711/1768/1695 609/1767/609
f 571/1608/571 1634/1656/1619 2773/1785/1689 1654/1779/1639
f 1634/1656/1619 577/1644/577 1656/1781/1641 2773/1785/1689
f 2773/1785/1689 1656/1781/1641 610/1765/610 1712/1762/1696
f 1654/1779/1639 2773/1785/1689 1712/1762/1696 608/1761/608
f 579/1626/579 1645/1668/1630 2774/1786/2739 1657/1784/1642
f 1645/1668/1630 582/1667/582 1658/1787/1643 2774/1786/2739
f 2774/1786/2739 1658/1787/1643 612/1751/612 1713/1758/1697
f 1657/1784/1642 2774/1786/2739 1713/1758/1697 611/1757/611
f 582/1667/582 1649/1678/1634 2775/1788/2740 1658/1787/1643
f 1649/1678/1634 585/1677/585 1659/1789/1644 2775/1788/2740
f 2775/1788/2740 1659/1789/1644 613/1755/613 1714/1752/1698
f 1658/1787/1643 2775/1788/2740 1714/1752/1698 612/1751/612
f 589/1693/589 1652/1692/1637 2776/1790/2741 1663/1730/1648
f 1652/1692/1637 333/1691/333 1188/1791/1179 2776/1790/2741
f 2776/1790/2741 1188/1791/1179 363/1749/363 1715/1746/1699
f 1663/1730/1648 2776/1790/2741 1715/1746/1699 614/1731/614
f 619/1744/619 1723/1792/1707 2777/1793/2742 1721/1745/1705
f 1723/1792/1707 620/1724/620 1722/1727/1706 2777/1793/2742
f 2777/1793/2742 1722/1727/1706 614/1731/614 1708/1748/1692
f 1721/1745/1705 2777/1793/2742 1708/1748/1692 606/1715/606
f 605/1711/605 1707/1756/1691 2778/1794/2743 1693/1795/1678
f 1707/1756/1691 613/1755/613 1716/1796/1700 2778/1794/2743
f 2778/1794/2743 1716/1796/1700 620/1724/620 1723/1792/1707
f 1693/1795/1678 2778/1794/2743 1723/1792/1707 619/1744/619
f 586/1713/586 1690/1712/1675 2779/1797/2744 1719/1798/1703
f 1690/1712/1675 605/1711/605 1693/1795/1678 2779/1797/2744
f 2779/1797/2744 1693/1795/1678 619/1744/619 1724/1741/1708
f 1719/1798/1703 2779/1797/2744 1724/1741/1708 617/1740/617
f 596/1671/596 1720/1799/1704 2780/1800/2745 1673/1672/1658
f 1720/1799/1704 618/1736/618 1725/1739/1709 2780/1800/2745
f 2780/1800/2745 1725/1739/1709 615/1732/615 1717/1801/1701
f 1673/1672/1658 2780/1800/2745 1717/1801/1701 584/1673/584
f 584/1673/584 1717/1801/1701 2781/1802/2746 1647/1676/1632
f 1717/1801/1701 615/1732/615 1726/1735/1710 2781/1802/2746
f 2781/1802/2746 1726/1735/1710 616/1728/616 1718/1803/1702
f 1647/1676/1632 2781/1802/2746 1718/1803/1702 585/1677/585
f 613/1755/613 1659/1789/1644 2782/1804/2747 1716/1796/1700
f 1659/1789/1644 585/1677/585 1718/1803/1702 2782/1804/2747
f 2782/1804/2747 1718/1803/1702 616/1728/616 1727/1725/1711
f 1716/1796/1700 2782/1804/2747 1727/1725/1711 620/1724/620
f 637/1805/637 1798/1806/1782 2783/1807/2748 1775/1808/1759
f 1798/1806/1782 680/1809/680 1803/1810/1787 2783/1807/2748
f 2783/1807/2748 1803/1810/1787 681/1811/681 1800/1812/1784
f 1775/1808/1759 2783/1807/2748 1800/1812/1784 668/1813/668
f 668/1813/668 1800/1812/1784 2784/1814/2749 1774/1815/1758
f 1800/1812/1784 681/1811/681 1801/1816/1785 2784/1814/2749
f 2784/1814/2749 1801/1816/1785 643/1817/643 1728/1818/1712
f 1774/1815/1758 2784/1814/2749 1728/1818/1712 623/1819/623
f 681/1811/681 1802/1820/1786 2785/1821/2750 1801/1816/1785
f 1802/1820/1786 667/1822/667 1772/1823/1756 2785/1821/2750
f 2785/1821/2750 1772/1823/1756 622/1824/622 1729/1825/1713
f 1801/1816/1785 2785/1821/2750 1729/1825/1713 643/1817/643
f 680/1809/680 1799/1826/1783 2786/1827/2751 1803/1810/1787
f 1799/1826/1783 636/1828/636 1773/1829/1757 2786/1827/2751
f 2786/1827/2751 1773/1829/1757 667/1822/667 1802/1820/1786
f 1803/1810/1787 2786/1827/2751 1802/1820/1786 681/1811/681
f 722/1830/722 1910/1831/1894 2787/1832/2752 1903/1833/1887
f 1910/1831/1894 717/1834/717 1807/1835/1791 2787/1832/2752
f 2787/1832/2752 1807/1835/1791 682/1836/682 1804/1837/1788
f 1903/1833/1887 2787/1832/2752 1804/1837/1788 679/1838/679
f 717/1834/717 1909/1839/1893 2788/1840/2753 1807/1835/1791
f 1909/1839/1893 721/1841/721 1902/1842/1886 2788/1840/2753
f 2788/1840/2753 1902/1842/1886 644/1843/644 1806/1844/1790
f 1807/1835/1791 2788/1840/2753 1806/1844/1790 682/1836/682
f 636/1828/636 1794/1845/1778 2789/1846/2754 1773/1829/1757
f 1794/1845/1778 678/1847/678 1811/1848/1795 2789/1846/2754
f 2789/1846/2754 1811/1848/1795 683/1849/683 1808/1850/1792
f 1773/1829/1757 2789/1846/2754 1808/1850/1792 667/1822/667
f 667/1822/667 1808/1850/1792 2790/1851/2755 1772/1823/1756
f 1808/1850/1792 683/1849/683 1809/1852/1793 2790/1851/2755
f 2790/1851/2755 1809/1852/1793 650/1853/650 1741/1854/1725
f 1772/1823/1756 2790/1851/2755 1741/1854/1725 622/1824/622
f 683/1849/683 1810/1855/1794 2791/1856/2756 1809/1852/1793
f 1810/1855/1794 669/1857/669 1776/1858/1760 2791/1856/2756
f 2791/1856/2756 1776/1858/1760 626/1859/626 1742/1860/1726
f 1809/1852/1793 2791/1856/2756 1742/1860/1726 650/1853/650
f 678/1847/678 1795/1861/1779 2792/1862/2757 1811/1848/1795
f 1795/1861/1779 638/1863/638 1777/1864/1761 2792/1862/2757
f 2792/1862/2757 1777/1864/1761 669/1857/669 1810/1855/1794
f 1811/1848/1795 2792/1862/2757 1810/1855/1794 683/1849/683
f 638/1863/638 1792/1865/1776 2793/1866/2758 1777/1864/1761
f 1792/1865/1776 677/1867/677 1815/1868/1799 2793/1866/2758
f 2793/1866/2758 1815/1868/1799 684/1869/684 1812/1870/1796
f 1777/1864/1761 2793/1866/2758 1812/1870/1796 669/1857/669
f 669/1857/669 1812/1870/1796 2794/1871/2759 1776/1858/1760
f 1812/1870/1796 684/1869/684 1813/1872/1797 2794/1871/2759
f 2794/1871/2759 1813/1872/1797 653/1873/653 1747/1874/1731
f 1776/1858/1760 2794/1871/2759 1747/1874/1731 626/1859/626
f 684/1869/684 1814/1875/1798 2795/1876/2760 1813/1872/1797
f 1814/1875/1798 670/1877/670 1778/1878/1762 2795/1876/2760
f 2795/1876/2760 1778/1878/1762 628/1879/628 1748/1880/1732
f 1813/1872/1797 2795/1876/2760 1748/1880/1732 653/1873/653
f 677/1867/677 1793/1881/1777 2796/1882/2761 1815/1868/1799
f 1793/1881/1777 639/1883/639 1779/1884/1763 2796/1882/2761
f 2796/1882/2761 1779/1884/1763 670/1877/670 1814/1875/1798
f 1815/1868/1799 2796/1882/2761 1814/1875/1798 684/1869/684
f 639/1883/639 1790/1885/1774 2797/1886/2762 1779/1884/1763
f 1790/1885/1774 676/1887/676 1819/1888/1803 2797/1886/2762
f 2797/1886/2762 1819/1888/1803 685/1889/685 1816/1890/1800
f 1779/1884/1763 2797/1886/2762 1816/1890/1800 670/1877/670
f 670/1877/670 1816/1890/1800 2798/1891/2763 1778/1878/1762
f 1816/1890/1800 685/1889/685 1817/1892/1801 2798/1891/2763
f 2798/1891/2763 1817/1892/1801 656/1893/656 1753/1894/1737
f 1778/1878/1762 2798/1891/2763 1753/1894/1737 628/1879/628
f 685/1889/685 1818/1895/1802 2799/1896/2764 1817/1892/1801
f 1818/1895/1802 671/1897/671 1780/1898/1764 2799/1896/2764
f 2799/1896/2764 1780/1898/1764 630/1899/630 1754/1900/1738
f 1817/1892/1801 2799/1896/2764 1754/1900/1738 656/1893/656
f 676/1887/676 1791/1901/1775 2800/1902/2765 1819/1888/1803
f 1791/1901/1775 640/1903/640 1781/1904/1765 2800/1902/2765
f 2800/1902/2765 1781/1904/1765 671/1897/671 1818/1895/1802
f 1819/1888/1803 2800/1902/2765 1818/1895/1802 685/1889/685
f 640/1903/640 1788/1905/1772 2801/1906/2766 1781/1904/1765
f 1788/1905/1772 675/1907/675 1823/1908/1807 2801/1906/2766
f 2801/1906/2766 1823/1908/1807 686/1909/686 1820/1910/1804
f 1781/1904/1765 2801/1906/2766 1820/1910/1804 671/1897/671
f 671/1897/671 1820/1910/1804 2802/1911/2767 1780/1898/1764
f 1820/1910/1804 686/1909/686 1821/1912/1805 2802/1911/2767
f 2802/1911/2767 1821/1912/1805 659/1913/659 1759/1914/1743
f 1780/1898/1764 2802/1911/2767 1759/1914/1743 630/1899/630
f 686/1909/686 1822/1915/1806 2803/1916/2768 1821/1912/1805
f 1822/1915/1806 672/1917/672 1782/1918/1766 2803/1916/2768
f 2803/1916/2768 1782/1918/1766 632/1919/632 1760/1920/1744
f 1821/1912/1805 2803/1916/2768 1760/1920/1744 659/1913/659
f 675/1907/675 1789/1921/1773 2804/1922/2769 1823/1908/1807
f 1789/1921/1773 641/1923/641 1783/1924/1767 2804/1922/2769
f 2804/1922/2769 1783/1924/1767 672/1917/672 1822/1915/1806
f 1823/1908/1807 2804/1922/2769 1822/1915/1806 686/1909/686
f 641/1923/641 1786/1925/1770 2805/1926/2770 1783/1924/1767
f 1786/1925/1770 674/1927/674 1827/1928/1811 2805/1926/2770
f 2805/1926/2770 1827/1928/1811 687/1929/687 1824/1930/1808
f 1783/1924/1767 2805/1926/2770 1824/1930/1808 672/1917/672
f 672/1917/672 1824/1930/1808 2806/1931/2771 1782/1918/1766
f 1824/1930/1808 687/1929/687 1825/1932/1809 2806/1931/2771
f 2806/1931/2771 1825/1932/1809 662/1933/662 1765/1934/1749
f 1782/1918/1766 2806/1931/2771 1765/1934/1749 632/1919/632
f 687/1929/687 1826/1935/1810 2807/1936/2772 1825/1932/1809
f 1826/1935/1810 673/1937/673 1784/1938/1768 2807/1936/2772
f 2807/1936/2772 1784/1938/1768 634/1939/634 1766/1940/1750
f 1825/1932/1809 2807/1936/2772 1766/1940/1750 662/1933/662
f 674/1927/674 1787/1941/1771 2808/1942/2773 1827/1928/1811
f 1787/1941/1771 642/1943/642 1785/1944/1769 2808/1942/2773
f 2808/1942/2773 1785/1944/1769 673/1937/673 1826/1935/1810
f 1827/1928/1811 2808/1942/2773 1826/1935/1810 687/1929/687
f 703/1945/703 1881/1946/1865 2809/1947/2774 1870/1948/1854
f 1881/1946/1865 706/1949/706 1830/1950/1814 2809/1947/2774
f 2809/1947/2774 1830/1950/1814 688/1951/688 1828/1952/1812
f 1870/1948/1854 2809/1947/2774 1828/1952/1812 647/1953/647
f 710/1954/710 1894/1955/1878 2810/1956/2775 1885/1957/1869
f 1894/1955/1878 713/1958/713 1888/1959/1872 2810/1956/2775
f 2810/1956/2775 1888/1959/1872 665/1960/665 1769/1961/1753
f 1885/1957/1869 2810/1956/2775 1769/1961/1753 624/1962/624
f 708/1963/708 1880/1964/1864 2811/1965/2776 1875/1966/1859
f 1880/1964/1864 704/1967/704 1871/1968/1855 2811/1965/2776
f 2811/1965/2776 1871/1968/1855 697/1969/697 1862/1970/1846
f 1875/1966/1859 2811/1965/2776 1862/1970/1846 701/1971/701
f 703/1945/703 1879/1972/1863 2812/1973/2777 1770/1974/1754
f 1879/1972/1863 708/1963/708 1875/1966/1859 2812/1973/2777
f 2812/1973/2777 1875/1966/1859 701/1971/701 1863/1975/1847
f 1770/1974/1754 2812/1973/2777 1863/1975/1847 635/1976/635
f 721/1841/721 1908/1977/1892 2813/1978/2778 1902/1842/1886
f 1908/1977/1892 719/1979/719 1833/1980/1817 2813/1978/2778
f 2813/1978/2778 1833/1980/1817 689/1981/689 1831/1982/1815
f 1902/1842/1886 2813/1978/2778 1831/1982/1815 644/1843/644
f 631/1983/631 1768/1984/1752 2814/1985/2779 1758/1986/1742
f 1768/1984/1752 663/1987/663 1837/1988/1821 2814/1985/2779
f 2814/1985/2779 1837/1988/1821 690/1989/690 1834/1990/1818
f 1758/1986/1742 2814/1985/2779 1834/1990/1818 658/1991/658
f 658/1991/658 1834/1990/1818 2815/1992/2780 1757/1993/1741
f 1834/1990/1818 690/1989/690 1835/1994/1819 2815/1992/2780
f 2815/1992/2780 1835/1994/1819 674/1927/674 1786/1925/1770
f 1757/1993/1741 2815/1992/2780 1786/1925/1770 641/1923/641
f 690/1989/690 1836/1995/1820 2816/1996/2781 1835/1994/1819
f 1836/1995/1820 661/1997/661 1763/1998/1747 2816/1996/2781
f 2816/1996/2781 1763/1998/1747 642/1943/642 1787/1941/1771
f 1835/1994/1819 2816/1996/2781 1787/1941/1771 674/1927/674
f 663/1987/663 1767/1999/1751 2817/2000/2782 1837/1988/1821
f 1767/1999/1751 633/2001/633 1764/2002/1748 2817/2000/2782
f 2817/2000/2782 1764/2002/1748 661/1997/661 1836/1995/1820
f 1837/1988/1821 2817/2000/2782 1836/1995/1820 690/1989/690
f 629/2003/629 1762/2004/1746 2818/2005/2783 1752/2006/1736
f 1762/2004/1746 660/2007/660 1841/2008/1825 2818/2005/2783
f 2818/2005/2783 1841/2008/1825 691/2009/691 1838/2010/1822
f 1752/2006/1736 2818/2005/2783 1838/2010/1822 655/2011/655
f 655/2011/655 1838/2010/1822 2819/2012/2784 1751/2013/1735
f 1838/2010/1822 691/2009/691 1839/2014/1823 2819/2012/2784
f 2819/2012/2784 1839/2014/1823 675/1907/675 1788/1905/1772
f 1751/2013/1735 2819/2012/2784 1788/1905/1772 640/1903/640
f 691/2009/691 1840/2015/1824 2820/2016/2785 1839/2014/1823
f 1840/2015/1824 658/1991/658 1757/1993/1741 2820/2016/2785
f 2820/2016/2785 1757/1993/1741 641/1923/641 1789/1921/1773
f 1839/2014/1823 2820/2016/2785 1789/1921/1773 675/1907/675
f 660/2007/660 1761/2017/1745 2821/2018/2786 1841/2008/1825
f 1761/2017/1745 631/1983/631 1758/1986/1742 2821/2018/2786
f 2821/2018/2786 1758/1986/1742 658/1991/658 1840/2015/1824
f 1841/2008/1825 2821/2018/2786 1840/2015/1824 691/2009/691
f 627/2019/627 1756/2020/1740 2822/2021/2787 1746/2022/1730
f 1756/2020/1740 657/2023/657 1845/2024/1829 2822/2021/2787
f 2822/2021/2787 1845/2024/1829 692/2025/692 1842/2026/1826
f 1746/2022/1730 2822/2021/2787 1842/2026/1826 652/2027/652
f 652/2027/652 1842/2026/1826 2823/2028/2788 1745/2029/1729
f 1842/2026/1826 692/2025/692 1843/2030/1827 2823/2028/2788
f 2823/2028/2788 1843/2030/1827 676/1887/676 1790/1885/1774
f 1745/2029/1729 2823/2028/2788 1790/1885/1774 639/1883/639
f 692/2025/692 1844/2031/1828 2824/2032/2789 1843/2030/1827
f 1844/2031/1828 655/2011/655 1751/2013/1735 2824/2032/2789
f 2824/2032/2789 1751/2013/1735 640/1903/640 1791/1901/1775
f 1843/2030/1827 2824/2032/2789 1791/1901/1775 676/1887/676
f 657/2023/657 1755/2033/1739 2825/2034/2790 1845/2024/1829
f 1755/2033/1739 629/2003/629 1752/2006/1736 2825/2034/2790
f 2825/2034/2790 1752/2006/1736 655/2011/655 1844/2031/1828
f 1845/2024/1829 2825/2034/2790 1844/2031/1828 692/2025/692
f 625/2035/625 1750/2036/1734 2826/2037/2791 1740/2038/1724
f 1750/2036/1734 654/2039/654 1849/2040/1833 2826/2037/2791
f 2826/2037/2791 1849/2040/1833 693/2041/693 1846/2042/1830
f 1740/2038/1724 2826/2037/2791 1846/2042/1830 649/2043/649
f 649/2043/649 1846/2042/1830 2827/2044/2792 1739/2045/1723
f 1846/2042/1830 693/2041/693 1847/2046/1831 2827/2044/2792
f 2827/2044/2792 1847/2046/1831 677/1867/677 1792/1865/1776
f 1739/2045/1723 2827/2044/2792 1792/1865/1776 638/1863/638
f 693/2041/693 1848/2047/1832 2828/2048/2793 1847/2046/1831
f 1848/2047/1832 652/2027/652 1745/2029/1729 2828/2048/2793
f 2828/2048/2793 1745/2029/1729 639/1883/639 1793/1881/1777
f 1847/2046/1831 2828/2048/2793 1793/1881/1777 677/1867/677
f 654/2039/654 1749/2049/1733 2829/2050/2794 1849/2040/1833
f 1749/2049/1733 627/2019/627 1746/2022/1730 2829/2050/2794
f 2829/2050/2794 1746/2022/1730 652/2027/652 1848/2047/1832
f 1849/2040/1833 2829/2050/2794 1848/2047/1832 693/2041/693
f 621/2051/621 1744/2052/1728 2830/2053/2795 1733/2054/1717
f 1744/2052/1728 651/2055/651 1853/2056/1837 2830/2053/2795
f 2830/2053/2795 1853/2056/1837 694/2057/694 1850/2058/1834
f 1733/2054/1717 2830/2053/2795 1850/2058/1834 645/2059/645
f 645/2059/645 1850/2058/1834 2831/2060/2796 1732/2061/1716
f 1850/2058/1834 694/2057/694 1851/2062/1835 2831/2060/2796
f 2831/2060/2796 1851/2062/1835 678/1847/678 1794/1845/1778
f 1732/2061/1716 2831/2060/2796 1794/1845/1778 636/1828/636
f 694/2057/694 1852/2063/1836 2832/2064/2797 1851/2062/1835
f 1852/2063/1836 649/2043/649 1739/2045/1723 2832/2064/2797
f 2832/2064/2797 1739/2045/1723 638/1863/638 1795/1861/1779
f 1851/2062/1835 2832/2064/2797 1795/1861/1779 678/1847/678
f 651/2055/651 1743/2065/1727 2833/2066/2798 1853/2056/1837
f 1743/2065/1727 625/2035/625 1740/2038/1724 2833/2066/2798
f 2833/2066/2798 1740/2038/1724 649/2043/649 1852/2063/1836
f 1853/2056/1837 2833/2066/2798 1852/2063/1836 694/2057/694
f 716/2067/716 1906/2068/1890 2834/2069/2799 1736/2070/1720
f 1906/2068/1890 720/2071/720 1857/2072/1841 2834/2069/2799
f 2834/2069/2799 1857/2072/1841 695/2073/695 1854/2074/1838
f 1736/2070/1720 2834/2069/2799 1854/2074/1838 647/1953/647
f 720/2071/720 1905/2075/1889 2835/2076/2800 1857/2072/1841
f 1905/2075/1889 722/1830/722 1903/1833/1887 2835/2076/2800
f 2835/2076/2800 1903/1833/1887 679/1838/679 1856/2077/1840
f 1857/2072/1841 2835/2076/2800 1856/2077/1840 695/2073/695
f 624/1962/624 1735/2078/1719 2836/2079/2801 1738/2080/1722
f 1735/2078/1719 646/2081/646 1861/2082/1845 2836/2079/2801
f 2836/2079/2801 1861/2082/1845 696/2083/696 1858/2084/1842
f 1738/2080/1722 2836/2079/2801 1858/2084/1842 648/2085/648
f 648/2085/648 1858/2084/1842 2837/2086/2802 1737/2087/1721
f 1858/2084/1842 696/2083/696 1859/2088/1843 2837/2086/2802
f 2837/2086/2802 1859/2088/1843 680/1809/680 1798/1806/1782
f 1737/2087/1721 2837/2086/2802 1798/1806/1782 637/1805/637
f 696/2083/696 1860/2089/1844 2838/2090/2803 1859/2088/1843
f 1860/2089/1844 645/2059/645 1732/2061/1716 2838/2090/2803
f 2838/2090/2803 1732/2061/1716 636/1828/636 1799/1826/1783
f 1859/2088/1843 2838/2090/2803 1799/1826/1783 680/1809/680
f 646/2081/646 1734/2091/1718 2839/2092/2804 1861/2082/1845
f 1734/2091/1718 621/2051/621 1733/2054/1717 2839/2092/2804
f 2839/2092/2804 1733/2054/1717 645/2059/645 1860/2089/1844
f 1861/2082/1845 2839/2092/2804 1860/2089/1844 696/2083/696
f 702/2093/702 1878/2094/1862 2840/2095/2805 1869/2096/1853
f 1878/2094/1862 707/2097/707 1874/2098/1858 2840/2095/2805
f 2840/2095/2805 1874/2098/1858 700/2099/700 1864/2100/1848
f 1869/2096/1853 2840/2095/2805 1864/2100/1848 664/2101/664
f 705/2102/705 1877/2103/1861 2841/2104/2806 1872/2105/1856
f 1877/2103/1861 702/2093/702 1869/2096/1853 2841/2104/2806
f 2841/2104/2806 1869/2096/1853 664/2101/664 1866/2106/1850
f 1872/2105/1856 2841/2104/2806 1866/2106/1850 698/2107/698
f 704/1967/704 1876/2108/1860 2842/2109/2807 1871/1968/1855
f 1876/2108/1860 705/2102/705 1872/2105/1856 2842/2109/2807
f 2842/2109/2807 1872/2105/1856 698/2107/698 1867/2110/1851
f 1871/1968/1855 2842/2109/2807 1867/2110/1851 697/1969/697
f 679/1838/679 1804/1837/1788 2843/2111/2808 1796/2112/1780
f 1804/1837/1788 682/1836/682 1805/2113/1789 2843/2111/2808
f 2843/2111/2808 1805/2113/1789 705/2102/705 1876/2108/1860
f 1796/2112/1780 2843/2111/2808 1876/2108/1860 704/1967/704
f 682/1836/682 1806/1844/1790 2844/2114/2809 1805/2113/1789
f 1806/1844/1790 644/1843/644 1730/2115/1714 2844/2114/2809
f 2844/2114/2809 1730/2115/1714 702/2093/702 1877/2103/1861
f 1805/2113/1789 2844/2114/2809 1877/2103/1861 705/2102/705
f 644/1843/644 1831/1982/1815 2845/2116/2810 1730/2115/1714
f 1831/1982/1815 689/1981/689 1832/2117/1816 2845/2116/2810
f 2845/2116/2810 1832/2117/1816 707/2097/707 1878/2094/1862
f 1730/2115/1714 2845/2116/2810 1878/2094/1862 702/2093/702
f 647/1953/647 1854/2074/1838 2846/2118/2811 1870/1948/1854
f 1854/2074/1838 695/2073/695 1855/2119/1839 2846/2118/2811
f 2846/2118/2811 1855/2119/1839 708/1963/708 1879/1972/1863
f 1870/1948/1854 2846/2118/2811 1879/1972/1863 703/1945/703
f 695/2073/695 1856/2077/1840 2847/2120/2812 1855/2119/1839
f 1856/2077/1840 679/1838/679 1796/2112/1780 2847/2120/2812
f 2847/2120/2812 1796/2112/1780 704/1967/704 1880/1964/1864
f 1855/2119/1839 2847/2120/2812 1880/1964/1864 708/1963/708
f 635/1976/635 1865/2121/1849 2848/2122/2813 1770/1974/1754
f 1865/2121/1849 699/2123/699 1873/2124/1857 2848/2122/2813
f 2848/2122/2813 1873/2124/1857 706/1949/706 1881/1946/1865
f 1770/1974/1754 2848/2122/2813 1881/1946/1865 703/1945/703
f 567/1604/567 1882/2125/1866 2849/2126/2814 1668/1599/1653
f 1882/2125/1866 706/1949/706 1873/2124/1857 2849/2126/2814
f 2849/2126/2814 1873/2124/1857 699/2123/699 1868/2127/1852
f 1668/1599/1653 2849/2126/2814 1868/2127/1852 591/1596/591
f 568/1610/568 1883/2128/1867 2850/2129/2815 1628/1606/1613
f 1883/2128/1867 688/1951/688 1830/1950/1814 2850/2129/2815
f 2850/2129/2815 1830/1950/1814 706/1949/706 1882/2125/1866
f 1628/1606/1613 2850/2129/2815 1882/2125/1866 567/1604/567
f 648/2085/648 1737/2087/1721 2851/2130/2816 1890/2131/1874
f 1737/2087/1721 637/1805/637 1797/2132/1781 2851/2130/2816
f 2851/2130/2816 1797/2132/1781 711/2133/711 1891/2134/1875
f 1890/2131/1874 2851/2130/2816 1891/2134/1875 715/2135/715
f 624/1962/624 1738/2080/1722 2852/2136/2817 1885/1957/1869
f 1738/2080/1722 648/2085/648 1890/2131/1874 2852/2136/2817
f 2852/2136/2817 1890/2131/1874 715/2135/715 1892/2137/1876
f 1885/1957/1869 2852/2136/2817 1892/2137/1876 710/1954/710
f 623/1819/623 1771/2138/1755 2853/2139/2818 1731/2140/1715
f 1771/2138/1755 666/2141/666 1889/2142/1873 2853/2139/2818
f 2853/2139/2818 1889/2142/1873 714/2143/714 1893/2144/1877
f 1731/2140/1715 2853/2139/2818 1893/2144/1877 709/2145/709
f 716/2067/716 1904/2146/1888 2854/2147/2819 1897/2148/1881
f 1904/2146/1888 718/2149/718 1899/2150/1883 2854/2147/2819
f 2854/2147/2819 1899/2150/1883 713/1958/713 1894/1955/1878
f 1897/2148/1881 2854/2147/2819 1894/1955/1878 710/1954/710
f 668/1813/668 1774/1815/1758 2855/2151/2820 1887/2152/1871
f 1774/1815/1758 623/1819/623 1731/2140/1715 2855/2151/2820
f 2855/2151/2820 1731/2140/1715 709/2145/709 1895/2153/1879
f 1887/2152/1871 2855/2151/2820 1895/2153/1879 712/2154/712
f 637/1805/637 1775/1808/1759 2856/2155/2821 1797/2132/1781
f 1775/1808/1759 668/1813/668 1887/2152/1871 2856/2155/2821
f 2856/2155/2821 1887/2152/1871 712/2154/712 1896/2156/1880
f 1797/2132/1781 2856/2155/2821 1896/2156/1880 711/2133/711
f 647/1953/647 1828/1952/1812 2857/2157/2822 1736/2070/1720
f 1828/1952/1812 688/1951/688 1829/2158/1813 2857/2157/2822
f 2857/2157/2822 1829/2158/1813 718/2149/718 1904/2146/1888
f 1736/2070/1720 2857/2157/2822 1904/2146/1888 716/2067/716
f 715/2135/715 1891/2134/1875 2858/2159/2823 1901/2160/1885
f 1891/2134/1875 711/2133/711 1886/2161/1870 2858/2159/2823
f 2858/2159/2823 1886/2161/1870 722/1830/722 1905/2075/1889
f 1901/2160/1885 2858/2159/2823 1905/2075/1889 720/2071/720
f 710/1954/710 1892/2137/1876 2859/2162/2824 1897/2148/1881
f 1892/2137/1876 715/2135/715 1901/2160/1885 2859/2162/2824
f 2859/2162/2824 1901/2160/1885 720/2071/720 1906/2068/1890
f 1897/2148/1881 2859/2162/2824 1906/2068/1890 716/2067/716
f 709/2145/709 1893/2144/1877 2860/2163/2825 1884/2164/1868
f 1893/2144/1877 714/2143/714 1900/2165/1884 2860/2163/2825
f 2860/2163/2825 1900/2165/1884 719/1979/719 1908/1977/1892
f 1884/2164/1868 2860/2163/2825 1908/1977/1892 721/1841/721
f 712/2154/712 1895/2153/1879 2861/2166/2826 1898/2167/1882
f 1895/2153/1879 709/2145/709 1884/2164/1868 2861/2166/2826
f 2861/2166/2826 1884/2164/1868 721/1841/721 1909/1839/1893
f 1898/2167/1882 2861/2166/2826 1909/1839/1893 717/1834/717
f 711/2133/711 1896/2156/1880 2862/2168/2827 1886/2161/1870
f 1896/2156/1880 712/2154/712 1898/2167/1882 2862/2168/2827
f 2862/2168/2827 1898/2167/1882 717/1834/717 1910/1831/1894
f 1886/2161/1870 2862/2168/2827 1910/1831/1894 722/1830/722
f 599/1611/599 1684/1614/1669 2863/2169/2828 1912/2170/1896
f 1684/1614/1669 566/1619/566 1911/2171/1895 2863/2169/2828
f 2863/2169/2828 1911/2171/1895 665/1960/665 1888/1959/1872
f 1912/2170/1896 2863/2169/2828 1888/1959/1872 713/1958/713
f 607/1773/607 1701/1776/1686 2864/2172/2829 1913/2173/1897
f 1701/1776/1686 599/1611/599 1912/2170/1896 2864/2172/2829
f 2864/2172/2829 1912/2170/1896 713/1958/713 1899/2150/1883
f 1913/2173/1897 2864/2172/2829 1899/2150/1883 718/2149/718
f 568/1610/568 1629/1778/1614 2865/2174/2830 1883/2128/1867
f 1629/1778/1614 607/1773/607 1913/2173/1897 2865/2174/2830
f 2865/2174/2830 1913/2173/1897 718/2149/718 1829/2158/1813
f 1883/2128/1867 2865/2174/2830 1829/2158/1813 688/1951/688
f 507/1376/507 1562/1489/1551 2866/2175/2831 1914/2176/1898
f 1562/1489/1551 537/1488/537 1907/2177/1891 2866/2175/2831
f 2866/2175/2831 1907/2177/1891 700/2099/700 1874/2098/1858
f 1914/2176/1898 2866/2175/2831 1874/2098/1858 707/2097/707
f 506/1378/506 1512/1377/1501 2867/2178/2832 1915/2179/1899
f 1512/1377/1501 507/1376/507 1914/2176/1898 2867/2178/2832
f 2867/2178/2832 1914/2176/1898 707/2097/707 1832/2117/1816
f 1915/2179/1899 2867/2178/2832 1832/2117/1816 689/1981/689
f 506/1378/506 1915/2179/1899 2868/2180/2833 1511/1386/1500
f 1915/2179/1899 689/1981/689 1833/1980/1817 2868/2180/2833
f 2868/2180/2833 1833/1980/1817 719/1979/719 1916/2181/1900
f 1511/1386/1500 2868/2180/2833 1916/2181/1900 505/1382/505
f 505/1382/505 1916/2181/1900 2869/2182/2834 1510/1383/1499
f 1916/2181/1900 719/1979/719 1900/2165/1884 2869/2182/2834
f 2869/2182/2834 1900/2165/1884 714/2143/714 1917/2183/1901
f 1510/1383/1499 2869/2182/2834 1917/2183/1901 522/1384/522
f 522/1384/522 1917/2183/1901 2870/2184/2835 1534/1410/1523
f 1917/2183/1901 714/2143/714 1889/2142/1873 2870/2184/2835
f 2870/2184/2835 1889/2142/1873 666/2141/666 1918/2185/1902
f 1534/1410/1523 2870/2184/2835 1918/2185/1902 508/1411/508
f 344/1683/344 1677/1680/1662 2871/2186/2836 1207/2187/1198
f 1677/1680/1662 597/1679/597 1921/2188/1905 2871/2186/2836
f 2871/2186/2836 1921/2188/1905 725/2189/725 1969/2190/1953
f 1207/706/1198 2871/2191/2836 1969/2192/1953 345/703/345
f 354/1719/354 1221/2193/1212 2872/2194/2837 1691/1720/1676
f 1221/2193/1212 334/2195/334 2412/2196/2395 2872/2194/2837
f 2872/2194/2837 2412/2196/2395 951/2197/951 1922/2198/1906
f 1691/1720/1676 2872/2194/2837 1922/2198/1906 587/1721/587
f 268/1474/268 1087/2199/1082 2873/2200/2838 1564/1475/1553
f 1087/500/1082 280/499/280 1970/2201/1954 2873/2202/2838
f 2873/2200/2838 1970/2203/1954 726/2204/726 1923/2205/1907
f 1564/1475/1553 2873/2200/2838 1923/2205/1907 539/1476/539
f 208/476/208 1481/2206/1470 2874/2207/2839 1001/557/1000
f 1481/1534/1470 543/1426/543 1924/2208/1908 2874/2209/2839
f 2874/2207/2839 1924/2210/1908 941/2211/941 2393/2212/2376
f 1001/557/1000 2874/2207/2839 2393/2212/2376 284/450/284
f 952/2213/952 2434/2214/2417 2875/2215/2840 2413/2216/2396
f 2434/2214/2417 953/2217/953 1927/2218/1911 2875/2215/2840
f 2875/2215/2840 1927/2218/1911 311/639/311 1442/1195/1432
f 2413/2216/2396 2875/2215/2840 1442/1195/1432 415/984/415
f 953/2217/953 2433/2219/2416 2876/2220/2841 1927/2218/1911
f 2433/2219/2416 954/2221/954 1928/2222/1912 2876/2220/2841
f 2876/2220/2841 1928/2222/1912 314/641/314 1196/640/1187
f 1927/2218/1911 2876/2220/2841 1196/640/1187 311/639/311
f 954/2221/954 2432/2223/2415 2877/2224/2842 1928/2222/1912
f 2432/2223/2415 955/2225/955 1929/2226/1913 2877/2224/2842
f 2877/2224/2842 1929/2226/1913 320/673/320 1162/726/1153
f 1928/2222/1912 2877/2224/2842 1162/726/1153 314/641/314
f 955/2225/955 2431/2227/2414 2878/2228/2843 1929/2226/1913
f 2431/2227/2414 956/2229/956 1930/2230/1914 2878/2228/2843
f 2878/2228/2843 1930/2230/1914 319/675/319 1158/674/1149
f 1929/2226/1913 2878/2228/2843 1158/674/1149 320/673/320
f 956/2229/956 2430/2231/2413 2879/2232/2844 1930/2230/1914
f 2430/2231/2413 957/2233/957 1931/2234/1915 2879/2232/2844
f 2879/2232/2844 1931/2234/1915 325/721/325 1168/720/1159
f 1930/2230/1914 2879/2232/2844 1168/720/1159 319/675/319
f 957/2233/957 2429/2235/2412 2880/2236/2845 1931/2234/1915
f 2429/2235/2412 958/2237/958 1932/2238/1916 2880/2236/2845
f 2880/2236/2845 1932/2238/1916 328/730/328 1173/729/1164
f 1931/2234/1915 2880/2236/2845 1173/729/1164 325/721/325
f 958/2237/958 2428/2239/2411 2881/2240/2846 1932/2238/1916
f 2428/2239/2411 959/2241/959 1933/2242/1917 2881/2240/2846
f 2881/2240/2846 1933/2242/1917 331/736/331 1177/735/1168
f 1932/2238/1916 2881/2240/2846 1177/735/1168 328/730/328
f 959/2241/959 2427/2243/2410 2882/2244/2847 1933/2242/1917
f 2427/2243/2410 960/2245/960 1934/2246/1918 2882/2244/2847
f 2882/2244/2847 1934/2246/1918 367/764/367 1250/821/1240
f 1933/2242/1917 2882/2244/2847 1250/821/1240 331/736/331
f 960/2245/960 2426/2247/2409 2883/2248/2848 1934/2246/1918
f 2426/2247/2409 961/2249/961 1935/2250/1919 2883/2248/2848
f 2883/2248/2848 1935/2250/1919 337/743/337 1191/765/1182
f 1934/2246/1918 2883/2248/2848 1191/765/1182 367/764/367
f 961/2249/961 2425/2251/2408 2884/2252/2849 1935/2250/1919
f 2425/2251/2408 951/2253/951 2412/2254/2395 2884/2252/2849
f 2884/2252/2849 2412/2254/2395 334/745/334 1181/744/1172
f 1935/2250/1919 2884/2252/2849 1181/744/1172 337/743/337
f 725/2255/725 2020/2256/2003 2885/2257/2850 1969/2192/1953
f 2020/2256/2003 727/2258/727 1936/2259/1920 2885/2257/2850
f 2885/2257/2850 1936/2259/1920 368/760/368 1206/763/1197
f 1969/2192/1953 2885/2257/2850 1206/763/1197 345/703/345
f 727/2258/727 2019/2260/2002 2886/2261/2851 1936/2259/1920
f 2019/2260/2002 728/2262/728 1937/2263/1921 2886/2261/2851
f 2886/2261/2851 1937/2263/1921 343/698/343 1251/824/1241
f 1936/2259/1920 2886/2261/2851 1251/824/1241 368/760/368
f 728/2262/728 2018/2264/2001 2887/2265/2852 1937/2263/1921
f 2018/2264/2001 729/2266/729 1938/2267/1922 2887/2265/2852
f 2887/2265/2852 1938/2267/1922 342/688/342 1208/694/1199
f 1937/2263/1921 2887/2265/2852 1208/694/1199 343/698/343
f 729/2266/729 2017/2268/2000 2888/2269/2853 1938/2267/1922
f 2017/2268/2000 730/2270/730 1939/2271/1923 2888/2269/2853
f 2888/2269/2853 1939/2271/1923 341/658/341 1209/684/1200
f 1938/2267/1922 2888/2269/2853 1209/684/1200 342/688/342
f 730/2270/730 2016/2272/1999 2889/2273/2854 1939/2271/1923
f 2016/2272/1999 731/2274/731 1940/2275/1924 2889/2273/2854
f 2889/2273/2854 1940/2275/1924 339/653/339 1212/656/1203
f 1939/2271/1923 2889/2273/2854 1212/656/1203 341/658/341
f 731/2274/731 2015/2276/1998 2890/2277/2855 1940/2275/1924
f 2015/2276/1998 732/2278/732 1941/2279/1925 2890/2277/2855
f 2890/2277/2855 1941/2279/1925 340/659/340 1211/662/1202
f 1940/2275/1924 2890/2277/2855 1211/662/1202 339/653/339
f 732/2278/732 2014/2280/1997 2891/2281/2856 1941/2279/1925
f 2014/2280/1997 733/2282/733 1942/2283/1926 2891/2281/2856
f 2891/2281/2856 1942/2283/1926 346/628/346 1210/682/1201
f 1941/2279/1925 2891/2281/2856 1210/682/1201 340/659/340
f 733/2282/733 2013/2284/1996 2892/2285/2857 1942/2283/1926
f 2013/2284/1996 734/2286/734 1943/2287/1927 2892/2285/2857
f 2892/2285/2857 1943/2287/1927 338/620/338 1213/623/1204
f 1942/2283/1926 2892/2285/2857 1213/623/1204 346/628/346
f 734/2286/734 2012/2288/1995 2893/2289/2858 1943/2287/1927
f 2012/2288/1995 724/2290/724 1968/2291/1952 2893/2289/2858
f 2893/2289/2858 1968/2291/1952 449/1148/449 1399/1151/1389
f 1943/2287/1927 2893/2289/2858 1399/1151/1389 338/620/338
f 723/2292/723 2011/2293/1994 2894/2294/2859 1967/2295/1951
f 2011/2293/1994 735/2296/735 1944/2297/1928 2894/2294/2859
f 2894/2294/2859 1944/2297/1928 278/511/278 1438/1202/1428
f 1967/2295/1951 2894/2294/2859 1438/1202/1428 450/1123/450
f 735/2296/735 2010/2298/1993 2895/2299/2860 1944/2297/1928
f 2010/2298/1993 736/2300/736 1945/2301/1929 2895/2299/2860
f 2895/2299/2860 1945/2301/1929 277/513/277 1089/512/1084
f 1944/2297/1928 2895/2299/2860 1089/512/1084 278/511/278
f 736/2300/736 2009/2302/1992 2896/2303/2861 1945/2301/1929
f 2009/2302/1992 737/2304/737 1946/2305/1930 2896/2303/2861
f 2896/2303/2861 1946/2305/1930 279/505/279 1090/515/1085
f 1945/2301/1929 2896/2303/2861 1090/515/1085 277/513/277
f 737/2304/737 2008/2306/1991 2897/2307/2862 1946/2305/1930
f 2008/2306/1991 738/2308/738 1947/2309/1931 2897/2307/2862
f 2897/2307/2862 1947/2309/1931 276/507/276 1088/506/1083
f 1946/2305/1930 2897/2307/2862 1088/506/1083 279/505/279
f 738/2308/738 2007/2310/1990 2898/2311/2863 1947/2309/1931
f 2007/2310/1990 739/2312/739 1948/2313/1932 2898/2311/2863
f 2898/2311/2863 1948/2313/1932 275/519/275 1091/518/1086
f 1947/2309/1931 2898/2311/2863 1091/518/1086 276/507/276
f 739/2312/739 2006/2314/1989 2899/2315/2864 1948/2313/1932
f 2006/2314/1989 740/2316/740 1949/2317/1933 2899/2315/2864
f 2899/2315/2864 1949/2317/1933 274/523/274 1092/522/1087
f 1948/2313/1932 2899/2315/2864 1092/522/1087 275/519/275
f 740/2316/740 2005/2318/1988 2900/2319/2865 1949/2317/1933
f 2005/2318/1988 741/2320/741 1950/2321/1934 2900/2319/2865
f 2900/2319/2865 1950/2321/1934 273/527/273 1093/526/1088
f 1949/2317/1933 2900/2319/2865 1093/526/1088 274/523/274
f 741/2320/741 2004/2322/1987 2901/2323/2866 1950/2321/1934
f 2004/2322/1987 742/2324/742 1951/2325/1935 2901/2323/2866
f 2901/2323/2866 1951/2325/1935 286/531/286 1104/530/1099
f 1950/2321/1934 2901/2323/2866 1104/530/1099 273/527/273
f 742/2324/742 2003/2326/1986 2902/2327/2867 1951/2325/1935
f 2003/2326/1986 743/2328/743 1952/2329/1936 2902/2327/2867
f 2902/2327/2867 1952/2329/1936 270/551/270 1094/556/1089
f 1951/2325/1935 2902/2327/2867 1094/556/1089 286/531/286
f 743/2328/743 2002/2330/1985 2903/2331/2868 1952/2329/1936
f 2002/2330/1985 744/2332/744 1953/2333/1937 2903/2331/2868
f 2903/2331/2868 1953/2333/1937 291/553/291 1115/552/1109
f 1952/2329/1936 2903/2331/2868 1115/552/1109 270/551/270
f 744/2332/744 2001/2334/744 2904/2335/2869 1953/2333/1937
f 2001/2334/744 745/2336/745 1954/2337/1938 2904/2335/2869
f 2904/2335/2869 1954/2337/1938 271/541/271 1097/575/1092
f 1953/2333/1937 2904/2335/2869 1097/575/1092 291/553/291
f 745/2336/745 2000/2338/1984 2905/2339/2870 1954/2337/1938
f 2000/2338/1984 746/2340/746 1955/2341/1939 2905/2339/2870
f 2905/2339/2870 1955/2341/1939 298/543/298 1127/542/1121
f 1954/2337/1938 2905/2339/2870 1127/542/1121 271/541/271
f 746/2340/746 1999/2342/1983 2906/2343/2871 1955/2341/1939
f 1999/2342/1983 747/2344/747 1956/2345/1940 2906/2343/2871
f 2906/2343/2871 1956/2345/1940 303/581/303 1137/580/1129
f 1955/2341/1939 2906/2343/2871 1137/580/1129 298/543/298
f 747/2344/747 1998/2346/1982 2907/2347/2872 1956/2345/1940
f 1998/2346/1982 748/2348/748 1957/2349/1941 2907/2347/2872
f 2907/2347/2872 1957/2349/1941 272/535/272 1096/608/1091
f 1956/2345/1940 2907/2347/2872 1096/608/1091 303/581/303
f 748/2348/748 1997/2350/1981 2908/2351/2873 1957/2349/1941
f 1997/2350/1981 749/2352/749 1958/2353/1942 2908/2351/2873
f 2908/2351/2873 1958/2353/1942 310/537/310 1149/536/1140
f 1957/2349/1941 2908/2351/2873 1149/536/1140 272/535/272
f 749/2352/749 1996/2354/1980 2909/2355/2874 1958/2353/1942
f 1996/2354/1980 750/2356/750 1959/2357/1943 2909/2355/2874
f 2909/2355/2874 1959/2357/1943 269/546/269 1095/611/1090
f 1958/2353/1942 2909/2355/2874 1095/611/1090 310/537/310
f 750/2356/750 1995/2358/1979 2910/2359/2875 1959/2357/1943
f 1995/2358/1979 726/2360/726 1970/2201/1954 2910/2359/2875
f 2910/2359/2875 1970/2201/1954 280/499/280 1098/547/1093
f 1959/2357/1943 2910/2359/2875 1098/547/1093 269/546/269
f 941/2211/941 2411/2361/2394 2911/2362/2876 2393/2212/2376
f 2411/2361/2394 943/2363/943 1960/2364/1944 2911/2362/2876
f 2911/2362/2876 1960/2364/1944 226/446/226 1102/451/1097
f 2393/2212/2376 2911/2362/2876 1102/451/1097 284/450/284
f 943/2363/943 2410/2365/2393 2912/2366/2877 1960/2364/1944
f 2410/2365/2393 944/2367/944 1961/2368/1945 2912/2366/2877
f 2912/2366/2877 1961/2368/1945 230/442/230 1008/447/1007
f 1960/2364/1944 2912/2366/2877 1008/447/1007 226/446/226
f 944/2367/944 2409/2369/2392 2913/2370/2878 1961/2368/1945
f 2409/2369/2392 945/2371/945 1962/2372/1946 2913/2370/2878
f 2913/2370/2878 1962/2372/1946 234/438/234 1015/443/1013
f 1961/2368/1945 2913/2370/2878 1015/443/1013 230/442/230
f 945/2371/945 2408/2373/2391 2914/2374/2879 1962/2372/1946
f 2408/2373/2391 946/2375/946 1963/2376/1947 2914/2374/2879
f 2914/2374/2879 1963/2376/1947 238/424/238 1022/439/1019
f 1962/2372/1946 2914/2374/2879 1022/439/1019 234/438/234
f 946/2375/946 2407/2377/2390 2915/2378/2880 1963/2376/1947
f 2407/2377/2390 947/2379/947 1964/2380/1948 2915/2378/2880
f 2915/2378/2880 1964/2380/1948 250/428/250 1029/425/1026
f 1963/2376/1947 2915/2378/2880 1029/425/1026 238/424/238
f 947/2379/947 2406/2381/2389 2916/2382/2881 1964/2380/1948
f 2406/2381/2389 948/2383/948 1965/2384/1949 2916/2382/2881
f 2916/2382/2881 1965/2384/1949 242/430/242 1040/436/1036
f 1964/2380/1948 2916/2382/2881 1040/436/1036 250/428/250
f 948/2383/948 2405/2385/2388 2917/2386/2882 1965/2384/1949
f 2405/2385/2388 949/2387/949 1966/2388/1950 2917/2386/2882
f 2917/2386/2882 1966/2388/1950 246/434/246 1036/431/1033
f 1965/2384/1949 2917/2386/2882 1036/431/1033 242/430/242
f 949/2387/949 2404/2389/2387 2918/2390/2883 1966/2388/1950
f 2404/2389/2387 942/2391/942 2394/2392/2377 2918/2390/2883
f 2918/2390/2883 2394/2392/2377 416/1169/416 1449/1210/1439
f 1966/2388/1950 2918/2390/2883 1449/1210/1439 246/434/246
f 528/1522/528 1575/1521/1564 2919/2393/2884 1994/2394/1978
f 1575/1521/1564 539/1476/539 1923/2205/1907 2919/2393/2884
f 2919/2393/2884 1923/2205/1907 726/2204/726 1995/2395/1979
f 1994/2394/1978 2919/2393/2884 1995/2395/1979 750/2396/750
f 565/1510/565 1572/1587/1561 2920/2397/2885 1993/2398/1977
f 1572/1587/1561 528/1522/528 1994/2394/1978 2920/2397/2885
f 2920/2397/2885 1994/2394/1978 750/2396/750 1996/2399/1980
f 1993/2398/1977 2920/2397/2885 1996/2399/1980 749/2400/749
f 531/1512/531 1622/1511/1607 2921/2401/2886 1992/2402/1976
f 1622/1511/1607 565/1510/565 1993/2398/1977 2921/2401/2886
f 2921/2401/2886 1993/2398/1977 749/2400/749 1997/2403/1981
f 1992/2402/1976 2921/2401/2886 1997/2403/1981 748/2404/748
f 559/1556/559 1573/1584/1562 2922/2405/2887 1991/2406/1975
f 1573/1584/1562 531/1512/531 1992/2402/1976 2922/2405/2887
f 2922/2405/2887 1992/2402/1976 748/2404/748 1998/2407/1982
f 1991/2406/1975 2922/2405/2887 1998/2407/1982 747/2408/747
f 555/1516/555 1611/1557/1597 2923/2409/2888 1990/2410/1974
f 1611/1557/1597 559/1556/559 1991/2406/1975 2923/2409/2888
f 2923/2409/2888 1991/2406/1975 747/2408/747 1999/2411/1983
f 1990/2410/1974 2923/2409/2888 1999/2411/1983 746/2412/746
f 530/1518/530 1602/1517/1590 2924/2413/2889 1989/2414/1973
f 1602/1517/1590 555/1516/555 1990/2410/1974 2924/2413/2889
f 2924/2413/2889 1990/2410/1974 746/2412/746 2000/2415/1984
f 1989/2414/1973 2924/2413/2889 2000/2415/1984 745/2416/745
f 549/1526/549 1574/1551/1563 2925/2417/2890 1988/2418/1972
f 1574/1551/1563 530/1518/530 1989/2414/1973 2925/2417/2890
f 2925/2417/2890 1989/2414/1973 745/2416/745 2001/2419/744
f 1988/2418/1972 2925/2417/2890 2001/2419/744 744/2420/744
f 529/1528/529 1591/1527/1579 2926/2421/2891 1987/2422/1971
f 1591/1527/1579 549/1526/549 1988/2418/1972 2926/2421/2891
f 2926/2421/2891 1988/2418/1972 744/2420/744 2002/2423/1985
f 1987/2422/1971 2926/2421/2891 2002/2423/1985 743/2424/743
f 545/1506/545 1571/1532/1560 2927/2425/2892 1986/2426/1970
f 1571/1532/1560 529/1528/529 1987/2422/1971 2927/2425/2892
f 2927/2425/2892 1987/2422/1971 743/2424/743 2003/2427/1986
f 1986/2426/1970 2927/2425/2892 2003/2427/1986 742/2428/742
f 532/1502/532 1581/1507/1570 2928/2429/2893 1985/2430/1969
f 1581/1507/1570 545/1506/545 1986/2426/1970 2928/2429/2893
f 2928/2429/2893 1986/2426/1970 742/2428/742 2004/2431/1987
f 1985/2430/1969 2928/2429/2893 2004/2431/1987 741/2432/741
f 533/1498/533 1570/1503/1559 2929/2433/2894 1984/2434/1968
f 1570/1503/1559 532/1502/532 1985/2430/1969 2929/2433/2894
f 2929/2433/2894 1985/2430/1969 741/2432/741 2005/2435/1988
f 1984/2434/1968 2929/2433/2894 2005/2435/1988 740/2436/740
f 534/1494/534 1569/1499/1558 2930/2437/2895 1983/2438/1967
f 1569/1499/1558 533/1498/533 1984/2434/1968 2930/2437/2895
f 2930/2437/2895 1984/2434/1968 740/2436/740 2006/2439/1989
f 1983/2438/1967 2930/2437/2895 2006/2439/1989 739/2440/739
f 535/1480/535 1568/1495/1557 2931/2441/2896 1982/2442/1966
f 1568/1495/1557 534/1494/534 1983/2438/1967 2931/2441/2896
f 2931/2441/2896 1983/2438/1967 739/2440/739 2007/2443/1990
f 1982/2442/1966 2931/2441/2896 2007/2443/1990 738/2444/738
f 538/1482/538 1565/1481/1554 2932/2445/2897 1981/2446/1965
f 1565/1481/1554 535/1480/535 1982/2442/1966 2932/2445/2897
f 2932/2445/2897 1982/2442/1966 738/2444/738 2008/2447/1991
f 1981/2446/1965 2932/2445/2897 2008/2447/1991 737/2448/737
f 536/1486/536 1567/1491/1556 2933/2449/2898 1980/2450/1964
f 1567/1491/1556 538/1482/538 1981/2446/1965 2933/2449/2898
f 2933/2449/2898 1981/2446/1965 737/2448/737 2009/2451/1992
f 1980/2450/1964 2933/2449/2898 2009/2451/1992 736/2452/736
f 537/1488/537 1566/1487/1555 2934/2453/2899 1979/2454/1963
f 1566/1487/1555 536/1486/536 1980/2450/1964 2934/2453/2899
f 2934/2453/2899 1980/2450/1964 736/2452/736 2010/2455/1993
f 1979/2454/1963 2934/2453/2899 2010/2455/1993 735/2456/735
f 700/2099/700 1907/2177/1891 2935/2457/2900 1919/2458/1903
f 1907/2177/1891 537/1488/537 1979/2454/1963 2935/2457/2900
f 2935/2457/2900 1979/2454/1963 735/2456/735 2011/2459/1994
f 1919/2458/1903 2935/2457/2900 2011/2459/1994 723/2460/723
f 591/1596/591 1868/2127/1852 2936/2461/2901 1978/2462/1962
f 1868/2127/1852 699/2123/699 1920/2463/1904 2936/2461/2901
f 2936/2461/2901 1920/2463/1904 724/2464/724 2012/2465/1995
f 1978/2462/1962 2936/2461/2901 2012/2465/1995 734/2466/734
f 598/1600/598 1683/1597/1668 2937/2467/2902 1977/2468/1961
f 1683/1597/1668 591/1596/591 1978/2462/1962 2937/2467/2902
f 2937/2467/2902 1978/2462/1962 734/2466/734 2013/2469/1996
f 1977/2468/1961 2937/2467/2902 2013/2469/1996 733/2470/733
f 593/1635/593 1680/1657/1665 2938/2471/2903 1976/2472/1960
f 1680/1657/1665 598/1600/598 1977/2468/1961 2938/2471/2903
f 2938/2471/2903 1977/2468/1961 733/2470/733 2014/2473/1997
f 1976/2472/1960 2938/2471/2903 2014/2473/1997 732/2474/732
f 592/1629/592 1681/1636/1666 2939/2475/2904 1975/2476/1959
f 1681/1636/1666 593/1635/593 1976/2472/1960 2939/2475/2904
f 2939/2475/2904 1976/2472/1960 732/2474/732 2015/2477/1998
f 1975/2476/1959 2939/2475/2904 2015/2477/1998 731/2478/731
f 594/1633/594 1682/1630/1667 2940/2479/2905 1974/2480/1958
f 1682/1630/1667 592/1629/592 1975/2476/1959 2940/2479/2905
f 2940/2479/2905 1975/2476/1959 731/2478/731 2016/2481/1999
f 1974/2480/1958 2940/2479/2905 2016/2481/1999 730/2482/730
f 595/1661/595 1679/1659/1664 2941/2483/2906 1973/2484/1957
f 1679/1659/1664 594/1633/594 1974/2480/1958 2941/2483/2906
f 2941/2483/2906 1974/2480/1958 730/2482/730 2017/2485/2000
f 1973/2484/1957 2941/2483/2906 2017/2485/2000 729/2486/729
f 596/1671/596 1678/1669/1663 2942/2487/2907 1972/2488/1956
f 1678/1669/1663 595/1661/595 1973/2484/1957 2942/2487/2907
f 2942/2487/2907 1973/2484/1957 729/2486/729 2018/2489/2001
f 1972/2488/1956 2942/2487/2907 2018/2489/2001 728/2490/728
f 618/1736/618 1720/1799/1704 2943/2491/2908 1971/2492/1955
f 1720/1799/1704 596/1671/596 1972/2488/1956 2943/2491/2908
f 2943/2491/2908 1972/2488/1956 728/2490/728 2019/2493/2002
f 1971/2492/1955 2943/2491/2908 2019/2493/2002 727/2494/727
f 597/1679/597 1676/1737/1661 2944/2495/2909 1921/2188/1905
f 1676/1737/1661 618/1736/618 1971/2492/1955 2944/2495/2909
f 2944/2495/2909 1971/2492/1955 727/2494/727 2020/2496/2003
f 1921/2188/1905 2944/2495/2909 2020/2496/2003 725/2189/725
f 662/1933/662 1766/1940/1750 2945/2497/2910 2084/2498/2067
f 1766/1940/1750 634/1939/634 2083/2499/2066 2945/2497/2910
f 2945/2497/2910 2083/2499/2066 795/2500/795 2074/2501/2057
f 2084/2498/2067 2945/2497/2910 2074/2501/2057 808/2502/808
f 383/1026/383 1295/1025/1285 2946/2503/2911 2086/2504/2069
f 1295/1025/1285 411/1022/411 2085/2505/2068 2946/2503/2911
f 2946/2503/2911 2085/2505/2068 776/2506/776 2042/2507/2025
f 2086/2504/2069 2946/2503/2911 2042/2507/2025 763/2508/763
f 633/2001/633 1767/1999/1751 2947/2509/2912 2088/2510/2071
f 1767/1999/1751 663/1987/663 2087/2511/2070 2947/2509/2912
f 2947/2509/2912 2087/2511/2070 809/2512/809 2075/2513/2058
f 2088/2510/2071 2947/2509/2912 2075/2513/2058 794/2514/794
f 622/1824/622 1741/1854/1725 2948/2515/2913 2090/2516/2073
f 1741/1854/1725 650/1853/650 2089/2517/2072 2948/2515/2913
f 2948/2515/2913 2089/2517/2072 799/2518/799 2055/2519/2038
f 2090/2516/2073 2948/2515/2913 2055/2519/2038 783/2520/783
f 412/957/412 1296/956/1286 2949/2521/2914 2092/2522/2075
f 1296/956/1286 382/942/382 2091/2523/2074 2949/2521/2914
f 2949/2521/2914 2091/2523/2074 762/2524/762 2043/2525/2026
f 2092/2522/2075 2949/2521/2914 2043/2525/2026 777/2526/777
f 663/1987/663 1768/1984/1752 2950/2527/2915 2087/2511/2070
f 1768/1984/1752 631/1983/631 2093/2528/2076 2950/2527/2915
f 2950/2527/2915 2093/2528/2076 792/2529/792 2076/2530/2059
f 2087/2511/2070 2950/2527/2915 2076/2530/2059 809/2512/809
f 650/1853/650 1742/1860/1726 2951/2531/2916 2089/2517/2072
f 1742/1860/1726 626/1859/626 2094/2532/2077 2951/2531/2916
f 2951/2531/2916 2094/2532/2077 787/2533/787 2056/2534/2039
f 2089/2517/2072 2951/2531/2916 2056/2534/2039 799/2518/799
f 384/962/384 1297/961/1287 2952/2535/2917 2095/2536/2078
f 1297/961/1287 412/957/412 2092/2522/2075 2952/2535/2917
f 2952/2535/2917 2092/2522/2075 777/2526/777 2044/2537/2027
f 2095/2536/2078 2952/2535/2917 2044/2537/2027 764/2538/764
f 624/1962/624 1769/1961/1753 2953/2539/2918 2097/2540/2080
f 1769/1961/1753 665/1960/665 2096/2541/2079 2953/2539/2918
f 2953/2539/2918 2096/2541/2079 810/2542/810 2077/2543/2060
f 2097/2540/2080 2953/2539/2918 2077/2543/2060 785/2544/785
f 625/2035/625 1743/2065/1727 2954/2545/2919 2099/2546/2082
f 1743/2065/1727 651/2055/651 2098/2547/2081 2954/2545/2919
f 2954/2545/2919 2098/2547/2081 800/2548/800 2057/2549/2040
f 2099/2546/2082 2954/2545/2919 2057/2549/2040 786/2550/786
f 413/1015/413 1298/1024/1288 2955/2551/2920 2100/2552/2083
f 1298/1024/1288 383/1026/383 2086/2504/2069 2955/2551/2920
f 2955/2551/2920 2086/2504/2069 763/2508/763 2045/2553/2028
f 2100/2552/2083 2955/2551/2920 2045/2553/2028 778/2554/778
f 400/877/400 1272/876/1262 2956/2555/2921 2102/2556/2085
f 1272/876/1262 372/847/372 2101/2557/2084 2956/2555/2921
f 2956/2555/2921 2101/2557/2084 752/2558/752 2025/2559/2008
f 2102/2556/2085 2956/2555/2921 2025/2559/2008 768/2560/768
f 651/2055/651 1744/2052/1728 2957/2561/2922 2098/2547/2081
f 1744/2052/1728 621/2051/621 2103/2562/2086 2957/2561/2922
f 2957/2561/2922 2103/2562/2086 782/2563/782 2058/2564/2041
f 2098/2547/2081 2957/2561/2922 2058/2564/2041 800/2548/800
f 381/1007/381 1299/1010/1289 2958/2565/2923 2104/2566/2087
f 1299/1010/1289 413/1015/413 2100/2552/2083 2958/2565/2923
f 2958/2565/2923 2100/2552/2083 778/2554/778 2046/2567/2029
f 2104/2566/2087 2958/2565/2923 2046/2567/2029 761/2568/761
f 376/882/376 1273/881/1263 2959/2569/2924 2105/2570/2088
f 1273/881/1263 400/877/400 2102/2556/2085 2959/2569/2924
f 2959/2569/2924 2102/2556/2085 768/2560/768 2026/2571/2009
f 2105/2570/2088 2959/2569/2924 2026/2571/2009 756/2572/756
f 666/2141/666 1771/2138/1755 2960/2573/2925 2107/2574/2090
f 1771/2138/1755 623/1819/623 2106/2575/2089 2960/2573/2925
f 2960/2573/2925 2106/2575/2089 784/2576/784 2078/2577/2061
f 2107/2574/2090 2960/2573/2925 2078/2577/2061 811/2578/811
f 415/984/415 1300/983/1290 2961/2579/2926 2109/2580/2092
f 1300/983/1290 374/982/374 2108/2581/2091 2961/2579/2926
f 2961/2579/2926 2108/2581/2091 754/2582/754 2047/2583/2030
f 2109/2580/2092 2961/2579/2926 2047/2583/2030 779/2584/779
f 401/1083/401 1274/1090/1264 2962/2585/2927 2111/2586/2094
f 1274/1090/1264 375/1059/375 2110/2587/2093 2962/2585/2927
f 2962/2585/2927 2110/2587/2093 755/2588/755 2027/2589/2010
f 2111/2586/2094 2962/2585/2927 2027/2589/2010 769/2590/769
f 942/2591/942 1925/2592/1909 2963/2593/2928 2403/2594/2386
f 1925/2592/1909 666/2141/666 2107/2574/2090 2963/2593/2928
f 2963/2593/2928 2107/2574/2090 811/2578/811 2081/2595/2064
f 2403/2594/2386 2963/2593/2928 2081/2595/2064 950/2596/950
f 371/1075/371 1275/1078/1265 2964/2597/2929 2113/2598/2096
f 1275/1078/1265 401/1083/401 2111/2586/2094 2964/2597/2929
f 2964/2597/2929 2111/2586/2094 769/2590/769 2028/2599/2011
f 2113/2598/2096 2964/2597/2929 2028/2599/2011 751/2600/751
f 626/1859/626 1747/1874/1731 2965/2601/2930 2094/2532/2077
f 1747/1874/1731 653/1873/653 2114/2602/2097 2965/2601/2930
f 2965/2601/2930 2114/2602/2097 801/2603/801 2059/2604/2042
f 2094/2532/2077 2965/2601/2930 2059/2604/2042 787/2533/787
f 373/840/373 1302/1164/1292 2966/2605/2931 2115/2606/2098
f 1302/1164/1292 416/1169/416 2112/2607/2095 2966/2605/2931
f 2966/2605/2931 2112/2607/2095 780/2608/780 2048/2609/2031
f 2115/2606/2098 2966/2605/2931 2048/2609/2031 753/2610/753
f 952/2213/952 2413/2216/2396 2967/2611/2932 2424/2612/2407
f 2413/2216/2396 415/984/415 2109/2580/2092 2967/2611/2932
f 2967/2611/2932 2109/2580/2092 779/2584/779 2423/2613/2406
f 2424/2612/2407 2967/2611/2932 2423/2613/2406 962/2614/962
f 653/1873/653 1748/1880/1732 2968/2615/2933 2114/2602/2097
f 1748/1880/1732 628/1879/628 2116/2616/2099 2968/2615/2933
f 2968/2615/2933 2116/2616/2099 789/2617/789 2060/2618/2043
f 2114/2602/2097 2968/2615/2933 2060/2618/2043 801/2603/801
f 627/2019/627 1749/2049/1733 2969/2619/2934 2118/2620/2101
f 1749/2049/1733 654/2039/654 2117/2621/2100 2969/2619/2934
f 2969/2619/2934 2117/2621/2100 802/2622/802 2061/2623/2044
f 2118/2620/2101 2969/2619/2934 2061/2623/2044 788/2624/788
f 403/897/403 1278/896/1268 2970/2625/2935 2119/2626/2102
f 1278/896/1268 376/882/376 2105/2570/2088 2970/2625/2935
f 2970/2625/2935 2105/2570/2088 756/2572/756 2029/2627/2012
f 2119/2626/2102 2970/2625/2935 2029/2627/2012 770/2628/770
f 654/2039/654 1750/2036/1734 2971/2629/2936 2117/2621/2100
f 1750/2036/1734 625/2035/625 2099/2546/2082 2971/2629/2936
f 2971/2629/2936 2099/2546/2082 786/2550/786 2062/2630/2045
f 2117/2621/2100 2971/2629/2936 2062/2630/2045 802/2622/802
f 378/902/378 1279/901/1269 2972/2631/2937 2120/2632/2103
f 1279/901/1269 403/897/403 2119/2626/2102 2972/2631/2937
f 2972/2631/2937 2119/2626/2102 770/2628/770 2030/2633/2013
f 2120/2632/2103 2972/2631/2937 2030/2633/2013 758/2634/758
f 404/1067/404 1280/1074/1270 2973/2635/2938 2122/2636/2105
f 1280/1074/1270 377/1043/377 2121/2637/2104 2973/2635/2938
f 2973/2635/2938 2121/2637/2104 757/2638/757 2031/2639/2014
f 2122/2636/2105 2973/2635/2938 2031/2639/2014 771/2640/771
f 375/1059/375 1281/1062/1271 2974/2641/2939 2110/2587/2093
f 1281/1062/1271 404/1067/404 2122/2636/2105 2974/2641/2939
f 2974/2641/2939 2122/2636/2105 771/2640/771 2032/2642/2015
f 2110/2587/2093 2974/2641/2939 2032/2642/2015 755/2588/755
f 628/1879/628 1753/1894/1737 2975/2643/2940 2116/2616/2099
f 1753/1894/1737 656/1893/656 2123/2644/2106 2975/2643/2940
f 2975/2643/2940 2123/2644/2106 803/2645/803 2063/2646/2046
f 2116/2616/2099 2975/2643/2940 2063/2646/2046 789/2617/789
f 656/1893/656 1754/1900/1738 2976/2647/2941 2123/2644/2106
f 1754/1900/1738 630/1899/630 2124/2648/2107 2976/2647/2941
f 2976/2647/2941 2124/2648/2107 791/2649/791 2064/2650/2047
f 2123/2644/2106 2976/2647/2941 2064/2650/2047 803/2645/803
f 623/1819/623 1728/1818/1712 2977/2651/2942 2106/2575/2089
f 1728/1818/1712 643/1817/643 2125/2652/2108 2977/2651/2942
f 2977/2651/2942 2125/2652/2108 797/2653/797 2051/2654/2034
f 2106/2575/2089 2977/2651/2942 2051/2654/2034 784/2576/784
f 629/2003/629 1755/2033/1739 2978/2655/2943 2127/2656/2110
f 1755/2033/1739 657/2023/657 2126/2657/2109 2978/2655/2943
f 2978/2655/2943 2126/2657/2109 804/2658/804 2065/2659/2048
f 2127/2656/2110 2978/2655/2943 2065/2659/2048 790/2660/790
f 643/1817/643 1729/1825/1713 2979/2661/2944 2125/2652/2108
f 1729/1825/1713 622/1824/622 2090/2516/2073 2979/2661/2944
f 2979/2661/2944 2090/2516/2073 783/2520/783 2052/2662/2035
f 2125/2652/2108 2979/2661/2944 2052/2662/2035 797/2653/797
f 406/917/406 1284/916/1274 2980/2663/2945 2128/2664/2111
f 1284/916/1274 378/902/378 2120/2632/2103 2980/2663/2945
f 2980/2663/2945 2120/2632/2103 758/2634/758 2033/2665/2016
f 2128/2664/2111 2980/2663/2945 2033/2665/2016 772/2666/772
f 657/2023/657 1756/2020/1740 2981/2667/2946 2126/2657/2109
f 1756/2020/1740 627/2019/627 2118/2620/2101 2981/2667/2946
f 2981/2667/2946 2118/2620/2101 788/2624/788 2066/2668/2049
f 2126/2657/2109 2981/2667/2946 2066/2668/2049 804/2658/804
f 380/922/380 1285/921/1275 2982/2669/2947 2129/2670/2112
f 1285/921/1275 406/917/406 2128/2664/2111 2982/2669/2947
f 2982/2669/2947 2128/2664/2111 772/2666/772 2034/2671/2017
f 2129/2670/2112 2982/2669/2947 2034/2671/2017 760/2672/760
f 393/842/393 1259/841/1249 2983/2673/2948 2130/2674/2113
f 1259/841/1249 373/840/373 2115/2606/2098 2983/2673/2948
f 2983/2673/2948 2115/2606/2098 753/2610/753 2021/2675/2004
f 2130/2674/2113 2983/2673/2948 2021/2675/2004 766/2676/766
f 407/1051/407 1286/1058/1276 2984/2677/2949 2132/2678/2115
f 1286/1058/1276 379/1027/379 2131/2679/2114 2984/2677/2949
f 2984/2677/2949 2131/2679/2114 759/2680/759 2035/2681/2018
f 2132/2678/2115 2984/2677/2949 2035/2681/2018 773/2682/773
f 634/1939/634 1784/1938/1768 2985/2683/2950 2083/2499/2066
f 1784/1938/1768 673/1937/673 2133/2684/2116 2985/2683/2950
f 2985/2683/2950 2133/2684/2116 812/2685/812 2079/2686/2062
f 2083/2499/2066 2985/2683/2950 2079/2686/2062 795/2500/795
f 372/847/372 1260/846/1250 2986/2687/2951 2101/2557/2084
f 1260/846/1250 393/842/393 2130/2674/2113 2986/2687/2951
f 2986/2687/2951 2130/2674/2113 766/2676/766 2022/2688/2005
f 2101/2557/2084 2986/2687/2951 2022/2688/2005 752/2558/752
f 377/1043/377 1287/1046/1277 2987/2689/2952 2121/2637/2104
f 1287/1046/1277 407/1051/407 2132/2678/2115 2987/2689/2952
f 2987/2689/2952 2132/2678/2115 773/2682/773 2036/2690/2019
f 2121/2637/2104 2987/2689/2952 2036/2690/2019 757/2638/757
f 673/1937/673 1785/1944/1769 2988/2691/2953 2133/2684/2116
f 1785/1944/1769 642/1943/642 2134/2692/2117 2988/2691/2953
f 2988/2691/2953 2134/2692/2117 796/2693/796 2080/2694/2063
f 2133/2684/2116 2988/2691/2953 2080/2694/2063 812/2685/812
f 630/1899/630 1759/1914/1743 2989/2695/2954 2124/2648/2107
f 1759/1914/1743 659/1913/659 2135/2696/2118 2989/2695/2954
f 2989/2695/2954 2135/2696/2118 805/2697/805 2067/2698/2050
f 2124/2648/2107 2989/2695/2954 2067/2698/2050 791/2649/791
f 659/1913/659 1760/1920/1744 2990/2699/2955 2135/2696/2118
f 1760/1920/1744 632/1919/632 2136/2700/2119 2990/2699/2955
f 2990/2699/2955 2136/2700/2119 793/2701/793 2068/2702/2051
f 2135/2696/2118 2990/2699/2955 2068/2702/2051 805/2697/805
f 621/2051/621 1734/2091/1718 2991/2703/2956 2103/2562/2086
f 1734/2091/1718 646/2081/646 2137/2704/2120 2991/2703/2956
f 2991/2703/2956 2137/2704/2120 798/2705/798 2053/2706/2036
f 2103/2562/2086 2991/2703/2956 2053/2706/2036 782/2563/782
f 423/964/423 1315/963/1305 2992/2707/2957 2138/2708/2121
f 1315/963/1305 384/962/384 2095/2536/2078 2992/2707/2957
f 2992/2707/2957 2095/2536/2078 764/2538/764 2049/2709/2032
f 2138/2708/2121 2992/2707/2957 2049/2709/2032 781/2710/781
f 631/1983/631 1761/2017/1745 2993/2711/2958 2093/2528/2076
f 1761/2017/1745 660/2007/660 2139/2712/2122 2993/2711/2958
f 2993/2711/2958 2139/2712/2122 806/2713/806 2069/2714/2052
f 2093/2528/2076 2993/2711/2958 2069/2714/2052 792/2529/792
f 646/2081/646 1735/2078/1719 2994/2715/2959 2137/2704/2120
f 1735/2078/1719 624/1962/624 2097/2540/2080 2994/2715/2959
f 2994/2715/2959 2097/2540/2080 785/2544/785 2054/2716/2037
f 2137/2704/2120 2994/2715/2959 2054/2716/2037 798/2705/798
f 392/968/392 1316/967/1306 2995/2717/2960 2140/2718/2123
f 1316/967/1306 423/964/423 2138/2708/2121 2995/2717/2960
f 2995/2717/2960 2138/2708/2121 781/2710/781 2050/2719/2033
f 2140/2718/2123 2995/2717/2960 2050/2719/2033 765/2720/765
f 409/937/409 1290/936/1280 2996/2721/2961 2141/2722/2124
f 1290/936/1280 380/922/380 2129/2670/2112 2996/2721/2961
f 2996/2721/2961 2129/2670/2112 760/2672/760 2037/2723/2020
f 2141/2722/2124 2996/2721/2961 2037/2723/2020 774/2724/774
f 660/2007/660 1762/2004/1746 2997/2725/2962 2139/2712/2122
f 1762/2004/1746 629/2003/629 2127/2656/2110 2997/2725/2962
f 2997/2725/2962 2127/2656/2110 790/2660/790 2070/2726/2053
f 2139/2712/2122 2997/2725/2962 2070/2726/2053 806/2713/806
f 382/942/382 1291/941/1281 2998/2727/2963 2091/2523/2074
f 1291/941/1281 409/937/409 2141/2722/2124 2998/2727/2963
f 2998/2727/2963 2141/2722/2124 774/2724/774 2038/2728/2021
f 2091/2523/2074 2998/2727/2963 2038/2728/2021 762/2524/762
f 396/1109/396 1265/1116/1255 2999/2729/2964 2142/2730/2125
f 1265/1116/1255 371/1075/371 2113/2598/2096 2999/2729/2964
f 2999/2729/2964 2113/2598/2096 751/2600/751 2023/2731/2006
f 2142/2730/2125 2999/2729/2964 2023/2731/2006 767/2732/767
f 642/1943/642 1763/1998/1747 3000/2733/2965 2134/2692/2117
f 1763/1998/1747 661/1997/661 2143/2734/2126 3000/2733/2965
f 3000/2733/2965 2143/2734/2126 807/2735/807 2071/2736/2054
f 2134/2692/2117 3000/2733/2965 2071/2736/2054 796/2693/796
f 410/1035/410 1292/1042/1282 3001/2737/2966 2144/2738/2127
f 1292/1042/1282 381/1007/381 2104/2566/2087 3001/2737/2966
f 3001/2737/2966 2104/2566/2087 761/2568/761 2039/2739/2022
f 2144/2738/2127 3001/2737/2966 2039/2739/2022 775/2740/775
f 374/982/374 1266/1104/1256 3002/2741/2967 2108/2581/2091
f 1266/1104/1256 396/1109/396 2142/2730/2125 3002/2741/2967
f 3002/2741/2967 2142/2730/2125 767/2732/767 2024/2742/2007
f 2108/2581/2091 3002/2741/2967 2024/2742/2007 754/2582/754
f 661/1997/661 1764/2002/1748 3003/2743/2968 2143/2734/2126
f 1764/2002/1748 633/2001/633 2088/2510/2071 3003/2743/2968
f 3003/2743/2968 2088/2510/2071 794/2514/794 2072/2744/2055
f 2143/2734/2126 3003/2743/2968 2072/2744/2055 807/2735/807
f 379/1027/379 1293/1030/1283 3004/2745/2969 2131/2679/2114
f 1293/1030/1283 410/1035/410 2144/2738/2127 3004/2745/2969
f 3004/2745/2969 2144/2738/2127 775/2740/775 2040/2746/2023
f 2131/2679/2114 3004/2745/2969 2040/2746/2023 759/2680/759
f 632/1919/632 1765/1934/1749 3005/2747/2970 2136/2700/2119
f 1765/1934/1749 662/1933/662 2084/2498/2067 3005/2747/2970
f 3005/2747/2970 2084/2498/2067 808/2502/808 2073/2748/2056
f 2136/2700/2119 3005/2747/2970 2073/2748/2056 793/2701/793
f 411/1022/411 1294/1021/1284 3006/2749/2971 2085/2505/2068
f 1294/1021/1284 392/968/392 2140/2718/2123 3006/2749/2971
f 3006/2749/2971 2140/2718/2123 765/2720/765 2041/2750/2024
f 2085/2505/2068 3006/2749/2971 2041/2750/2024 776/2506/776
f 868/2751/868 2186/2752/2169 3007/2753/2972 2185/2754/2168
f 2186/2752/2169 863/2755/863 2187/2756/2170 3007/2753/2972
f 3007/2753/2972 2187/2756/2170 864/2757/864 2188/2758/2171
f 2185/2754/2168 3007/2753/2972 2188/2758/2171 867/2759/867
f 862/2760/862 2190/2761/2173 3008/2762/2973 2189/2763/2172
f 2190/2761/2173 868/2751/868 2185/2754/2168 3008/2762/2973
f 3008/2762/2973 2185/2754/2168 867/2759/867 2191/2764/2174
f 2189/2763/2172 3008/2762/2973 2191/2764/2174 861/2765/861
f 861/2765/861 2192/2766/2175 3009/2767/2974 2189/2763/2172
f 2192/2766/2175 865/2768/865 2193/2769/2176 3009/2767/2974
f 3009/2767/2974 2193/2769/2176 866/2770/866 2194/2771/2177
f 2189/2763/2172 3009/2767/2974 2194/2771/2177 862/2760/862
f 870/2772/870 2196/2773/2179 3010/2774/2975 2195/2775/2178
f 2196/2773/2179 866/2770/866 2193/2769/2176 3010/2774/2975
f 3010/2774/2975 2193/2769/2176 865/2768/865 2197/2776/2180
f 2195/2775/2178 3010/2774/2975 2197/2776/2180 869/2777/869
f 863/2755/863 2201/2778/2184 3011/2779/2976 2187/2756/2170
f 2201/2778/2184 872/2780/872 2198/2781/2181 3011/2779/2976
f 3011/2779/2976 2198/2781/2181 871/2782/871 2202/2783/2185
f 2187/2756/2170 3011/2779/2976 2202/2783/2185 864/2757/864
f 876/2784/876 2204/2785/2187 3012/2786/2977 2203/2787/2186
f 2204/2785/2187 879/2788/879 2205/2789/2188 3012/2786/2977
f 3012/2786/2977 2205/2789/2188 880/2790/880 2206/2791/2189
f 2203/2787/2186 3012/2786/2977 2206/2791/2189 875/2792/875
f 879/2788/879 2207/2793/2190 3013/2794/2978 2205/2789/2188
f 2207/2793/2190 873/2795/873 2208/2796/2191 3013/2794/2978
f 3013/2794/2978 2208/2796/2191 874/2797/874 2209/2798/2192
f 2205/2789/2188 3013/2794/2978 2209/2798/2192 880/2790/880
f 873/2795/873 2210/2799/2193 3014/2800/2979 2208/2796/2191
f 2210/2799/2193 877/2801/877 2211/2802/2194 3014/2800/2979
f 3014/2800/2979 2211/2802/2194 878/2803/878 2212/2804/2195
f 2208/2796/2191 3014/2800/2979 2212/2804/2195 874/2797/874
f 877/2801/877 2213/2805/2196 3015/2806/2980 2211/2802/2194
f 2213/2805/2196 881/2807/881 2214/2808/2197 3015/2806/2980
f 3015/2806/2980 2214/2808/2197 882/2809/882 2215/2810/2198
f 2211/2802/2194 3015/2806/2980 2215/2810/2198 878/2803/878
f 884/2811/884 2217/2812/2200 3016/2813/2981 2216/2814/2199
f 2217/2812/2200 876/2784/876 2203/2787/2186 3016/2813/2981
f 3016/2813/2981 2203/2787/2186 875/2792/875 2218/2815/2201
f 2216/2814/2199 3016/2813/2981 2218/2815/2201 883/2816/883
f 888/2817/888 2224/2818/2207 3017/2819/2982 2223/2820/2206
f 2224/2818/2207 891/2821/891 2225/2822/2208 3017/2819/2982
f 3017/2819/2982 2225/2822/2208 892/2823/892 2226/2824/2209
f 2223/2820/2206 3017/2819/2982 2226/2824/2209 887/2825/887
f 891/2821/891 2227/2826/2210 3018/2827/2983 2225/2822/2208
f 2227/2826/2210 885/2828/885 2228/2829/2211 3018/2827/2983
f 3018/2827/2983 2228/2829/2211 886/2830/886 2229/2831/2212
f 2225/2822/2208 3018/2827/2983 2229/2831/2212 892/2823/892
f 885/2828/885 2230/2832/2213 3019/2833/2984 2228/2829/2211
f 2230/2832/2213 889/2834/889 2231/2835/2214 3019/2833/2984
f 3019/2833/2984 2231/2835/2214 890/2836/890 2232/2837/2215
f 2228/2829/2211 3019/2833/2984 2232/2837/2215 886/2830/886
f 889/2834/889 2233/2838/2216 3020/2839/2985 2231/2835/2214
f 2233/2838/2216 893/2840/893 2234/2841/2217 3020/2839/2985
f 3020/2839/2985 2234/2841/2217 894/2842/894 2235/2843/2218
f 2231/2835/2214 3020/2839/2985 2235/2843/2218 890/2836/890
f 895/2844/895 2238/2845/2221 3021/2846/2986 2237/2847/2220
f 2238/2845/2221 888/2817/888 2223/2820/2206 3021/2846/2986
f 3021/2846/2986 2223/2820/2206 887/2825/887 2239/2848/2222
f 2237/2847/2220 3021/2846/2986 2239/2848/2222 896/2849/896
f 904/2850/904 2241/2851/2224 3022/2852/2987 2240/2853/2223
f 2241/2851/2224 899/2854/899 2242/2855/2225 3022/2852/2987
f 3022/2852/2987 2242/2855/2225 900/2856/900 2243/2857/2226
f 2240/2853/2223 3022/2852/2987 2243/2857/2226 903/2858/903
f 898/2859/898 2245/2860/2228 3023/2861/2988 2244/2862/2227
f 2245/2860/2228 904/2850/904 2240/2853/2223 3023/2861/2988
f 3023/2861/2988 2240/2853/2223 903/2858/903 2246/2863/2229
f 2244/2862/2227 3023/2861/2988 2246/2863/2229 897/2864/897
f 902/2865/902 2248/2866/2231 3024/2867/2989 2247/2868/2230
f 2248/2866/2231 898/2859/898 2244/2862/2227 3024/2867/2989
f 3024/2867/2989 2244/2862/2227 897/2864/897 2249/2869/2232
f 2247/2868/2230 3024/2867/2989 2249/2869/2232 901/2870/901
f 906/2871/906 2251/2872/2234 3025/2873/2990 2250/2874/2233
f 2251/2872/2234 902/2865/902 2247/2868/2230 3025/2873/2990
f 3025/2873/2990 2247/2868/2230 901/2870/901 2252/2875/2235
f 2250/2874/2233 3025/2873/2990 2252/2875/2235 905/2876/905
f 899/2854/899 2253/2877/2236 3026/2878/2991 2242/2855/2225
f 2253/2877/2236 908/2879/908 2221/2880/2204 3026/2878/2991
f 3026/2878/2991 2221/2880/2204 907/2881/907 2254/2882/2237
f 2242/2855/2225 3026/2878/2991 2254/2882/2237 900/2856/900
f 853/2883/853 2199/2884/2182 3027/2885/2992 2258/2886/2241
f 2199/2884/2182 872/2780/872 2259/2887/2242 3027/2885/2992
f 3027/2885/2992 2259/2887/2242 834/2888/834 2157/2889/2140
f 2258/2886/2241 3027/2885/2992 2157/2889/2140 821/2890/821
f 884/2811/884 2220/2891/2203 3028/2892/2993 2261/2893/2244
f 2220/2891/2203 853/2883/853 2258/2886/2241 3028/2892/2993
f 3028/2892/2993 2258/2886/2241 821/2890/821 2166/2894/2149
f 2261/2893/2244 3028/2892/2993 2166/2894/2149 840/2895/840
f 870/2772/870 2200/2896/2183 3029/2897/2994 2263/2898/2246
f 2200/2896/2183 854/2899/854 2264/2900/2247 3029/2897/2994
f 3029/2897/2994 2264/2900/2247 822/2901/822 2158/2902/2141
f 2263/2898/2246 3029/2897/2994 2158/2902/2141 833/2903/833
f 854/2899/854 2184/2904/2167 3030/2905/2995 2264/2900/2247
f 2184/2904/2167 860/2906/860 2265/2907/2248 3030/2905/2995
f 3030/2905/2995 2265/2907/2248 828/2908/828 2152/2909/2135
f 2264/2900/2247 3030/2905/2995 2152/2909/2135 822/2901/822
f 855/2910/855 2219/2911/2202 3031/2912/2996 2267/2913/2250
f 2219/2911/2202 881/2807/881 2268/2914/2251 3031/2912/2996
f 3031/2912/2996 2268/2914/2251 839/2915/839 2165/2916/2148
f 2267/2913/2250 3031/2912/2996 2165/2916/2148 823/2917/823
f 859/2918/859 2183/2919/2166 3032/2920/2997 2269/2921/2252
f 2183/2919/2166 855/2910/855 2267/2913/2250 3032/2920/2997
f 3032/2920/2997 2267/2913/2250 823/2917/823 2151/2922/2134
f 2269/2921/2252 3032/2920/2997 2151/2922/2134 827/2923/827
f 895/2844/895 2236/2924/2219 3033/2925/2998 2271/2926/2254
f 2236/2924/2219 856/2927/856 2272/2928/2255 3033/2925/2998
f 3033/2925/2998 2272/2928/2255 824/2929/824 2172/2930/2155
f 2271/2926/2254 3033/2925/2998 2172/2930/2155 846/2931/846
f 856/2927/856 2222/2932/2205 3034/2933/2999 2272/2928/2255
f 2222/2932/2205 908/2879/908 2274/2934/2257 3034/2933/2999
f 3034/2933/2999 2274/2934/2257 852/2935/852 2167/2936/2150
f 2272/2928/2255 3034/2933/2999 2167/2936/2150 824/2929/824
f 857/2937/857 2256/2938/2239 3035/2939/3000 2276/2940/2259
f 2256/2938/2239 893/2840/893 2277/2941/2260 3035/2939/3000
f 3035/2939/3000 2277/2941/2260 845/2942/845 2180/2943/2163
f 2276/2940/2259 3035/2939/3000 2180/2943/2163 825/2944/825
f 860/2945/860 2182/2946/2165 3036/2947/3001 2265/2948/2248
f 2182/2946/2165 857/2937/857 2276/2940/2259 3036/2947/3001
f 3036/2947/3001 2276/2940/2259 825/2944/825 2150/2949/2133
f 2265/2948/2248 3036/2947/3001 2150/2949/2133 828/2950/828
f 906/2871/906 2255/2951/2238 3037/2952/3002 2279/2953/2262
f 2255/2951/2238 858/2954/858 2280/2955/2263 3037/2952/3002
f 3037/2952/3002 2280/2955/2263 826/2956/826 2179/2957/2162
f 2279/2953/2262 3037/2952/3002 2179/2957/2162 851/2958/851
f 858/2954/858 2181/2959/2164 3038/2960/3003 2280/2955/2263
f 2181/2959/2164 859/2961/859 2269/2962/2252 3038/2960/3003
f 3038/2960/3003 2269/2962/2252 827/2963/827 2149/2964/2132
f 2280/2955/2263 3038/2960/3003 2149/2964/2132 826/2956/826
f 868/2751/868 2190/2761/2173 3039/2965/3004 2281/2966/2264
f 2190/2761/2173 862/2760/862 2282/2967/2265 3039/2965/3004
f 3039/2965/3004 2282/2967/2265 829/2968/829 2154/2969/2137
f 2281/2966/2264 3039/2965/3004 2154/2969/2137 832/2970/832
f 814/2971/814 2145/2972/2128 3040/2973/3005 2283/2974/2266
f 2145/2972/2128 813/2975/813 2284/2976/2267 3040/2973/3005
f 3040/2973/3005 2284/2976/2267 861/2765/861 2191/2764/2174
f 2283/2974/2266 3040/2973/3005 2191/2764/2174 867/2759/867
f 862/2760/862 2194/2771/2177 3041/2977/3006 2282/2967/2265
f 2194/2771/2177 866/2770/866 2285/2978/2268 3041/2977/3006
f 3041/2977/3006 2285/2978/2268 831/2979/831 2155/2980/2138
f 2282/2967/2265 3041/2977/3006 2155/2980/2138 829/2968/829
f 813/2975/813 2262/2981/2245 3042/2982/3007 2284/2976/2267
f 2262/2981/2245 869/2777/869 2197/2776/2180 3042/2982/3007
f 3042/2982/3007 2197/2776/2180 865/2768/865 2192/2766/2175
f 2284/2976/2267 3042/2982/3007 2192/2766/2175 861/2765/861
f 863/2755/863 2186/2752/2169 3043/2983/3008 2286/2984/2269
f 2186/2752/2169 868/2751/868 2281/2966/2264 3043/2983/3008
f 3043/2983/3008 2281/2966/2264 832/2970/832 2153/2985/2136
f 2286/2984/2269 3043/2983/3008 2153/2985/2136 830/2986/830
f 871/2782/871 2257/2987/2240 3044/2988/3009 2202/2783/2185
f 2257/2987/2240 814/2971/814 2283/2974/2266 3044/2988/3009
f 3044/2988/3009 2283/2974/2266 867/2759/867 2188/2758/2171
f 2202/2783/2185 3044/2988/3009 2188/2758/2171 864/2757/864
f 872/2780/872 2201/2778/2184 3045/2989/3010 2259/2887/2242
f 2201/2778/2184 863/2755/863 2286/2984/2269 3045/2989/3010
f 3045/2989/3010 2286/2984/2269 830/2986/830 2159/2990/2142
f 2259/2887/2242 3045/2989/3010 2159/2990/2142 834/2888/834
f 866/2770/866 2196/2773/2179 3046/2991/3011 2285/2978/2268
f 2196/2773/2179 870/2772/870 2263/2898/2246 3046/2991/3011
f 3046/2991/3011 2263/2898/2246 833/2903/833 2156/2992/2139
f 2285/2978/2268 3046/2991/3011 2156/2992/2139 831/2979/831
f 873/2795/873 2207/2793/2190 3047/2993/3012 2287/2994/2270
f 2207/2793/2190 879/2788/879 2288/2995/2271 3047/2993/3012
f 3047/2993/3012 2288/2995/2271 838/2996/838 2161/2997/2144
f 2287/2994/2270 3047/2993/3012 2161/2997/2144 835/2998/835
f 815/2999/815 2289/3000/2272 3048/3001/3013 2266/3002/2249
f 2289/3000/2272 874/2797/874 2212/2804/2195 3048/3001/3013
f 3048/3001/3013 2212/2804/2195 878/2803/878 2215/2810/2198
f 2266/3002/2249 3048/3001/3013 2215/2810/2198 882/2809/882
f 816/3003/816 2290/3004/2273 3049/3005/3014 2146/3006/2129
f 2290/3004/2273 880/2790/880 2209/2798/2192 3049/3005/3014
f 3049/3005/3014 2209/2798/2192 874/2797/874 2289/3000/2272
f 2146/3006/2129 3049/3005/3014 2289/3000/2272 815/2999/815
f 877/2801/877 2210/2799/2193 3050/3007/3015 2291/3008/2274
f 2210/2799/2193 873/2795/873 2287/2994/2270 3050/3007/3015
f 3050/3007/3015 2287/2994/2270 835/2998/835 2162/3009/2145
f 2291/3008/2274 3050/3007/3015 2162/3009/2145 837/3010/837
f 879/2788/879 2204/2785/2187 3051/3011/3016 2288/2995/2271
f 2204/2785/2187 876/2784/876 2292/3012/2275 3051/3011/3016
f 3051/3011/3016 2292/3012/2275 836/3013/836 2160/3014/2143
f 2288/2995/2271 3051/3011/3016 2160/3014/2143 838/2996/838
f 883/2816/883 2218/2815/2201 3052/3015/3017 2260/3016/2243
f 2218/2815/2201 875/2792/875 2206/2791/2189 3052/3015/3017
f 3052/3015/3017 2206/2791/2189 880/2790/880 2290/3004/2273
f 2260/3016/2243 3052/3015/3017 2290/3004/2273 816/3003/816
f 876/2784/876 2217/2812/2200 3053/3017/3018 2292/3012/2275
f 2217/2812/2200 884/2811/884 2261/2893/2244 3053/3017/3018
f 3053/3017/3018 2261/2893/2244 840/2895/840 2164/3018/2147
f 2292/3012/2275 3053/3017/3018 2164/3018/2147 836/3013/836
f 881/2807/881 2213/2805/2196 3054/3019/3019 2268/2914/2251
f 2213/2805/2196 877/2801/877 2291/3008/2274 3054/3019/3019
f 3054/3019/3019 2291/3008/2274 837/3010/837 2163/3020/2146
f 2268/2914/2251 3054/3019/3019 2163/3020/2146 839/2915/839
f 885/2828/885 2227/2826/2210 3055/3021/3020 2293/3022/2276
f 2227/2826/2210 891/2821/891 2294/3023/2277 3055/3021/3020
f 3055/3021/3020 2294/3023/2277 844/3024/844 2169/3025/2152
f 2293/3022/2276 3055/3021/3020 2169/3025/2152 841/3026/841
f 817/3027/817 2295/3028/2278 3056/3029/3021 2275/3030/2258
f 2295/3028/2278 886/2830/886 2232/2837/2215 3056/3029/3021
f 3056/3029/3021 2232/2837/2215 890/2836/890 2235/2843/2218
f 2275/3030/2258 3056/3029/3021 2235/2843/2218 894/2842/894
f 818/3031/818 2296/3032/2279 3057/3033/3022 2147/3034/2130
f 2296/3032/2279 892/2823/892 2229/2831/2212 3057/3033/3022
f 3057/3033/3022 2229/2831/2212 886/2830/886 2295/3028/2278
f 2147/3034/2130 3057/3033/3022 2295/3028/2278 817/3027/817
f 889/2834/889 2230/2832/2213 3058/3035/3023 2297/3036/2280
f 2230/2832/2213 885/2828/885 2293/3022/2276 3058/3035/3023
f 3058/3035/3023 2293/3022/2276 841/3026/841 2170/3037/2153
f 2297/3036/2280 3058/3035/3023 2170/3037/2153 843/3038/843
f 891/2821/891 2224/2818/2207 3059/3039/3024 2294/3023/2277
f 2224/2818/2207 888/2817/888 2298/3040/2281 3059/3039/3024
f 3059/3039/3024 2298/3040/2281 842/3041/842 2168/3042/2151
f 2294/3023/2277 3059/3039/3024 2168/3042/2151 844/3024/844
f 896/2849/896 2239/2848/2222 3060/3043/3025 2270/3044/2253
f 2239/2848/2222 887/2825/887 2226/2824/2209 3060/3043/3025
f 3060/3043/3025 2226/2824/2209 892/2823/892 2296/3032/2279
f 2270/3044/2253 3060/3043/3025 2296/3032/2279 818/3031/818
f 888/2817/888 2238/2845/2221 3061/3045/3026 2298/3040/2281
f 2238/2845/2221 895/2844/895 2271/2926/2254 3061/3045/3026
f 3061/3045/3026 2271/2926/2254 846/2931/846 2173/3046/2156
f 2298/3040/2281 3061/3045/3026 2173/3046/2156 842/3041/842
f 893/2840/893 2233/2838/2216 3062/3047/3027 2277/2941/2260
f 2233/2838/2216 889/2834/889 2297/3036/2280 3062/3047/3027
f 3062/3047/3027 2297/3036/2280 843/3038/843 2171/3048/2154
f 2277/2941/2260 3062/3047/3027 2171/3048/2154 845/2942/845
f 904/2850/904 2245/2860/2228 3063/3049/3028 2299/3050/2282
f 2245/2860/2228 898/2859/898 2300/3051/2283 3063/3049/3028
f 3063/3049/3028 2300/3051/2283 847/3052/847 2175/3053/2158
f 2299/3050/2282 3063/3049/3028 2175/3053/2158 850/3054/850
f 820/3055/820 2148/3056/2131 3064/3057/3029 2301/3058/2284
f 2148/3056/2131 819/3059/819 2302/3060/2285 3064/3057/3029
f 3064/3057/3029 2302/3060/2285 897/2864/897 2246/2863/2229
f 2301/3058/2284 3064/3057/3029 2246/2863/2229 903/2858/903
f 898/2859/898 2248/2866/2231 3065/3061/3030 2300/3051/2283
f 2248/2866/2231 902/2865/902 2303/3062/2286 3065/3061/3030
f 3065/3061/3030 2303/3062/2286 849/3063/849 2176/3064/2159
f 2300/3051/2283 3065/3061/3030 2176/3064/2159 847/3052/847
f 819/3059/819 2278/3065/2261 3066/3066/3031 2302/3060/2285
f 2278/3065/2261 905/2876/905 2252/2875/2235 3066/3066/3031
f 3066/3066/3031 2252/2875/2235 901/2870/901 2249/2869/2232
f 2302/3060/2285 3066/3066/3031 2249/2869/2232 897/2864/897
f 899/2854/899 2241/2851/2224 3067/3067/3032 2304/3068/2287
f 2241/2851/2224 904/2850/904 2299/3050/2282 3067/3067/3032
f 3067/3067/3032 2299/3050/2282 850/3054/850 2174/3069/2157
f 2304/3068/2287 3067/3067/3032 2174/3069/2157 848/3070/848
f 907/2881/907 2273/3071/2256 3068/3072/3033 2254/2882/2237
f 2273/3071/2256 820/3055/820 2301/3058/2284 3068/3072/3033
f 3068/3072/3033 2301/3058/2284 903/2858/903 2243/2857/2226
f 2254/2882/2237 3068/3072/3033 2243/2857/2226 900/2856/900
f 908/2879/908 2253/2877/2236 3069/3073/3034 2274/2934/2257
f 2253/2877/2236 899/2854/899 2304/3068/2287 3069/3073/3034
f 3069/3073/3034 2304/3068/2287 848/3070/848 2178/3074/2161
f 2274/2934/2257 3069/3073/3034 2178/3074/2161 852/2935/852
f 902/2865/902 2251/2872/2234 3070/3075/3035 2303/3062/2286
f 2251/2872/2234 906/2871/906 2279/2953/2262 3070/3075/3035
f 3070/3075/3035 2279/2953/2262 851/2958/851 2177/3076/2160
f 2303/3062/2286 3070/3075/3035 2177/3076/2160 849/3063/849
f 910/3077/910 2306/3078/2289 3071/3079/3036 2305/3080/2288
f 2306/3078/2289 915/3081/915 2307/3082/2290 3071/3079/3036
f 3071/3079/3036 2307/3082/2290 916/3083/916 2308/3084/2291
f 2305/3080/2288 3071/3079/3036 2308/3084/2291 909/3085/909
f 914/3086/914 2310/3087/2293 3072/3088/3037 2309/3089/2292
f 2310/3087/2293 911/3090/911 2311/3091/2294 3072/3088/3037
f 3072/3088/3037 2311/3091/2294 912/3092/912 2312/3093/2295
f 2309/3089/2292 3072/3088/3037 2312/3093/2295 913/3094/913
f 918/3095/918 2314/3096/2297 3073/3097/3038 2313/3098/2296
f 2314/3096/2297 923/3099/923 2315/3100/2298 3073/3097/3038
f 3073/3097/3038 2315/3100/2298 924/3101/924 2316/3102/2299
f 2313/3098/2296 3073/3097/3038 2316/3102/2299 917/3103/917
f 922/3104/922 2318/3105/2301 3074/3106/3039 2317/3107/2300
f 2318/3105/2301 919/3108/919 2319/3109/2302 3074/3106/3039
f 3074/3106/3039 2319/3109/2302 920/3110/920 2320/3111/2303
f 2317/3107/2300 3074/3106/3039 2320/3111/2303 921/3112/921
f 936/3113/936 2322/3114/2305 3075/3115/3040 2321/3116/2304
f 2322/3114/2305 937/3117/937 2323/3118/2306 3075/3115/3040
f 3075/3115/3040 2323/3118/2306 938/3119/938 2324/3120/2307
f 2321/3116/2304 3075/3115/3040 2324/3120/2307 935/3121/935
f 940/3122/940 2326/3123/2309 3076/3124/3041 2325/3125/2308
f 2326/3123/2309 933/3126/933 2327/3127/2310 3076/3124/3041
f 3076/3124/3041 2327/3127/2310 934/3128/934 2328/3129/2311
f 2325/3125/2308 3076/3124/3041 2328/3129/2311 939/3130/939
f 937/3131/937 2329/3132/2312 3077/3133/3042 2323/3134/2306
f 2329/3132/2312 929/3135/929 2330/3136/2313 3077/3133/3042
f 3077/3133/3042 2330/3136/2313 930/3137/930 2331/3138/2314
f 2323/3134/2306 3077/3133/3042 2331/3138/2314 938/3139/938
f 928/3140/928 2333/3141/2316 3078/3142/3043 2332/3143/2315
f 2333/3141/2316 940/3144/940 2325/3145/2308 3078/3142/3043
f 3078/3142/3043 2325/3145/2308 939/3146/939 2334/3147/2317
f 2332/3143/2315 3078/3142/3043 2334/3147/2317 927/3148/927
f 926/3149/926 2336/3150/2319 3079/3151/3044 2335/3152/2318
f 2336/3150/2319 916/3083/916 2307/3082/2290 3079/3151/3044
f 3079/3151/3044 2307/3082/2290 915/3081/915 2337/3153/2320
f 2335/3152/2318 3079/3151/3044 2337/3153/2320 925/3154/925
f 925/3154/925 2338/3155/2321 3080/3156/3045 2335/3152/2318
f 2338/3155/2321 914/3086/914 2309/3089/2292 3080/3156/3045
f 3080/3156/3045 2309/3089/2292 913/3094/913 2339/3157/2322
f 2335/3152/2318 3080/3156/3045 2339/3157/2322 926/3149/926
f 909/3085/909 2340/3158/2323 3081/3159/3046 2305/3080/2288
f 2340/3158/2323 928/3140/928 2332/3143/2315 3081/3159/3046
f 3081/3159/3046 2332/3143/2315 927/3148/927 2341/3160/2324
f 2305/3080/2288 3081/3159/3046 2341/3160/2324 910/3077/910
f 929/3135/929 2342/3161/2325 3082/3162/3047 2330/3136/2313
f 2342/3161/2325 912/3092/912 2311/3091/2294 3082/3162/3047
f 3082/3162/3047 2311/3091/2294 911/3090/911 2343/3163/2326
f 2330/3136/2313 3082/3162/3047 2343/3163/2326 930/3137/930
f 923/3099/923 2344/3164/2327 3083/3165/3048 2315/3100/2298
f 2344/3164/2327 931/3166/931 2345/3167/2328 3083/3165/3048
f 3083/3165/3048 2345/3167/2328 932/3168/932 2346/3169/2329
f 2315/3100/2298 3083/3165/3048 2346/3169/2329 924/3101/924
f 931/3166/931 2347/3170/2330 3084/3171/3049 2345/3167/2328
f 2347/3170/2330 922/3104/922 2317/3107/2300 3084/3171/3049
f 3084/3171/3049 2317/3107/2300 921/3112/921 2348/3172/2331
f 2345/3167/2328 3084/3171/3049 2348/3172/2331 932/3168/932
f 933/3126/933 2349/3173/2332 3085/3174/3050 2327/3127/2310
f 2349/3173/2332 918/3095/918 2313/3098/2296 3085/3174/3050
f 3085/3174/3050 2313/3098/2296 917/3103/917 2350/3175/2333
f 2327/3127/2310 3085/3174/3050 2350/3175/2333 934/3128/934
f 919/3108/919 2351/3176/2334 3086/3177/3051 2319/3109/2302
f 2351/3176/2334 936/3113/936 2321/3116/2304 3086/3177/3051
f 3086/3177/3051 2321/3116/2304 935/3121/935 2352/3178/2335
f 2319/3109/2302 3086/3177/3051 2352/3178/2335 920/3110/920
f 915/3081/915 2306/3078/2289 3087/3179/3052 2353/3180/2336
f 2306/3078/2289 910/3077/910 2354/3181/2337 3087/3179/3052
f 3087/3179/3052 2354/3181/2337 813/2975/813 2145/2972/2128
f 2353/3180/2336 3087/3179/3052 2145/2972/2128 814/2971/814
f 910/3077/910 2341/3160/2324 3088/3182/3053 2354/3181/2337
f 2341/3160/2324 927/3148/927 2355/3183/2338 3088/3182/3053
f 3088/3182/3053 2355/3183/2338 869/2777/869 2262/2981/2245
f 2354/3181/2337 3088/3182/3053 2262/2981/2245 813/2975/813
f 451/991/451 1394/1000/1384 3089/3184/3054 2356/3185/2339
f 1394/1000/1384 385/999/385 2357/3186/2340 3089/3184/3054
f 3089/3184/3054 2357/3186/2340 909/3085/909 2308/3084/2291
f 2356/3185/2339 3089/3184/3054 2308/3084/2291 916/3083/916
f 385/999/385 1396/1146/1386 3090/3187/3055 2357/3186/2340
f 1396/1146/1386 449/1148/449 2358/3188/2341 3090/3187/3055
f 3090/3187/3055 2358/3188/2341 928/3140/928 2340/3158/2323
f 2357/3186/2340 3090/3187/3055 2340/3158/2323 909/3085/909
f 914/3086/914 2359/3189/2342 3091/3190/3056 2310/3087/2293
f 2359/3189/2342 816/3003/816 2146/3006/2129 3091/3190/3056
f 3091/3190/3056 2146/3006/2129 815/2999/815 2360/3191/2343
f 2310/3087/2293 3091/3190/3056 2360/3191/2343 911/3090/911
f 414/1121/414 1397/1131/1387 3092/3192/3057 2361/3193/2344
f 1397/1131/1387 448/1130/448 2362/3194/2345 3092/3192/3057
f 3092/3192/3057 2362/3194/2345 913/3094/913 2312/3093/2295
f 2361/3193/2344 3092/3192/3057 2312/3093/2295 912/3092/912
f 911/3090/911 2360/3191/2343 3093/3195/3058 2343/3163/2326
f 2360/3191/2343 815/2999/815 2266/3002/2249 3093/3195/3058
f 3093/3195/3058 2266/3002/2249 882/2809/882 2363/3196/2346
f 2343/3163/2326 3093/3195/3058 2363/3196/2346 930/3137/930
f 450/1123/450 1395/1122/1385 3094/3197/3059 2364/3198/2347
f 1395/1122/1385 414/1121/414 2361/3193/2344 3094/3197/3059
f 3094/3197/3059 2361/3193/2344 912/3092/912 2342/3161/2325
f 2364/3198/2347 3094/3197/3059 2342/3161/2325 929/3135/929
f 925/3154/925 2365/3199/2348 3095/3200/3060 2338/3155/2321
f 2365/3199/2348 883/2816/883 2260/3016/2243 3095/3200/3060
f 3095/3200/3060 2260/3016/2243 816/3003/816 2359/3189/2342
f 2338/3155/2321 3095/3200/3060 2359/3189/2342 914/3086/914
f 448/1130/448 1398/1134/1388 3096/3201/3061 2362/3194/2345
f 1398/1134/1388 447/993/447 2366/3202/2349 3096/3201/3061
f 3096/3201/3061 2366/3202/2349 926/3149/926 2339/3157/2322
f 2362/3194/2345 3096/3201/3061 2339/3157/2322 913/3094/913
f 925/3154/925 2337/3153/2320 3097/3203/3062 2367/3204/2350
f 2337/3153/2320 915/3081/915 2353/3180/2336 3097/3203/3062
f 3097/3203/3062 2353/3180/2336 814/2971/814 2257/2987/2240
f 2367/3204/2350 3097/3203/3062 2257/2987/2240 871/2782/871
f 447/993/447 1393/992/1383 3098/3205/3063 2366/3202/2349
f 1393/992/1383 451/991/451 2356/3185/2339 3098/3205/3063
f 3098/3205/3063 2356/3185/2339 916/3083/916 2336/3150/2319
f 2366/3202/2349 3098/3205/3063 2336/3150/2319 926/3149/926
f 924/3101/924 2368/3206/2351 3099/3207/3064 2316/3102/2299
f 2368/3206/2351 818/3031/818 2147/3034/2130 3099/3207/3064
f 3099/3207/3064 2147/3034/2130 817/3027/817 2369/3208/2352
f 2316/3102/2299 3099/3207/3064 2369/3208/2352 917/3103/917
f 635/1976/635 1863/1975/1847 3100/3209/3065 2370/3210/2353
f 1863/1975/1847 701/1971/701 2371/3211/2354 3100/3209/3065
f 3100/3209/3065 2371/3211/2354 923/3099/923 2314/3096/2297
f 2370/3210/2353 3100/3209/3065 2314/3096/2297 918/3095/918
f 917/3103/917 2369/3208/2352 3101/3212/3066 2350/3175/2333
f 2369/3208/2352 817/3027/817 2275/3030/2258 3101/3212/3066
f 3101/3212/3066 2275/3030/2258 894/2842/894 2372/3213/2355
f 2350/3175/2333 3101/3212/3066 2372/3213/2355 934/3128/934
f 699/2123/699 1865/2121/1849 3102/3214/3067 2373/3215/2356
f 1865/2121/1849 635/1976/635 2370/3210/2353 3102/3214/3067
f 3102/3214/3067 2370/3210/2353 918/3095/918 2349/3173/2332
f 2373/3215/2356 3102/3214/3067 2349/3173/2332 933/3126/933
f 921/3112/921 2320/3111/2303 3103/3216/3068 2374/3217/2357
f 2320/3111/2303 920/3110/920 2375/3218/2358 3103/3216/3068
f 3103/3216/3068 2375/3218/2358 819/3059/819 2148/3056/2131
f 2374/3217/2357 3103/3216/3068 2148/3056/2131 820/3055/820
f 920/3110/920 2352/3178/2335 3104/3219/3069 2375/3218/2358
f 2352/3178/2335 935/3121/935 2376/3220/2359 3104/3219/3069
f 3104/3219/3069 2376/3220/2359 905/2876/905 2278/3065/2261
f 2375/3218/2358 3104/3219/3069 2278/3065/2261 819/3059/819
f 698/2107/698 1866/2106/1850 3105/3221/3070 2377/3222/2360
f 1866/2106/1850 664/2101/664 2378/3223/2361 3105/3221/3070
f 3105/3221/3070 2378/3223/2361 919/3108/919 2318/3105/2301
f 2377/3222/2360 3105/3221/3070 2318/3105/2301 922/3104/922
f 664/2101/664 1864/2100/1848 3106/3224/3071 2378/3223/2361
f 1864/2100/1848 700/2099/700 2379/3225/2362 3106/3224/3071
f 3106/3224/3071 2379/3225/2362 936/3113/936 2351/3176/2334
f 2378/3223/2361 3106/3224/3071 2351/3176/2334 919/3108/919
f 932/3168/932 2348/3172/2331 3107/3226/3072 2380/3227/2363
f 2348/3172/2331 921/3112/921 2374/3217/2357 3107/3226/3072
f 3107/3226/3072 2374/3217/2357 820/3055/820 2273/3071/2256
f 2380/3227/2363 3107/3226/3072 2273/3071/2256 907/2881/907
f 697/1969/697 1867/2110/1851 3108/3228/3073 2381/3229/2364
f 1867/2110/1851 698/2107/698 2377/3222/2360 3108/3228/3073
f 3108/3228/3073 2377/3222/2360 922/3104/922 2347/3170/2330
f 2381/3229/2364 3108/3228/3073 2347/3170/2330 931/3166/931
f 932/3168/932 2382/3230/2365 3109/3231/3074 2346/3169/2329
f 2382/3230/2365 896/2849/896 2270/3044/2253 3109/3231/3074
f 3109/3231/3074 2270/3044/2253 818/3031/818 2368/3206/2351
f 2346/3169/2329 3109/3231/3074 2368/3206/2351 924/3101/924
f 701/1971/701 1862/1970/1846 3110/3232/3075 2371/3211/2354
f 1862/1970/1846 697/1969/697 2381/3229/2364 3110/3232/3075
f 3110/3232/3075 2381/3229/2364 931/3166/931 2344/3164/2327
f 2371/3211/2354 3110/3232/3075 2344/3164/2327 923/3099/923
f 853/2883/853 2220/2891/2203 3111/3233/3076 2383/3234/2366
f 2220/2891/2203 884/2811/884 2216/2814/2199 3111/3233/3076
f 3111/3233/3076 2216/2814/2199 883/2816/883 2365/3199/2348
f 2383/3234/2366 3111/3233/3076 2365/3199/2348 925/3154/925
f 872/2780/872 2199/2884/2182 3112/3235/3077 2198/2781/2181
f 2199/2884/2182 853/2883/853 2383/3234/2366 3112/3235/3077
f 3112/3235/3077 2383/3234/2366 925/3154/925 2367/3204/2350
f 2198/2781/2181 3112/3235/3077 2367/3204/2350 871/2782/871
f 854/2899/854 2200/2896/2183 3113/3236/3078 2384/3237/2367
f 2200/2896/2183 870/2772/870 2195/2775/2178 3113/3236/3078
f 3113/3236/3078 2195/2775/2178 869/2777/869 2355/3183/2338
f 2384/3237/2367 3113/3236/3078 2355/3183/2338 927/3148/927
f 927/3148/927 2334/3147/2317 3114/3238/3079 2384/3237/2367
f 2334/3147/2317 939/3146/939 2385/3239/2368 3114/3238/3079
f 3114/3238/3079 2385/3239/2368 860/2906/860 2184/2904/2167
f 2384/3237/2367 3114/3238/3079 2184/2904/2167 854/2899/854
f 449/1148/449 1968/2291/1952 3115/3240/3080 2358/3188/2341
f 1968/2291/1952 724/2290/724 2386/3241/2369 3115/3240/3080
f 3115/3240/3080 2386/3241/2369 940/3144/940 2333/3141/2316
f 2358/3188/2341 3115/3240/3080 2333/3141/2316 928/3140/928
f 881/2807/881 2219/2911/2202 3116/3242/3081 2214/2808/2197
f 2219/2911/2202 855/2910/855 2387/3243/2370 3116/3242/3081
f 3116/3242/3081 2387/3243/2370 930/3137/930 2363/3196/2346
f 2214/2808/2197 3116/3242/3081 2363/3196/2346 882/2809/882
f 855/2910/855 2183/2919/2166 3117/3244/3082 2387/3243/2370
f 2183/2919/2166 859/2918/859 2388/3245/2371 3117/3244/3082
f 3117/3244/3082 2388/3245/2371 938/3139/938 2331/3138/2314
f 2387/3243/2370 3117/3244/3082 2331/3138/2314 930/3137/930
f 723/2292/723 1967/2295/1951 3118/3246/3083 2389/3247/2372
f 1967/2295/1951 450/1123/450 2364/3198/2347 3118/3246/3083
f 3118/3246/3083 2364/3198/2347 929/3135/929 2329/3132/2312
f 2389/3247/2372 3118/3246/3083 2329/3132/2312 937/3131/937
f 856/2927/856 2236/2924/2219 3119/3248/3084 2390/3249/2373
f 2236/2924/2219 895/2844/895 2237/2847/2220 3119/3248/3084
f 3119/3248/3084 2237/2847/2220 896/2849/896 2382/3230/2365
f 2390/3249/2373 3119/3248/3084 2382/3230/2365 932/3168/932
f 908/2879/908 2222/2932/2205 3120/3250/3085 2221/2880/2204
f 2222/2932/2205 856/2927/856 2390/3249/2373 3120/3250/3085
f 3120/3250/3085 2390/3249/2373 932/3168/932 2380/3227/2363
f 2221/2880/2204 3120/3250/3085 2380/3227/2363 907/2881/907
f 724/2464/724 1920/2463/1904 3121/3251/3086 2386/3252/2369
f 1920/2463/1904 699/2123/699 2373/3215/2356 3121/3251/3086
f 3121/3251/3086 2373/3215/2356 933/3126/933 2326/3123/2309
f 2386/3252/2369 3121/3251/3086 2326/3123/2309 940/3122/940
f 939/3130/939 2328/3129/2311 3122/3253/3087 2385/3254/2368
f 2328/3129/2311 934/3128/934 2391/3255/2374 3122/3253/3087
f 3122/3253/3087 2391/3255/2374 857/2937/857 2182/2946/2165
f 2385/3254/2368 3122/3253/3087 2182/2946/2165 860/2945/860
f 893/2840/893 2256/2938/2239 3123/3256/3088 2234/2841/2217
f 2256/2938/2239 857/2937/857 2391/3255/2374 3123/3256/3088
f 3123/3256/3088 2391/3255/2374 934/3128/934 2372/3213/2355
f 2234/2841/2217 3123/3256/3088 2372/3213/2355 894/2842/894
f 858/2954/858 2255/2951/2238 3124/3257/3089 2392/3258/2375
f 2255/2951/2238 906/2871/906 2250/2874/2233 3124/3257/3089
f 3124/3257/3089 2250/2874/2233 905/2876/905 2376/3220/2359
f 2392/3258/2375 3124/3257/3089 2376/3220/2359 935/3121/935
f 859/2961/859 2181/2959/2164 3125/3259/3090 2388/3260/2371
f 2181/2959/2164 858/2954/858 2392/3258/2375 3125/3259/3090
f 3125/3259/3090 2392/3258/2375 935/3121/935 2324/3120/2307
f 2388/3260/2371 3125/3259/3090 2324/3120/2307 938/3119/938
f 700/2099/700 1919/2458/1903 3126/3261/3091 2379/3225/2362
f 1919/2458/1903 723/2460/723 2389/3262/2372 3126/3261/3091
f 3126/3261/3091 2389/3262/2372 937/3117/937 2322/3114/2305
f 2379/3225/2362 3126/3261/3091 2322/3114/2305 936/3113/936
f 416/1169/416 2394/2392/2377 3127/3263/3092 2112/2607/2095
f 2394/2392/2377 942/2391/942 2403/3264/2386 3127/3263/3092
f 3127/3263/3092 2403/3264/2386 950/3265/950 2402/3266/2385
f 2112/2607/2095 3127/3263/3092 2402/3266/2385 780/2608/780
f 508/1411/508 1918/2185/1902 3128/3267/3093 2401/3268/2384
f 1918/2185/1902 666/2141/666 1925/2592/1909 3128/3267/3093
f 3128/3267/3093 1925/2592/1909 942/2591/942 2404/3269/2387
f 2401/3268/2384 3128/3267/3093 2404/3269/2387 949/3270/949
f 504/1406/504 1516/1409/1505 3129/3271/3094 2400/3272/2383
f 1516/1409/1505 508/1411/508 2401/3268/2384 3129/3271/3094
f 3129/3271/3094 2401/3268/2384 949/3270/949 2405/3273/2388
f 2400/3272/2383 3129/3271/3094 2405/3273/2388 948/3274/948
f 512/1405/512 1520/1413/1509 3130/3275/3095 2399/3276/2382
f 1520/1413/1509 504/1406/504 2400/3272/2383 3130/3275/3095
f 3130/3275/3095 2400/3272/2383 948/3274/948 2406/3277/2389
f 2399/3276/2382 3130/3275/3095 2406/3277/2389 947/3278/947
f 500/1400/500 1509/1403/1498 3131/3279/3096 2398/3280/2381
f 1509/1403/1498 512/1405/512 2399/3276/2382 3131/3279/3096
f 3131/3279/3096 2399/3276/2382 947/3278/947 2407/3281/2390
f 2398/3280/2381 3131/3279/3096 2407/3281/2390 946/3282/946
f 496/1414/496 1502/1417/1491 3132/3283/3097 2397/3284/2380
f 1502/1417/1491 500/1400/500 2398/3280/2381 3132/3283/3097
f 3132/3283/3097 2398/3280/2381 946/3282/946 2408/3285/2391
f 2397/3284/2380 3132/3283/3097 2408/3285/2391 945/3286/945
f 492/1418/492 1495/1421/1484 3133/3287/3098 2396/3288/2379
f 1495/1421/1484 496/1414/496 2397/3284/2380 3133/3287/3098
f 3133/3287/3098 2397/3284/2380 945/3286/945 2409/3289/2392
f 2396/3288/2379 3133/3287/3098 2409/3289/2392 944/3290/944
f 488/1422/488 1488/1425/1477 3134/3291/3099 2395/3292/2378
f 1488/1425/1477 492/1418/492 2396/3288/2379 3134/3291/3099
f 3134/3291/3099 2396/3288/2379 944/3290/944 2410/3293/2393
f 2395/3292/2378 3134/3291/3099 2410/3293/2393 943/3294/943
f 543/1426/543 1579/1429/1568 3135/3295/3100 1924/2208/1908
f 1579/1429/1568 488/1422/488 2395/3292/2378 3135/3295/3100
f 3135/3295/3100 2395/3292/2378 943/3294/943 2411/3296/2394
f 1924/2208/1908 3135/3295/3100 2411/3296/2394 941/3297/941
f 665/1960/665 1926/3298/1910 3136/3299/3101 2096/2541/2079
f 1926/3298/1910 952/3300/952 2424/3301/2407 3136/3299/3101
f 3136/3299/3101 2424/3301/2407 962/3302/962 2082/3303/2065
f 2096/2541/2079 3136/3299/3101 2082/3303/2065 810/2542/810
f 590/1723/590 1653/1722/1638 3137/3304/3102 2422/3305/2405
f 1653/1722/1638 587/1721/587 1922/2198/1906 3137/3304/3102
f 3137/3304/3102 1922/2198/1906 951/2197/951 2425/3306/2408
f 2422/3305/2405 3137/3304/3102 2425/3306/2408 961/3307/961
f 617/1740/617 1662/1743/1647 3138/3308/3103 2421/3309/2404
f 1662/1743/1647 590/1723/590 2422/3305/2405 3138/3308/3103
f 3138/3308/3103 2422/3305/2405 961/3307/961 2426/3310/2409
f 2421/3309/2404 3138/3308/3103 2426/3310/2409 960/3311/960
f 586/1713/586 1719/1798/1703 3139/3312/3104 2420/3313/2403
f 1719/1798/1703 617/1740/617 2421/3309/2404 3139/3312/3104
f 3139/3312/3104 2421/3309/2404 960/3311/960 2427/3314/2410
f 2420/3313/2403 3139/3312/3104 2427/3314/2410 959/3315/959
f 583/1707/583 1650/1714/1635 3140/3316/3105 2419/3317/2402
f 1650/1714/1635 586/1713/586 2420/3313/2403 3140/3316/3105
f 3140/3316/3105 2420/3313/2403 959/3315/959 2428/3318/2411
f 2419/3317/2402 3140/3316/3105 2428/3318/2411 958/3319/958
f 580/1698/580 1646/1708/1631 3141/3320/3106 2418/3321/2401
f 1646/1708/1631 583/1707/583 2419/3317/2402 3141/3320/3106
f 3141/3320/3106 2419/3317/2402 958/3319/958 2429/3322/2412
f 2418/3321/2401 3141/3320/3106 2429/3322/2412 957/3323/957
f 574/1651/574 1641/1699/1626 3142/3324/3107 2417/3325/2400
f 1641/1699/1626 580/1698/580 2418/3321/2401 3142/3324/3107
f 3142/3324/3107 2418/3321/2401 957/3323/957 2430/3326/2413
f 2417/3325/2400 3142/3324/3107 2430/3326/2413 956/3327/956
f 575/1653/575 1631/1652/1616 3143/3328/3108 2416/3329/2399
f 1631/1652/1616 574/1651/574 2417/3325/2400 3143/3328/3108
f 3143/3328/3108 2417/3325/2400 956/3327/956 2431/3330/2414
f 2416/3329/2399 3143/3328/3108 2431/3330/2414 955/3331/955
f 569/1617/569 1635/1702/1620 3144/3332/3109 2415/3333/2398
f 1635/1702/1620 575/1653/575 2416/3329/2399 3144/3332/3109
f 3144/3332/3109 2416/3329/2399 955/3331/955 2432/3334/2415
f 2415/3333/2398 3144/3332/3109 2432/3334/2415 954/3335/954
f 566/1619/566 1667/1618/1652 3145/3336/3110 2414/3337/2397
f 1667/1618/1652 569/1617/569 2415/3333/2398 3145/3336/3110
f 3145/3336/3110 2415/3333/2398 954/3335/954 2433/3338/2416
f 2414/3337/2397 3145/3336/3110 2433/3338/2416 953/3339/953
f 665/1960/665 1911/2171/1895 3146/3340/3111 1926/3298/1910
f 1911/2171/1895 566/1619/566 2414/3337/2397 3146/3340/3111
f 3146/3340/3111 2414/3337/2397 953/3339/953 2434/3341/2417
f 1926/3298/1910 3146/3340/3111 2434/3341/2417 952/3300/952
