# Blender 4.5.0
# www.blender.org
mtllib arco.mtl
o Cube
v 0.000000 0.076534 0.781432
v 0.000000 0.076534 0.930474
v 0.000000 0.000000 0.930629
v 0.000000 0.000000 0.781277
v 0.000000 0.325285 0.706623
v 0.000000 0.335788 1.009797
v 0.052718 0.075446 0.889237
v 0.012655 0.076282 0.930459
v 0.012665 0.076282 0.781447
v 0.052718 0.075446 0.822117
v 0.015556 0.000000 0.781680
v 0.056395 0.000000 0.824177
v 0.056395 0.000000 0.887188
v 0.015546 0.000000 0.930227
v 0.051292 0.343845 0.767606
v 0.020951 0.325260 0.706623
v 0.012164 0.335763 1.009797
v 0.040007 0.337635 0.969479
v 0.000000 0.243264 0.752194
v 0.000000 0.181978 0.771119
v 0.000000 0.182002 0.943928
v 0.000000 0.244799 0.957951
v 0.020646 0.182560 0.771109
v 0.022558 0.243906 0.752099
v 0.064745 0.246035 0.798874
v 0.058016 0.181228 0.811414
v 0.058016 0.181235 0.903051
v 0.065100 0.246078 0.917206
v 0.022750 0.245444 0.957986
v 0.020636 0.182580 0.943942
v -0.052718 0.075446 0.889237
v -0.012655 0.076282 0.930459
v -0.012665 0.076282 0.781447
v -0.052718 0.075446 0.822117
v -0.015556 0.000000 0.781680
v -0.056395 0.000000 0.824177
v -0.056395 0.000000 0.887188
v -0.015546 0.000000 0.930227
v -0.051292 0.343845 0.767606
v -0.020951 0.325260 0.706623
v -0.012164 0.335763 1.009797
v -0.040007 0.337635 0.969479
v -0.020646 0.182560 0.771109
v -0.022558 0.243906 0.752099
v -0.064745 0.246035 0.798874
v -0.058016 0.181228 0.811414
v -0.058016 0.181235 0.903051
v -0.065100 0.246078 0.917206
v -0.022750 0.245444 0.957986
v -0.020636 0.182580 0.943942
v 0.000000 -0.076534 0.781432
v 0.000000 -0.076534 0.930474
v 0.000000 -0.325285 0.706623
v 0.000000 -0.335788 1.009797
v 0.052718 -0.075446 0.889237
v 0.012655 -0.076282 0.930459
v 0.012665 -0.076282 0.781447
v 0.052718 -0.075446 0.822117
v 0.051292 -0.343845 0.767606
v 0.020951 -0.325260 0.706623
v 0.012164 -0.335763 1.009797
v 0.040007 -0.337635 0.969479
v 0.000000 -0.243264 0.752194
v 0.000000 -0.181978 0.771119
v 0.000000 -0.182002 0.943928
v 0.000000 -0.244799 0.957951
v 0.020646 -0.182560 0.771109
v 0.022558 -0.243906 0.752099
v 0.064745 -0.246035 0.798874
v 0.058016 -0.181228 0.811414
v 0.058016 -0.181235 0.903051
v 0.065100 -0.246078 0.917206
v 0.022750 -0.245444 0.957986
v 0.020636 -0.182580 0.943942
v -0.052718 -0.075446 0.889237
v -0.012655 -0.076282 0.930459
v -0.012665 -0.076282 0.781447
v -0.052718 -0.075446 0.822117
v -0.051292 -0.343845 0.767606
v -0.020951 -0.325260 0.706623
v -0.012164 -0.335763 1.009797
v -0.040007 -0.337635 0.969479
v -0.020646 -0.182560 0.771109
v -0.022558 -0.243906 0.752099
v -0.064745 -0.246035 0.798874
v -0.058016 -0.181228 0.811414
v -0.058016 -0.181235 0.903051
v -0.065100 -0.246078 0.917206
v -0.022750 -0.245444 0.957986
v -0.020636 -0.182580 0.943942
vn -0.0000 -0.0494 -0.9988
vn -0.0000 -0.0642 0.9979
vn -0.0000 -0.0000 1.0000
vn -0.0000 -0.0000 -1.0000
vn -0.0000 -0.4868 -0.8735
vn -0.0000 -0.4960 0.8683
vn 0.9306 -0.0296 0.3648
vn 0.3901 -0.0661 0.9184
vn 0.3860 -0.0524 -0.9210
vn 0.9283 -0.0249 -0.3710
vn 0.4039 -0.0000 -0.9148
vn 0.9304 -0.0000 -0.3666
vn 0.9315 -0.0000 0.3638
vn 0.4069 -0.0000 0.9135
vn 0.9528 -0.0055 -0.3037
vn 0.4417 -0.3800 -0.8127
vn 0.3304 -0.4195 0.8455
vn 0.8829 -0.0824 0.4623
vn -0.0000 -0.3916 -0.9201
vn -0.0000 -0.1956 -0.9807
vn -0.0000 -0.1715 0.9852
vn -0.0000 -0.3587 0.9335
vn 0.4076 -0.2004 -0.8909
vn 0.4583 -0.3168 -0.8304
vn 0.9543 -0.0572 -0.2933
vn 0.9255 -0.1291 -0.3561
vn 0.9229 -0.1319 0.3618
vn 0.9422 -0.0529 0.3308
vn 0.4255 -0.3045 0.8522
vn 0.3943 -0.1865 0.8999
vn -0.9306 -0.0296 0.3648
vn -0.3901 -0.0661 0.9184
vn -0.3860 -0.0524 -0.9210
vn -0.9283 -0.0249 -0.3710
vn -0.4039 -0.0000 -0.9148
vn -0.9304 -0.0000 -0.3666
vn -0.9315 -0.0000 0.3638
vn -0.4069 -0.0000 0.9135
vn -0.9528 -0.0055 -0.3037
vn -0.4417 -0.3800 -0.8127
vn -0.3304 -0.4195 0.8455
vn -0.8829 -0.0824 0.4623
vn -0.4076 -0.2004 -0.8909
vn -0.4583 -0.3168 -0.8304
vn -0.9543 -0.0572 -0.2933
vn -0.9255 -0.1291 -0.3561
vn -0.9229 -0.1319 0.3618
vn -0.9422 -0.0529 0.3308
vn -0.4255 -0.3045 0.8522
vn -0.3943 -0.1865 0.8999
vn -0.0000 0.0494 -0.9988
vn -0.0000 0.0642 0.9979
vn -0.0000 0.4868 -0.8735
vn -0.0000 0.4960 0.8683
vn 0.9306 0.0296 0.3648
vn 0.3901 0.0661 0.9184
vn 0.3860 0.0524 -0.9210
vn 0.9283 0.0249 -0.3710
vn 0.9528 0.0055 -0.3037
vn 0.4417 0.3800 -0.8127
vn 0.3304 0.4195 0.8455
vn 0.8829 0.0824 0.4623
vn -0.0000 0.3916 -0.9201
vn -0.0000 0.1956 -0.9807
vn -0.0000 0.1715 0.9852
vn -0.0000 0.3587 0.9335
vn 0.4076 0.2004 -0.8909
vn 0.4583 0.3168 -0.8304
vn 0.9543 0.0572 -0.2933
vn 0.9255 0.1291 -0.3561
vn 0.9229 0.1319 0.3618
vn 0.9422 0.0529 0.3308
vn 0.4255 0.3045 0.8522
vn 0.3943 0.1865 0.8999
vn -0.9306 0.0296 0.3648
vn -0.3901 0.0661 0.9184
vn -0.3860 0.0524 -0.9210
vn -0.9283 0.0249 -0.3710
vn -0.9528 0.0055 -0.3037
vn -0.4417 0.3800 -0.8127
vn -0.3304 0.4195 0.8455
vn -0.8829 0.0824 0.4623
vn -0.4076 0.2004 -0.8909
vn -0.4583 0.3168 -0.8304
vn -0.9543 0.0572 -0.2933
vn -0.9255 0.1291 -0.3561
vn -0.9229 0.1319 0.3618
vn -0.9422 0.0529 0.3308
vn -0.4255 0.3045 0.8522
vn -0.3943 0.1865 0.8999
vt 0.698614 0.558630
vt 0.668897 0.558969
vt 0.670578 0.535300
vt 0.698587 0.535196
vt 0.698031 0.611299
vt 0.665403 0.608169
vt 0.667097 0.584316
vt 0.698373 0.586860
vt 0.697741 0.616697
vt 0.664963 0.614370
vt 0.671021 0.529059
vt 0.698304 0.530102
vt 0.762241 0.520111
vt 0.765547 0.544724
vt 0.739966 0.551845
vt 0.738372 0.529589
vt 0.769269 0.590189
vt 0.771514 0.613021
vt 0.744213 0.611496
vt 0.742491 0.588951
vt 0.770522 0.621866
vt 0.743335 0.619936
vt 0.758520 0.511855
vt 0.736165 0.521654
vt 0.791314 0.494770
vt 0.794950 0.502235
vt 0.813889 0.620565
vt 0.813513 0.624920
vt 0.803493 0.528428
vt 0.809281 0.603769
vt 0.690398 0.674306
vt 0.687061 0.697501
vt 0.659347 0.693439
vt 0.661028 0.669770
vt 0.697266 0.622082
vt 0.694150 0.646325
vt 0.662828 0.644423
vt 0.664522 0.620570
vt 0.658904 0.699680
vt 0.686060 0.702503
vt 0.747944 0.721430
vt 0.725653 0.708674
vt 0.730376 0.686867
vt 0.754695 0.697531
vt 0.764805 0.653049
vt 0.738121 0.650490
vt 0.743011 0.628414
vt 0.770254 0.630763
vt 0.743093 0.729077
vt 0.722347 0.716218
vt 0.777798 0.743749
vt 0.773144 0.750625
vt 0.813270 0.629284
vt 0.789957 0.719027
vt 0.806334 0.645260
vt 0.639527 0.554433
vt 0.642865 0.531238
vt 0.632660 0.606657
vt 0.635775 0.582414
vt 0.632185 0.612042
vt 0.643865 0.526236
vt 0.581982 0.507309
vt 0.604272 0.520065
vt 0.599549 0.541873
vt 0.575230 0.531208
vt 0.565120 0.575690
vt 0.591804 0.578250
vt 0.586914 0.600325
vt 0.559672 0.597976
vt 0.586590 0.608804
vt 0.559403 0.606873
vt 0.586832 0.499662
vt 0.607578 0.512522
vt 0.552127 0.484991
vt 0.556781 0.478114
vt 0.516412 0.603820
vt 0.516656 0.599456
vt 0.539968 0.509713
vt 0.523591 0.583480
vt 0.631312 0.670110
vt 0.631338 0.693543
vt 0.631894 0.617440
vt 0.631552 0.641879
vt 0.631622 0.698637
vt 0.567684 0.708628
vt 0.564378 0.684015
vt 0.589960 0.676894
vt 0.591554 0.699150
vt 0.560656 0.638551
vt 0.558412 0.615719
vt 0.585712 0.617243
vt 0.587434 0.639788
vt 0.571405 0.716884
vt 0.593760 0.707085
vt 0.538611 0.733969
vt 0.534976 0.726504
vt 0.516037 0.608175
vt 0.526432 0.700311
vt 0.520645 0.624970
s 1
f 10/1/10 12/2/12 11/3/11 9/4/9
f 8/5/8 14/6/14 13/7/13 7/8/7
f 12/2/12 10/1/10 7/8/7 13/7/13
f 14/6/14 8/5/8 2/9/2 3/10/3
f 4/11/4 1/12/1 9/4/9 11/3/11
f 24/13/24 25/14/25 26/15/26 23/16/23
f 28/17/28 29/18/29 30/19/30 27/20/27
f 25/14/25 28/17/28 27/20/27 26/15/26
f 29/18/29 22/21/22 21/22/21 30/19/30
f 19/23/19 24/13/24 23/16/23 20/24/20
f 19/23/19 5/25/5 16/26/16 24/13/24
f 1/12/1 20/24/20 23/16/23 9/4/9
f 22/21/22 29/18/29 17/27/17 6/28/6
f 8/5/8 30/19/30 21/22/21 2/9/2
f 9/4/9 23/16/23 26/15/26 10/1/10
f 15/29/15 25/14/25 24/13/24 16/26/16
f 25/14/25 15/29/15 18/30/18 28/17/28
f 10/1/10 26/15/26 27/20/27 7/8/7
f 28/17/28 18/30/18 17/27/17 29/18/29
f 30/19/30 8/5/8 7/8/7 27/20/27
f 34/31/34 33/32/33 35/33/35 36/34/36
f 32/35/32 31/36/31 37/37/37 38/38/38
f 36/34/36 37/37/37 31/36/31 34/31/34
f 38/38/38 3/10/3 2/9/2 32/35/32
f 4/39/4 35/33/35 33/32/33 1/40/1
f 44/41/44 43/42/43 46/43/46 45/44/45
f 48/45/48 47/46/47 50/47/50 49/48/49
f 45/44/45 46/43/46 47/46/47 48/45/48
f 49/48/49 50/47/50 21/22/21 22/21/22
f 19/49/19 20/50/20 43/42/43 44/41/44
f 19/49/19 44/41/44 40/51/40 5/52/5
f 1/40/1 33/32/33 43/42/43 20/50/20
f 22/21/22 6/28/6 41/53/41 49/48/49
f 32/35/32 2/9/2 21/22/21 50/47/50
f 33/32/33 34/31/34 46/43/46 43/42/43
f 39/54/39 40/51/40 44/41/44 45/44/45
f 45/44/45 48/45/48 42/55/42 39/54/39
f 34/31/34 31/36/31 47/46/47 46/43/46
f 48/45/48 49/48/49 41/53/41 42/55/42
f 50/47/50 47/46/47 31/36/31 32/35/32
f 58/56/58 57/57/57 11/3/11 12/2/12
f 56/58/56 55/59/55 13/7/13 14/6/14
f 12/2/12 13/7/13 55/59/55 58/56/58
f 14/6/14 3/10/3 52/60/52 56/58/56
f 4/11/4 11/3/11 57/57/57 51/61/51
f 68/62/68 67/63/67 70/64/70 69/65/69
f 72/66/72 71/67/71 74/68/74 73/69/73
f 69/65/69 70/64/70 71/67/71 72/66/72
f 73/69/73 74/68/74 65/70/65 66/71/66
f 63/72/63 64/73/64 67/63/67 68/62/68
f 63/72/63 68/62/68 60/74/60 53/75/53
f 51/61/51 57/57/57 67/63/67 64/73/64
f 66/71/66 54/76/54 61/77/61 73/69/73
f 56/58/56 52/60/52 65/70/65 74/68/74
f 57/57/57 58/56/58 70/64/70 67/63/67
f 59/78/59 60/74/60 68/62/68 69/65/69
f 69/65/69 72/66/72 62/79/62 59/78/59
f 58/56/58 55/59/55 71/67/71 70/64/70
f 72/66/72 73/69/73 61/77/61 62/79/62
f 74/68/74 71/67/71 55/59/55 56/58/56
f 78/80/78 36/34/36 35/33/35 77/81/77
f 76/82/76 38/38/38 37/37/37 75/83/75
f 36/34/36 78/80/78 75/83/75 37/37/37
f 38/38/38 76/82/76 52/60/52 3/10/3
f 4/39/4 51/84/51 77/81/77 35/33/35
f 84/85/84 85/86/85 86/87/86 83/88/83
f 88/89/88 89/90/89 90/91/90 87/92/87
f 85/86/85 88/89/88 87/92/87 86/87/86
f 89/90/89 66/71/66 65/70/65 90/91/90
f 63/93/63 84/85/84 83/88/83 64/94/64
f 63/93/63 53/95/53 80/96/80 84/85/84
f 51/84/51 64/94/64 83/88/83 77/81/77
f 66/71/66 89/90/89 81/97/81 54/76/54
f 76/82/76 90/91/90 65/70/65 52/60/52
f 77/81/77 83/88/83 86/87/86 78/80/78
f 79/98/79 85/86/85 84/85/84 80/96/80
f 85/86/85 79/98/79 82/99/82 88/89/88
f 78/80/78 86/87/86 87/92/87 75/83/75
f 88/89/88 82/99/82 81/97/81 89/90/89
f 90/91/90 76/82/76 75/83/75 87/92/87
o Plane
v 0.045149 2.747254 0.178078
v 0.045149 2.722216 0.173666
v 0.050166 2.761778 0.133611
v 0.051963 2.716966 0.124788
v 0.050166 2.781625 0.077460
v 0.053975 2.851109 -0.059838
v 0.053975 2.862279 -0.107843
v 0.050443 2.853831 -0.150956
v 0.050166 2.839404 -0.196646
v 0.045149 2.823629 -0.222546
v 0.045149 2.803945 -0.226000
v 0.054726 2.778528 -0.202769
v 0.049228 2.722170 -0.218336
v 0.044453 2.690328 0.072425
v 0.032864 2.603038 0.029648
v 0.028785 2.497823 0.031409
v 0.050166 2.763675 -0.121802
v 0.051968 2.764665 -0.082522
v 0.044475 2.717299 -0.048641
v 0.032864 2.617681 -0.033341
v 0.059819 2.728591 0.067043
v 0.059849 2.762271 -0.045620
v 0.050166 2.732719 -0.159645
v 0.060199 2.807702 -0.139416
v 0.058000 2.717052 0.053051
v 0.058101 2.739483 -0.036257
v 0.028785 2.505320 -0.018820
v 0.050166 2.734123 0.180859
v 0.060199 2.741313 0.131506
v 0.060199 2.755931 0.073803
v 0.060199 2.805264 -0.052152
v 0.060199 2.814461 -0.096537
v 0.027619 2.363956 0.071895
v 0.027619 2.361055 0.025526
v 0.026620 2.221076 0.144948
v 0.026620 2.205721 0.100594
v 0.026787 2.091771 0.232184
v 0.026787 2.072701 0.187527
v 0.027619 1.954714 0.341620
v 0.027619 1.930677 0.292934
v 0.029950 1.793828 0.464799
v 0.029950 1.765407 0.407806
v 0.032656 1.615788 0.581357
v 0.032989 1.585803 0.516766
v 0.033980 1.427549 0.689911
v 0.035579 1.393112 0.612067
v 0.039517 1.183026 0.693361
v 0.038118 1.226188 0.802962
v 0.068621 0.683202 0.820788
v 0.063003 0.756553 1.042925
v 0.046652 0.933024 0.771195
v 0.045254 0.992402 0.928497
v 0.079928 0.552845 0.827213
v 0.075202 0.614034 1.103065
v 0.074560 0.503727 0.813386
v 0.076808 0.553228 1.030958
v 0.061384 0.429718 0.788922
v 0.064386 0.473563 1.000599
v 0.058213 0.375884 0.754273
v 0.058792 0.421259 1.009643
v 0.059602 0.331004 0.705183
v 0.058204 0.372911 1.040091
v -0.000000 2.747204 0.183420
v -0.000000 2.721042 0.178299
v -0.000000 2.765872 0.134032
v 0.000000 2.712024 0.131850
v -0.000000 2.786764 0.078192
v 0.000000 2.857280 -0.063233
v 0.000000 2.867576 -0.107032
v 0.000000 2.864295 -0.147415
v -0.000000 2.849936 -0.195512
v -0.000000 2.825269 -0.224421
v -0.000000 2.802132 -0.228466
v -0.000000 2.772061 -0.217682
v 0.052468 2.694404 -0.186762
v -0.000000 2.728349 -0.225864
v -0.000000 2.682875 0.083383
v -0.000000 2.601275 0.035947
v 0.000000 2.496524 0.036432
v -0.000000 2.755010 -0.117874
v 0.000000 2.756495 -0.084978
v -0.000000 2.714160 -0.058295
v -0.000000 2.618845 -0.039640
v -0.000000 2.724533 -0.151290
v -0.000000 2.505520 -0.023843
v -0.000000 2.732899 0.190835
v -0.000000 2.363747 0.076532
v 0.000000 2.360265 0.020889
v 0.000000 2.222462 0.149383
v -0.000000 2.204036 0.096158
v 0.000000 2.093528 0.236649
v 0.000000 2.070644 0.183061
v -0.000000 1.957167 0.346488
v -0.000000 1.928324 0.288065
v 0.000000 1.796370 0.470498
v -0.000000 1.762265 0.402107
v 0.000000 1.618938 0.587816
v 0.000000 1.583003 0.510306
v -0.000000 1.431199 0.697696
v -0.000000 1.390061 0.604282
v 0.000000 1.178608 0.682401
v -0.000000 1.230356 0.813922
v 0.000000 0.675935 0.799045
v 0.000000 0.763956 1.065610
v -0.000000 0.927037 0.755552
v 0.000000 0.998290 0.944315
v -0.000000 0.547066 0.799744
v 0.000000 0.620493 1.130767
v 0.000000 0.498840 0.790223
v -0.000000 0.558241 1.051310
v 0.000000 0.425332 0.767380
v -0.000000 0.477946 1.021392
v -0.000000 0.371346 0.728736
v -0.000000 0.425797 1.035180
v 0.000000 0.327030 0.674233
v 0.000000 0.377361 1.070312
v 0.050443 2.812003 0.015093
v 0.045312 2.610460 -0.001846
v 0.054696 2.696977 0.009328
v 0.060191 2.746284 0.009058
v 0.059470 2.728165 0.006377
v 0.060199 2.780012 0.012583
v 0.040417 2.501754 0.006294
v 0.039018 2.362672 0.048711
v 0.037819 2.213449 0.122771
v 0.038019 2.082286 0.209855
v 0.039018 1.942679 0.317277
v 0.041815 1.779717 0.436303
v 0.045262 1.600737 0.549061
v 0.047610 1.410231 0.650989
v 0.052456 1.204648 0.748161
v 0.084849 0.719672 0.930444
v 0.061018 0.962730 0.849585
v 0.098952 0.582420 0.964790
v 0.096520 0.528290 0.926389
v 0.080635 0.451645 0.895883
v 0.075902 0.398571 0.881958
v 0.070552 0.347140 0.873536
v 0.000000 2.822859 0.007238
v 0.064365 0.294926 0.989568
v 0.058170 0.305371 1.093298
v 0.058020 0.264234 1.118582
v 0.063765 0.259447 1.039186
v 0.062899 0.232505 1.046330
v 0.057804 0.235052 1.087227
v 0.052043 0.214937 1.060626
v 0.054766 0.215063 1.045241
v 0.000000 0.308023 1.119248
v -0.000000 0.265649 1.138431
v 0.000000 0.236443 1.097468
v 0.000000 0.212990 1.060968
v 0.000000 0.232249 1.036290
v -0.000000 0.258487 1.019337
v -0.000000 0.292764 0.963823
v -0.000000 0.334356 0.876077
v -0.000000 0.214025 1.042889
v 0.066246 0.295237 0.772778
v 0.065197 0.291991 0.660431
v 0.059936 0.274715 0.731099
v 0.059936 0.274494 0.669309
v 0.000000 0.291371 0.632419
v 0.000000 0.272906 0.660531
v 0.000000 0.295752 0.801696
v 0.000000 0.272936 0.738344
v 0.014022 2.857571 -0.061454
v 0.014022 2.868692 -0.108963
v 0.000000 2.841694 -0.028756
v 0.000000 2.867291 -0.127783
v 0.051096 2.871846 -0.075545
v 0.051096 2.877545 -0.101223
v 0.019530 2.877545 -0.101223
v 0.019530 2.871847 -0.075545
v 0.042998 2.921835 -0.077509
v 0.042998 2.923733 -0.087004
v 0.034984 2.923733 -0.087004
v 0.034984 2.921835 -0.077509
v 0.047310 2.898166 -0.080009
v 0.026194 2.898166 -0.080009
v 0.047310 2.901939 -0.098503
v 0.026194 2.901939 -0.098503
v -0.000000 2.689112 -0.181788
v 0.041491 2.696436 -0.223611
v 0.046284 2.677365 -0.202708
v -0.000000 2.696771 -0.227447
v 0.000000 2.673548 -0.201135
v 0.045561 2.661652 -0.177391
v 0.046667 2.666234 -0.173230
v 0.036450 2.666203 -0.173247
v 0.035932 2.661623 -0.177407
v 0.025953 2.678498 -0.182930
v 0.050325 2.678557 -0.182898
v 0.048081 2.670113 -0.190565
v 0.025205 2.670061 -0.190593
v 0.078255 0.585545 0.829896
v 0.071674 0.654234 1.102086
v 0.000000 0.579018 0.803346
v 0.000000 0.661444 1.129973
v 0.095832 0.618865 0.963984
v -0.045149 2.747254 0.178078
v -0.045149 2.722216 0.173666
v -0.050166 2.761778 0.133611
v -0.051963 2.716965 0.124788
v -0.050166 2.781625 0.077460
v -0.053975 2.851109 -0.059838
v -0.053975 2.862279 -0.107843
v -0.050443 2.853831 -0.150956
v -0.050166 2.839404 -0.196646
v -0.045149 2.823629 -0.222546
v -0.045149 2.803945 -0.226000
v -0.054726 2.778528 -0.202769
v -0.049228 2.722170 -0.218336
v -0.044453 2.690328 0.072425
v -0.032864 2.603039 0.029648
v -0.028785 2.497823 0.031409
v -0.050166 2.763675 -0.121802
v -0.051968 2.764665 -0.082521
v -0.044475 2.717300 -0.048641
v -0.032864 2.617681 -0.033341
v -0.059819 2.728592 0.067043
v -0.059849 2.762271 -0.045620
v -0.050166 2.732719 -0.159645
v -0.060199 2.807702 -0.139416
v -0.058000 2.717052 0.053051
v -0.058101 2.739483 -0.036257
v -0.028785 2.505320 -0.018820
v -0.050166 2.734123 0.180859
v -0.060199 2.741313 0.131506
v -0.060199 2.755930 0.073803
v -0.060199 2.805264 -0.052152
v -0.060199 2.814462 -0.096537
v -0.027619 2.363956 0.071895
v -0.027619 2.361056 0.025526
v -0.026620 2.221076 0.144948
v -0.026620 2.205722 0.100594
v -0.026787 2.091771 0.232184
v -0.026787 2.072701 0.187527
v -0.027619 1.954714 0.341620
v -0.027619 1.930677 0.292934
v -0.029950 1.793828 0.464799
v -0.029950 1.765407 0.407806
v -0.032656 1.615788 0.581357
v -0.032989 1.585803 0.516766
v -0.033980 1.427549 0.689912
v -0.035579 1.393112 0.612067
v -0.039517 1.183026 0.693361
v -0.038118 1.226188 0.802962
v -0.068621 0.683202 0.820788
v -0.063003 0.756553 1.042925
v -0.046652 0.933024 0.771195
v -0.045254 0.992402 0.928497
v -0.079928 0.552845 0.827213
v -0.075202 0.614034 1.103065
v -0.074560 0.503727 0.813386
v -0.076808 0.553228 1.030958
v -0.061384 0.429718 0.788922
v -0.064386 0.473563 1.000599
v -0.058213 0.375884 0.754273
v -0.058792 0.421259 1.009643
v -0.059602 0.331004 0.705183
v -0.058204 0.372911 1.040091
v -0.052468 2.694404 -0.186762
v -0.050443 2.812003 0.015093
v -0.045312 2.610460 -0.001846
v -0.054696 2.696977 0.009328
v -0.060191 2.746284 0.009058
v -0.059470 2.728166 0.006377
v -0.060199 2.780012 0.012583
v -0.040417 2.501755 0.006294
v -0.039018 2.362672 0.048711
v -0.037819 2.213449 0.122771
v -0.038019 2.082286 0.209855
v -0.039018 1.942679 0.317277
v -0.041815 1.779717 0.436303
v -0.045262 1.600737 0.549061
v -0.047610 1.410231 0.650989
v -0.052456 1.204649 0.748161
v -0.084849 0.719672 0.930444
v -0.061018 0.962730 0.849585
v -0.098952 0.582420 0.964790
v -0.096520 0.528290 0.926389
v -0.080635 0.451645 0.895883
v -0.075902 0.398571 0.881958
v -0.070552 0.347140 0.873536
v -0.064365 0.294926 0.989568
v -0.058170 0.305371 1.093298
v -0.058020 0.264234 1.118582
v -0.063765 0.259447 1.039186
v -0.062899 0.232505 1.046330
v -0.057804 0.235052 1.087227
v -0.052043 0.214937 1.060626
v -0.054766 0.215063 1.045241
v -0.066246 0.295237 0.772778
v -0.065197 0.291991 0.660431
v -0.059936 0.274715 0.731099
v -0.059936 0.274494 0.669309
v -0.014022 2.857571 -0.061454
v -0.014022 2.868692 -0.108963
v -0.051096 2.871846 -0.075545
v -0.051096 2.877545 -0.101223
v -0.019530 2.877545 -0.101223
v -0.019530 2.871847 -0.075545
v -0.042998 2.921835 -0.077509
v -0.042998 2.923733 -0.087004
v -0.034984 2.923733 -0.087004
v -0.034984 2.921835 -0.077509
v -0.047310 2.898166 -0.080009
v -0.026194 2.898166 -0.080009
v -0.047310 2.901939 -0.098503
v -0.026194 2.901939 -0.098503
v -0.041491 2.696436 -0.223611
v -0.046284 2.677365 -0.202708
v -0.045561 2.661652 -0.177391
v -0.046667 2.666235 -0.173230
v -0.036450 2.666203 -0.173247
v -0.035932 2.661623 -0.177407
v -0.025953 2.678498 -0.182930
v -0.050325 2.678557 -0.182898
v -0.048081 2.670113 -0.190565
v -0.025205 2.670061 -0.190593
v -0.078255 0.585545 0.829896
v -0.071674 0.654234 1.102086
v -0.095832 0.618865 0.963984
v 0.045149 -2.747254 0.178078
v 0.045149 -2.722216 0.173666
v 0.050166 -2.761778 0.133611
v 0.051963 -2.716965 0.124788
v 0.050166 -2.781625 0.077460
v 0.053975 -2.851109 -0.059838
v 0.053975 -2.862279 -0.107843
v 0.050443 -2.853831 -0.150956
v 0.050166 -2.839404 -0.196646
v 0.045149 -2.823629 -0.222546
v 0.045149 -2.803945 -0.226000
v 0.054726 -2.778528 -0.202769
v 0.049228 -2.722170 -0.218336
v 0.044453 -2.690328 0.072425
v 0.032864 -2.603039 0.029648
v 0.028785 -2.497823 0.031409
v 0.050166 -2.763675 -0.121802
v 0.051968 -2.764665 -0.082521
v 0.044475 -2.717300 -0.048641
v 0.032864 -2.617681 -0.033341
v 0.059819 -2.728592 0.067043
v 0.059849 -2.762271 -0.045620
v 0.050166 -2.732719 -0.159645
v 0.060199 -2.807702 -0.139416
v 0.058000 -2.717052 0.053051
v 0.058101 -2.739483 -0.036257
v 0.028785 -2.505320 -0.018820
v 0.050166 -2.734123 0.180859
v 0.060199 -2.741313 0.131506
v 0.060199 -2.755930 0.073803
v 0.060199 -2.805264 -0.052152
v 0.060199 -2.814462 -0.096537
v 0.027619 -2.363956 0.071895
v 0.027619 -2.361056 0.025526
v 0.026620 -2.221076 0.144948
v 0.026620 -2.205722 0.100594
v 0.026787 -2.091771 0.232184
v 0.026787 -2.072701 0.187527
v 0.027619 -1.954714 0.341620
v 0.027619 -1.930677 0.292934
v 0.029950 -1.793828 0.464799
v 0.029950 -1.765407 0.407806
v 0.032656 -1.615788 0.581357
v 0.032989 -1.585803 0.516766
v 0.033980 -1.427549 0.689912
v 0.035579 -1.393112 0.612067
v 0.039517 -1.183026 0.693361
v 0.038118 -1.226188 0.802962
v 0.068621 -0.683202 0.820788
v 0.063003 -0.756553 1.042925
v 0.046652 -0.933024 0.771195
v 0.045254 -0.992402 0.928497
v 0.079928 -0.552845 0.827213
v 0.075202 -0.614034 1.103065
v 0.074560 -0.503727 0.813386
v 0.076808 -0.553228 1.030958
v 0.061384 -0.429718 0.788922
v 0.064386 -0.473563 1.000599
v 0.058213 -0.375884 0.754273
v 0.058792 -0.421259 1.009643
v 0.059602 -0.331004 0.705183
v 0.058204 -0.372911 1.040091
v 0.000000 -2.747204 0.183420
v 0.000000 -2.721042 0.178299
v 0.000000 -2.765871 0.134032
v 0.000000 -2.712024 0.131850
v 0.000000 -2.786764 0.078192
v -0.000000 -2.857280 -0.063233
v -0.000000 -2.867576 -0.107032
v 0.000000 -2.864295 -0.147415
v 0.000000 -2.849936 -0.195512
v 0.000000 -2.825269 -0.224421
v 0.000000 -2.802132 -0.228466
v 0.000000 -2.772061 -0.217682
v 0.052468 -2.694404 -0.186762
v -0.000000 -2.728349 -0.225864
v 0.000000 -2.682875 0.083383
v 0.000000 -2.601275 0.035947
v 0.000000 -2.496523 0.036432
v 0.000000 -2.755010 -0.117874
v 0.000000 -2.756495 -0.084978
v 0.000000 -2.714160 -0.058295
v 0.000000 -2.618845 -0.039640
v 0.000000 -2.724533 -0.151290
v 0.000000 -2.505520 -0.023843
v 0.000000 -2.732899 0.190835
v 0.000000 -2.363747 0.076532
v -0.000000 -2.360266 0.020889
v 0.000000 -2.222461 0.149383
v -0.000000 -2.204036 0.096158
v 0.000000 -2.093528 0.236649
v -0.000000 -2.070644 0.183061
v 0.000000 -1.957167 0.346488
v -0.000000 -1.928324 0.288065
v 0.000000 -1.796370 0.470498
v -0.000000 -1.762265 0.402107
v 0.000000 -1.618938 0.587816
v 0.000000 -1.583002 0.510306
v 0.000000 -1.431199 0.697696
v 0.000000 -1.390061 0.604282
v 0.000000 -1.178609 0.682401
v 0.000000 -1.230356 0.813922
v 0.000000 -0.675935 0.799045
v 0.000000 -0.763956 1.065610
v -0.000000 -0.927037 0.755552
v -0.000000 -0.998290 0.944314
v 0.000000 -0.547066 0.799745
v 0.000000 -0.620493 1.130767
v 0.000000 -0.498840 0.790223
v -0.000000 -0.558241 1.051310
v 0.000000 -0.425332 0.767379
v 0.000000 -0.477946 1.021392
v 0.000000 -0.371346 0.728736
v 0.000000 -0.425796 1.035180
v 0.000000 -0.327030 0.674233
v 0.000000 -0.377361 1.070312
v 0.050443 -2.812003 0.015093
v 0.045312 -2.610460 -0.001846
v 0.054696 -2.696977 0.009328
v 0.060191 -2.746284 0.009058
v 0.059470 -2.728166 0.006377
v 0.060199 -2.780012 0.012583
v 0.040417 -2.501755 0.006294
v 0.039018 -2.362672 0.048711
v 0.037819 -2.213449 0.122771
v 0.038019 -2.082286 0.209855
v 0.039018 -1.942679 0.317277
v 0.041815 -1.779717 0.436303
v 0.045262 -1.600737 0.549061
v 0.047610 -1.410231 0.650989
v 0.052456 -1.204649 0.748161
v 0.084849 -0.719672 0.930444
v 0.061018 -0.962730 0.849585
v 0.098952 -0.582420 0.964790
v 0.096520 -0.528290 0.926389
v 0.080635 -0.451645 0.895883
v 0.075902 -0.398571 0.881958
v 0.070552 -0.347140 0.873536
v 0.000000 -2.822859 0.007238
v 0.064365 -0.294926 0.989568
v 0.058170 -0.305371 1.093298
v 0.058020 -0.264234 1.118582
v 0.063765 -0.259447 1.039186
v 0.062899 -0.232505 1.046330
v 0.057804 -0.235052 1.087227
v 0.052043 -0.214937 1.060626
v 0.054766 -0.215063 1.045241
v 0.000000 -0.308023 1.119248
v 0.000000 -0.265649 1.138431
v 0.000000 -0.236443 1.097467
v 0.000000 -0.212990 1.060968
v 0.000000 -0.232249 1.036290
v -0.000000 -0.258487 1.019337
v -0.000000 -0.292764 0.963823
v 0.000000 -0.334356 0.876077
v -0.000000 -0.214025 1.042889
v 0.066246 -0.295237 0.772778
v 0.065197 -0.291991 0.660431
v 0.059936 -0.274715 0.731099
v 0.059936 -0.274494 0.669309
v 0.000000 -0.291371 0.632419
v 0.000000 -0.272906 0.660531
v 0.000000 -0.295752 0.801696
v 0.000000 -0.272936 0.738344
v 0.014022 -2.857571 -0.061454
v 0.014022 -2.868692 -0.108963
v 0.000000 -2.841694 -0.028756
v 0.000000 -2.867291 -0.127783
v 0.051096 -2.871846 -0.075545
v 0.051096 -2.877545 -0.101223
v 0.019530 -2.877545 -0.101223
v 0.019530 -2.871847 -0.075545
v 0.042998 -2.921835 -0.077509
v 0.042998 -2.923733 -0.087004
v 0.034984 -2.923733 -0.087004
v 0.034984 -2.921835 -0.077509
v 0.047310 -2.898166 -0.080009
v 0.026194 -2.898166 -0.080009
v 0.047310 -2.901939 -0.098503
v 0.026194 -2.901939 -0.098503
v 0.000000 -2.689112 -0.181788
v 0.041491 -2.696436 -0.223611
v 0.046284 -2.677365 -0.202708
v -0.000000 -2.696772 -0.227447
v 0.000000 -2.673548 -0.201135
v 0.045561 -2.661652 -0.177391
v 0.046667 -2.666235 -0.173230
v 0.036450 -2.666203 -0.173247
v 0.035932 -2.661623 -0.177407
v 0.025953 -2.678498 -0.182930
v 0.050325 -2.678557 -0.182898
v 0.048081 -2.670113 -0.190565
v 0.025205 -2.670061 -0.190593
v 0.078255 -0.585545 0.829896
v 0.071674 -0.654234 1.102086
v 0.000000 -0.579018 0.803346
v -0.000000 -0.661444 1.129973
v 0.095832 -0.618865 0.963984
v -0.045149 -2.747254 0.178078
v -0.045149 -2.722216 0.173666
v -0.050166 -2.761778 0.133611
v -0.051963 -2.716966 0.124788
v -0.050166 -2.781625 0.077460
v -0.053975 -2.851109 -0.059838
v -0.053975 -2.862279 -0.107843
v -0.050443 -2.853831 -0.150956
v -0.050166 -2.839404 -0.196646
v -0.045149 -2.823629 -0.222546
v -0.045149 -2.803945 -0.226000
v -0.054726 -2.778528 -0.202769
v -0.049228 -2.722170 -0.218336
v -0.044453 -2.690328 0.072425
v -0.032864 -2.603038 0.029648
v -0.028785 -2.497823 0.031409
v -0.050166 -2.763675 -0.121802
v -0.051968 -2.764665 -0.082522
v -0.044475 -2.717299 -0.048641
v -0.032864 -2.617681 -0.033341
v -0.059819 -2.728591 0.067043
v -0.059849 -2.762271 -0.045620
v -0.050166 -2.732719 -0.159645
v -0.060199 -2.807702 -0.139416
v -0.058000 -2.717052 0.053051
v -0.058101 -2.739483 -0.036257
v -0.028785 -2.505320 -0.018820
v -0.050166 -2.734123 0.180859
v -0.060199 -2.741313 0.131506
v -0.060199 -2.755931 0.073803
v -0.060199 -2.805264 -0.052152
v -0.060199 -2.814461 -0.096537
v -0.027619 -2.363956 0.071895
v -0.027619 -2.361055 0.025526
v -0.026620 -2.221076 0.144948
v -0.026620 -2.205721 0.100594
v -0.026787 -2.091771 0.232184
v -0.026787 -2.072701 0.187527
v -0.027619 -1.954714 0.341620
v -0.027619 -1.930677 0.292934
v -0.029950 -1.793828 0.464799
v -0.029950 -1.765407 0.407806
v -0.032656 -1.615788 0.581357
v -0.032989 -1.585803 0.516766
v -0.033980 -1.427549 0.689911
v -0.035579 -1.393112 0.612067
v -0.039517 -1.183026 0.693361
v -0.038118 -1.226188 0.802962
v -0.068621 -0.683202 0.820788
v -0.063003 -0.756553 1.042925
v -0.046652 -0.933024 0.771195
v -0.045254 -0.992402 0.928497
v -0.079928 -0.552845 0.827213
v -0.075202 -0.614034 1.103065
v -0.074560 -0.503727 0.813386
v -0.076808 -0.553228 1.030958
v -0.061384 -0.429718 0.788922
v -0.064386 -0.473563 1.000599
v -0.058213 -0.375884 0.754273
v -0.058792 -0.421259 1.009643
v -0.059602 -0.331004 0.705183
v -0.058204 -0.372911 1.040091
v -0.052468 -2.694404 -0.186762
v -0.050443 -2.812003 0.015093
v -0.045312 -2.610460 -0.001846
v -0.054696 -2.696977 0.009328
v -0.060191 -2.746284 0.009058
v -0.059470 -2.728165 0.006377
v -0.060199 -2.780012 0.012583
v -0.040417 -2.501754 0.006294
v -0.039018 -2.362672 0.048711
v -0.037819 -2.213449 0.122771
v -0.038019 -2.082286 0.209855
v -0.039018 -1.942679 0.317277
v -0.041815 -1.779717 0.436303
v -0.045262 -1.600737 0.549061
v -0.047610 -1.410231 0.650989
v -0.052456 -1.204648 0.748161
v -0.084849 -0.719672 0.930444
v -0.061018 -0.962730 0.849585
v -0.098952 -0.582420 0.964790
v -0.096520 -0.528290 0.926389
v -0.080635 -0.451645 0.895883
v -0.075902 -0.398571 0.881958
v -0.070552 -0.347140 0.873536
v -0.064365 -0.294926 0.989568
v -0.058170 -0.305371 1.093298
v -0.058020 -0.264234 1.118582
v -0.063765 -0.259447 1.039186
v -0.062899 -0.232505 1.046330
v -0.057804 -0.235052 1.087227
v -0.052043 -0.214937 1.060626
v -0.054766 -0.215063 1.045241
v -0.066246 -0.295237 0.772778
v -0.065197 -0.291991 0.660431
v -0.059936 -0.274715 0.731099
v -0.059936 -0.274494 0.669309
v -0.014022 -2.857571 -0.061454
v -0.014022 -2.868692 -0.108963
v -0.051096 -2.871846 -0.075545
v -0.051096 -2.877545 -0.101223
v -0.019530 -2.877545 -0.101223
v -0.019530 -2.871847 -0.075545
v -0.042998 -2.921835 -0.077509
v -0.042998 -2.923733 -0.087004
v -0.034984 -2.923733 -0.087004
v -0.034984 -2.921835 -0.077509
v -0.047310 -2.898166 -0.080009
v -0.026194 -2.898166 -0.080009
v -0.047310 -2.901939 -0.098503
v -0.026194 -2.901939 -0.098503
v -0.041491 -2.696436 -0.223611
v -0.046284 -2.677365 -0.202708
v -0.045561 -2.661652 -0.177391
v -0.046667 -2.666234 -0.173230
v -0.036450 -2.666203 -0.173247
v -0.035932 -2.661623 -0.177407
v -0.025953 -2.678498 -0.182930
v -0.050325 -2.678557 -0.182898
v -0.048081 -2.670113 -0.190565
v -0.025205 -2.670061 -0.190593
v -0.078255 -0.585545 0.829896
v -0.071674 -0.654234 1.102086
v -0.095832 -0.618865 0.963984
v 0.049306 2.753227 0.161209
v 0.049306 2.726887 0.178564
v 0.049501 2.720193 0.156660
v 0.058945 2.753081 0.132717
v 0.050166 2.770907 0.105411
v 0.054888 2.709092 0.064302
v 0.051256 2.831063 -0.022259
v 0.058936 2.857212 -0.085431
v 0.051256 2.858095 -0.128904
v 0.050200 2.847517 -0.174580
v 0.049306 2.830539 -0.213572
v 0.048447 2.813730 -0.225700
v 0.049771 2.796628 -0.219433
v 0.028306 2.727577 -0.224923
v 0.046431 2.706555 0.099892
v 0.037156 2.649668 0.047921
v 0.030231 2.553245 0.024611
v 0.050166 2.750448 -0.141112
v 0.050361 2.769121 -0.103208
v 0.046451 2.744594 -0.066281
v 0.037158 2.669457 -0.039291
v 0.042183 2.614657 -0.019956
v 0.052229 2.704414 -0.020678
v 0.058475 2.721788 0.095032
v 0.060151 2.740951 0.071313
v 0.054968 2.734333 -0.042913
v 0.060154 2.755424 -0.019991
v 0.060155 2.781988 -0.048974
v 0.058497 2.765086 -0.065318
v 0.059349 2.788767 -0.090087
v 0.058945 2.782177 -0.129895
v 0.058364 2.750376 -0.177322
v 0.058979 2.834015 -0.146659
v 0.059827 2.795676 -0.167928
v 0.058364 2.816532 -0.199046
v 0.058988 2.720793 0.059990
v 0.059022 2.734738 -0.019253
v 0.059070 2.748082 -0.041565
v 0.030231 2.564202 -0.028071
v 0.049306 2.741568 0.181446
v 0.059348 2.729146 0.129843
v 0.058945 2.770705 0.075906
v 0.059550 2.829267 -0.055441
v 0.059550 2.840109 -0.102783
v 0.060199 2.811970 -0.076465
v 0.060199 2.766974 0.044181
v 0.060199 2.747503 0.102634
v 0.058945 2.736857 0.159727
v 0.060199 2.813540 -0.116393
v 0.037389 2.503887 -0.008147
v 0.036019 2.361818 0.035380
v 0.028077 2.436942 -0.001219
v 0.028077 2.433958 0.047134
v 0.034845 2.209028 0.110019
v 0.027057 2.281783 0.060635
v 0.027057 2.291553 0.105675
v 0.035041 2.076797 0.197016
v 0.026578 2.137664 0.142363
v 0.026578 2.155497 0.186537
v 0.036019 1.935770 0.303279
v 0.027078 2.004492 0.238068
v 0.027078 2.025728 0.284117
v 0.038759 1.771534 0.419917
v 0.028597 1.850472 0.350240
v 0.028597 1.877096 0.402897
v 0.042248 1.592120 0.530491
v 0.031517 1.677174 0.463636
v 0.031475 1.706390 0.524440
v 0.044982 1.400327 0.628609
v 0.034187 1.491034 0.566484
v 0.033196 1.522770 0.635983
v 0.035827 1.329624 0.744995
v 0.049658 1.192231 0.716651
v 0.037551 1.291626 0.653465
v 0.053930 0.864832 0.990432
v 0.082827 0.698661 0.867109
v 0.057353 0.796703 0.801226
v 0.040515 1.114250 0.864781
v 0.058042 0.945657 0.804459
v 0.041464 1.063714 0.733754
v 0.096330 0.565210 0.885613
v 0.075254 0.617196 0.828701
v 0.073419 0.633107 1.112568
v 0.091616 0.514129 0.862256
v 0.078538 0.532468 0.821816
v 0.077344 0.587847 1.069308
v 0.075998 0.439038 0.834605
v 0.067736 0.466787 0.802324
v 0.071241 0.512361 1.008353
v 0.072002 0.385526 0.808539
v 0.058624 0.400129 0.773208
v 0.060374 0.444146 1.002093
v 0.072416 0.339304 0.771397
v 0.058380 0.353141 0.731351
v 0.058277 0.399434 1.021600
v 0.000000 2.756212 0.162288
v -0.000000 2.726490 0.187989
v -0.000000 2.716911 0.157525
v 0.000000 2.775587 0.105966
v 0.000000 2.846878 -0.039278
v -0.000000 2.864513 -0.086952
v -0.000000 2.866705 -0.132046
v 0.000000 2.858122 -0.174510
v 0.000000 2.838195 -0.212593
v 0.000000 2.813571 -0.229700
v 0.000000 2.789049 -0.222308
v 0.057145 2.709495 -0.203119
v -0.000000 2.702904 0.107865
v -0.000000 2.647097 0.056591
v 0.000000 2.551705 0.029879
v 0.000000 2.741877 -0.134760
v 0.000000 2.760337 -0.100982
v -0.000000 2.742188 -0.070709
v -0.000000 2.670775 -0.047779
v 0.000000 2.564855 -0.033339
v 0.000000 2.739615 0.191187
v 0.000000 2.436660 -0.006055
v -0.000000 2.433079 0.051970
v -0.000000 2.280499 0.056131
v -0.000000 2.292224 0.110179
v -0.000000 2.135731 0.137945
v 0.000000 2.157130 0.190955
v 0.000000 2.002356 0.233463
v 0.000000 2.027840 0.288722
v -0.000000 1.847666 0.344974
v -0.000000 1.879614 0.408163
v -0.000000 1.674127 0.457556
v 0.000000 1.709181 0.530520
v 0.000000 1.488267 0.559534
v -0.000000 1.526217 0.642933
v 0.000000 1.333435 0.754148
v -0.000000 1.287971 0.644312
v -0.000000 0.871647 1.009618
v 0.000000 0.789892 0.782571
v -0.000000 1.119167 0.877894
v 0.000000 1.058529 0.720662
v 0.000000 0.610149 0.804239
v 0.000000 0.640021 1.141458
v 0.000000 0.527131 0.796271
v -0.000000 0.593585 1.093261
v 0.000000 0.462234 0.780656
v -0.000000 0.516922 1.027891
v 0.000000 0.395727 0.750272
v 0.000000 0.448548 1.024935
v 0.000000 0.348539 0.702644
v -0.000000 0.404096 1.050215
v 0.034220 2.868856 -0.114820
v 0.029749 2.862121 -0.152194
v 0.018505 1.430693 0.696723
v 0.014458 2.093346 0.236091
v 0.034296 0.425880 0.770072
v 0.028845 2.848619 -0.195653
v 0.036360 0.477398 1.018793
v 0.028195 2.825021 -0.224094
v 0.020895 1.229872 0.812552
v 0.014458 2.070939 0.183619
v 0.028195 2.802410 -0.228050
v 0.021857 1.179186 0.683771
v 0.032524 0.371913 0.731928
v 0.029310 2.772599 -0.216339
v 0.032922 0.425229 1.031987
v 0.050513 2.744220 -0.210791
v 0.014937 1.928605 0.288674
v 0.033485 0.327512 0.678101
v 0.032523 0.376804 1.066535
v -0.000000 2.750241 -0.220029
v 0.019604 1.390343 0.605255
v 0.014937 1.956848 0.345880
v 0.034967 0.763031 1.062774
v 0.015607 2.505632 -0.023215
v 0.023356 2.683658 0.082249
v 0.028231 2.712531 0.131139
v 0.024998 0.997566 0.942337
v 0.028845 2.725559 -0.152333
v 0.017953 2.601570 0.035160
v 0.038829 0.676843 0.801762
v 0.016277 1.762733 0.402820
v 0.015607 2.496823 0.035804
v 0.016277 1.796127 0.469786
v 0.025959 0.927798 0.757508
v 0.014937 2.360489 0.021469
v 0.014937 2.363898 0.075953
v 0.018043 1.583303 0.511114
v 0.028845 2.756094 -0.118365
v 0.045280 0.547788 0.803178
v 0.028195 2.747220 0.182504
v 0.028845 2.765359 0.133980
v 0.017815 1.618506 0.587009
v 0.028232 2.757362 -0.084747
v 0.042031 0.619686 1.127305
v 0.028195 2.721236 0.177506
v 0.028845 2.733052 0.189588
v 0.014362 2.204284 0.096713
v 0.023358 2.714499 -0.057291
v 0.014362 2.222326 0.148829
v 0.041830 0.499451 0.793119
v 0.017953 2.618775 -0.038852
v 0.043375 0.557614 1.048766
v 0.028845 2.786122 0.078100
v 0.004735 2.856818 -0.062096
v 0.050200 2.795303 0.048089
v 0.042183 2.606237 0.016263
v 0.052210 2.690938 0.039982
v 0.060134 2.736990 0.038355
v 0.058945 2.721561 0.033045
v 0.060199 2.793755 -0.021079
v 0.037389 2.499576 0.020735
v 0.036019 2.363485 0.062042
v 0.034845 2.217857 0.135522
v 0.035041 2.087762 0.222694
v 0.036019 1.949591 0.331274
v 0.038759 1.787876 0.452688
v 0.042019 1.609369 0.567631
v 0.043883 1.420159 0.673370
v 0.048697 1.217056 0.779672
v 0.078965 0.740838 0.994838
v 0.057081 0.979799 0.894907
v 0.093081 0.600394 1.044228
v 0.093162 0.542592 0.987359
v 0.078062 0.464248 0.956319
v 0.072400 0.411617 0.955377
v 0.071433 0.363373 0.975150
v 0.000000 2.801251 0.048347
v 0.029749 2.817946 0.014936
v 0.075474 0.375994 0.876536
v 0.076769 0.422138 0.887791
v 0.088757 0.489561 0.908534
v 0.099382 0.559555 0.947951
v 0.097758 0.599323 0.969285
v 0.055062 1.089027 0.799235
v 0.072645 0.830744 0.895032
v 0.049902 1.310599 0.699230
v 0.046305 1.506789 0.601234
v 0.043670 1.691825 0.494038
v 0.040192 1.863832 0.376569
v 0.038368 2.015114 0.261092
v 0.037769 2.146631 0.164450
v 0.038343 2.286770 0.083155
v 0.039567 2.435644 0.022957
v 0.060198 2.761557 0.011013
v 0.060090 2.736034 0.006824
v 0.042152 2.558871 -0.001730
v 0.050007 2.658943 0.004004
v 0.057830 2.717975 0.008806
v 0.058979 2.798362 0.014027
v 0.070458 0.300087 1.041407
v 0.065127 0.323467 0.946843
v 0.058199 0.338722 1.066231
v 0.058102 0.281424 1.112999
v 0.070027 0.261783 1.078884
v 0.064090 0.274320 1.020270
v 0.063457 0.245611 1.046249
v 0.069404 0.233637 1.066753
v 0.057943 0.249192 1.106845
v 0.056652 0.222313 1.070520
v 0.057219 0.213600 1.051966
v 0.060836 0.221358 1.045012
v 0.032519 0.307692 1.116004
v 0.032500 0.265418 1.135950
v 0.032473 0.236071 1.096187
v 0.032173 0.213279 1.060887
v -0.000000 0.222736 1.076570
v -0.000000 0.250665 1.121996
v 0.000000 0.283244 1.136183
v -0.000000 0.342392 1.095072
v 0.036931 0.232195 1.037495
v 0.037527 0.258547 1.021818
v 0.037939 0.292912 0.966990
v 0.038698 0.335114 0.875481
v 0.000000 0.319705 0.921063
v 0.000000 0.272753 0.997112
v 0.000000 0.244957 1.031123
v 0.034372 0.213979 1.043103
v 0.000000 0.210471 1.049893
v -0.000000 0.221636 1.039166
v 0.066171 0.319544 0.806169
v 0.075580 0.293628 0.716491
v 0.062400 0.309823 0.678492
v 0.065412 0.280524 0.749030
v 0.064315 0.273693 0.699665
v 0.065280 0.279988 0.659093
v 0.037331 0.291388 0.635921
v 0.000000 0.307537 0.647661
v 0.037429 0.273187 0.661993
v 0.000000 0.279746 0.636995
v 0.038249 0.295774 0.797854
v -0.000000 0.320677 0.835980
v 0.037429 0.273356 0.737137
v -0.000000 0.279859 0.771387
v 0.000000 0.270770 0.698162
v 0.034220 2.854298 -0.053454
v 0.004735 2.867633 -0.107735
v 0.009504 2.865537 -0.087099
v 0.012245 2.867010 -0.129034
v 0.012245 2.840334 -0.026396
v -0.000000 2.837362 -0.020448
v 0.000000 2.867731 -0.122083
v 0.057015 2.874696 -0.088384
v 0.035313 2.878613 -0.106038
v 0.035313 2.870779 -0.070730
v 0.013612 2.874695 -0.088384
v 0.018052 2.865003 -0.072499
v 0.018052 2.871566 -0.102371
v 0.051963 2.870908 -0.102243
v 0.051963 2.864343 -0.072356
v 0.043628 2.924466 -0.081527
v 0.039181 2.925580 -0.087081
v 0.039181 2.923351 -0.075973
v 0.034733 2.924465 -0.081527
v 0.044939 2.912779 -0.078616
v 0.022112 2.883382 -0.078433
v 0.044939 2.915572 -0.092653
v 0.022112 2.888229 -0.100881
v 0.049519 2.883382 -0.078433
v 0.031179 2.912779 -0.078616
v 0.049519 2.888229 -0.100881
v 0.031179 2.915572 -0.092653
v 0.036752 2.902646 -0.101971
v 0.022235 2.900052 -0.089256
v 0.051269 2.900052 -0.089256
v 0.036752 2.897458 -0.076542
v 0.050430 2.713843 -0.175306
v -0.000000 2.706711 -0.167035
v 0.025659 2.696721 -0.226795
v 0.045030 2.687026 -0.214715
v 0.055078 2.684264 -0.197205
v -0.000000 2.678573 -0.191110
v 0.046653 2.706171 -0.223322
v 0.000000 2.711030 -0.229759
v -0.000000 2.683520 -0.216710
v 0.027453 2.674462 -0.204447
v 0.030604 2.693179 -0.179304
v 0.046983 2.663002 -0.174270
v 0.035714 2.662967 -0.174289
v 0.040868 2.660273 -0.176742
v 0.041829 2.665696 -0.171817
v 0.032275 2.671715 -0.177348
v 0.050528 2.683718 -0.185560
v 0.047438 2.672915 -0.195686
v 0.016689 2.672361 -0.195438
v 0.017520 2.683139 -0.185096
v 0.048908 2.671761 -0.177323
v 0.047188 2.665206 -0.183275
v 0.031673 2.665165 -0.183297
v 0.021150 2.674269 -0.186767
v 0.036363 2.668504 -0.192016
v 0.053633 2.674346 -0.186726
v 0.038419 2.680110 -0.181477
v 0.079720 0.567893 0.829486
v 0.068726 0.689719 1.079463
v 0.000000 0.561764 0.801759
v 0.000000 0.697176 1.105153
v 0.092263 0.652843 0.952241
v 0.093912 0.599501 0.886483
v 0.039898 0.660543 1.126487
v 0.044423 0.579834 0.806665
v 0.089388 0.638997 1.042991
v -0.049306 2.753227 0.161209
v -0.049306 2.726887 0.178564
v -0.049501 2.720193 0.156660
v -0.058945 2.753081 0.132717
v -0.050166 2.770907 0.105411
v -0.054888 2.709092 0.064302
v -0.051256 2.831063 -0.022259
v -0.058936 2.857212 -0.085431
v -0.051256 2.858095 -0.128904
v -0.050200 2.847517 -0.174580
v -0.049306 2.830540 -0.213572
v -0.048447 2.813730 -0.225700
v -0.049771 2.796628 -0.219433
v -0.028306 2.727577 -0.224923
v -0.046431 2.706555 0.099892
v -0.037156 2.649668 0.047921
v -0.030231 2.553244 0.024611
v -0.050166 2.750448 -0.141112
v -0.050361 2.769121 -0.103208
v -0.046451 2.744594 -0.066281
v -0.037158 2.669457 -0.039291
v -0.042183 2.614657 -0.019956
v -0.052229 2.704414 -0.020678
v -0.058475 2.721788 0.095032
v -0.060151 2.740951 0.071313
v -0.054968 2.734333 -0.042913
v -0.060154 2.755424 -0.019991
v -0.060155 2.781988 -0.048974
v -0.058497 2.765086 -0.065318
v -0.059349 2.788767 -0.090087
v -0.058945 2.782177 -0.129895
v -0.058364 2.750377 -0.177322
v -0.058979 2.834015 -0.146659
v -0.059827 2.795676 -0.167928
v -0.058364 2.816532 -0.199046
v -0.058988 2.720793 0.059990
v -0.059022 2.734738 -0.019253
v -0.059070 2.748082 -0.041565
v -0.030231 2.564202 -0.028071
v -0.049306 2.741568 0.181446
v -0.059348 2.729146 0.129843
v -0.058945 2.770705 0.075906
v -0.059550 2.829267 -0.055441
v -0.059550 2.840109 -0.102783
v -0.060199 2.811970 -0.076465
v -0.060199 2.766974 0.044181
v -0.060199 2.747503 0.102634
v -0.058945 2.736857 0.159727
v -0.060199 2.813540 -0.116393
v -0.037389 2.503887 -0.008147
v -0.036019 2.361818 0.035380
v -0.028077 2.436942 -0.001219
v -0.028077 2.433958 0.047134
v -0.034845 2.209028 0.110019
v -0.027057 2.281783 0.060635
v -0.027057 2.291553 0.105675
v -0.035041 2.076797 0.197016
v -0.026578 2.137664 0.142363
v -0.026578 2.155497 0.186537
v -0.036019 1.935770 0.303279
v -0.027078 2.004492 0.238068
v -0.027078 2.025728 0.284117
v -0.038759 1.771534 0.419917
v -0.028597 1.850472 0.350240
v -0.028597 1.877096 0.402897
v -0.042248 1.592120 0.530491
v -0.031517 1.677174 0.463636
v -0.031475 1.706390 0.524440
v -0.044982 1.400328 0.628609
v -0.034187 1.491034 0.566484
v -0.033196 1.522770 0.635983
v -0.035827 1.329624 0.744995
v -0.049658 1.192231 0.716651
v -0.037551 1.291626 0.653465
v -0.053930 0.864832 0.990432
v -0.082827 0.698661 0.867109
v -0.057353 0.796703 0.801226
v -0.040515 1.114250 0.864781
v -0.058042 0.945657 0.804459
v -0.041464 1.063714 0.733754
v -0.096330 0.565210 0.885613
v -0.075254 0.617196 0.828701
v -0.073419 0.633107 1.112568
v -0.091616 0.514129 0.862256
v -0.078538 0.532468 0.821816
v -0.077344 0.587847 1.069308
v -0.075998 0.439038 0.834605
v -0.067736 0.466787 0.802324
v -0.071241 0.512361 1.008353
v -0.072002 0.385526 0.808539
v -0.058624 0.400129 0.773208
v -0.060374 0.444146 1.002093
v -0.072416 0.339304 0.771397
v -0.058380 0.353141 0.731352
v -0.058277 0.399434 1.021600
v -0.057145 2.709494 -0.203119
v -0.034220 2.868857 -0.114820
v -0.029749 2.862121 -0.152194
v -0.018505 1.430693 0.696723
v -0.014458 2.093346 0.236091
v -0.034296 0.425880 0.770072
v -0.028845 2.848619 -0.195653
v -0.036360 0.477398 1.018793
v -0.028195 2.825021 -0.224094
v -0.020895 1.229872 0.812552
v -0.014458 2.070939 0.183619
v -0.028195 2.802410 -0.228050
v -0.021857 1.179186 0.683771
v -0.032524 0.371913 0.731928
v -0.029310 2.772599 -0.216339
v -0.032922 0.425229 1.031988
v -0.050513 2.744220 -0.210791
v -0.014937 1.928605 0.288674
v -0.033485 0.327512 0.678101
v -0.032523 0.376804 1.066535
v -0.019604 1.390343 0.605255
v -0.014937 1.956848 0.345880
v -0.034967 0.763031 1.062774
v -0.015607 2.505632 -0.023215
v -0.023356 2.683658 0.082249
v -0.028231 2.712531 0.131139
v -0.024998 0.997566 0.942337
v -0.028845 2.725559 -0.152333
v -0.017953 2.601570 0.035160
v -0.038829 0.676843 0.801762
v -0.016277 1.762733 0.402820
v -0.015607 2.496823 0.035804
v -0.016277 1.796127 0.469786
v -0.025959 0.927798 0.757507
v -0.014937 2.360489 0.021469
v -0.014937 2.363898 0.075953
v -0.018043 1.583303 0.511114
v -0.028845 2.756094 -0.118365
v -0.045280 0.547788 0.803178
v -0.028195 2.747220 0.182504
v -0.028845 2.765360 0.133980
v -0.017815 1.618507 0.587009
v -0.028232 2.757362 -0.084747
v -0.042031 0.619686 1.127305
v -0.028195 2.721236 0.177506
v -0.028845 2.733052 0.189588
v -0.014362 2.204284 0.096713
v -0.023358 2.714499 -0.057291
v -0.014362 2.222326 0.148829
v -0.041830 0.499451 0.793119
v -0.017953 2.618775 -0.038852
v -0.043375 0.557614 1.048766
v -0.028845 2.786122 0.078100
v -0.004735 2.856818 -0.062096
v -0.050200 2.795303 0.048089
v -0.042183 2.606237 0.016263
v -0.052210 2.690938 0.039982
v -0.060134 2.736990 0.038355
v -0.058945 2.721561 0.033045
v -0.060199 2.793756 -0.021079
v -0.037389 2.499576 0.020735
v -0.036019 2.363486 0.062042
v -0.034845 2.217857 0.135522
v -0.035041 2.087762 0.222694
v -0.036019 1.949591 0.331274
v -0.038759 1.787876 0.452688
v -0.042019 1.609369 0.567631
v -0.043883 1.420159 0.673370
v -0.048697 1.217056 0.779672
v -0.078965 0.740838 0.994839
v -0.057081 0.979799 0.894907
v -0.093081 0.600394 1.044228
v -0.093162 0.542592 0.987359
v -0.078062 0.464248 0.956319
v -0.072400 0.411617 0.955377
v -0.071433 0.363373 0.975150
v -0.029749 2.817947 0.014936
v -0.075474 0.375994 0.876536
v -0.076769 0.422138 0.887791
v -0.088757 0.489561 0.908534
v -0.099382 0.559555 0.947951
v -0.097758 0.599323 0.969285
v -0.055062 1.089027 0.799235
v -0.072645 0.830744 0.895032
v -0.049902 1.310599 0.699230
v -0.046305 1.506789 0.601234
v -0.043670 1.691825 0.494038
v -0.040192 1.863832 0.376569
v -0.038368 2.015114 0.261092
v -0.037769 2.146631 0.164450
v -0.038343 2.286770 0.083155
v -0.039567 2.435644 0.022957
v -0.060198 2.761557 0.011013
v -0.060090 2.736034 0.006824
v -0.042152 2.558871 -0.001730
v -0.050007 2.658944 0.004004
v -0.057830 2.717975 0.008806
v -0.058979 2.798362 0.014027
v -0.070458 0.300087 1.041407
v -0.065127 0.323467 0.946843
v -0.058199 0.338722 1.066231
v -0.058102 0.281424 1.112999
v -0.070027 0.261783 1.078884
v -0.064090 0.274320 1.020270
v -0.063457 0.245611 1.046249
v -0.069404 0.233637 1.066753
v -0.057943 0.249192 1.106845
v -0.056652 0.222313 1.070520
v -0.057219 0.213600 1.051966
v -0.060836 0.221358 1.045012
v -0.032519 0.307692 1.116004
v -0.032500 0.265418 1.135950
v -0.032473 0.236071 1.096187
v -0.032173 0.213279 1.060887
v -0.036931 0.232195 1.037495
v -0.037527 0.258547 1.021818
v -0.037939 0.292912 0.966990
v -0.038698 0.335114 0.875481
v -0.034372 0.213979 1.043103
v -0.066171 0.319544 0.806169
v -0.075580 0.293628 0.716491
v -0.062400 0.309823 0.678492
v -0.065412 0.280524 0.749030
v -0.064315 0.273693 0.699665
v -0.065280 0.279988 0.659093
v -0.037331 0.291388 0.635921
v -0.037429 0.273187 0.661993
v -0.038249 0.295774 0.797854
v -0.037429 0.273356 0.737137
v -0.034220 2.854298 -0.053454
v -0.004735 2.867633 -0.107735
v -0.009504 2.865537 -0.087099
v -0.012245 2.867010 -0.129034
v -0.012245 2.840334 -0.026396
v -0.057015 2.874696 -0.088384
v -0.035313 2.878613 -0.106038
v -0.035313 2.870779 -0.070730
v -0.013612 2.874695 -0.088384
v -0.018052 2.865003 -0.072499
v -0.018052 2.871566 -0.102371
v -0.051963 2.870908 -0.102243
v -0.051963 2.864343 -0.072356
v -0.043628 2.924466 -0.081527
v -0.039181 2.925580 -0.087081
v -0.039181 2.923351 -0.075973
v -0.034733 2.924465 -0.081527
v -0.044939 2.912779 -0.078616
v -0.022112 2.883381 -0.078433
v -0.044939 2.915572 -0.092653
v -0.022112 2.888229 -0.100881
v -0.049519 2.883382 -0.078433
v -0.031179 2.912779 -0.078616
v -0.049519 2.888229 -0.100881
v -0.031179 2.915572 -0.092653
v -0.036752 2.902646 -0.101971
v -0.022235 2.900052 -0.089256
v -0.051269 2.900052 -0.089256
v -0.036752 2.897459 -0.076542
v -0.050430 2.713843 -0.175306
v -0.025659 2.696721 -0.226795
v -0.045030 2.687026 -0.214715
v -0.055078 2.684264 -0.197205
v -0.046653 2.706171 -0.223322
v -0.027453 2.674462 -0.204447
v -0.030604 2.693179 -0.179304
v -0.046983 2.663002 -0.174270
v -0.035714 2.662966 -0.174289
v -0.040868 2.660273 -0.176742
v -0.041829 2.665695 -0.171817
v -0.032275 2.671715 -0.177348
v -0.050528 2.683718 -0.185560
v -0.047438 2.672915 -0.195686
v -0.016689 2.672361 -0.195438
v -0.017520 2.683139 -0.185096
v -0.048908 2.671761 -0.177323
v -0.047188 2.665206 -0.183275
v -0.031673 2.665165 -0.183297
v -0.021150 2.674269 -0.186767
v -0.036363 2.668504 -0.192016
v -0.053633 2.674346 -0.186726
v -0.038419 2.680110 -0.181477
v -0.079720 0.567893 0.829486
v -0.068726 0.689719 1.079463
v -0.092263 0.652843 0.952241
v -0.093912 0.599501 0.886483
v -0.039899 0.660543 1.126487
v -0.044423 0.579834 0.806665
v -0.089388 0.638997 1.042991
v 0.049306 -2.753227 0.161209
v 0.049306 -2.726887 0.178564
v 0.049501 -2.720193 0.156660
v 0.058945 -2.753081 0.132717
v 0.050166 -2.770907 0.105411
v 0.054888 -2.709092 0.064302
v 0.051256 -2.831063 -0.022259
v 0.058936 -2.857212 -0.085431
v 0.051256 -2.858095 -0.128904
v 0.050200 -2.847517 -0.174580
v 0.049306 -2.830540 -0.213572
v 0.048447 -2.813730 -0.225700
v 0.049771 -2.796628 -0.219433
v 0.028306 -2.727577 -0.224923
v 0.046431 -2.706555 0.099892
v 0.037156 -2.649668 0.047921
v 0.030231 -2.553244 0.024611
v 0.050166 -2.750448 -0.141112
v 0.050361 -2.769121 -0.103208
v 0.046451 -2.744594 -0.066281
v 0.037158 -2.669457 -0.039291
v 0.042183 -2.614657 -0.019956
v 0.052229 -2.704414 -0.020678
v 0.058475 -2.721788 0.095032
v 0.060151 -2.740951 0.071313
v 0.054968 -2.734333 -0.042913
v 0.060154 -2.755424 -0.019991
v 0.060155 -2.781988 -0.048974
v 0.058497 -2.765086 -0.065318
v 0.059349 -2.788767 -0.090087
v 0.058945 -2.782177 -0.129895
v 0.058364 -2.750377 -0.177322
v 0.058979 -2.834015 -0.146659
v 0.059827 -2.795676 -0.167928
v 0.058364 -2.816532 -0.199046
v 0.058988 -2.720793 0.059990
v 0.059022 -2.734738 -0.019253
v 0.059070 -2.748082 -0.041565
v 0.030231 -2.564202 -0.028071
v 0.049306 -2.741568 0.181446
v 0.059348 -2.729146 0.129843
v 0.058945 -2.770705 0.075906
v 0.059550 -2.829267 -0.055441
v 0.059550 -2.840109 -0.102783
v 0.060199 -2.811970 -0.076465
v 0.060199 -2.766974 0.044181
v 0.060199 -2.747503 0.102634
v 0.058945 -2.736857 0.159727
v 0.060199 -2.813540 -0.116393
v 0.037389 -2.503887 -0.008147
v 0.036019 -2.361818 0.035380
v 0.028077 -2.436942 -0.001219
v 0.028077 -2.433958 0.047134
v 0.034845 -2.209028 0.110019
v 0.027057 -2.281783 0.060635
v 0.027057 -2.291553 0.105675
v 0.035041 -2.076797 0.197016
v 0.026578 -2.137664 0.142363
v 0.026578 -2.155497 0.186537
v 0.036019 -1.935770 0.303279
v 0.027078 -2.004492 0.238068
v 0.027078 -2.025728 0.284117
v 0.038759 -1.771534 0.419917
v 0.028597 -1.850472 0.350240
v 0.028597 -1.877096 0.402897
v 0.042248 -1.592120 0.530491
v 0.031517 -1.677174 0.463636
v 0.031475 -1.706390 0.524440
v 0.044982 -1.400328 0.628609
v 0.034187 -1.491034 0.566484
v 0.033196 -1.522770 0.635983
v 0.035827 -1.329624 0.744995
v 0.049658 -1.192231 0.716651
v 0.037551 -1.291626 0.653465
v 0.053930 -0.864832 0.990432
v 0.082827 -0.698661 0.867109
v 0.057353 -0.796703 0.801226
v 0.040515 -1.114250 0.864781
v 0.058042 -0.945657 0.804459
v 0.041464 -1.063714 0.733754
v 0.096330 -0.565210 0.885613
v 0.075254 -0.617196 0.828701
v 0.073419 -0.633107 1.112568
v 0.091616 -0.514129 0.862256
v 0.078538 -0.532468 0.821816
v 0.077344 -0.587847 1.069308
v 0.075998 -0.439038 0.834605
v 0.067736 -0.466787 0.802324
v 0.071241 -0.512361 1.008353
v 0.072002 -0.385526 0.808539
v 0.058624 -0.400129 0.773208
v 0.060374 -0.444146 1.002093
v 0.072416 -0.339304 0.771397
v 0.058380 -0.353141 0.731352
v 0.058277 -0.399434 1.021600
v -0.000000 -2.756212 0.162288
v 0.000000 -2.726490 0.187989
v 0.000000 -2.716911 0.157525
v -0.000000 -2.775587 0.105966
v 0.000000 -2.846878 -0.039278
v -0.000000 -2.864513 -0.086952
v 0.000000 -2.866705 -0.132046
v -0.000000 -2.858123 -0.174510
v -0.000000 -2.838195 -0.212593
v -0.000000 -2.813571 -0.229700
v -0.000000 -2.789049 -0.222308
v 0.057145 -2.709494 -0.203119
v 0.000000 -2.702904 0.107865
v 0.000000 -2.647097 0.056591
v 0.000000 -2.551705 0.029879
v -0.000000 -2.741877 -0.134760
v 0.000000 -2.760337 -0.100982
v -0.000000 -2.742188 -0.070709
v 0.000000 -2.670775 -0.047779
v 0.000000 -2.564855 -0.033339
v -0.000000 -2.739615 0.191187
v 0.000000 -2.436660 -0.006055
v 0.000000 -2.433079 0.051970
v 0.000000 -2.280499 0.056131
v 0.000000 -2.292224 0.110179
v 0.000000 -2.135731 0.137945
v 0.000000 -2.157130 0.190955
v 0.000000 -2.002356 0.233463
v 0.000000 -2.027840 0.288722
v 0.000000 -1.847666 0.344974
v 0.000000 -1.879614 0.408163
v -0.000000 -1.674127 0.457556
v 0.000000 -1.709181 0.530520
v 0.000000 -1.488268 0.559534
v 0.000000 -1.526217 0.642933
v 0.000000 -1.333435 0.754148
v -0.000000 -1.287971 0.644312
v -0.000000 -0.871647 1.009618
v 0.000000 -0.789892 0.782571
v -0.000000 -1.119167 0.877894
v -0.000000 -1.058529 0.720662
v -0.000000 -0.610149 0.804239
v 0.000000 -0.640021 1.141458
v -0.000000 -0.527131 0.796271
v 0.000000 -0.593585 1.093261
v 0.000000 -0.462234 0.780656
v 0.000000 -0.516922 1.027891
v 0.000000 -0.395727 0.750272
v 0.000000 -0.448548 1.024935
v -0.000000 -0.348539 0.702644
v 0.000000 -0.404096 1.050215
v 0.034220 -2.868857 -0.114820
v 0.029749 -2.862121 -0.152194
v 0.018505 -1.430693 0.696723
v 0.014458 -2.093346 0.236091
v 0.034296 -0.425880 0.770072
v 0.028845 -2.848619 -0.195653
v 0.036360 -0.477398 1.018793
v 0.028195 -2.825021 -0.224094
v 0.020895 -1.229872 0.812552
v 0.014458 -2.070939 0.183619
v 0.028195 -2.802410 -0.228050
v 0.021857 -1.179186 0.683771
v 0.032524 -0.371913 0.731928
v 0.029310 -2.772599 -0.216339
v 0.032922 -0.425229 1.031988
v 0.050513 -2.744220 -0.210791
v 0.014937 -1.928605 0.288674
v 0.033485 -0.327512 0.678101
v 0.032523 -0.376804 1.066535
v 0.000000 -2.750241 -0.220029
v 0.019604 -1.390343 0.605255
v 0.014937 -1.956848 0.345880
v 0.034967 -0.763031 1.062774
v 0.015607 -2.505632 -0.023215
v 0.023356 -2.683658 0.082249
v 0.028231 -2.712531 0.131139
v 0.024998 -0.997566 0.942337
v 0.028845 -2.725559 -0.152333
v 0.017953 -2.601570 0.035160
v 0.038829 -0.676843 0.801762
v 0.016277 -1.762733 0.402820
v 0.015607 -2.496823 0.035804
v 0.016277 -1.796127 0.469786
v 0.025959 -0.927798 0.757507
v 0.014937 -2.360489 0.021469
v 0.014937 -2.363898 0.075953
v 0.018043 -1.583303 0.511114
v 0.028845 -2.756094 -0.118365
v 0.045280 -0.547788 0.803178
v 0.028195 -2.747220 0.182504
v 0.028845 -2.765360 0.133980
v 0.017815 -1.618507 0.587009
v 0.028232 -2.757362 -0.084747
v 0.042031 -0.619686 1.127305
v 0.028195 -2.721236 0.177506
v 0.028845 -2.733052 0.189588
v 0.014362 -2.204284 0.096713
v 0.023358 -2.714499 -0.057291
v 0.014362 -2.222326 0.148829
v 0.041830 -0.499451 0.793119
v 0.017953 -2.618775 -0.038852
v 0.043375 -0.557614 1.048766
v 0.028845 -2.786122 0.078100
v 0.004735 -2.856818 -0.062096
v 0.050200 -2.795303 0.048089
v 0.042183 -2.606237 0.016263
v 0.052210 -2.690938 0.039982
v 0.060134 -2.736990 0.038355
v 0.058945 -2.721561 0.033045
v 0.060199 -2.793756 -0.021079
v 0.037389 -2.499576 0.020735
v 0.036019 -2.363486 0.062042
v 0.034845 -2.217857 0.135522
v 0.035041 -2.087762 0.222694
v 0.036019 -1.949591 0.331274
v 0.038759 -1.787876 0.452688
v 0.042019 -1.609369 0.567631
v 0.043883 -1.420159 0.673370
v 0.048697 -1.217056 0.779672
v 0.078965 -0.740838 0.994839
v 0.057081 -0.979799 0.894907
v 0.093081 -0.600394 1.044228
v 0.093162 -0.542592 0.987359
v 0.078062 -0.464248 0.956319
v 0.072400 -0.411617 0.955377
v 0.071433 -0.363373 0.975150
v -0.000000 -2.801251 0.048347
v 0.029749 -2.817947 0.014936
v 0.075474 -0.375994 0.876536
v 0.076769 -0.422138 0.887791
v 0.088757 -0.489561 0.908534
v 0.099382 -0.559555 0.947951
v 0.097758 -0.599323 0.969285
v 0.055062 -1.089027 0.799235
v 0.072645 -0.830744 0.895032
v 0.049902 -1.310599 0.699230
v 0.046305 -1.506789 0.601234
v 0.043670 -1.691825 0.494038
v 0.040192 -1.863832 0.376569
v 0.038368 -2.015114 0.261092
v 0.037769 -2.146631 0.164450
v 0.038343 -2.286770 0.083155
v 0.039567 -2.435644 0.022957
v 0.060198 -2.761557 0.011013
v 0.060090 -2.736034 0.006824
v 0.042152 -2.558871 -0.001730
v 0.050007 -2.658944 0.004004
v 0.057830 -2.717975 0.008806
v 0.058979 -2.798362 0.014027
v 0.070458 -0.300087 1.041407
v 0.065127 -0.323467 0.946843
v 0.058199 -0.338722 1.066231
v 0.058102 -0.281424 1.112999
v 0.070027 -0.261783 1.078884
v 0.064090 -0.274320 1.020270
v 0.063457 -0.245611 1.046249
v 0.069404 -0.233637 1.066753
v 0.057943 -0.249192 1.106845
v 0.056652 -0.222313 1.070520
v 0.057219 -0.213600 1.051966
v 0.060836 -0.221358 1.045012
v 0.032519 -0.307692 1.116004
v 0.032500 -0.265418 1.135950
v 0.032473 -0.236071 1.096187
v 0.032173 -0.213279 1.060887
v 0.000000 -0.222736 1.076570
v 0.000000 -0.250665 1.121996
v 0.000000 -0.283244 1.136183
v 0.000000 -0.342392 1.095072
v 0.036931 -0.232195 1.037495
v 0.037527 -0.258547 1.021818
v 0.037939 -0.292912 0.966990
v 0.038698 -0.335113 0.875481
v 0.000000 -0.319705 0.921063
v 0.000000 -0.272753 0.997112
v 0.000000 -0.244957 1.031123
v 0.034372 -0.213979 1.043103
v 0.000000 -0.210471 1.049893
v 0.000000 -0.221636 1.039166
v 0.066171 -0.319544 0.806169
v 0.075580 -0.293628 0.716491
v 0.062400 -0.309823 0.678492
v 0.065412 -0.280524 0.749030
v 0.064315 -0.273693 0.699665
v 0.065280 -0.279988 0.659093
v 0.037331 -0.291388 0.635921
v 0.000000 -0.307537 0.647661
v 0.037429 -0.273187 0.661993
v 0.000000 -0.279746 0.636996
v 0.038249 -0.295774 0.797854
v 0.000000 -0.320677 0.835980
v 0.037429 -0.273356 0.737137
v 0.000000 -0.279859 0.771387
v -0.000000 -0.270770 0.698162
v 0.034220 -2.854298 -0.053454
v 0.004735 -2.867633 -0.107735
v 0.009504 -2.865537 -0.087099
v 0.012245 -2.867010 -0.129034
v 0.012245 -2.840334 -0.026396
v 0.000000 -2.837362 -0.020448
v 0.000000 -2.867731 -0.122083
v 0.057015 -2.874696 -0.088384
v 0.035313 -2.878613 -0.106038
v 0.035313 -2.870779 -0.070730
v 0.013612 -2.874695 -0.088384
v 0.018052 -2.865003 -0.072499
v 0.018052 -2.871566 -0.102371
v 0.051963 -2.870908 -0.102243
v 0.051963 -2.864343 -0.072356
v 0.043628 -2.924466 -0.081527
v 0.039181 -2.925580 -0.087081
v 0.039181 -2.923351 -0.075973
v 0.034733 -2.924465 -0.081527
v 0.044939 -2.912779 -0.078616
v 0.022112 -2.883381 -0.078433
v 0.044939 -2.915572 -0.092653
v 0.022112 -2.888229 -0.100881
v 0.049519 -2.883382 -0.078433
v 0.031179 -2.912779 -0.078616
v 0.049519 -2.888229 -0.100881
v 0.031179 -2.915572 -0.092653
v 0.036752 -2.902646 -0.101971
v 0.022235 -2.900052 -0.089256
v 0.051269 -2.900052 -0.089256
v 0.036752 -2.897459 -0.076542
v 0.050430 -2.713843 -0.175306
v 0.000000 -2.706711 -0.167035
v 0.025659 -2.696721 -0.226795
v 0.045030 -2.687026 -0.214715
v 0.055078 -2.684264 -0.197205
v -0.000000 -2.678573 -0.191110
v 0.046653 -2.706171 -0.223322
v 0.000000 -2.711030 -0.229759
v -0.000000 -2.683520 -0.216710
v 0.027453 -2.674462 -0.204447
v 0.030604 -2.693179 -0.179304
v 0.046983 -2.663002 -0.174270
v 0.035714 -2.662966 -0.174289
v 0.040868 -2.660273 -0.176742
v 0.041829 -2.665695 -0.171817
v 0.032275 -2.671715 -0.177348
v 0.050528 -2.683718 -0.185560
v 0.047438 -2.672915 -0.195686
v 0.016689 -2.672361 -0.195438
v 0.017520 -2.683139 -0.185096
v 0.048908 -2.671761 -0.177323
v 0.047188 -2.665206 -0.183275
v 0.031673 -2.665165 -0.183297
v 0.021150 -2.674269 -0.186767
v 0.036363 -2.668504 -0.192016
v 0.053633 -2.674346 -0.186726
v 0.038419 -2.680110 -0.181477
v 0.079720 -0.567893 0.829486
v 0.068726 -0.689719 1.079463
v 0.000000 -0.561765 0.801759
v 0.000000 -0.697176 1.105153
v 0.092263 -0.652843 0.952241
v 0.093912 -0.599501 0.886483
v 0.039899 -0.660543 1.126487
v 0.044423 -0.579834 0.806665
v 0.089388 -0.638997 1.042991
v -0.049306 -2.753227 0.161209
v -0.049306 -2.726887 0.178564
v -0.049501 -2.720193 0.156660
v -0.058945 -2.753081 0.132717
v -0.050166 -2.770907 0.105411
v -0.054888 -2.709092 0.064302
v -0.051256 -2.831063 -0.022259
v -0.058936 -2.857212 -0.085431
v -0.051256 -2.858095 -0.128904
v -0.050200 -2.847517 -0.174580
v -0.049306 -2.830539 -0.213572
v -0.048447 -2.813730 -0.225700
v -0.049771 -2.796628 -0.219433
v -0.028306 -2.727577 -0.224923
v -0.046431 -2.706555 0.099892
v -0.037156 -2.649668 0.047921
v -0.030231 -2.553245 0.024611
v -0.050166 -2.750448 -0.141112
v -0.050361 -2.769121 -0.103208
v -0.046451 -2.744594 -0.066281
v -0.037158 -2.669457 -0.039291
v -0.042183 -2.614657 -0.019956
v -0.052229 -2.704414 -0.020678
v -0.058475 -2.721788 0.095032
v -0.060151 -2.740951 0.071313
v -0.054968 -2.734333 -0.042913
v -0.060154 -2.755424 -0.019991
v -0.060155 -2.781988 -0.048974
v -0.058497 -2.765086 -0.065318
v -0.059349 -2.788767 -0.090087
v -0.058945 -2.782177 -0.129895
v -0.058364 -2.750376 -0.177322
v -0.058979 -2.834015 -0.146659
v -0.059827 -2.795676 -0.167928
v -0.058364 -2.816532 -0.199046
v -0.058988 -2.720793 0.059990
v -0.059022 -2.734738 -0.019253
v -0.059070 -2.748082 -0.041565
v -0.030231 -2.564202 -0.028071
v -0.049306 -2.741568 0.181446
v -0.059348 -2.729146 0.129843
v -0.058945 -2.770705 0.075906
v -0.059550 -2.829267 -0.055441
v -0.059550 -2.840109 -0.102783
v -0.060199 -2.811970 -0.076465
v -0.060199 -2.766974 0.044181
v -0.060199 -2.747503 0.102634
v -0.058945 -2.736857 0.159727
v -0.060199 -2.813540 -0.116393
v -0.037389 -2.503887 -0.008147
v -0.036019 -2.361818 0.035380
v -0.028077 -2.436942 -0.001219
v -0.028077 -2.433958 0.047134
v -0.034845 -2.209028 0.110019
v -0.027057 -2.281783 0.060635
v -0.027057 -2.291553 0.105675
v -0.035041 -2.076797 0.197016
v -0.026578 -2.137664 0.142363
v -0.026578 -2.155497 0.186537
v -0.036019 -1.935770 0.303279
v -0.027078 -2.004492 0.238068
v -0.027078 -2.025728 0.284117
v -0.038759 -1.771534 0.419917
v -0.028597 -1.850472 0.350240
v -0.028597 -1.877096 0.402897
v -0.042248 -1.592120 0.530491
v -0.031517 -1.677174 0.463636
v -0.031475 -1.706390 0.524440
v -0.044982 -1.400327 0.628609
v -0.034187 -1.491034 0.566484
v -0.033196 -1.522770 0.635983
v -0.035827 -1.329624 0.744995
v -0.049658 -1.192231 0.716651
v -0.037551 -1.291626 0.653465
v -0.053930 -0.864832 0.990432
v -0.082827 -0.698661 0.867109
v -0.057353 -0.796703 0.801226
v -0.040515 -1.114250 0.864781
v -0.058042 -0.945657 0.804459
v -0.041464 -1.063714 0.733754
v -0.096330 -0.565210 0.885613
v -0.075254 -0.617196 0.828701
v -0.073419 -0.633107 1.112568
v -0.091616 -0.514129 0.862256
v -0.078538 -0.532468 0.821816
v -0.077344 -0.587847 1.069308
v -0.075998 -0.439038 0.834605
v -0.067736 -0.466787 0.802324
v -0.071241 -0.512361 1.008353
v -0.072002 -0.385526 0.808539
v -0.058624 -0.400129 0.773208
v -0.060374 -0.444146 1.002093
v -0.072416 -0.339304 0.771397
v -0.058380 -0.353141 0.731351
v -0.058277 -0.399434 1.021600
v -0.057145 -2.709495 -0.203119
v -0.034220 -2.868856 -0.114820
v -0.029749 -2.862121 -0.152194
v -0.018505 -1.430693 0.696723
v -0.014458 -2.093346 0.236091
v -0.034296 -0.425880 0.770072
v -0.028845 -2.848619 -0.195653
v -0.036360 -0.477398 1.018793
v -0.028195 -2.825021 -0.224094
v -0.020895 -1.229872 0.812552
v -0.014458 -2.070939 0.183619
v -0.028195 -2.802410 -0.228050
v -0.021857 -1.179186 0.683771
v -0.032524 -0.371913 0.731928
v -0.029310 -2.772599 -0.216339
v -0.032922 -0.425229 1.031987
v -0.050513 -2.744220 -0.210791
v -0.014937 -1.928605 0.288674
v -0.033485 -0.327512 0.678101
v -0.032523 -0.376804 1.066535
v -0.019604 -1.390343 0.605255
v -0.014937 -1.956848 0.345880
v -0.034967 -0.763031 1.062774
v -0.015607 -2.505632 -0.023215
v -0.023356 -2.683658 0.082249
v -0.028231 -2.712531 0.131139
v -0.024998 -0.997566 0.942337
v -0.028845 -2.725559 -0.152333
v -0.017953 -2.601570 0.035160
v -0.038829 -0.676843 0.801762
v -0.016277 -1.762733 0.402820
v -0.015607 -2.496823 0.035804
v -0.016277 -1.796127 0.469786
v -0.025959 -0.927798 0.757508
v -0.014937 -2.360489 0.021469
v -0.014937 -2.363898 0.075953
v -0.018043 -1.583303 0.511114
v -0.028845 -2.756094 -0.118365
v -0.045280 -0.547788 0.803178
v -0.028195 -2.747220 0.182504
v -0.028845 -2.765359 0.133980
v -0.017815 -1.618506 0.587009
v -0.028232 -2.757362 -0.084747
v -0.042031 -0.619686 1.127305
v -0.028195 -2.721236 0.177506
v -0.028845 -2.733052 0.189588
v -0.014362 -2.204284 0.096713
v -0.023358 -2.714499 -0.057291
v -0.014362 -2.222326 0.148829
v -0.041830 -0.499451 0.793119
v -0.017953 -2.618775 -0.038852
v -0.043375 -0.557614 1.048766
v -0.028845 -2.786122 0.078100
v -0.004735 -2.856818 -0.062096
v -0.050200 -2.795303 0.048089
v -0.042183 -2.606237 0.016263
v -0.052210 -2.690938 0.039982
v -0.060134 -2.736990 0.038355
v -0.058945 -2.721561 0.033045
v -0.060199 -2.793755 -0.021079
v -0.037389 -2.499576 0.020735
v -0.036019 -2.363485 0.062042
v -0.034845 -2.217857 0.135522
v -0.035041 -2.087762 0.222694
v -0.036019 -1.949591 0.331274
v -0.038759 -1.787876 0.452688
v -0.042019 -1.609369 0.567631
v -0.043883 -1.420159 0.673370
v -0.048697 -1.217056 0.779672
v -0.078965 -0.740838 0.994838
v -0.057081 -0.979799 0.894907
v -0.093081 -0.600394 1.044228
v -0.093162 -0.542592 0.987359
v -0.078062 -0.464248 0.956319
v -0.072400 -0.411617 0.955377
v -0.071433 -0.363373 0.975150
v -0.029749 -2.817946 0.014936
v -0.075474 -0.375994 0.876536
v -0.076769 -0.422138 0.887791
v -0.088757 -0.489561 0.908534
v -0.099382 -0.559555 0.947951
v -0.097758 -0.599323 0.969285
v -0.055062 -1.089027 0.799235
v -0.072645 -0.830744 0.895032
v -0.049902 -1.310599 0.699230
v -0.046305 -1.506789 0.601234
v -0.043670 -1.691825 0.494038
v -0.040192 -1.863832 0.376569
v -0.038368 -2.015114 0.261092
v -0.037769 -2.146631 0.164450
v -0.038343 -2.286770 0.083155
v -0.039567 -2.435644 0.022957
v -0.060198 -2.761557 0.011013
v -0.060090 -2.736034 0.006824
v -0.042152 -2.558871 -0.001730
v -0.050007 -2.658943 0.004004
v -0.057830 -2.717975 0.008806
v -0.058979 -2.798362 0.014027
v -0.070458 -0.300087 1.041407
v -0.065127 -0.323467 0.946843
v -0.058199 -0.338722 1.066231
v -0.058102 -0.281424 1.112999
v -0.070027 -0.261783 1.078884
v -0.064090 -0.274320 1.020270
v -0.063457 -0.245611 1.046249
v -0.069404 -0.233637 1.066753
v -0.057943 -0.249192 1.106845
v -0.056652 -0.222313 1.070520
v -0.057219 -0.213600 1.051966
v -0.060836 -0.221358 1.045012
v -0.032519 -0.307692 1.116004
v -0.032500 -0.265418 1.135950
v -0.032473 -0.236071 1.096187
v -0.032173 -0.213279 1.060887
v -0.036931 -0.232195 1.037495
v -0.037527 -0.258547 1.021818
v -0.037939 -0.292912 0.966990
v -0.038698 -0.335114 0.875481
v -0.034372 -0.213979 1.043103
v -0.066171 -0.319544 0.806169
v -0.075580 -0.293628 0.716491
v -0.062400 -0.309823 0.678492
v -0.065412 -0.280524 0.749030
v -0.064315 -0.273693 0.699665
v -0.065280 -0.279988 0.659093
v -0.037331 -0.291388 0.635921
v -0.037429 -0.273187 0.661993
v -0.038249 -0.295774 0.797854
v -0.037429 -0.273356 0.737137
v -0.034220 -2.854298 -0.053454
v -0.004735 -2.867633 -0.107735
v -0.009504 -2.865537 -0.087099
v -0.012245 -2.867010 -0.129034
v -0.012245 -2.840334 -0.026396
v -0.057015 -2.874696 -0.088384
v -0.035313 -2.878613 -0.106038
v -0.035313 -2.870779 -0.070730
v -0.013612 -2.874695 -0.088384
v -0.018052 -2.865003 -0.072499
v -0.018052 -2.871566 -0.102371
v -0.051963 -2.870908 -0.102243
v -0.051963 -2.864343 -0.072356
v -0.043628 -2.924466 -0.081527
v -0.039181 -2.925580 -0.087081
v -0.039181 -2.923351 -0.075973
v -0.034733 -2.924465 -0.081527
v -0.044939 -2.912779 -0.078616
v -0.022112 -2.883382 -0.078433
v -0.044939 -2.915572 -0.092653
v -0.022112 -2.888229 -0.100881
v -0.049519 -2.883382 -0.078433
v -0.031179 -2.912779 -0.078616
v -0.049519 -2.888229 -0.100881
v -0.031179 -2.915572 -0.092653
v -0.036752 -2.902646 -0.101971
v -0.022235 -2.900052 -0.089256
v -0.051269 -2.900052 -0.089256
v -0.036752 -2.897458 -0.076542
v -0.050430 -2.713843 -0.175306
v -0.025659 -2.696721 -0.226795
v -0.045030 -2.687026 -0.214715
v -0.055078 -2.684264 -0.197205
v -0.046653 -2.706171 -0.223322
v -0.027453 -2.674462 -0.204447
v -0.030604 -2.693179 -0.179304
v -0.046983 -2.663002 -0.174270
v -0.035714 -2.662967 -0.174289
v -0.040868 -2.660273 -0.176742
v -0.041829 -2.665696 -0.171817
v -0.032275 -2.671715 -0.177348
v -0.050528 -2.683718 -0.185560
v -0.047438 -2.672915 -0.195686
v -0.016689 -2.672361 -0.195438
v -0.017520 -2.683139 -0.185096
v -0.048908 -2.671761 -0.177323
v -0.047188 -2.665206 -0.183275
v -0.031673 -2.665165 -0.183297
v -0.021150 -2.674269 -0.186767
v -0.036363 -2.668504 -0.192016
v -0.053633 -2.674346 -0.186726
v -0.038419 -2.680110 -0.181477
v -0.079720 -0.567893 0.829486
v -0.068726 -0.689719 1.079463
v -0.092263 -0.652843 0.952241
v -0.093912 -0.599501 0.886483
v -0.039898 -0.660543 1.126487
v -0.044423 -0.579834 0.806665
v -0.089388 -0.638997 1.042991
v 0.057791 2.727388 0.158230
v 0.058945 2.760960 0.104231
v 0.059113 2.814929 -0.021758
v 0.059970 2.837099 -0.081415
v 0.059113 2.838966 -0.123545
v 0.058856 2.825181 -0.173396
v 0.056645 2.814138 -0.216416
v 0.058852 2.768942 -0.154124
v 0.056116 2.747846 -0.056784
v 0.056582 2.711677 0.038318
v 0.046896 2.664695 -0.020589
v 0.056056 2.713304 0.082798
v 0.059947 2.743397 -0.019643
v 0.059951 2.787029 -0.071321
v 0.060193 2.772838 -0.020463
v 0.059949 2.733746 0.100484
v 0.057737 2.746277 0.160813
v 0.058999 2.788211 -0.108952
v 0.016439 2.552008 0.029221
v 0.015200 2.436840 -0.005450
v 0.036557 2.436478 0.009056
v 0.035359 2.283948 0.070206
v 0.034796 2.141497 0.151750
v 0.035383 2.009008 0.247853
v 0.037169 1.856171 0.361430
v 0.040589 1.683419 0.476557
v 0.043495 1.497668 0.581253
v 0.052056 1.074492 0.761576
v 0.047269 1.299667 0.672915
v 0.091370 0.618513 1.051324
v 0.094724 0.575702 1.018209
v 0.073773 0.434793 0.953543
v 0.071939 0.389486 0.960457
v 0.003200 2.867460 -0.124424
v 0.020745 1.288391 0.645457
v 0.014338 2.136010 0.138497
v 0.040298 0.516352 1.025449
v 0.028919 2.856740 -0.174762
v 0.086115 0.502668 0.966569
v 0.028683 2.837266 -0.212676
v 0.014626 2.027579 0.288146
v 0.028520 2.813591 -0.229197
v 0.046084 1.321538 0.725545
v 0.035383 2.021219 0.274332
v 0.032747 0.396278 0.753139
v 0.028799 2.789882 -0.221832
v 0.033950 0.447998 1.022079
v 0.057756 2.728834 -0.192706
v 0.028894 2.749635 -0.218867
v 0.032643 0.349112 0.706233
v 0.032226 0.790745 0.784903
v 0.015200 2.433334 0.051365
v 0.032573 0.403513 1.046638
v 0.025995 2.703385 0.106883
v 0.015499 1.879335 0.407505
v 0.020351 2.670725 -0.046753
v 0.037169 1.871480 0.391708
v 0.067769 0.850340 0.949727
v 0.016439 2.564884 -0.032680
v 0.022951 1.059210 0.722298
v 0.036557 2.434761 0.036859
v 0.017152 1.708865 0.529760
v 0.040560 1.700220 0.511519
v 0.051403 1.103551 0.836917
v 0.014614 2.292217 0.109616
v 0.035359 2.289566 0.096104
v 0.028845 2.742948 -0.135554
v 0.045249 0.562531 0.805225
v 0.028683 2.755863 0.162070
v 0.028812 2.761412 -0.101216
v 0.038206 0.696244 1.101941
v 0.028683 2.726559 0.186813
v 0.025997 2.742530 -0.070147
v 0.028649 2.717309 0.157272
v 0.018088 1.525719 0.642064
v 0.046893 2.653496 0.028729
v 0.044286 0.527798 0.799464
v 0.042814 1.515938 0.621215
v 0.039089 2.555702 0.013416
v 0.043465 0.592868 1.090267
v 0.028845 2.775002 0.105896
v 0.034796 2.151751 0.177150
v 0.028683 2.739840 0.189962
v 0.003200 2.844570 -0.034796
v 0.004866 2.864577 -0.086924
v 0.028919 2.800333 0.048642
v 0.072010 0.362882 0.792627
v 0.072570 0.409483 0.821933
v 0.037888 0.462803 0.783365
v 0.095544 0.543860 0.875901
v 0.095702 0.581015 0.888552
v 0.022299 1.118587 0.876255
v 0.029873 0.870797 1.007220
v 0.019560 1.332957 0.753004
v 0.018769 1.488510 0.560403
v 0.017180 1.674539 0.458316
v 0.015499 1.848053 0.345632
v 0.014626 2.002626 0.234038
v 0.014338 2.156964 0.190403
v 0.014614 2.280736 0.056694
v 0.039089 2.562003 -0.016876
v 0.060191 2.750499 0.041695
v 0.059889 2.728277 0.034166
v 0.020350 2.647516 0.055552
v 0.056639 2.725104 -0.019896
v 0.058949 2.783258 0.046428
v 0.067340 0.221552 1.057606
v 0.069805 0.247299 1.076543
v 0.070260 0.277840 1.066631
v 0.032522 0.341934 1.091467
v 0.032490 0.250328 1.120102
v 0.032320 0.222606 1.075848
v 0.033540 0.210708 1.050012
v 0.036001 0.221431 1.039759
v 0.037315 0.244987 1.033007
v 0.037750 0.272892 1.000000
v 0.073725 0.314742 0.741118
v 0.038180 0.319938 0.923752
v 0.032510 0.283010 1.133285
v 0.035408 0.307780 0.651515
v 0.074918 0.280229 0.703952
v 0.038318 0.320511 0.832319
v 0.037957 0.279760 0.639734
v 0.038071 0.280141 0.768527
v 0.037861 0.271208 0.698366
v 0.011937 2.868490 -0.087599
v 0.032283 2.865771 -0.131156
v 0.032283 2.837476 -0.022312
v 0.038078 2.912429 -0.075955
v 0.035014 2.872533 -0.107730
v 0.035014 2.863515 -0.066824
v 0.058091 2.867516 -0.087404
v 0.039580 2.927994 -0.079996
v 0.047449 2.914341 -0.085562
v 0.028706 2.914341 -0.085562
v 0.038078 2.916254 -0.095169
v 0.035816 2.889138 -0.105090
v 0.016974 2.885805 -0.089657
v 0.054658 2.885805 -0.089657
v 0.035816 2.882472 -0.074223
v 0.029040 2.707792 -0.167854
v 0.054466 2.695518 -0.210555
v 0.027099 2.710458 -0.228941
v 0.025824 2.683996 -0.216628
v 0.040826 2.672859 -0.176130
v 0.041759 2.661004 -0.172099
v 0.050999 2.668399 -0.180192
v 0.039235 2.663878 -0.184286
v 0.029061 2.668339 -0.180224
v 0.011671 2.677506 -0.190241
v 0.032002 2.670819 -0.197411
v 0.054640 2.678258 -0.190889
v 0.034594 2.685418 -0.183240
v 0.070122 0.811166 0.840934
v 0.083705 0.476463 0.848102
v 0.070703 0.331283 1.007592
v 0.090399 0.632223 0.880838
v 0.040917 0.639156 1.137846
v 0.042694 0.611030 0.807297
v 0.085911 0.673924 1.025025
v -0.057791 2.727388 0.158230
v -0.058945 2.760960 0.104231
v -0.059113 2.814929 -0.021758
v -0.059970 2.837099 -0.081415
v -0.059113 2.838966 -0.123545
v -0.058856 2.825181 -0.173396
v -0.056645 2.814138 -0.216416
v -0.058852 2.768942 -0.154124
v -0.056116 2.747846 -0.056784
v -0.056582 2.711676 0.038318
v -0.046896 2.664695 -0.020589
v -0.056056 2.713305 0.082798
v -0.059947 2.743397 -0.019643
v -0.059951 2.787029 -0.071321
v -0.060193 2.772838 -0.020463
v -0.059949 2.733746 0.100484
v -0.057737 2.746277 0.160813
v -0.058999 2.788211 -0.108952
v -0.016439 2.552008 0.029221
v -0.015200 2.436840 -0.005450
v -0.036557 2.436478 0.009056
v -0.035359 2.283948 0.070206
v -0.034796 2.141497 0.151750
v -0.035383 2.009008 0.247853
v -0.037169 1.856171 0.361430
v -0.040589 1.683419 0.476557
v -0.043495 1.497668 0.581253
v -0.052056 1.074492 0.761576
v -0.047269 1.299667 0.672915
v -0.091370 0.618513 1.051324
v -0.094724 0.575702 1.018209
v -0.073773 0.434793 0.953543
v -0.071939 0.389486 0.960457
v -0.003200 2.867460 -0.124424
v -0.020745 1.288391 0.645457
v -0.014338 2.136010 0.138497
v -0.040298 0.516352 1.025449
v -0.028919 2.856740 -0.174762
v -0.086115 0.502668 0.966569
v -0.028683 2.837266 -0.212676
v -0.014626 2.027579 0.288146
v -0.028520 2.813591 -0.229197
v -0.046084 1.321537 0.725545
v -0.035383 2.021219 0.274332
v -0.032747 0.396278 0.753139
v -0.028799 2.789882 -0.221832
v -0.033950 0.447998 1.022079
v -0.057756 2.728835 -0.192706
v -0.028894 2.749635 -0.218867
v -0.032643 0.349112 0.706233
v -0.032226 0.790745 0.784903
v -0.015200 2.433333 0.051365
v -0.032573 0.403513 1.046638
v -0.025995 2.703385 0.106883
v -0.015499 1.879335 0.407505
v -0.020351 2.670725 -0.046753
v -0.037169 1.871480 0.391708
v -0.067769 0.850340 0.949727
v -0.016439 2.564884 -0.032680
v -0.022951 1.059210 0.722298
v -0.036557 2.434762 0.036859
v -0.017152 1.708865 0.529760
v -0.040560 1.700220 0.511519
v -0.051403 1.103551 0.836917
v -0.014614 2.292217 0.109616
v -0.035359 2.289566 0.096104
v -0.028845 2.742948 -0.135554
v -0.045249 0.562531 0.805224
v -0.028683 2.755863 0.162070
v -0.028812 2.761412 -0.101216
v -0.038206 0.696244 1.101941
v -0.028683 2.726559 0.186812
v -0.025997 2.742529 -0.070147
v -0.028649 2.717309 0.157272
v -0.018088 1.525719 0.642064
v -0.046893 2.653496 0.028729
v -0.044286 0.527798 0.799464
v -0.042814 1.515938 0.621215
v -0.039089 2.555702 0.013416
v -0.043465 0.592868 1.090267
v -0.028845 2.775002 0.105896
v -0.034796 2.151751 0.177150
v -0.028683 2.739840 0.189962
v -0.003200 2.844569 -0.034796
v -0.004866 2.864577 -0.086924
v -0.028919 2.800333 0.048642
v -0.072010 0.362882 0.792627
v -0.072570 0.409483 0.821934
v -0.037888 0.462803 0.783365
v -0.095544 0.543860 0.875901
v -0.095702 0.581015 0.888552
v -0.022299 1.118587 0.876255
v -0.029873 0.870797 1.007220
v -0.019560 1.332957 0.753004
v -0.018769 1.488510 0.560403
v -0.017180 1.674539 0.458316
v -0.015499 1.848053 0.345633
v -0.014626 2.002626 0.234038
v -0.014338 2.156964 0.190403
v -0.014614 2.280736 0.056694
v -0.039089 2.562003 -0.016876
v -0.060191 2.750499 0.041695
v -0.059889 2.728277 0.034166
v -0.020350 2.647516 0.055552
v -0.056639 2.725104 -0.019896
v -0.058949 2.783258 0.046428
v -0.067340 0.221553 1.057606
v -0.069805 0.247299 1.076543
v -0.070260 0.277840 1.066631
v -0.032522 0.341934 1.091467
v -0.032490 0.250328 1.120102
v -0.032320 0.222606 1.075848
v -0.033540 0.210708 1.050012
v -0.036001 0.221431 1.039759
v -0.037315 0.244987 1.033007
v -0.037750 0.272892 1.000000
v -0.073725 0.314742 0.741118
v -0.038180 0.319938 0.923752
v -0.032510 0.283010 1.133285
v -0.035408 0.307780 0.651515
v -0.074918 0.280229 0.703952
v -0.038318 0.320511 0.832319
v -0.037957 0.279760 0.639734
v -0.038071 0.280141 0.768527
v -0.037861 0.271208 0.698366
v -0.011937 2.868490 -0.087599
v -0.032283 2.865771 -0.131156
v -0.032283 2.837476 -0.022312
v -0.038078 2.912429 -0.075955
v -0.035014 2.872533 -0.107730
v -0.035014 2.863515 -0.066824
v -0.058091 2.867516 -0.087404
v -0.039580 2.927994 -0.079996
v -0.047449 2.914341 -0.085562
v -0.028706 2.914341 -0.085562
v -0.038078 2.916254 -0.095169
v -0.035816 2.889138 -0.105090
v -0.016974 2.885805 -0.089657
v -0.054658 2.885805 -0.089657
v -0.035816 2.882473 -0.074223
v -0.029040 2.707792 -0.167854
v -0.054466 2.695518 -0.210555
v -0.027099 2.710458 -0.228941
v -0.025824 2.683996 -0.216628
v -0.040826 2.672859 -0.176130
v -0.041759 2.661004 -0.172099
v -0.050999 2.668399 -0.180192
v -0.039235 2.663878 -0.184286
v -0.029061 2.668339 -0.180224
v -0.011671 2.677506 -0.190241
v -0.032002 2.670819 -0.197411
v -0.054640 2.678257 -0.190889
v -0.034594 2.685418 -0.183240
v -0.070122 0.811166 0.840934
v -0.083705 0.476463 0.848102
v -0.070703 0.331283 1.007592
v -0.090399 0.632223 0.880838
v -0.040917 0.639156 1.137846
v -0.042694 0.611030 0.807297
v -0.085911 0.673924 1.025025
v 0.057791 -2.727388 0.158230
v 0.058945 -2.760960 0.104231
v 0.059113 -2.814929 -0.021758
v 0.059970 -2.837099 -0.081415
v 0.059113 -2.838966 -0.123545
v 0.058856 -2.825181 -0.173396
v 0.056645 -2.814138 -0.216416
v 0.058852 -2.768942 -0.154124
v 0.056116 -2.747846 -0.056784
v 0.056582 -2.711676 0.038318
v 0.046896 -2.664695 -0.020589
v 0.056056 -2.713305 0.082798
v 0.059947 -2.743397 -0.019643
v 0.059951 -2.787029 -0.071321
v 0.060193 -2.772838 -0.020463
v 0.059949 -2.733746 0.100484
v 0.057737 -2.746277 0.160813
v 0.058999 -2.788211 -0.108952
v 0.016439 -2.552008 0.029221
v 0.015200 -2.436840 -0.005450
v 0.036557 -2.436478 0.009056
v 0.035359 -2.283948 0.070206
v 0.034796 -2.141497 0.151750
v 0.035383 -2.009008 0.247853
v 0.037169 -1.856171 0.361430
v 0.040589 -1.683419 0.476557
v 0.043495 -1.497668 0.581253
v 0.052056 -1.074492 0.761576
v 0.047269 -1.299667 0.672915
v 0.091370 -0.618513 1.051324
v 0.094724 -0.575702 1.018209
v 0.073773 -0.434793 0.953543
v 0.071939 -0.389486 0.960457
v 0.003200 -2.867460 -0.124424
v 0.020745 -1.288391 0.645457
v 0.014338 -2.136010 0.138497
v 0.040298 -0.516352 1.025449
v 0.028919 -2.856740 -0.174762
v 0.086115 -0.502668 0.966569
v 0.028683 -2.837266 -0.212676
v 0.014626 -2.027579 0.288146
v 0.028520 -2.813591 -0.229197
v 0.046084 -1.321537 0.725545
v 0.035383 -2.021219 0.274332
v 0.032747 -0.396278 0.753139
v 0.028799 -2.789882 -0.221832
v 0.033950 -0.447998 1.022079
v 0.057756 -2.728835 -0.192706
v 0.028894 -2.749635 -0.218867
v 0.032643 -0.349112 0.706233
v 0.032226 -0.790745 0.784903
v 0.015200 -2.433333 0.051365
v 0.032573 -0.403513 1.046638
v 0.025995 -2.703385 0.106883
v 0.015499 -1.879335 0.407505
v 0.020351 -2.670725 -0.046753
v 0.037169 -1.871480 0.391708
v 0.067769 -0.850340 0.949727
v 0.016439 -2.564884 -0.032680
v 0.022951 -1.059210 0.722298
v 0.036557 -2.434762 0.036859
v 0.017152 -1.708865 0.529760
v 0.040560 -1.700220 0.511519
v 0.051403 -1.103551 0.836917
v 0.014614 -2.292217 0.109616
v 0.035359 -2.289566 0.096104
v 0.028845 -2.742948 -0.135554
v 0.045249 -0.562531 0.805224
v 0.028683 -2.755863 0.162070
v 0.028812 -2.761412 -0.101216
v 0.038206 -0.696244 1.101941
v 0.028683 -2.726559 0.186812
v 0.025997 -2.742529 -0.070147
v 0.028649 -2.717309 0.157272
v 0.018088 -1.525719 0.642064
v 0.046893 -2.653496 0.028729
v 0.044286 -0.527798 0.799464
v 0.042814 -1.515938 0.621215
v 0.039089 -2.555702 0.013416
v 0.043465 -0.592868 1.090267
v 0.028845 -2.775002 0.105896
v 0.034796 -2.151751 0.177150
v 0.028683 -2.739840 0.189962
v 0.003200 -2.844570 -0.034796
v 0.004866 -2.864577 -0.086924
v 0.028919 -2.800333 0.048642
v 0.072010 -0.362882 0.792627
v 0.072570 -0.409483 0.821934
v 0.037888 -0.462803 0.783365
v 0.095544 -0.543860 0.875901
v 0.095702 -0.581015 0.888552
v 0.022299 -1.118587 0.876255
v 0.029873 -0.870797 1.007220
v 0.019560 -1.332957 0.753004
v 0.018769 -1.488510 0.560403
v 0.017180 -1.674539 0.458316
v 0.015499 -1.848053 0.345633
v 0.014626 -2.002625 0.234038
v 0.014338 -2.156964 0.190403
v 0.014614 -2.280736 0.056694
v 0.039089 -2.562003 -0.016876
v 0.060191 -2.750499 0.041695
v 0.059889 -2.728277 0.034166
v 0.020350 -2.647516 0.055552
v 0.056639 -2.725104 -0.019896
v 0.058949 -2.783258 0.046428
v 0.067340 -0.221553 1.057606
v 0.069805 -0.247299 1.076543
v 0.070260 -0.277840 1.066631
v 0.032522 -0.341934 1.091467
v 0.032490 -0.250328 1.120102
v 0.032320 -0.222606 1.075848
v 0.033540 -0.210708 1.050012
v 0.036001 -0.221431 1.039759
v 0.037315 -0.244987 1.033007
v 0.037750 -0.272892 1.000000
v 0.073725 -0.314742 0.741118
v 0.038180 -0.319938 0.923752
v 0.032510 -0.283010 1.133285
v 0.035408 -0.307780 0.651515
v 0.074918 -0.280229 0.703952
v 0.038318 -0.320511 0.832319
v 0.037957 -0.279760 0.639734
v 0.038071 -0.280141 0.768527
v 0.037861 -0.271208 0.698366
v 0.011937 -2.868490 -0.087599
v 0.032283 -2.865771 -0.131156
v 0.032283 -2.837476 -0.022312
v 0.038078 -2.912429 -0.075955
v 0.035014 -2.872533 -0.107730
v 0.035014 -2.863515 -0.066824
v 0.058091 -2.867516 -0.087404
v 0.039580 -2.927994 -0.079996
v 0.047449 -2.914341 -0.085562
v 0.028706 -2.914341 -0.085562
v 0.038078 -2.916254 -0.095169
v 0.035816 -2.889138 -0.105090
v 0.016974 -2.885805 -0.089657
v 0.054658 -2.885805 -0.089657
v 0.035816 -2.882473 -0.074223
v 0.029040 -2.707792 -0.167854
v 0.054466 -2.695518 -0.210555
v 0.027099 -2.710458 -0.228941
v 0.025824 -2.683996 -0.216628
v 0.040826 -2.672859 -0.176130
v 0.041759 -2.661004 -0.172099
v 0.050999 -2.668399 -0.180192
v 0.039235 -2.663878 -0.184286
v 0.029061 -2.668339 -0.180224
v 0.011671 -2.677506 -0.190241
v 0.032002 -2.670819 -0.197411
v 0.054640 -2.678257 -0.190889
v 0.034594 -2.685418 -0.183240
v 0.070122 -0.811166 0.840934
v 0.083705 -0.476463 0.848102
v 0.070703 -0.331283 1.007592
v 0.090399 -0.632223 0.880838
v 0.040917 -0.639156 1.137846
v 0.042694 -0.611030 0.807297
v 0.085911 -0.673924 1.025025
v -0.057791 -2.727388 0.158230
v -0.058945 -2.760960 0.104231
v -0.059113 -2.814929 -0.021758
v -0.059970 -2.837099 -0.081415
v -0.059113 -2.838966 -0.123545
v -0.058856 -2.825181 -0.173396
v -0.056645 -2.814138 -0.216416
v -0.058852 -2.768942 -0.154124
v -0.056116 -2.747846 -0.056784
v -0.056582 -2.711677 0.038318
v -0.046896 -2.664695 -0.020589
v -0.056056 -2.713304 0.082798
v -0.059947 -2.743397 -0.019643
v -0.059951 -2.787029 -0.071321
v -0.060193 -2.772838 -0.020463
v -0.059949 -2.733746 0.100484
v -0.057737 -2.746277 0.160813
v -0.058999 -2.788211 -0.108952
v -0.016439 -2.552008 0.029221
v -0.015200 -2.436840 -0.005450
v -0.036557 -2.436478 0.009056
v -0.035359 -2.283948 0.070206
v -0.034796 -2.141497 0.151750
v -0.035383 -2.009008 0.247853
v -0.037169 -1.856171 0.361430
v -0.040589 -1.683419 0.476557
v -0.043495 -1.497668 0.581253
v -0.052056 -1.074492 0.761576
v -0.047269 -1.299667 0.672915
v -0.091370 -0.618513 1.051324
v -0.094724 -0.575702 1.018209
v -0.073773 -0.434793 0.953543
v -0.071939 -0.389486 0.960457
v -0.003200 -2.867460 -0.124424
v -0.020745 -1.288391 0.645457
v -0.014338 -2.136010 0.138497
v -0.040298 -0.516352 1.025449
v -0.028919 -2.856740 -0.174762
v -0.086115 -0.502668 0.966569
v -0.028683 -2.837266 -0.212676
v -0.014626 -2.027579 0.288146
v -0.028520 -2.813591 -0.229197
v -0.046084 -1.321538 0.725545
v -0.035383 -2.021219 0.274332
v -0.032747 -0.396278 0.753139
v -0.028799 -2.789882 -0.221832
v -0.033950 -0.447998 1.022079
v -0.057756 -2.728834 -0.192706
v -0.028894 -2.749635 -0.218867
v -0.032643 -0.349112 0.706233
v -0.032226 -0.790745 0.784903
v -0.015200 -2.433334 0.051365
v -0.032573 -0.403513 1.046638
v -0.025995 -2.703385 0.106883
v -0.015499 -1.879335 0.407505
v -0.020351 -2.670725 -0.046753
v -0.037169 -1.871480 0.391708
v -0.067769 -0.850340 0.949727
v -0.016439 -2.564884 -0.032680
v -0.022951 -1.059210 0.722298
v -0.036557 -2.434761 0.036859
v -0.017152 -1.708865 0.529760
v -0.040560 -1.700220 0.511519
v -0.051403 -1.103551 0.836917
v -0.014614 -2.292217 0.109616
v -0.035359 -2.289566 0.096104
v -0.028845 -2.742948 -0.135554
v -0.045249 -0.562531 0.805225
v -0.028683 -2.755863 0.162070
v -0.028812 -2.761412 -0.101216
v -0.038206 -0.696244 1.101941
v -0.028683 -2.726559 0.186813
v -0.025997 -2.742530 -0.070147
v -0.028649 -2.717309 0.157272
v -0.018088 -1.525719 0.642064
v -0.046893 -2.653496 0.028729
v -0.044286 -0.527798 0.799464
v -0.042814 -1.515938 0.621215
v -0.039089 -2.555702 0.013416
v -0.043465 -0.592868 1.090267
v -0.028845 -2.775002 0.105896
v -0.034796 -2.151751 0.177150
v -0.028683 -2.739840 0.189962
v -0.003200 -2.844570 -0.034796
v -0.004866 -2.864577 -0.086924
v -0.028919 -2.800333 0.048642
v -0.072010 -0.362882 0.792627
v -0.072570 -0.409483 0.821933
v -0.037888 -0.462803 0.783365
v -0.095544 -0.543860 0.875901
v -0.095702 -0.581015 0.888552
v -0.022299 -1.118587 0.876255
v -0.029873 -0.870797 1.007220
v -0.019560 -1.332957 0.753004
v -0.018769 -1.488510 0.560403
v -0.017180 -1.674539 0.458316
v -0.015499 -1.848053 0.345632
v -0.014626 -2.002626 0.234038
v -0.014338 -2.156964 0.190403
v -0.014614 -2.280736 0.056694
v -0.039089 -2.562003 -0.016876
v -0.060191 -2.750499 0.041695
v -0.059889 -2.728277 0.034166
v -0.020350 -2.647516 0.055552
v -0.056639 -2.725104 -0.019896
v -0.058949 -2.783258 0.046428
v -0.067340 -0.221552 1.057606
v -0.069805 -0.247299 1.076543
v -0.070260 -0.277840 1.066631
v -0.032522 -0.341934 1.091467
v -0.032490 -0.250328 1.120102
v -0.032320 -0.222606 1.075848
v -0.033540 -0.210708 1.050012
v -0.036001 -0.221431 1.039759
v -0.037315 -0.244987 1.033007
v -0.037750 -0.272892 1.000000
v -0.073725 -0.314742 0.741118
v -0.038180 -0.319938 0.923752
v -0.032510 -0.283010 1.133285
v -0.035408 -0.307780 0.651515
v -0.074918 -0.280229 0.703952
v -0.038318 -0.320511 0.832319
v -0.037957 -0.279760 0.639734
v -0.038071 -0.280141 0.768527
v -0.037861 -0.271208 0.698366
v -0.011937 -2.868490 -0.087599
v -0.032283 -2.865771 -0.131156
v -0.032283 -2.837476 -0.022312
v -0.038078 -2.912429 -0.075955
v -0.035014 -2.872533 -0.107730
v -0.035014 -2.863515 -0.066824
v -0.058091 -2.867516 -0.087404
v -0.039580 -2.927994 -0.079996
v -0.047449 -2.914341 -0.085562
v -0.028706 -2.914341 -0.085562
v -0.038078 -2.916254 -0.095169
v -0.035816 -2.889138 -0.105090
v -0.016974 -2.885805 -0.089657
v -0.054658 -2.885805 -0.089657
v -0.035816 -2.882472 -0.074223
v -0.029040 -2.707792 -0.167854
v -0.054466 -2.695518 -0.210555
v -0.027099 -2.710458 -0.228941
v -0.025824 -2.683996 -0.216628
v -0.040826 -2.672859 -0.176130
v -0.041759 -2.661004 -0.172099
v -0.050999 -2.668399 -0.180192
v -0.039235 -2.663878 -0.184286
v -0.029061 -2.668339 -0.180224
v -0.011671 -2.677506 -0.190241
v -0.032002 -2.670819 -0.197411
v -0.054640 -2.678258 -0.190889
v -0.034594 -2.685418 -0.183240
v -0.070122 -0.811166 0.840934
v -0.083705 -0.476463 0.848102
v -0.070703 -0.331283 1.007592
v -0.090399 -0.632223 0.880838
v -0.040917 -0.639156 1.137846
v -0.042694 -0.611030 0.807297
v -0.085911 -0.673924 1.025025
vn 0.3282 0.7925 0.5140
vn 0.3245 -0.8901 0.3199
vn 0.4530 0.8492 0.2713
vn 0.6272 -0.7620 0.1613
vn 0.5214 0.7861 0.3319
vn 0.7247 0.5562 0.4067
vn 0.8241 0.4866 -0.2899
vn 0.7020 0.6904 -0.1748
vn 0.6766 0.6638 -0.3185
vn 0.3600 0.5189 -0.7753
vn 0.3876 -0.2645 -0.8831
vn 0.8796 -0.0994 -0.4652
vn 0.6933 0.1687 -0.7006
vn 0.7400 -0.5386 0.4028
vn 0.6456 -0.2167 0.7323
vn 0.5594 0.1416 0.8167
vn 0.7206 -0.6275 0.2949
vn 0.7258 -0.5928 -0.3490
vn 0.6813 -0.3547 -0.6403
vn 0.6103 -0.1207 -0.7829
vn 0.9943 -0.1064 0.0095
vn 0.9958 -0.0691 -0.0601
vn 0.7500 -0.4529 0.4821
vn 1.0000 -0.0001 -0.0042
vn 0.9681 -0.2506 0.0062
vn 0.9657 -0.2191 -0.1390
vn 0.5507 -0.1771 -0.8157
vn 0.7044 -0.1357 0.6967
vn 0.9994 0.0151 0.0326
vn 0.9992 0.0367 0.0141
vn 0.9999 0.0146 0.0080
vn 0.9999 -0.0053 -0.0108
vn 0.5403 0.3159 0.7800
vn 0.5419 -0.3123 -0.7803
vn 0.5572 0.4233 0.7144
vn 0.5575 -0.4116 -0.7210
vn 0.5689 0.4952 0.6567
vn 0.5705 -0.4776 -0.6681
vn 0.5970 0.5043 0.6239
vn 0.6013 -0.4673 -0.6481
vn 0.6264 0.4589 0.6301
vn 0.6369 -0.4152 -0.6496
vn 0.6497 0.3991 0.6471
vn 0.6533 -0.3597 -0.6662
vn 0.6901 0.3624 0.6264
vn 0.6945 -0.2788 -0.6633
vn 0.7582 -0.2058 -0.6187
vn 0.7523 0.3321 0.5690
vn 0.8000 -0.0096 -0.5999
vn 0.8095 0.3216 0.4913
vn 0.8001 -0.1030 -0.5909
vn 0.7986 0.3047 0.5191
vn 0.8073 0.1047 -0.5808
vn 0.7025 -0.4403 0.5592
vn 0.7848 0.0549 -0.6173
vn 0.6324 -0.5126 0.5808
vn 0.7933 0.1549 -0.5888
vn 0.7775 -0.1691 0.6057
vn 0.7616 0.4242 -0.4899
vn 0.8586 0.1727 0.4826
vn 0.7302 0.5533 -0.4009
vn 0.8620 0.2984 0.4097
vn -0.0000 0.8297 0.5583
vn -0.0000 -0.9369 0.3497
vn -0.0000 0.9461 0.3239
vn -0.0000 -0.9634 0.2681
vn -0.0000 0.9146 0.4044
vn -0.0000 0.9398 0.3417
vn -0.0000 0.9968 0.0804
vn -0.0000 0.9815 -0.1915
vn -0.0000 0.8863 -0.4631
vn -0.0000 0.5513 -0.8343
vn -0.0000 -0.2744 -0.9616
vn -0.0000 -0.0874 -0.9962
vn 0.8053 -0.1842 0.5635
vn -0.0000 0.2420 -0.9703
vn -0.0000 -0.6944 0.7196
vn -0.0000 -0.2677 0.9635
vn -0.0000 0.1792 0.9838
vn -0.0000 -0.8869 0.4620
vn -0.0000 -0.8705 -0.4922
vn -0.0000 -0.3258 -0.9455
vn -0.0000 -0.1347 -0.9909
vn -0.0000 -0.6762 0.7368
vn -0.0000 -0.2044 -0.9789
vn -0.0000 -0.2296 0.9733
vn -0.0000 0.3807 0.9247
vn -0.0000 -0.3687 -0.9296
vn -0.0000 0.5135 0.8581
vn -0.0000 -0.4931 -0.8700
vn -0.0000 0.6025 0.7981
vn -0.0000 -0.5818 -0.8133
vn -0.0000 0.6276 0.7786
vn -0.0000 -0.5853 -0.8108
vn -0.0000 0.5831 0.8124
vn -0.0000 -0.5444 -0.8389
vn -0.0000 0.5232 0.8522
vn -0.0000 -0.4811 -0.8767
vn -0.0000 0.4994 0.8664
vn -0.0000 -0.3905 -0.9206
vn -0.0000 -0.3170 -0.9484
vn -0.0000 0.4997 0.8662
vn -0.0000 -0.1106 -0.9939
vn -0.0000 0.4857 0.8741
vn -0.0000 -0.2248 -0.9744
vn -0.0000 0.4696 0.8829
vn -0.0000 0.1565 -0.9877
vn -0.0000 -0.6532 0.7572
vn -0.0000 0.2318 -0.9728
vn -0.0000 -0.6427 0.7661
vn -0.0000 0.4206 -0.9073
vn -0.0000 -0.0305 0.9995
vn -0.0000 0.7087 -0.7055
vn -0.0000 0.4872 0.8733
vn -0.0000 0.8010 -0.5987
vn -0.0000 0.5891 0.8080
vn 0.5808 0.7232 0.3737
vn 0.9960 -0.0854 -0.0274
vn 0.9875 -0.1541 -0.0325
vn 1.0000 -0.0087 -0.0023
vn 0.9875 -0.1521 -0.0412
vn 0.9994 0.0318 0.0145
vn 0.9996 -0.0268 -0.0111
vn 0.9999 -0.0117 -0.0044
vn 1.0000 -0.0055 -0.0022
vn 1.0000 0.0023 -0.0031
vn 0.9999 0.0109 -0.0035
vn 0.9998 0.0174 -0.0059
vn 0.9999 0.0164 0.0020
vn 0.9996 0.0261 0.0118
vn 0.9996 0.0278 0.0047
vn 0.9940 0.1091 -0.0079
vn 0.9978 0.0654 -0.0103
vn 0.9995 0.0249 0.0203
vn 0.9869 -0.1593 0.0244
vn 0.9851 -0.1712 0.0188
vn 0.9999 -0.0158 -0.0015
vn 0.8537 -0.5199 0.0283
vn -0.0000 0.8851 0.4654
vn 0.8067 -0.4970 -0.3196
vn 0.8238 0.3559 0.4413
vn 0.7468 -0.1703 0.6428
vn 0.8249 -0.3748 -0.4232
vn 0.7339 -0.0542 -0.6771
vn 0.5057 -0.6879 0.5206
vn 0.2141 -0.8941 0.3935
vn 0.3119 -0.6897 -0.6535
vn -0.0000 0.5738 0.8190
vn -0.0000 -0.3258 0.9454
vn -0.0000 -0.8492 0.5281
vn -0.0000 -0.9238 0.3830
vn -0.0000 -0.2957 -0.9553
vn -0.0000 -0.7538 -0.6572
vn -0.0000 -0.8514 -0.5245
vn -0.0000 -1.0000 0.0059
vn -0.0000 -0.7005 -0.7136
vn 0.7651 -0.5376 0.3545
vn 0.8058 0.2902 -0.5163
vn 0.2874 -0.9498 0.1234
vn 0.3161 -0.9365 -0.1521
vn -0.0000 0.2011 -0.9796
vn -0.0000 -0.9851 -0.1720
vn -0.0000 -0.8475 0.5308
vn -0.0000 -0.9911 0.1331
vn -0.1119 0.8914 0.4392
vn -0.1611 0.9813 -0.1056
vn -0.0000 0.8925 0.4510
vn -0.0000 0.9947 -0.1024
vn 0.6235 0.3132 0.7164
vn 0.6791 0.1593 -0.7166
vn -0.6737 0.2384 -0.6995
vn -0.5979 0.3727 0.7096
vn 0.6808 0.2412 0.6917
vn 0.6402 0.6298 -0.4399
vn -0.5853 0.7042 -0.4019
vn -0.6331 0.3393 0.6957
vn 0.6731 0.1157 0.7304
vn -0.6498 0.2143 0.7292
vn 0.6576 0.3076 -0.6877
vn -0.6421 0.3950 -0.6570
vn -0.0000 -0.6141 0.7892
vn 0.3666 -0.3932 -0.8432
vn 0.4527 -0.6981 -0.5547
vn -0.0000 -0.4045 -0.9145
vn -0.0000 -0.9939 -0.1105
vn 0.4607 -0.8708 -0.1716
vn 0.5300 0.1682 0.8311
vn -0.4158 0.1577 0.8957
vn -0.4510 -0.8921 -0.0283
vn -0.3598 0.1132 0.9261
vn 0.5943 0.3907 0.7030
vn 0.4894 -0.7451 -0.4531
vn -0.3811 -0.9228 -0.0564
vn 0.8076 0.0674 -0.5858
vn 0.8085 0.3389 0.4811
vn -0.0000 0.0582 -0.9983
vn -0.0000 0.5212 0.8534
vn 0.9945 0.1050 0.0024
vn -0.3282 0.7925 0.5140
vn -0.3245 -0.8901 0.3199
vn -0.4530 0.8492 0.2713
vn -0.6272 -0.7620 0.1613
vn -0.5214 0.7861 0.3319
vn -0.7247 0.5562 0.4067
vn -0.8241 0.4866 -0.2899
vn -0.7020 0.6904 -0.1748
vn -0.6767 0.6638 -0.3185
vn -0.3600 0.5189 -0.7754
vn -0.3876 -0.2645 -0.8831
vn -0.8796 -0.0994 -0.4652
vn -0.6933 0.1687 -0.7006
vn -0.7400 -0.5386 0.4028
vn -0.6456 -0.2167 0.7323
vn -0.5594 0.1416 0.8167
vn -0.7206 -0.6275 0.2949
vn -0.7258 -0.5928 -0.3490
vn -0.6813 -0.3547 -0.6403
vn -0.6103 -0.1207 -0.7829
vn -0.9943 -0.1064 0.0095
vn -0.9958 -0.0691 -0.0601
vn -0.7500 -0.4529 0.4821
vn -1.0000 -0.0001 -0.0042
vn -0.9681 -0.2506 0.0062
vn -0.9657 -0.2191 -0.1390
vn -0.5507 -0.1771 -0.8157
vn -0.7044 -0.1357 0.6967
vn -0.9994 0.0151 0.0326
vn -0.9992 0.0367 0.0141
vn -0.9999 0.0146 0.0080
vn -0.9999 -0.0053 -0.0108
vn -0.5403 0.3159 0.7800
vn -0.5419 -0.3122 -0.7803
vn -0.5572 0.4233 0.7144
vn -0.5575 -0.4116 -0.7210
vn -0.5689 0.4952 0.6567
vn -0.5705 -0.4776 -0.6681
vn -0.5970 0.5043 0.6239
vn -0.6013 -0.4673 -0.6481
vn -0.6264 0.4589 0.6301
vn -0.6369 -0.4152 -0.6496
vn -0.6497 0.3991 0.6471
vn -0.6533 -0.3597 -0.6662
vn -0.6901 0.3624 0.6264
vn -0.6945 -0.2788 -0.6633
vn -0.7582 -0.2058 -0.6187
vn -0.7523 0.3321 0.5690
vn -0.8000 -0.0096 -0.5999
vn -0.8095 0.3216 0.4913
vn -0.8001 -0.1030 -0.5909
vn -0.7986 0.3047 0.5191
vn -0.8073 0.1047 -0.5808
vn -0.7025 -0.4403 0.5592
vn -0.7848 0.0549 -0.6173
vn -0.6324 -0.5126 0.5808
vn -0.7933 0.1549 -0.5888
vn -0.7775 -0.1691 0.6057
vn -0.7616 0.4242 -0.4899
vn -0.8586 0.1727 0.4827
vn -0.7302 0.5533 -0.4009
vn -0.8620 0.2984 0.4097
vn -0.8053 -0.1842 0.5635
vn -0.5808 0.7232 0.3737
vn -0.9960 -0.0854 -0.0274
vn -0.9875 -0.1541 -0.0325
vn -1.0000 -0.0087 -0.0023
vn -0.9875 -0.1521 -0.0412
vn -0.9994 0.0318 0.0145
vn -0.9996 -0.0268 -0.0111
vn -0.9999 -0.0117 -0.0044
vn -1.0000 -0.0055 -0.0022
vn -1.0000 0.0023 -0.0031
vn -0.9999 0.0109 -0.0035
vn -0.9998 0.0174 -0.0059
vn -0.9999 0.0164 0.0020
vn -0.9996 0.0261 0.0118
vn -0.9996 0.0278 0.0047
vn -0.9940 0.1091 -0.0079
vn -0.9978 0.0654 -0.0103
vn -0.9995 0.0249 0.0203
vn -0.9869 -0.1593 0.0244
vn -0.9851 -0.1712 0.0188
vn -0.9999 -0.0158 -0.0015
vn -0.8537 -0.5199 0.0283
vn -0.8067 -0.4970 -0.3196
vn -0.8238 0.3559 0.4413
vn -0.7468 -0.1703 0.6429
vn -0.8249 -0.3748 -0.4232
vn -0.7339 -0.0542 -0.6771
vn -0.5057 -0.6879 0.5206
vn -0.2141 -0.8941 0.3935
vn -0.3119 -0.6897 -0.6535
vn -0.7651 -0.5376 0.3545
vn -0.8058 0.2902 -0.5163
vn -0.2874 -0.9498 0.1234
vn -0.3161 -0.9365 -0.1521
vn 0.1119 0.8914 0.4392
vn 0.1611 0.9813 -0.1056
vn -0.6235 0.3132 0.7164
vn -0.6791 0.1593 -0.7166
vn 0.6737 0.2384 -0.6995
vn 0.5979 0.3727 0.7096
vn -0.6808 0.2411 0.6917
vn -0.6402 0.6298 -0.4399
vn 0.5853 0.7042 -0.4019
vn 0.6331 0.3393 0.6957
vn -0.6731 0.1157 0.7304
vn 0.6498 0.2143 0.7292
vn -0.6576 0.3076 -0.6877
vn 0.6421 0.3950 -0.6570
vn -0.3666 -0.3932 -0.8432
vn -0.4527 -0.6981 -0.5547
vn -0.4607 -0.8708 -0.1717
vn -0.5300 0.1683 0.8311
vn 0.4158 0.1577 0.8957
vn 0.4510 -0.8921 -0.0284
vn 0.3598 0.1132 0.9261
vn -0.5943 0.3907 0.7030
vn -0.4893 -0.7451 -0.4531
vn 0.3811 -0.9228 -0.0564
vn -0.8076 0.0674 -0.5858
vn -0.8085 0.3389 0.4811
vn -0.9945 0.1050 0.0024
vn 0.3282 -0.7925 0.5140
vn 0.3245 0.8901 0.3199
vn 0.4530 -0.8492 0.2713
vn 0.6272 0.7620 0.1613
vn 0.5214 -0.7861 0.3319
vn 0.7247 -0.5562 0.4067
vn 0.8241 -0.4866 -0.2899
vn 0.7020 -0.6904 -0.1748
vn 0.6767 -0.6638 -0.3185
vn 0.3600 -0.5189 -0.7754
vn 0.3876 0.2645 -0.8831
vn 0.8796 0.0994 -0.4652
vn 0.6933 -0.1687 -0.7006
vn 0.7400 0.5386 0.4028
vn 0.6456 0.2167 0.7323
vn 0.5594 -0.1416 0.8167
vn 0.7206 0.6275 0.2949
vn 0.7258 0.5928 -0.3490
vn 0.6813 0.3547 -0.6403
vn 0.6103 0.1207 -0.7829
vn 0.9943 0.1064 0.0095
vn 0.9958 0.0691 -0.0601
vn 0.7500 0.4529 0.4821
vn 1.0000 0.0001 -0.0042
vn 0.9681 0.2506 0.0062
vn 0.9657 0.2191 -0.1390
vn 0.5507 0.1770 -0.8157
vn 0.7044 0.1357 0.6967
vn 0.9994 -0.0151 0.0326
vn 0.9992 -0.0367 0.0141
vn 0.9999 -0.0146 0.0080
vn 0.9999 0.0053 -0.0108
vn 0.5403 -0.3159 0.7800
vn 0.5419 0.3122 -0.7803
vn 0.5572 -0.4233 0.7144
vn 0.5575 0.4116 -0.7210
vn 0.5689 -0.4952 0.6567
vn 0.5705 0.4776 -0.6681
vn 0.5970 -0.5043 0.6239
vn 0.6013 0.4673 -0.6481
vn 0.6264 -0.4589 0.6301
vn 0.6369 0.4152 -0.6496
vn 0.6497 -0.3991 0.6471
vn 0.6533 0.3597 -0.6662
vn 0.6901 -0.3624 0.6264
vn 0.6945 0.2788 -0.6633
vn 0.7582 0.2058 -0.6187
vn 0.7523 -0.3321 0.5690
vn 0.8000 0.0096 -0.5999
vn 0.8095 -0.3216 0.4913
vn 0.8001 0.1030 -0.5909
vn 0.7986 -0.3047 0.5191
vn 0.8073 -0.1047 -0.5808
vn 0.7025 0.4403 0.5592
vn 0.7848 -0.0549 -0.6173
vn 0.6324 0.5126 0.5808
vn 0.7933 -0.1549 -0.5888
vn 0.7775 0.1691 0.6057
vn 0.7616 -0.4242 -0.4899
vn 0.8586 -0.1727 0.4826
vn 0.7302 -0.5533 -0.4009
vn 0.8620 -0.2984 0.4097
vn -0.0000 -0.8297 0.5583
vn -0.0000 0.9369 0.3497
vn -0.0000 -0.9461 0.3239
vn -0.0000 0.9634 0.2681
vn -0.0000 -0.9146 0.4044
vn -0.0000 -0.9398 0.3417
vn -0.0000 -0.9968 0.0804
vn -0.0000 -0.9815 -0.1915
vn -0.0000 -0.8863 -0.4631
vn -0.0000 -0.5513 -0.8343
vn -0.0000 0.2744 -0.9616
vn -0.0000 0.0874 -0.9962
vn 0.8053 0.1842 0.5635
vn -0.0000 -0.2420 -0.9703
vn -0.0000 0.6944 0.7196
vn -0.0000 0.2677 0.9635
vn -0.0000 -0.1792 0.9838
vn -0.0000 0.8869 0.4620
vn -0.0000 0.8705 -0.4922
vn -0.0000 0.3258 -0.9455
vn -0.0000 0.1347 -0.9909
vn -0.0000 0.6762 0.7368
vn -0.0000 0.2044 -0.9789
vn -0.0000 0.2296 0.9733
vn -0.0000 -0.3807 0.9247
vn -0.0000 0.3686 -0.9296
vn -0.0000 -0.5135 0.8581
vn -0.0000 0.4931 -0.8700
vn -0.0000 -0.6025 0.7981
vn -0.0000 0.5818 -0.8133
vn -0.0000 -0.6276 0.7786
vn -0.0000 0.5853 -0.8108
vn -0.0000 -0.5831 0.8124
vn -0.0000 0.5444 -0.8389
vn -0.0000 -0.5232 0.8522
vn -0.0000 0.4811 -0.8767
vn -0.0000 -0.4994 0.8664
vn -0.0000 0.3905 -0.9206
vn -0.0000 0.3170 -0.9484
vn -0.0000 -0.4997 0.8662
vn -0.0000 0.1106 -0.9939
vn -0.0000 -0.4857 0.8741
vn -0.0000 0.2248 -0.9744
vn -0.0000 -0.4696 0.8829
vn -0.0000 -0.1565 -0.9877
vn -0.0000 0.6532 0.7572
vn -0.0000 -0.2318 -0.9728
vn -0.0000 0.6427 0.7661
vn -0.0000 -0.4206 -0.9073
vn -0.0000 0.0305 0.9995
vn -0.0000 -0.7087 -0.7055
vn -0.0000 -0.4872 0.8733
vn -0.0000 -0.8010 -0.5987
vn -0.0000 -0.5891 0.8080
vn 0.5808 -0.7232 0.3737
vn 0.9960 0.0854 -0.0274
vn 0.9875 0.1541 -0.0325
vn 1.0000 0.0087 -0.0023
vn 0.9875 0.1521 -0.0412
vn 0.9994 -0.0318 0.0145
vn 0.9996 0.0268 -0.0111
vn 0.9999 0.0117 -0.0044
vn 1.0000 0.0055 -0.0022
vn 1.0000 -0.0023 -0.0031
vn 0.9999 -0.0109 -0.0035
vn 0.9998 -0.0174 -0.0059
vn 0.9999 -0.0164 0.0020
vn 0.9996 -0.0261 0.0118
vn 0.9996 -0.0278 0.0047
vn 0.9940 -0.1091 -0.0079
vn 0.9978 -0.0654 -0.0103
vn 0.9995 -0.0249 0.0203
vn 0.9869 0.1593 0.0244
vn 0.9851 0.1712 0.0188
vn 0.9999 0.0158 -0.0015
vn 0.8537 0.5199 0.0283
vn -0.0000 -0.8851 0.4654
vn 0.8067 0.4970 -0.3196
vn 0.8238 -0.3559 0.4413
vn 0.7468 0.1703 0.6429
vn 0.8249 0.3748 -0.4232
vn 0.7339 0.0542 -0.6771
vn 0.5057 0.6879 0.5206
vn 0.2141 0.8941 0.3935
vn 0.3119 0.6897 -0.6535
vn -0.0000 -0.5738 0.8190
vn -0.0000 0.3258 0.9454
vn -0.0000 0.8492 0.5281
vn -0.0000 0.9238 0.3830
vn -0.0000 0.2957 -0.9553
vn -0.0000 0.7538 -0.6572
vn -0.0000 0.8514 -0.5245
vn -0.0000 1.0000 0.0059
vn -0.0000 0.7005 -0.7136
vn 0.7651 0.5376 0.3545
vn 0.8058 -0.2902 -0.5163
vn 0.2874 0.9498 0.1234
vn 0.3161 0.9365 -0.1521
vn -0.0000 -0.2011 -0.9796
vn -0.0000 0.9851 -0.1720
vn -0.0000 0.8475 0.5308
vn -0.0000 0.9911 0.1331
vn -0.1119 -0.8914 0.4392
vn -0.1611 -0.9813 -0.1056
vn -0.0000 -0.8925 0.4511
vn -0.0000 -0.9947 -0.1024
vn 0.6235 -0.3132 0.7164
vn 0.6791 -0.1593 -0.7166
vn -0.6737 -0.2384 -0.6995
vn -0.5979 -0.3727 0.7096
vn 0.6808 -0.2411 0.6917
vn 0.6402 -0.6298 -0.4399
vn -0.5853 -0.7042 -0.4019
vn -0.6331 -0.3393 0.6957
vn 0.6731 -0.1157 0.7304
vn -0.6498 -0.2143 0.7292
vn 0.6576 -0.3076 -0.6877
vn -0.6421 -0.3950 -0.6570
vn -0.0000 0.6141 0.7892
vn 0.3666 0.3932 -0.8432
vn 0.4527 0.6981 -0.5547
vn -0.0000 0.4045 -0.9145
vn -0.0000 0.9939 -0.1105
vn 0.4607 0.8708 -0.1717
vn 0.5300 -0.1683 0.8311
vn -0.4158 -0.1577 0.8957
vn -0.4510 0.8921 -0.0284
vn -0.3598 -0.1132 0.9261
vn 0.5943 -0.3907 0.7030
vn 0.4893 0.7451 -0.4531
vn -0.3811 0.9228 -0.0564
vn 0.8076 -0.0674 -0.5858
vn 0.8085 -0.3389 0.4811
vn -0.0000 -0.0582 -0.9983
vn -0.0000 -0.5212 0.8534
vn 0.9945 -0.1050 0.0024
vn -0.3282 -0.7925 0.5140
vn -0.3245 0.8901 0.3199
vn -0.4530 -0.8492 0.2713
vn -0.6272 0.7620 0.1613
vn -0.5214 -0.7861 0.3319
vn -0.7247 -0.5562 0.4067
vn -0.8241 -0.4866 -0.2899
vn -0.7020 -0.6904 -0.1748
vn -0.6766 -0.6638 -0.3185
vn -0.3600 -0.5189 -0.7753
vn -0.3876 0.2645 -0.8831
vn -0.8796 0.0994 -0.4652
vn -0.6933 -0.1687 -0.7006
vn -0.7400 0.5386 0.4028
vn -0.6456 0.2167 0.7323
vn -0.5594 -0.1416 0.8167
vn -0.7206 0.6275 0.2949
vn -0.7258 0.5928 -0.3490
vn -0.6813 0.3547 -0.6403
vn -0.6103 0.1207 -0.7829
vn -0.9943 0.1064 0.0095
vn -0.9958 0.0691 -0.0601
vn -0.7500 0.4529 0.4821
vn -1.0000 0.0001 -0.0042
vn -0.9681 0.2506 0.0062
vn -0.9657 0.2191 -0.1390
vn -0.5507 0.1771 -0.8157
vn -0.7044 0.1357 0.6967
vn -0.9994 -0.0151 0.0326
vn -0.9992 -0.0367 0.0141
vn -0.9999 -0.0146 0.0080
vn -0.9999 0.0053 -0.0108
vn -0.5403 -0.3159 0.7800
vn -0.5419 0.3123 -0.7803
vn -0.5572 -0.4233 0.7144
vn -0.5575 0.4116 -0.7210
vn -0.5689 -0.4952 0.6567
vn -0.5705 0.4776 -0.6681
vn -0.5970 -0.5043 0.6239
vn -0.6013 0.4673 -0.6481
vn -0.6264 -0.4589 0.6301
vn -0.6369 0.4152 -0.6496
vn -0.6497 -0.3991 0.6471
vn -0.6533 0.3597 -0.6662
vn -0.6901 -0.3624 0.6264
vn -0.6945 0.2788 -0.6633
vn -0.7582 0.2058 -0.6187
vn -0.7523 -0.3321 0.5690
vn -0.8000 0.0096 -0.5999
vn -0.8095 -0.3216 0.4913
vn -0.8001 0.1030 -0.5909
vn -0.7986 -0.3047 0.5191
vn -0.8073 -0.1047 -0.5808
vn -0.7025 0.4403 0.5592
vn -0.7848 -0.0549 -0.6173
vn -0.6324 0.5126 0.5808
vn -0.7933 -0.1549 -0.5888
vn -0.7775 0.1691 0.6057
vn -0.7616 -0.4242 -0.4899
vn -0.8586 -0.1727 0.4826
vn -0.7302 -0.5533 -0.4009
vn -0.8620 -0.2984 0.4097
vn -0.8053 0.1842 0.5635
vn -0.5808 -0.7232 0.3737
vn -0.9960 0.0854 -0.0274
vn -0.9875 0.1541 -0.0325
vn -1.0000 0.0087 -0.0023
vn -0.9875 0.1521 -0.0412
vn -0.9994 -0.0318 0.0145
vn -0.9996 0.0268 -0.0111
vn -0.9999 0.0117 -0.0044
vn -1.0000 0.0055 -0.0022
vn -1.0000 -0.0023 -0.0031
vn -0.9999 -0.0109 -0.0035
vn -0.9998 -0.0174 -0.0059
vn -0.9999 -0.0164 0.0020
vn -0.9996 -0.0261 0.0118
vn -0.9996 -0.0278 0.0047
vn -0.9940 -0.1091 -0.0079
vn -0.9978 -0.0654 -0.0103
vn -0.9995 -0.0249 0.0203
vn -0.9869 0.1593 0.0244
vn -0.9851 0.1712 0.0188
vn -0.9999 0.0158 -0.0015
vn -0.8537 0.5199 0.0283
vn -0.8067 0.4970 -0.3196
vn -0.8238 -0.3559 0.4413
vn -0.7468 0.1703 0.6428
vn -0.8249 0.3748 -0.4232
vn -0.7339 0.0542 -0.6771
vn -0.5057 0.6879 0.5206
vn -0.2141 0.8941 0.3935
vn -0.3119 0.6897 -0.6535
vn -0.7651 0.5376 0.3545
vn -0.8058 -0.2902 -0.5163
vn -0.2874 0.9498 0.1234
vn -0.3161 0.9365 -0.1521
vn 0.1119 -0.8914 0.4392
vn 0.1611 -0.9813 -0.1056
vn -0.6235 -0.3132 0.7164
vn -0.6791 -0.1593 -0.7166
vn 0.6737 -0.2384 -0.6995
vn 0.5979 -0.3727 0.7096
vn -0.6808 -0.2412 0.6917
vn -0.6402 -0.6298 -0.4399
vn 0.5853 -0.7042 -0.4019
vn 0.6331 -0.3393 0.6957
vn -0.6731 -0.1157 0.7304
vn 0.6498 -0.2143 0.7292
vn -0.6576 -0.3076 -0.6877
vn 0.6421 -0.3950 -0.6570
vn -0.3666 0.3932 -0.8432
vn -0.4527 0.6981 -0.5547
vn -0.4607 0.8708 -0.1716
vn -0.5300 -0.1682 0.8311
vn 0.4158 -0.1577 0.8957
vn 0.4510 0.8921 -0.0283
vn 0.3598 -0.1132 0.9261
vn -0.5943 -0.3907 0.7030
vn -0.4894 0.7451 -0.4531
vn 0.3811 0.9228 -0.0564
vn -0.8076 -0.0674 -0.5858
vn -0.8085 -0.3389 0.4811
vn -0.9945 -0.1050 0.0024
vn 0.4142 0.8461 0.3355
vn 0.6080 -0.5529 0.5698
vn 0.4570 -0.8751 0.1591
vn 0.8996 0.4159 0.1332
vn 0.4926 0.8214 0.2876
vn 0.9278 -0.3618 0.0908
vn 0.6341 0.6777 0.3723
vn 0.9759 0.2118 0.0532
vn 0.7166 0.6763 -0.1706
vn 0.7003 0.6779 -0.2236
vn 0.5962 0.6242 -0.5050
vn 0.5042 0.1301 -0.8537
vn 0.6686 -0.3361 -0.6633
vn 0.2001 0.2429 -0.9492
vn 0.5993 -0.7433 0.2972
vn 0.7043 -0.3793 0.6001
vn 0.5927 -0.0111 0.8053
vn 0.7335 -0.5298 0.4256
vn 0.7224 -0.6913 0.0153
vn 0.5502 -0.5387 -0.6380
vn 0.6670 -0.1800 -0.7230
vn 0.9181 -0.0899 -0.3861
vn 0.9509 -0.1908 -0.2437
vn 0.9321 -0.3560 0.0658
vn 0.9996 -0.0274 0.0026
vn 0.8932 -0.3296 -0.3058
vn 0.9997 -0.0180 -0.0142
vn 0.9996 -0.0200 -0.0178
vn 0.9477 -0.2370 -0.2137
vn 0.9826 -0.1724 -0.0697
vn 0.9786 -0.1908 0.0774
vn 0.9942 -0.1066 0.0164
vn 0.9757 0.2095 -0.0636
vn 0.9988 -0.0174 -0.0464
vn 0.9778 0.1325 -0.1625
vn 0.9788 -0.2043 0.0116
vn 0.9800 -0.1781 -0.0890
vn 0.9816 -0.1514 -0.1159
vn 0.5680 -0.1235 -0.8137
vn 0.6212 0.3492 0.7015
vn 0.9487 -0.3132 0.0427
vn 0.9284 0.3456 0.1363
vn 0.9800 0.1674 0.1079
vn 0.9914 0.1164 -0.0591
vn 1.0000 0.0006 -0.0036
vn 0.9993 0.0355 0.0151
vn 0.9994 0.0314 0.0131
vn 0.9753 -0.0286 0.2188
vn 1.0000 -0.0015 -0.0054
vn 0.8905 -0.1098 -0.4415
vn 0.8852 -0.1790 -0.4293
vn 0.5441 -0.2472 -0.8018
vn 0.5450 0.2371 0.8042
vn 0.8933 -0.2263 -0.3883
vn 0.5480 -0.3666 -0.7519
vn 0.5463 0.3782 0.7473
vn 0.9005 -0.2525 -0.3541
vn 0.5643 -0.4511 -0.6915
vn 0.5639 0.4624 0.6842
vn 0.9164 -0.2314 -0.3266
vn 0.5823 -0.4827 -0.6541
vn 0.5800 0.5100 0.6352
vn 0.9320 -0.1879 -0.3100
vn 0.6219 -0.4417 -0.6466
vn 0.6135 0.4854 0.6229
vn 0.9419 -0.1536 -0.2988
vn 0.6450 -0.3890 -0.6577
vn 0.6375 0.4287 0.6402
vn 0.9581 -0.1044 -0.2669
vn 0.6692 -0.3231 -0.6692
vn 0.6665 0.3758 0.6438
vn 0.7197 0.3504 0.5994
vn 0.9730 -0.0648 -0.2217
vn 0.7255 -0.2375 -0.6459
vn 0.8062 0.3066 0.5059
vn 0.9801 0.0703 -0.1854
vn 0.8001 -0.0478 -0.5980
vn 0.7807 0.3140 0.5402
vn 0.9802 0.0073 -0.1977
vn 0.7863 -0.1644 -0.5955
vn 0.9863 0.0510 -0.1571
vn 0.8045 0.0304 -0.5932
vn 0.7866 0.0243 0.6170
vn 0.9790 -0.0938 -0.1810
vn 0.7927 0.0893 -0.6030
vn 0.6108 -0.5920 0.5258
vn 0.9812 -0.0859 -0.1729
vn 0.7880 0.0601 -0.6128
vn 0.7042 -0.3452 0.6204
vn 0.9819 0.0958 -0.1634
vn 0.7802 0.3079 -0.5444
vn 0.8366 0.0181 0.5475
vn 0.9951 0.0529 -0.0833
vn 0.7478 0.4962 -0.4410
vn 0.8648 0.2566 0.4317
vn -0.0000 0.9342 0.3568
vn -0.0000 -0.6656 0.7463
vn -0.0000 -0.9821 0.1881
vn -0.0000 0.9370 0.3493
vn -0.0000 0.9106 0.4134
vn -0.0000 0.9750 0.2221
vn -0.0000 0.9911 -0.1332
vn -0.0000 0.9556 -0.2948
vn -0.0000 0.7592 -0.6508
vn -0.0000 0.1573 -0.9876
vn -0.0000 -0.3589 -0.9334
vn 0.9928 -0.0106 -0.1197
vn -0.0000 -0.8692 0.4945
vn -0.0000 -0.5073 0.8617
vn -0.0000 -0.0001 1.0000
vn -0.0000 -0.7439 0.6682
vn -0.0000 -0.9995 0.0315
vn -0.0000 -0.5677 -0.8232
vn -0.0000 -0.1955 -0.9807
vn -0.0000 -0.1368 -0.9906
vn -0.0000 0.3567 0.9342
vn -0.0000 -0.2917 -0.9565
vn -0.0000 0.2870 0.9579
vn -0.0000 -0.4342 -0.9008
vn -0.0000 0.4581 0.8889
vn -0.0000 -0.5460 -0.8378
vn -0.0000 0.5605 0.8282
vn -0.0000 -0.5937 -0.8047
vn -0.0000 0.6269 0.7791
vn -0.0000 -0.5666 -0.8240
vn -0.0000 0.6109 0.7917
vn -0.0000 -0.5167 -0.8562
vn -0.0000 0.5513 0.8343
vn -0.0000 -0.4383 -0.8988
vn -0.0000 0.5049 0.8632
vn -0.0000 0.5005 0.8657
vn -0.0000 -0.3478 -0.9376
vn -0.0000 0.4598 0.8880
vn -0.0000 -0.1676 -0.9859
vn -0.0000 0.4895 0.8720
vn -0.0000 -0.2805 -0.9598
vn -0.0000 -0.0257 -0.9997
vn -0.0000 0.0037 1.0000
vn -0.0000 0.1936 -0.9811
vn -0.0000 -0.7888 0.6147
vn -0.0000 0.2950 -0.9555
vn -0.0000 -0.3402 0.9404
vn -0.0000 0.5844 -0.8115
vn -0.0000 0.2612 0.9653
vn -0.0000 0.7749 -0.6320
vn -0.0000 0.5822 0.8131
vn 0.1683 0.9272 -0.3346
vn 0.2094 0.9545 -0.2124
vn 0.2526 0.4831 0.8383
vn 0.1799 0.5927 0.7851
vn 0.2980 0.3808 -0.8753
vn 0.1867 0.8784 -0.4399
vn 0.3146 -0.0783 0.9460
vn 0.0833 0.5526 -0.8293
vn 0.2982 0.4771 0.8267
vn 0.1848 -0.5716 -0.7994
vn 0.0995 -0.2838 -0.9537
vn 0.2955 -0.3036 -0.9058
vn 0.2686 0.6768 -0.6854
vn 0.2441 -0.1159 -0.9628
vn 0.3924 0.4217 0.8174
vn 0.7521 0.1353 -0.6450
vn 0.1982 -0.5739 -0.7946
vn 0.2577 0.7763 -0.5753
vn 0.4031 0.5399 0.7389
vn -0.0000 0.1842 -0.9829
vn 0.2421 -0.3789 -0.8932
vn 0.1958 0.6154 0.7635
vn 0.3516 0.4645 0.8128
vn 0.1739 -0.2016 -0.9639
vn 0.2456 -0.6941 0.6767
vn 0.1230 -0.9613 0.2465
vn 0.3413 0.4467 0.8270
vn 0.2378 -0.6573 0.7151
vn 0.2135 -0.2632 0.9408
vn 0.3241 -0.0898 -0.9417
vn 0.2177 -0.5305 -0.8192
vn 0.1702 0.1761 0.9696
vn 0.2083 0.5710 0.7941
vn 0.3329 -0.2033 -0.9208
vn 0.1724 -0.3630 -0.9157
vn 0.1613 0.3753 0.9128
vn 0.2198 -0.4684 -0.8558
vn 0.2137 -0.8711 0.4421
vn 0.3230 0.1532 -0.9339
vn 0.0948 0.8173 0.5683
vn 0.0898 0.9440 0.3175
vn 0.2239 0.5098 0.8306
vn 0.1638 -0.8546 -0.4928
vn 0.2504 -0.6057 0.7552
vn 0.0896 -0.9285 0.3602
vn 0.2115 -0.2131 0.9539
vn 0.1795 -0.4853 -0.8557
vn 0.1990 -0.3477 -0.9162
vn 0.1732 0.5052 0.8455
vn 0.2983 0.2014 -0.9330
vn 0.1968 -0.1342 -0.9712
vn 0.1800 -0.6441 0.7434
vn 0.1124 0.9102 0.3986
vn -0.0321 0.9313 0.3629
vn 0.5462 0.7532 0.3665
vn 0.9367 -0.1295 0.3254
vn 0.9606 -0.2392 0.1414
vn 0.9996 -0.0271 0.0010
vn 0.9829 -0.1837 -0.0092
vn 0.9996 0.0255 0.0125
vn 0.9025 0.0598 0.4265
vn 0.8908 0.1636 0.4240
vn 0.8964 0.2222 0.3835
vn 0.9011 0.2611 0.3462
vn 0.9133 0.2585 0.3146
vn 0.9279 0.2265 0.2962
vn 0.9362 0.1888 0.2963
vn 0.9476 0.1644 0.2738
vn 0.9666 0.1363 0.2172
vn 0.9752 0.1652 0.1472
vn 0.9765 0.1382 0.1656
vn 0.9635 -0.1389 0.2287
vn 0.9361 -0.2614 0.2355
vn 0.9599 -0.1955 0.2009
vn 0.9899 -0.0062 0.1415
vn 0.9962 -0.0122 0.0862
vn -0.0000 0.8929 0.4503
vn 0.1362 0.8769 0.4610
vn 0.9990 -0.0443 0.0023
vn 0.9968 -0.0792 0.0053
vn 0.9773 -0.2102 0.0269
vn 0.9980 -0.0603 0.0208
vn 0.9965 0.0825 0.0144
vn 0.9993 0.0362 -0.0022
vn 0.9953 0.0958 -0.0126
vn 0.9995 0.0302 0.0091
vn 0.9998 0.0187 0.0093
vn 0.9998 0.0176 -0.0042
vn 0.9999 0.0150 -0.0052
vn 1.0000 0.0062 -0.0026
vn 1.0000 -0.0011 -0.0033
vn 1.0000 -0.0095 -0.0021
vn 0.9999 -0.0147 -0.0069
vn 1.0000 -0.0010 -0.0003
vn 0.9983 -0.0569 -0.0154
vn 0.9984 -0.0521 -0.0203
vn 0.9926 -0.1180 -0.0287
vn 0.9809 -0.1895 -0.0444
vn 0.9462 0.2901 0.1437
vn 0.9986 0.0198 0.0495
vn 0.8249 -0.5121 -0.2391
vn 0.8487 0.3261 0.4164
vn 0.7994 0.2860 0.5283
vn 0.9911 -0.0378 0.1275
vn 0.7932 -0.5001 -0.3474
vn 0.8198 -0.1682 -0.5475
vn 0.9533 -0.2853 0.0990
vn 0.6362 -0.5598 0.5309
vn 0.3840 -0.7647 0.5174
vn 0.4362 -0.8982 -0.0545
vn 0.6208 -0.3171 -0.7170
vn 0.3573 0.5493 0.7554
vn 0.3000 -0.2752 0.9134
vn 0.0951 -0.8357 0.5408
vn 0.0496 -0.9212 0.3858
vn -0.0000 -0.8417 0.5400
vn -0.0000 -0.7995 0.6007
vn -0.0000 0.3600 0.9330
vn -0.0000 0.5793 0.8151
vn 0.1862 -0.2131 -0.9591
vn 0.2460 -0.7171 -0.6521
vn 0.2623 -0.8182 -0.5116
vn 0.1932 -0.9810 0.0159
vn -0.0000 -0.9090 -0.4169
vn -0.0000 -0.8479 -0.5302
vn -0.0000 -0.5105 -0.8599
vn 0.0744 -0.7020 -0.7083
vn -0.0000 -0.9935 -0.1141
vn -0.0000 -0.3312 -0.9436
vn 0.7981 -0.5233 0.2986
vn 0.9998 0.0133 -0.0156
vn 0.7377 0.5481 -0.3941
vn 0.6296 -0.7285 0.2697
vn 0.3451 -0.9385 -0.0122
vn 0.7216 -0.4928 -0.4862
vn 0.3441 0.2413 -0.9074
vn -0.0000 0.7475 -0.6643
vn 0.0826 -0.9789 -0.1867
vn -0.0000 -0.7176 -0.6965
vn 0.2436 -0.8164 0.5236
vn -0.0000 -0.8924 0.4513
vn 0.0687 -0.9875 0.1420
vn -0.0000 -0.9381 0.3464
vn -0.0000 -1.0000 -0.0007
vn 0.1187 0.8439 0.5231
vn -0.0407 0.9975 0.0575
vn -0.3606 0.9081 0.2128
vn 0.0073 0.9914 -0.1307
vn 0.0042 0.8897 0.4566
vn -0.0000 0.8885 0.4588
vn -0.0000 0.9995 -0.0319
vn 0.9786 0.2032 0.0312
vn 0.0019 0.1692 -0.9856
vn 0.0031 0.3814 0.9244
vn -0.9518 0.3027 0.0496
vn -0.4532 0.6784 0.5783
vn -0.5911 0.6745 -0.4423
vn 0.7377 0.3416 -0.5823
vn 0.6522 0.4639 0.5995
vn 0.7967 0.5892 0.1348
vn 0.0162 0.8611 -0.5081
vn 0.0169 0.4195 0.9076
vn -0.7193 0.6777 0.1526
vn 0.7003 0.0632 0.7110
vn -0.6147 0.2887 0.7340
vn 0.6609 0.4622 -0.5913
vn -0.6561 0.2453 -0.7137
vn 0.6331 0.2262 0.7403
vn -0.6711 0.1856 0.7177
vn 0.6592 0.1738 -0.7316
vn -0.6262 0.5548 -0.5478
vn -0.0011 0.3453 -0.9385
vn -0.9325 0.3582 0.0451
vn 0.9737 0.2271 0.0175
vn -0.0017 0.0750 0.9972
vn 0.7511 -0.3762 0.5424
vn -0.0000 -0.6450 0.7642
vn 0.1062 -0.3974 -0.9115
vn 0.4539 -0.5980 -0.6606
vn 0.9436 -0.3024 -0.1350
vn -0.0000 -0.7632 0.6462
vn 0.5933 -0.0406 -0.8040
vn -0.0000 0.0351 -0.9994
vn -0.0000 -0.7305 -0.6829
vn 0.0588 -0.8641 -0.4999
vn 0.1513 -0.4771 0.8657
vn 0.6950 -0.5362 0.4791
vn -0.5896 -0.5170 0.6206
vn -0.0059 -0.9966 -0.0822
vn 0.0234 0.1730 0.9846
vn -0.4485 0.2827 0.8479
vn 0.6439 0.1475 0.7507
vn 0.4626 -0.7328 -0.4989
vn -0.2155 -0.9737 0.0743
vn -0.1690 -0.4191 0.8921
vn 0.5895 0.3673 0.7194
vn 0.4962 -0.7788 -0.3837
vn -0.4787 -0.8636 -0.1586
vn -0.5585 -0.5489 0.6219
vn 0.0215 -0.8879 -0.4596
vn 0.9676 -0.2428 0.0689
vn 0.0248 0.4725 0.8810
vn 0.8141 0.0915 -0.5735
vn 0.8106 0.3467 0.4720
vn -0.0000 0.1133 -0.9936
vn -0.0000 0.5404 0.8414
vn 0.9940 0.1094 -0.0024
vn 0.9830 0.0807 -0.1649
vn 0.3535 0.4944 0.7941
vn 0.3282 0.0607 -0.9427
vn 0.9756 0.1647 0.1451
vn -0.4142 0.8461 0.3355
vn -0.6080 -0.5529 0.5698
vn -0.4570 -0.8751 0.1591
vn -0.8996 0.4159 0.1332
vn -0.4926 0.8214 0.2876
vn -0.9278 -0.3618 0.0908
vn -0.6341 0.6777 0.3723
vn -0.9759 0.2118 0.0532
vn -0.7166 0.6762 -0.1706
vn -0.7003 0.6779 -0.2236
vn -0.5962 0.6242 -0.5050
vn -0.5042 0.1301 -0.8537
vn -0.6686 -0.3361 -0.6633
vn -0.2001 0.2429 -0.9492
vn -0.5993 -0.7433 0.2972
vn -0.7043 -0.3793 0.6001
vn -0.5927 -0.0111 0.8053
vn -0.7336 -0.5298 0.4256
vn -0.7224 -0.6913 0.0153
vn -0.5502 -0.5387 -0.6380
vn -0.6670 -0.1800 -0.7230
vn -0.9181 -0.0899 -0.3861
vn -0.9509 -0.1908 -0.2437
vn -0.9321 -0.3560 0.0658
vn -0.9996 -0.0274 0.0026
vn -0.8932 -0.3296 -0.3058
vn -0.9997 -0.0180 -0.0142
vn -0.9996 -0.0200 -0.0178
vn -0.9477 -0.2370 -0.2137
vn -0.9826 -0.1724 -0.0697
vn -0.9786 -0.1908 0.0774
vn -0.9942 -0.1066 0.0164
vn -0.9757 0.2095 -0.0636
vn -0.9988 -0.0174 -0.0464
vn -0.9778 0.1325 -0.1625
vn -0.9788 -0.2043 0.0116
vn -0.9800 -0.1781 -0.0890
vn -0.9816 -0.1514 -0.1159
vn -0.5680 -0.1235 -0.8137
vn -0.6212 0.3492 0.7015
vn -0.9487 -0.3132 0.0427
vn -0.9284 0.3456 0.1363
vn -0.9800 0.1674 0.1079
vn -0.9914 0.1164 -0.0591
vn -1.0000 0.0006 -0.0036
vn -0.9993 0.0355 0.0151
vn -0.9994 0.0314 0.0131
vn -0.9753 -0.0286 0.2188
vn -1.0000 -0.0015 -0.0054
vn -0.8905 -0.1098 -0.4415
vn -0.8852 -0.1790 -0.4293
vn -0.5441 -0.2472 -0.8018
vn -0.5450 0.2371 0.8042
vn -0.8933 -0.2263 -0.3883
vn -0.5480 -0.3666 -0.7519
vn -0.5463 0.3783 0.7473
vn -0.9005 -0.2525 -0.3541
vn -0.5643 -0.4511 -0.6915
vn -0.5639 0.4624 0.6842
vn -0.9164 -0.2314 -0.3266
vn -0.5823 -0.4827 -0.6541
vn -0.5800 0.5100 0.6352
vn -0.9320 -0.1879 -0.3100
vn -0.6219 -0.4417 -0.6466
vn -0.6135 0.4854 0.6229
vn -0.9419 -0.1536 -0.2988
vn -0.6450 -0.3890 -0.6577
vn -0.6375 0.4287 0.6402
vn -0.9581 -0.1044 -0.2669
vn -0.6692 -0.3231 -0.6692
vn -0.6665 0.3758 0.6438
vn -0.7197 0.3504 0.5994
vn -0.9730 -0.0648 -0.2217
vn -0.7255 -0.2375 -0.6459
vn -0.8062 0.3066 0.5059
vn -0.9801 0.0703 -0.1854
vn -0.8001 -0.0478 -0.5980
vn -0.7807 0.3140 0.5402
vn -0.9802 0.0073 -0.1977
vn -0.7863 -0.1644 -0.5955
vn -0.9863 0.0510 -0.1571
vn -0.8045 0.0304 -0.5932
vn -0.7866 0.0243 0.6170
vn -0.9790 -0.0938 -0.1810
vn -0.7927 0.0893 -0.6030
vn -0.6108 -0.5920 0.5258
vn -0.9812 -0.0859 -0.1729
vn -0.7880 0.0601 -0.6128
vn -0.7042 -0.3452 0.6204
vn -0.9819 0.0958 -0.1634
vn -0.7802 0.3079 -0.5444
vn -0.8366 0.0181 0.5475
vn -0.9951 0.0529 -0.0833
vn -0.7478 0.4962 -0.4410
vn -0.8648 0.2566 0.4317
vn -0.9928 -0.0106 -0.1197
vn -0.1683 0.9272 -0.3346
vn -0.2094 0.9545 -0.2124
vn -0.2526 0.4831 0.8383
vn -0.1799 0.5927 0.7851
vn -0.2980 0.3808 -0.8753
vn -0.1867 0.8784 -0.4399
vn -0.3146 -0.0783 0.9460
vn -0.0833 0.5526 -0.8293
vn -0.2982 0.4771 0.8267
vn -0.1848 -0.5716 -0.7994
vn -0.0995 -0.2838 -0.9537
vn -0.2955 -0.3036 -0.9058
vn -0.2686 0.6768 -0.6854
vn -0.2441 -0.1159 -0.9628
vn -0.3924 0.4217 0.8174
vn -0.7521 0.1353 -0.6450
vn -0.1982 -0.5739 -0.7946
vn -0.2577 0.7763 -0.5753
vn -0.4031 0.5399 0.7389
vn -0.2421 -0.3789 -0.8932
vn -0.1958 0.6154 0.7635
vn -0.3516 0.4645 0.8128
vn -0.1739 -0.2016 -0.9639
vn -0.2456 -0.6941 0.6767
vn -0.1230 -0.9613 0.2465
vn -0.3413 0.4467 0.8270
vn -0.2378 -0.6573 0.7151
vn -0.2135 -0.2632 0.9408
vn -0.3241 -0.0898 -0.9417
vn -0.2177 -0.5305 -0.8192
vn -0.1702 0.1761 0.9696
vn -0.2083 0.5710 0.7941
vn -0.3329 -0.2033 -0.9208
vn -0.1724 -0.3630 -0.9157
vn -0.1613 0.3753 0.9128
vn -0.2198 -0.4684 -0.8558
vn -0.2137 -0.8711 0.4421
vn -0.3230 0.1532 -0.9339
vn -0.0948 0.8173 0.5683
vn -0.0898 0.9440 0.3175
vn -0.2239 0.5098 0.8306
vn -0.1638 -0.8546 -0.4928
vn -0.2504 -0.6057 0.7552
vn -0.0895 -0.9285 0.3602
vn -0.2115 -0.2131 0.9539
vn -0.1795 -0.4853 -0.8557
vn -0.1990 -0.3477 -0.9162
vn -0.1732 0.5052 0.8455
vn -0.2983 0.2014 -0.9330
vn -0.1968 -0.1342 -0.9712
vn -0.1800 -0.6441 0.7434
vn -0.1124 0.9102 0.3986
vn 0.0322 0.9313 0.3629
vn -0.5462 0.7532 0.3665
vn -0.9367 -0.1295 0.3254
vn -0.9606 -0.2392 0.1414
vn -0.9996 -0.0271 0.0010
vn -0.9829 -0.1837 -0.0092
vn -0.9996 0.0255 0.0125
vn -0.9025 0.0598 0.4265
vn -0.8908 0.1636 0.4240
vn -0.8964 0.2222 0.3835
vn -0.9011 0.2611 0.3462
vn -0.9133 0.2585 0.3146
vn -0.9279 0.2265 0.2962
vn -0.9362 0.1888 0.2963
vn -0.9476 0.1644 0.2738
vn -0.9666 0.1363 0.2172
vn -0.9752 0.1652 0.1472
vn -0.9765 0.1382 0.1656
vn -0.9635 -0.1389 0.2287
vn -0.9361 -0.2614 0.2355
vn -0.9599 -0.1955 0.2009
vn -0.9899 -0.0062 0.1415
vn -0.9962 -0.0122 0.0862
vn -0.1362 0.8769 0.4610
vn -0.9990 -0.0443 0.0023
vn -0.9968 -0.0792 0.0053
vn -0.9773 -0.2102 0.0269
vn -0.9980 -0.0603 0.0208
vn -0.9965 0.0825 0.0144
vn -0.9993 0.0362 -0.0022
vn -0.9953 0.0958 -0.0126
vn -0.9995 0.0302 0.0091
vn -0.9998 0.0187 0.0093
vn -0.9998 0.0176 -0.0042
vn -0.9999 0.0150 -0.0052
vn -1.0000 0.0062 -0.0026
vn -1.0000 -0.0011 -0.0033
vn -1.0000 -0.0095 -0.0021
vn -0.9999 -0.0147 -0.0069
vn -1.0000 -0.0010 -0.0003
vn -0.9983 -0.0569 -0.0154
vn -0.9984 -0.0521 -0.0203
vn -0.9926 -0.1180 -0.0287
vn -0.9809 -0.1895 -0.0444
vn -0.9462 0.2901 0.1437
vn -0.9986 0.0198 0.0495
vn -0.8249 -0.5121 -0.2391
vn -0.8487 0.3261 0.4164
vn -0.7994 0.2860 0.5283
vn -0.9911 -0.0378 0.1275
vn -0.7932 -0.5001 -0.3474
vn -0.8198 -0.1682 -0.5475
vn -0.9533 -0.2853 0.0990
vn -0.6362 -0.5598 0.5309
vn -0.3840 -0.7647 0.5174
vn -0.4362 -0.8982 -0.0545
vn -0.6208 -0.3171 -0.7170
vn -0.3573 0.5493 0.7554
vn -0.3000 -0.2752 0.9134
vn -0.0951 -0.8357 0.5408
vn -0.0496 -0.9212 0.3858
vn -0.1862 -0.2131 -0.9591
vn -0.2460 -0.7171 -0.6521
vn -0.2623 -0.8182 -0.5116
vn -0.1932 -0.9810 0.0159
vn -0.0744 -0.7020 -0.7083
vn -0.7981 -0.5233 0.2986
vn -0.9998 0.0133 -0.0156
vn -0.7377 0.5481 -0.3941
vn -0.6296 -0.7285 0.2697
vn -0.3451 -0.9385 -0.0122
vn -0.7216 -0.4928 -0.4862
vn -0.3441 0.2413 -0.9074
vn -0.0826 -0.9789 -0.1867
vn -0.2436 -0.8164 0.5236
vn -0.0687 -0.9875 0.1420
vn -0.1187 0.8439 0.5231
vn 0.0407 0.9975 0.0575
vn 0.3606 0.9081 0.2128
vn -0.0073 0.9914 -0.1307
vn -0.0042 0.8897 0.4566
vn -0.9786 0.2032 0.0312
vn -0.0019 0.1692 -0.9856
vn -0.0031 0.3814 0.9244
vn 0.9518 0.3027 0.0496
vn 0.4532 0.6784 0.5783
vn 0.5911 0.6745 -0.4423
vn -0.7377 0.3416 -0.5823
vn -0.6522 0.4639 0.5995
vn -0.7967 0.5892 0.1348
vn -0.0162 0.8611 -0.5081
vn -0.0169 0.4195 0.9076
vn 0.7193 0.6777 0.1526
vn -0.7003 0.0632 0.7110
vn 0.6147 0.2887 0.7340
vn -0.6609 0.4622 -0.5913
vn 0.6561 0.2453 -0.7137
vn -0.6331 0.2262 0.7403
vn 0.6711 0.1856 0.7177
vn -0.6592 0.1738 -0.7316
vn 0.6262 0.5548 -0.5478
vn 0.0011 0.3453 -0.9385
vn 0.9325 0.3582 0.0451
vn -0.9737 0.2271 0.0175
vn 0.0017 0.0750 0.9972
vn -0.7511 -0.3762 0.5424
vn -0.1062 -0.3974 -0.9115
vn -0.4539 -0.5980 -0.6606
vn -0.9436 -0.3024 -0.1350
vn -0.5933 -0.0406 -0.8039
vn -0.0588 -0.8641 -0.4999
vn -0.1513 -0.4771 0.8657
vn -0.6949 -0.5362 0.4791
vn 0.5895 -0.5170 0.6206
vn 0.0059 -0.9966 -0.0823
vn -0.0234 0.1730 0.9846
vn 0.4485 0.2827 0.8479
vn -0.6439 0.1475 0.7507
vn -0.4626 -0.7328 -0.4989
vn 0.2155 -0.9737 0.0743
vn 0.1690 -0.4191 0.8921
vn -0.5895 0.3673 0.7194
vn -0.4962 -0.7788 -0.3837
vn 0.4787 -0.8636 -0.1586
vn 0.5585 -0.5489 0.6220
vn -0.0215 -0.8879 -0.4596
vn -0.9676 -0.2428 0.0689
vn -0.0248 0.4725 0.8810
vn -0.8141 0.0915 -0.5735
vn -0.8106 0.3467 0.4720
vn -0.9940 0.1094 -0.0024
vn -0.9830 0.0807 -0.1649
vn -0.3535 0.4944 0.7941
vn -0.3282 0.0607 -0.9427
vn -0.9756 0.1647 0.1451
vn 0.4142 -0.8461 0.3355
vn 0.6080 0.5529 0.5698
vn 0.4570 0.8751 0.1591
vn 0.8996 -0.4159 0.1332
vn 0.4926 -0.8214 0.2876
vn 0.9278 0.3618 0.0908
vn 0.6341 -0.6777 0.3723
vn 0.9759 -0.2118 0.0532
vn 0.7166 -0.6762 -0.1706
vn 0.7003 -0.6779 -0.2236
vn 0.5962 -0.6242 -0.5050
vn 0.5042 -0.1301 -0.8537
vn 0.6686 0.3361 -0.6633
vn 0.2001 -0.2429 -0.9492
vn 0.5993 0.7433 0.2972
vn 0.7043 0.3793 0.6001
vn 0.5927 0.0111 0.8053
vn 0.7336 0.5298 0.4256
vn 0.7224 0.6913 0.0153
vn 0.5502 0.5387 -0.6380
vn 0.6670 0.1800 -0.7230
vn 0.9181 0.0899 -0.3861
vn 0.9509 0.1908 -0.2437
vn 0.9321 0.3560 0.0658
vn 0.9996 0.0274 0.0026
vn 0.8932 0.3296 -0.3058
vn 0.9997 0.0180 -0.0142
vn 0.9996 0.0200 -0.0178
vn 0.9477 0.2370 -0.2137
vn 0.9826 0.1724 -0.0697
vn 0.9786 0.1908 0.0774
vn 0.9942 0.1066 0.0164
vn 0.9757 -0.2095 -0.0636
vn 0.9988 0.0174 -0.0464
vn 0.9778 -0.1325 -0.1625
vn 0.9788 0.2043 0.0116
vn 0.9800 0.1781 -0.0890
vn 0.9816 0.1514 -0.1159
vn 0.5680 0.1235 -0.8137
vn 0.6212 -0.3492 0.7015
vn 0.9487 0.3132 0.0427
vn 0.9284 -0.3456 0.1363
vn 0.9800 -0.1674 0.1079
vn 0.9914 -0.1164 -0.0591
vn 1.0000 -0.0006 -0.0036
vn 0.9993 -0.0355 0.0151
vn 0.9994 -0.0314 0.0131
vn 0.9753 0.0286 0.2188
vn 1.0000 0.0015 -0.0054
vn 0.8905 0.1098 -0.4415
vn 0.8852 0.1790 -0.4293
vn 0.5441 0.2472 -0.8018
vn 0.5450 -0.2371 0.8042
vn 0.8933 0.2263 -0.3883
vn 0.5480 0.3666 -0.7519
vn 0.5463 -0.3783 0.7473
vn 0.9005 0.2525 -0.3541
vn 0.5643 0.4511 -0.6915
vn 0.5639 -0.4624 0.6842
vn 0.9164 0.2314 -0.3266
vn 0.5823 0.4827 -0.6541
vn 0.5800 -0.5100 0.6352
vn 0.9320 0.1879 -0.3100
vn 0.6219 0.4417 -0.6466
vn 0.6135 -0.4854 0.6229
vn 0.9419 0.1536 -0.2988
vn 0.6450 0.3890 -0.6577
vn 0.6375 -0.4287 0.6402
vn 0.9581 0.1044 -0.2669
vn 0.6692 0.3231 -0.6692
vn 0.6665 -0.3758 0.6438
vn 0.7197 -0.3504 0.5994
vn 0.9730 0.0648 -0.2217
vn 0.7255 0.2375 -0.6459
vn 0.8062 -0.3066 0.5059
vn 0.9801 -0.0703 -0.1854
vn 0.8001 0.0478 -0.5980
vn 0.7807 -0.3140 0.5402
vn 0.9802 -0.0073 -0.1977
vn 0.7863 0.1644 -0.5955
vn 0.9863 -0.0510 -0.1571
vn 0.8045 -0.0304 -0.5932
vn 0.7866 -0.0243 0.6170
vn 0.9790 0.0938 -0.1810
vn 0.7927 -0.0893 -0.6030
vn 0.6108 0.5920 0.5258
vn 0.9812 0.0859 -0.1729
vn 0.7880 -0.0601 -0.6128
vn 0.7042 0.3452 0.6204
vn 0.9819 -0.0958 -0.1634
vn 0.7802 -0.3079 -0.5444
vn 0.8366 -0.0181 0.5475
vn 0.9951 -0.0529 -0.0833
vn 0.7478 -0.4962 -0.4410
vn 0.8648 -0.2566 0.4317
vn -0.0000 -0.9342 0.3568
vn -0.0000 0.6656 0.7463
vn -0.0000 0.9821 0.1881
vn -0.0000 -0.9370 0.3493
vn -0.0000 -0.9106 0.4134
vn -0.0000 -0.9750 0.2221
vn -0.0000 -0.9911 -0.1332
vn -0.0000 -0.9556 -0.2948
vn -0.0000 -0.7592 -0.6508
vn -0.0000 -0.1573 -0.9876
vn -0.0000 0.3589 -0.9334
vn 0.9928 0.0106 -0.1197
vn -0.0000 0.8692 0.4945
vn -0.0000 0.5073 0.8617
vn -0.0000 0.0001 1.0000
vn -0.0000 0.7439 0.6682
vn -0.0000 0.9995 0.0315
vn -0.0000 0.5677 -0.8232
vn -0.0000 0.1955 -0.9807
vn -0.0000 0.1368 -0.9906
vn -0.0000 -0.3567 0.9342
vn -0.0000 0.2917 -0.9565
vn -0.0000 -0.2870 0.9579
vn -0.0000 0.4342 -0.9008
vn -0.0000 -0.4581 0.8889
vn -0.0000 0.5460 -0.8378
vn -0.0000 -0.5605 0.8282
vn -0.0000 0.5937 -0.8047
vn -0.0000 -0.6269 0.7791
vn -0.0000 0.5666 -0.8240
vn -0.0000 -0.6109 0.7917
vn -0.0000 0.5167 -0.8562
vn -0.0000 -0.5513 0.8343
vn -0.0000 0.4383 -0.8988
vn -0.0000 -0.5049 0.8632
vn -0.0000 -0.5005 0.8657
vn -0.0000 0.3478 -0.9376
vn -0.0000 -0.4598 0.8880
vn -0.0000 0.1676 -0.9859
vn -0.0000 -0.4895 0.8720
vn -0.0000 0.2805 -0.9598
vn -0.0000 0.0257 -0.9997
vn -0.0000 -0.0037 1.0000
vn -0.0000 -0.1936 -0.9811
vn -0.0000 0.7888 0.6147
vn -0.0000 -0.2950 -0.9555
vn -0.0000 0.3402 0.9404
vn -0.0000 -0.5844 -0.8115
vn -0.0000 -0.2612 0.9653
vn -0.0000 -0.7749 -0.6320
vn -0.0000 -0.5822 0.8131
vn 0.1683 -0.9272 -0.3346
vn 0.2094 -0.9545 -0.2124
vn 0.2526 -0.4831 0.8383
vn 0.1799 -0.5927 0.7851
vn 0.2980 -0.3808 -0.8753
vn 0.1867 -0.8784 -0.4399
vn 0.3146 0.0783 0.9460
vn 0.0833 -0.5526 -0.8293
vn 0.2982 -0.4771 0.8267
vn 0.1848 0.5716 -0.7994
vn 0.0995 0.2838 -0.9537
vn 0.2955 0.3036 -0.9058
vn 0.2686 -0.6768 -0.6854
vn 0.2441 0.1159 -0.9628
vn 0.3924 -0.4217 0.8174
vn 0.7521 -0.1353 -0.6450
vn 0.1982 0.5739 -0.7946
vn 0.2577 -0.7763 -0.5753
vn 0.4031 -0.5399 0.7389
vn -0.0000 -0.1842 -0.9829
vn 0.2421 0.3789 -0.8932
vn 0.1958 -0.6154 0.7635
vn 0.3516 -0.4645 0.8128
vn 0.1739 0.2016 -0.9639
vn 0.2456 0.6941 0.6767
vn 0.1230 0.9613 0.2465
vn 0.3413 -0.4467 0.8270
vn 0.2378 0.6573 0.7151
vn 0.2135 0.2632 0.9408
vn 0.3241 0.0898 -0.9417
vn 0.2177 0.5305 -0.8192
vn 0.1702 -0.1761 0.9696
vn 0.2083 -0.5710 0.7941
vn 0.3329 0.2033 -0.9208
vn 0.1724 0.3630 -0.9157
vn 0.1613 -0.3753 0.9128
vn 0.2198 0.4684 -0.8558
vn 0.2137 0.8711 0.4421
vn 0.3230 -0.1532 -0.9339
vn 0.0948 -0.8173 0.5683
vn 0.0898 -0.9440 0.3175
vn 0.2239 -0.5098 0.8306
vn 0.1638 0.8546 -0.4928
vn 0.2504 0.6057 0.7552
vn 0.0896 0.9285 0.3602
vn 0.2115 0.2131 0.9539
vn 0.1795 0.4853 -0.8557
vn 0.1990 0.3477 -0.9162
vn 0.1732 -0.5052 0.8455
vn 0.2983 -0.2014 -0.9330
vn 0.1968 0.1342 -0.9712
vn 0.1800 0.6441 0.7434
vn 0.1124 -0.9102 0.3986
vn -0.0321 -0.9313 0.3629
vn 0.5462 -0.7532 0.3665
vn 0.9367 0.1295 0.3254
vn 0.9606 0.2392 0.1414
vn 0.9996 0.0271 0.0010
vn 0.9829 0.1837 -0.0092
vn 0.9996 -0.0255 0.0125
vn 0.9025 -0.0598 0.4265
vn 0.8908 -0.1636 0.4240
vn 0.8964 -0.2222 0.3835
vn 0.9011 -0.2611 0.3462
vn 0.9133 -0.2585 0.3146
vn 0.9279 -0.2265 0.2962
vn 0.9362 -0.1888 0.2963
vn 0.9476 -0.1644 0.2738
vn 0.9665 -0.1363 0.2172
vn 0.9752 -0.1652 0.1472
vn 0.9765 -0.1382 0.1656
vn 0.9635 0.1389 0.2287
vn 0.9361 0.2614 0.2355
vn 0.9599 0.1955 0.2009
vn 0.9899 0.0062 0.1415
vn 0.9962 0.0122 0.0862
vn -0.0000 -0.8929 0.4503
vn 0.1362 -0.8769 0.4610
vn 0.9990 0.0443 0.0023
vn 0.9968 0.0792 0.0053
vn 0.9773 0.2102 0.0269
vn 0.9980 0.0603 0.0208
vn 0.9965 -0.0825 0.0144
vn 0.9993 -0.0362 -0.0022
vn 0.9953 -0.0958 -0.0126
vn 0.9995 -0.0302 0.0091
vn 0.9998 -0.0187 0.0093
vn 0.9998 -0.0176 -0.0042
vn 0.9999 -0.0150 -0.0052
vn 1.0000 -0.0062 -0.0026
vn 1.0000 0.0011 -0.0033
vn 1.0000 0.0095 -0.0021
vn 0.9999 0.0147 -0.0069
vn 1.0000 0.0010 -0.0003
vn 0.9983 0.0569 -0.0154
vn 0.9984 0.0521 -0.0203
vn 0.9926 0.1180 -0.0287
vn 0.9809 0.1895 -0.0444
vn 0.9462 -0.2901 0.1437
vn 0.9986 -0.0198 0.0495
vn 0.8249 0.5121 -0.2391
vn 0.8487 -0.3261 0.4164
vn 0.7994 -0.2860 0.5283
vn 0.9911 0.0378 0.1275
vn 0.7932 0.5001 -0.3474
vn 0.8198 0.1682 -0.5475
vn 0.9533 0.2853 0.0990
vn 0.6362 0.5598 0.5309
vn 0.3840 0.7647 0.5174
vn 0.4362 0.8982 -0.0545
vn 0.6208 0.3171 -0.7170
vn 0.3573 -0.5493 0.7554
vn 0.3000 0.2752 0.9134
vn 0.0951 0.8357 0.5408
vn 0.0496 0.9212 0.3858
vn -0.0000 0.8417 0.5400
vn -0.0000 0.7995 0.6007
vn -0.0000 -0.3600 0.9330
vn -0.0000 -0.5793 0.8151
vn 0.1862 0.2131 -0.9591
vn 0.2460 0.7171 -0.6521
vn 0.2623 0.8182 -0.5116
vn 0.1932 0.9810 0.0159
vn -0.0000 0.9090 -0.4169
vn -0.0000 0.8479 -0.5302
vn -0.0000 0.5105 -0.8599
vn 0.0744 0.7020 -0.7083
vn -0.0000 0.9935 -0.1141
vn -0.0000 0.3312 -0.9436
vn 0.7981 0.5233 0.2986
vn 0.9998 -0.0133 -0.0156
vn 0.7377 -0.5481 -0.3941
vn 0.6296 0.7285 0.2697
vn 0.3451 0.9385 -0.0122
vn 0.7216 0.4928 -0.4862
vn 0.3441 -0.2413 -0.9074
vn -0.0000 -0.7475 -0.6643
vn 0.0826 0.9789 -0.1867
vn -0.0000 0.7176 -0.6965
vn 0.2436 0.8164 0.5236
vn -0.0000 0.8924 0.4513
vn 0.0687 0.9875 0.1420
vn -0.0000 0.9381 0.3464
vn -0.0000 1.0000 -0.0007
vn 0.1187 -0.8439 0.5231
vn -0.0407 -0.9975 0.0575
vn -0.3606 -0.9081 0.2128
vn 0.0073 -0.9914 -0.1307
vn 0.0042 -0.8897 0.4566
vn -0.0000 -0.8885 0.4588
vn -0.0000 -0.9995 -0.0319
vn 0.9786 -0.2032 0.0312
vn 0.0019 -0.1692 -0.9856
vn 0.0031 -0.3814 0.9244
vn -0.9518 -0.3027 0.0496
vn -0.4532 -0.6784 0.5783
vn -0.5911 -0.6745 -0.4423
vn 0.7377 -0.3416 -0.5823
vn 0.6522 -0.4639 0.5995
vn 0.7967 -0.5892 0.1348
vn 0.0162 -0.8611 -0.5081
vn 0.0169 -0.4195 0.9076
vn -0.7193 -0.6777 0.1526
vn 0.7003 -0.0632 0.7110
vn -0.6147 -0.2887 0.7340
vn 0.6609 -0.4622 -0.5913
vn -0.6561 -0.2453 -0.7137
vn 0.6331 -0.2262 0.7403
vn -0.6711 -0.1856 0.7177
vn 0.6592 -0.1738 -0.7316
vn -0.6262 -0.5548 -0.5478
vn -0.0011 -0.3453 -0.9385
vn -0.9325 -0.3582 0.0451
vn 0.9737 -0.2271 0.0175
vn -0.0017 -0.0750 0.9972
vn 0.7511 0.3762 0.5424
vn -0.0000 0.6450 0.7642
vn 0.1062 0.3974 -0.9115
vn 0.4539 0.5980 -0.6606
vn 0.9436 0.3024 -0.1350
vn -0.0000 0.7632 0.6462
vn 0.5933 0.0406 -0.8039
vn -0.0000 -0.0351 -0.9994
vn -0.0000 0.7305 -0.6829
vn 0.0588 0.8641 -0.4999
vn 0.1513 0.4771 0.8657
vn 0.6949 0.5362 0.4791
vn -0.5895 0.5170 0.6206
vn -0.0059 0.9966 -0.0823
vn 0.0234 -0.1730 0.9846
vn -0.4485 -0.2827 0.8479
vn 0.6439 -0.1475 0.7507
vn 0.4626 0.7328 -0.4989
vn -0.2155 0.9737 0.0743
vn -0.1690 0.4191 0.8921
vn 0.5895 -0.3673 0.7194
vn 0.4962 0.7788 -0.3837
vn -0.4787 0.8636 -0.1586
vn -0.5585 0.5489 0.6220
vn 0.0215 0.8879 -0.4596
vn 0.9676 0.2428 0.0689
vn 0.0248 -0.4725 0.8810
vn 0.8141 -0.0915 -0.5735
vn 0.8106 -0.3467 0.4720
vn -0.0000 -0.1133 -0.9936
vn -0.0000 -0.5404 0.8414
vn 0.9940 -0.1094 -0.0024
vn 0.9830 -0.0807 -0.1649
vn 0.3535 -0.4944 0.7941
vn 0.3282 -0.0607 -0.9427
vn 0.9756 -0.1647 0.1451
vn -0.4142 -0.8461 0.3355
vn -0.6080 0.5529 0.5698
vn -0.4570 0.8751 0.1591
vn -0.8996 -0.4159 0.1332
vn -0.4926 -0.8214 0.2876
vn -0.9278 0.3618 0.0908
vn -0.6341 -0.6777 0.3723
vn -0.9759 -0.2118 0.0532
vn -0.7166 -0.6763 -0.1706
vn -0.7003 -0.6779 -0.2236
vn -0.5962 -0.6242 -0.5050
vn -0.5042 -0.1301 -0.8537
vn -0.6686 0.3361 -0.6633
vn -0.2001 -0.2429 -0.9492
vn -0.5993 0.7433 0.2972
vn -0.7043 0.3793 0.6001
vn -0.5927 0.0111 0.8053
vn -0.7335 0.5298 0.4256
vn -0.7224 0.6913 0.0153
vn -0.5502 0.5387 -0.6380
vn -0.6670 0.1800 -0.7230
vn -0.9181 0.0899 -0.3861
vn -0.9509 0.1908 -0.2437
vn -0.9321 0.3560 0.0658
vn -0.9996 0.0274 0.0026
vn -0.8932 0.3296 -0.3058
vn -0.9997 0.0180 -0.0142
vn -0.9996 0.0200 -0.0178
vn -0.9477 0.2370 -0.2137
vn -0.9826 0.1724 -0.0697
vn -0.9786 0.1908 0.0774
vn -0.9942 0.1066 0.0164
vn -0.9757 -0.2095 -0.0636
vn -0.9988 0.0174 -0.0464
vn -0.9778 -0.1325 -0.1625
vn -0.9788 0.2043 0.0116
vn -0.9800 0.1781 -0.0890
vn -0.9816 0.1514 -0.1159
vn -0.5680 0.1235 -0.8137
vn -0.6212 -0.3492 0.7015
vn -0.9487 0.3132 0.0427
vn -0.9284 -0.3456 0.1363
vn -0.9800 -0.1674 0.1079
vn -0.9914 -0.1164 -0.0591
vn -1.0000 -0.0006 -0.0036
vn -0.9993 -0.0355 0.0151
vn -0.9994 -0.0314 0.0131
vn -0.9753 0.0286 0.2188
vn -1.0000 0.0015 -0.0054
vn -0.8905 0.1098 -0.4415
vn -0.8852 0.1790 -0.4293
vn -0.5441 0.2472 -0.8018
vn -0.5450 -0.2371 0.8042
vn -0.8933 0.2263 -0.3883
vn -0.5480 0.3666 -0.7519
vn -0.5463 -0.3782 0.7473
vn -0.9005 0.2525 -0.3541
vn -0.5643 0.4511 -0.6915
vn -0.5639 -0.4624 0.6842
vn -0.9164 0.2314 -0.3266
vn -0.5823 0.4827 -0.6541
vn -0.5800 -0.5100 0.6352
vn -0.9320 0.1879 -0.3100
vn -0.6219 0.4417 -0.6466
vn -0.6135 -0.4854 0.6229
vn -0.9419 0.1536 -0.2988
vn -0.6450 0.3890 -0.6577
vn -0.6375 -0.4287 0.6402
vn -0.9581 0.1044 -0.2669
vn -0.6692 0.3231 -0.6692
vn -0.6665 -0.3758 0.6438
vn -0.7197 -0.3504 0.5994
vn -0.9730 0.0648 -0.2217
vn -0.7255 0.2375 -0.6459
vn -0.8062 -0.3066 0.5059
vn -0.9801 -0.0703 -0.1854
vn -0.8001 0.0478 -0.5980
vn -0.7807 -0.3140 0.5402
vn -0.9802 -0.0073 -0.1977
vn -0.7863 0.1644 -0.5955
vn -0.9863 -0.0510 -0.1571
vn -0.8045 -0.0304 -0.5932
vn -0.7866 -0.0243 0.6170
vn -0.9790 0.0938 -0.1810
vn -0.7927 -0.0893 -0.6030
vn -0.6108 0.5920 0.5258
vn -0.9812 0.0859 -0.1729
vn -0.7880 -0.0601 -0.6128
vn -0.7042 0.3452 0.6204
vn -0.9819 -0.0958 -0.1634
vn -0.7802 -0.3079 -0.5444
vn -0.8366 -0.0181 0.5475
vn -0.9951 -0.0529 -0.0833
vn -0.7478 -0.4962 -0.4410
vn -0.8648 -0.2566 0.4317
vn -0.9928 0.0106 -0.1197
vn -0.1683 -0.9272 -0.3346
vn -0.2094 -0.9545 -0.2124
vn -0.2526 -0.4831 0.8383
vn -0.1799 -0.5927 0.7851
vn -0.2980 -0.3808 -0.8753
vn -0.1867 -0.8784 -0.4399
vn -0.3146 0.0783 0.9460
vn -0.0833 -0.5526 -0.8293
vn -0.2982 -0.4771 0.8267
vn -0.1848 0.5716 -0.7994
vn -0.0995 0.2838 -0.9537
vn -0.2955 0.3036 -0.9058
vn -0.2686 -0.6768 -0.6854
vn -0.2441 0.1159 -0.9628
vn -0.3924 -0.4217 0.8174
vn -0.7521 -0.1353 -0.6450
vn -0.1982 0.5739 -0.7946
vn -0.2577 -0.7763 -0.5753
vn -0.4031 -0.5399 0.7389
vn -0.2421 0.3789 -0.8932
vn -0.1958 -0.6154 0.7635
vn -0.3516 -0.4645 0.8128
vn -0.1739 0.2016 -0.9639
vn -0.2456 0.6941 0.6767
vn -0.1230 0.9613 0.2465
vn -0.3413 -0.4467 0.8270
vn -0.2378 0.6573 0.7151
vn -0.2135 0.2632 0.9408
vn -0.3241 0.0898 -0.9417
vn -0.2177 0.5305 -0.8192
vn -0.1702 -0.1761 0.9696
vn -0.2083 -0.5710 0.7941
vn -0.3329 0.2033 -0.9208
vn -0.1724 0.3630 -0.9157
vn -0.1613 -0.3753 0.9128
vn -0.2198 0.4684 -0.8558
vn -0.2137 0.8711 0.4421
vn -0.3230 -0.1532 -0.9339
vn -0.0948 -0.8173 0.5683
vn -0.0898 -0.9440 0.3175
vn -0.2239 -0.5098 0.8306
vn -0.1638 0.8546 -0.4928
vn -0.2504 0.6057 0.7552
vn -0.0896 0.9285 0.3602
vn -0.2115 0.2131 0.9539
vn -0.1795 0.4853 -0.8557
vn -0.1990 0.3477 -0.9162
vn -0.1732 -0.5052 0.8455
vn -0.2983 -0.2014 -0.9330
vn -0.1968 0.1342 -0.9712
vn -0.1800 0.6441 0.7434
vn -0.1124 -0.9102 0.3986
vn 0.0321 -0.9313 0.3629
vn -0.5462 -0.7532 0.3665
vn -0.9367 0.1295 0.3254
vn -0.9606 0.2392 0.1414
vn -0.9996 0.0271 0.0010
vn -0.9829 0.1837 -0.0092
vn -0.9996 -0.0255 0.0125
vn -0.9025 -0.0598 0.4265
vn -0.8908 -0.1636 0.4240
vn -0.8964 -0.2222 0.3835
vn -0.9011 -0.2611 0.3462
vn -0.9133 -0.2585 0.3146
vn -0.9279 -0.2265 0.2962
vn -0.9362 -0.1888 0.2963
vn -0.9476 -0.1644 0.2738
vn -0.9666 -0.1363 0.2172
vn -0.9752 -0.1652 0.1472
vn -0.9765 -0.1382 0.1656
vn -0.9635 0.1389 0.2287
vn -0.9361 0.2614 0.2355
vn -0.9599 0.1955 0.2009
vn -0.9899 0.0062 0.1415
vn -0.9962 0.0122 0.0862
vn -0.1362 -0.8769 0.4610
vn -0.9990 0.0443 0.0023
vn -0.9968 0.0792 0.0053
vn -0.9773 0.2102 0.0269
vn -0.9980 0.0603 0.0208
vn -0.9965 -0.0825 0.0144
vn -0.9993 -0.0362 -0.0022
vn -0.9953 -0.0958 -0.0126
vn -0.9995 -0.0302 0.0091
vn -0.9998 -0.0187 0.0093
vn -0.9998 -0.0176 -0.0042
vn -0.9999 -0.0150 -0.0052
vn -1.0000 -0.0062 -0.0026
vn -1.0000 0.0011 -0.0033
vn -1.0000 0.0095 -0.0021
vn -0.9999 0.0147 -0.0069
vn -1.0000 0.0010 -0.0003
vn -0.9983 0.0569 -0.0154
vn -0.9984 0.0521 -0.0203
vn -0.9926 0.1180 -0.0287
vn -0.9809 0.1895 -0.0444
vn -0.9462 -0.2901 0.1437
vn -0.9986 -0.0198 0.0495
vn -0.8249 0.5121 -0.2391
vn -0.8487 -0.3261 0.4164
vn -0.7994 -0.2860 0.5283
vn -0.9911 0.0378 0.1275
vn -0.7932 0.5001 -0.3474
vn -0.8198 0.1682 -0.5475
vn -0.9533 0.2853 0.0990
vn -0.6362 0.5598 0.5309
vn -0.3840 0.7647 0.5174
vn -0.4362 0.8982 -0.0545
vn -0.6208 0.3171 -0.7170
vn -0.3573 -0.5493 0.7554
vn -0.3000 0.2752 0.9134
vn -0.0951 0.8357 0.5408
vn -0.0496 0.9212 0.3858
vn -0.1862 0.2131 -0.9591
vn -0.2460 0.7171 -0.6521
vn -0.2623 0.8182 -0.5116
vn -0.1932 0.9810 0.0159
vn -0.0744 0.7020 -0.7083
vn -0.7981 0.5233 0.2986
vn -0.9998 -0.0133 -0.0156
vn -0.7377 -0.5481 -0.3941
vn -0.6296 0.7285 0.2697
vn -0.3451 0.9385 -0.0122
vn -0.7216 0.4928 -0.4862
vn -0.3441 -0.2413 -0.9074
vn -0.0826 0.9789 -0.1867
vn -0.2436 0.8164 0.5236
vn -0.0687 0.9875 0.1420
vn -0.1187 -0.8439 0.5231
vn 0.0407 -0.9975 0.0575
vn 0.3606 -0.9081 0.2128
vn -0.0073 -0.9914 -0.1307
vn -0.0042 -0.8897 0.4566
vn -0.9786 -0.2032 0.0312
vn -0.0019 -0.1692 -0.9856
vn -0.0031 -0.3814 0.9244
vn 0.9518 -0.3027 0.0496
vn 0.4532 -0.6784 0.5783
vn 0.5911 -0.6745 -0.4423
vn -0.7377 -0.3416 -0.5823
vn -0.6522 -0.4639 0.5995
vn -0.7967 -0.5892 0.1348
vn -0.0162 -0.8611 -0.5081
vn -0.0169 -0.4195 0.9076
vn 0.7193 -0.6777 0.1526
vn -0.7003 -0.0632 0.7110
vn 0.6147 -0.2887 0.7340
vn -0.6609 -0.4622 -0.5913
vn 0.6561 -0.2453 -0.7137
vn -0.6331 -0.2262 0.7403
vn 0.6711 -0.1856 0.7177
vn -0.6592 -0.1738 -0.7316
vn 0.6262 -0.5548 -0.5478
vn 0.0011 -0.3453 -0.9385
vn 0.9325 -0.3582 0.0451
vn -0.9737 -0.2271 0.0175
vn 0.0017 -0.0750 0.9972
vn -0.7511 0.3762 0.5424
vn -0.1062 0.3974 -0.9115
vn -0.4539 0.5980 -0.6606
vn -0.9436 0.3024 -0.1350
vn -0.5933 0.0406 -0.8040
vn -0.0588 0.8641 -0.4999
vn -0.1513 0.4771 0.8657
vn -0.6950 0.5362 0.4791
vn 0.5896 0.5170 0.6206
vn 0.0059 0.9966 -0.0822
vn -0.0234 -0.1730 0.9846
vn 0.4485 -0.2827 0.8479
vn -0.6439 -0.1475 0.7507
vn -0.4626 0.7328 -0.4989
vn 0.2155 0.9737 0.0743
vn 0.1690 0.4191 0.8921
vn -0.5895 -0.3673 0.7194
vn -0.4962 0.7788 -0.3837
vn 0.4787 0.8636 -0.1586
vn 0.5585 0.5489 0.6219
vn -0.0215 0.8879 -0.4596
vn -0.9676 0.2428 0.0689
vn -0.0248 -0.4725 0.8810
vn -0.8141 -0.0915 -0.5735
vn -0.8106 -0.3467 0.4720
vn -0.9940 -0.1094 -0.0024
vn -0.9830 -0.0807 -0.1649
vn -0.3535 -0.4944 0.7941
vn -0.3282 -0.0607 -0.9427
vn -0.9756 -0.1647 0.1451
vn 0.8807 -0.4367 0.1833
vn 0.9175 0.3786 0.1220
vn 0.9614 0.2424 0.1301
vn 0.9950 0.0952 0.0307
vn 0.9803 0.1880 -0.0599
vn 0.9796 0.1807 -0.0874
vn 0.8884 0.1110 -0.4455
vn 0.9852 -0.1539 0.0760
vn 0.8884 -0.3283 -0.3208
vn 0.9678 -0.2486 0.0388
vn 0.9414 -0.1229 -0.3142
vn 0.9069 -0.4101 0.0967
vn 0.9967 -0.0708 -0.0396
vn 0.9930 -0.0912 -0.0749
vn 1.0000 -0.0037 -0.0033
vn 0.9902 -0.1386 0.0185
vn 0.8673 0.4107 0.2812
vn 0.9795 -0.2014 0.0099
vn 0.1860 -0.0009 0.9826
vn 0.1724 -0.2870 -0.9423
vn 0.8867 -0.1435 -0.4395
vn 0.8884 -0.2070 -0.4097
vn 0.8968 -0.2425 -0.3700
vn 0.9071 -0.2489 -0.3394
vn 0.9253 -0.2088 -0.3164
vn 0.9366 -0.1703 -0.3061
vn 0.9493 -0.1320 -0.2852
vn 0.9782 -0.0388 -0.2042
vn 0.9661 -0.0805 -0.2452
vn 0.9792 0.0736 0.1891
vn 0.9431 -0.2335 0.2368
vn 0.9818 -0.0889 0.1675
vn 0.9933 0.0049 0.1154
vn 0.0075 0.9970 -0.0769
vn 0.2663 -0.3356 -0.9036
vn 0.1825 -0.5367 -0.8238
vn 0.2492 -0.3642 0.8974
vn 0.2082 0.9334 -0.2922
vn 0.9385 -0.2602 0.2268
vn 0.1308 0.7708 -0.6236
vn 0.1867 0.6156 0.7656
vn 0.0831 0.1571 -0.9841
vn 0.9569 0.1534 0.2468
vn 0.9057 0.2661 0.3301
vn 0.2839 0.5511 -0.7847
vn 0.1767 -0.4183 -0.8909
vn 0.3684 0.1997 0.9079
vn 0.9985 -0.0436 -0.0338
vn 0.2252 0.1906 -0.9555
vn 0.2600 0.7456 -0.6136
vn 0.3288 -0.1440 -0.9333
vn 0.1632 0.2831 0.9451
vn 0.4019 0.5214 0.7527
vn 0.1821 -0.8724 0.4536
vn 0.2029 0.5987 0.7749
vn 0.2151 -0.1982 -0.9563
vn 0.9215 0.2438 0.3024
vn 0.9760 0.1551 0.1528
vn 0.1795 -0.1360 -0.9743
vn 0.3218 -0.2639 -0.9093
vn 0.8942 0.1191 0.4315
vn 0.2149 0.5389 0.8145
vn 0.9325 0.2079 0.2952
vn 0.9737 0.1278 0.1888
vn 0.1659 0.4507 0.8771
vn 0.8922 0.1973 0.4062
vn 0.2280 -0.7328 0.6411
vn 0.3312 0.1121 -0.9369
vn 0.0738 0.9340 0.3495
vn 0.1978 -0.9800 0.0237
vn 0.3523 0.5140 0.7821
vn 0.1667 -0.6339 0.7552
vn 0.1552 -0.5804 -0.7994
vn 0.0846 -0.9814 0.1724
vn 0.2363 0.4901 0.8390
vn 0.9521 -0.1965 0.2344
vn 0.3080 0.1800 -0.9342
vn 0.9407 0.1735 0.2914
vn 0.9183 -0.0294 0.3949
vn 0.1526 -0.7744 0.6140
vn 0.1025 0.9336 0.3435
vn 0.8991 0.2443 0.3632
vn 0.1811 0.3335 0.9252
vn 0.0089 0.8987 0.4385
vn -0.0644 0.9727 0.2230
vn 0.1221 0.8875 0.4444
vn 0.9878 0.0843 -0.1308
vn 0.9848 0.0205 -0.1724
vn 0.2986 0.2538 -0.9200
vn 0.9847 -0.0087 -0.1742
vn 0.9855 0.0749 -0.1520
vn 0.3236 0.4647 0.8242
vn 0.3490 0.4399 0.8275
vn 0.2731 0.4818 0.8327
vn 0.2263 -0.4265 -0.8757
vn 0.2192 -0.5028 -0.8361
vn 0.2098 -0.5539 -0.8057
vn 0.1892 -0.5831 -0.7901
vn 0.1770 0.5517 0.8150
vn 0.1752 -0.4278 -0.8867
vn 0.8991 -0.0873 -0.4290
vn 1.0000 -0.0048 0.0004
vn 0.9960 -0.0891 -0.0051
vn 0.2462 -0.4947 0.8335
vn 0.9547 -0.2449 -0.1687
vn 0.9362 0.3191 0.1471
vn 0.8609 -0.5087 0.0039
vn 0.9686 -0.2090 0.1349
vn 0.9975 0.0273 0.0657
vn 0.3874 0.5432 0.7448
vn 0.1723 -0.7642 0.6215
vn 0.0654 -0.8330 0.5494
vn 0.0574 -0.9939 -0.0944
vn 0.1180 -0.2681 -0.9561
vn 0.2459 -0.4423 -0.8625
vn 0.2420 -0.8164 -0.5243
vn 0.9943 0.0987 -0.0401
vn 0.2167 -0.8956 -0.3884
vn 0.3408 0.3591 0.8689
vn 0.2806 0.7279 -0.6257
vn 0.8848 -0.4636 -0.0458
vn 0.2082 -0.8777 0.4316
vn 0.2941 -0.6275 -0.7209
vn 0.1668 -0.9157 0.3656
vn 0.0482 -0.9988 -0.0001
vn -0.7886 0.6003 0.1335
vn 0.2059 0.9613 -0.1833
vn 0.1459 0.8727 0.4659
vn 0.0001 -0.0113 0.9999
vn 0.0745 0.6042 -0.7934
vn 0.0502 0.6707 0.7400
vn 0.9725 0.2289 0.0438
vn 0.0468 0.9614 0.2713
vn 0.9618 0.2695 0.0484
vn -0.9037 0.4203 0.0812
vn 0.0037 0.5514 -0.8343
vn -0.0023 0.1637 -0.9865
vn -0.9508 0.3080 0.0349
vn 0.9777 0.2095 0.0171
vn -0.0004 0.2302 0.9732
vn 0.2155 -0.6048 0.7667
vn 0.8904 -0.2345 -0.3902
vn 0.1583 0.0460 -0.9863
vn 0.0828 -0.7181 -0.6910
vn 0.0108 0.5547 0.8320
vn 0.0393 -0.6794 0.7327
vn 0.9354 -0.3153 0.1600
vn 0.0061 -0.8814 -0.4723
vn -0.7657 -0.4006 0.5033
vn -0.2384 -0.7184 0.6535
vn 0.0269 -0.9165 -0.3992
vn 0.9656 -0.2599 -0.0110
vn 0.0641 -0.0063 0.9979
vn 0.9797 0.0497 -0.1940
vn 0.9750 -0.1354 -0.1762
vn 0.9982 0.0114 0.0588
vn 0.9816 0.0776 -0.1743
vn 0.3402 0.0203 0.9401
vn 0.3255 -0.0135 -0.9454
vn 0.9751 0.1696 0.1427
vn -0.8807 -0.4367 0.1833
vn -0.9175 0.3786 0.1220
vn -0.9614 0.2424 0.1301
vn -0.9950 0.0952 0.0307
vn -0.9803 0.1880 -0.0599
vn -0.9796 0.1807 -0.0874
vn -0.8884 0.1110 -0.4455
vn -0.9852 -0.1539 0.0760
vn -0.8884 -0.3283 -0.3208
vn -0.9678 -0.2486 0.0388
vn -0.9414 -0.1229 -0.3142
vn -0.9069 -0.4101 0.0967
vn -0.9967 -0.0708 -0.0396
vn -0.9930 -0.0912 -0.0749
vn -1.0000 -0.0037 -0.0033
vn -0.9902 -0.1386 0.0185
vn -0.8673 0.4107 0.2812
vn -0.9795 -0.2014 0.0099
vn -0.1860 -0.0009 0.9826
vn -0.1725 -0.2870 -0.9423
vn -0.8867 -0.1435 -0.4395
vn -0.8884 -0.2070 -0.4097
vn -0.8968 -0.2425 -0.3700
vn -0.9071 -0.2489 -0.3394
vn -0.9253 -0.2088 -0.3164
vn -0.9366 -0.1703 -0.3061
vn -0.9493 -0.1320 -0.2852
vn -0.9782 -0.0388 -0.2042
vn -0.9661 -0.0805 -0.2452
vn -0.9792 0.0736 0.1891
vn -0.9431 -0.2335 0.2368
vn -0.9818 -0.0889 0.1675
vn -0.9933 0.0049 0.1154
vn -0.0075 0.9970 -0.0769
vn -0.2663 -0.3356 -0.9036
vn -0.1825 -0.5367 -0.8238
vn -0.2492 -0.3642 0.8974
vn -0.2082 0.9334 -0.2922
vn -0.9385 -0.2602 0.2268
vn -0.1308 0.7708 -0.6236
vn -0.1867 0.6156 0.7656
vn -0.0831 0.1571 -0.9841
vn -0.9569 0.1534 0.2468
vn -0.9057 0.2661 0.3301
vn -0.2839 0.5511 -0.7847
vn -0.1767 -0.4183 -0.8909
vn -0.3684 0.1997 0.9079
vn -0.9985 -0.0436 -0.0339
vn -0.2252 0.1906 -0.9555
vn -0.2600 0.7456 -0.6136
vn -0.3288 -0.1440 -0.9333
vn -0.1632 0.2831 0.9451
vn -0.4019 0.5214 0.7527
vn -0.1821 -0.8724 0.4536
vn -0.2029 0.5987 0.7749
vn -0.2151 -0.1982 -0.9563
vn -0.9215 0.2438 0.3024
vn -0.9760 0.1551 0.1528
vn -0.1795 -0.1360 -0.9743
vn -0.3218 -0.2639 -0.9093
vn -0.8942 0.1191 0.4315
vn -0.2149 0.5389 0.8145
vn -0.9325 0.2079 0.2952
vn -0.9737 0.1278 0.1888
vn -0.1659 0.4507 0.8771
vn -0.8922 0.1973 0.4062
vn -0.2280 -0.7328 0.6411
vn -0.3312 0.1121 -0.9369
vn -0.0738 0.9340 0.3495
vn -0.1978 -0.9800 0.0237
vn -0.3523 0.5140 0.7821
vn -0.1667 -0.6339 0.7552
vn -0.1552 -0.5804 -0.7994
vn -0.0846 -0.9814 0.1724
vn -0.2363 0.4901 0.8390
vn -0.9521 -0.1965 0.2344
vn -0.3080 0.1800 -0.9342
vn -0.9407 0.1735 0.2914
vn -0.9183 -0.0294 0.3949
vn -0.1526 -0.7744 0.6140
vn -0.1025 0.9336 0.3435
vn -0.8991 0.2443 0.3632
vn -0.1811 0.3335 0.9252
vn -0.0089 0.8987 0.4385
vn 0.0644 0.9727 0.2230
vn -0.1221 0.8875 0.4444
vn -0.9878 0.0843 -0.1308
vn -0.9848 0.0205 -0.1724
vn -0.2986 0.2538 -0.9200
vn -0.9847 -0.0087 -0.1742
vn -0.9855 0.0749 -0.1520
vn -0.3236 0.4647 0.8242
vn -0.3490 0.4399 0.8275
vn -0.2731 0.4818 0.8327
vn -0.2263 -0.4265 -0.8757
vn -0.2192 -0.5028 -0.8361
vn -0.2098 -0.5539 -0.8057
vn -0.1892 -0.5831 -0.7901
vn -0.1770 0.5517 0.8150
vn -0.1752 -0.4278 -0.8867
vn -0.8991 -0.0873 -0.4290
vn -1.0000 -0.0048 0.0004
vn -0.9960 -0.0891 -0.0051
vn -0.2462 -0.4947 0.8335
vn -0.9547 -0.2449 -0.1687
vn -0.9362 0.3191 0.1471
vn -0.8609 -0.5087 0.0039
vn -0.9686 -0.2090 0.1349
vn -0.9975 0.0273 0.0657
vn -0.3874 0.5432 0.7448
vn -0.1723 -0.7642 0.6215
vn -0.0654 -0.8330 0.5494
vn -0.0574 -0.9939 -0.0944
vn -0.1180 -0.2681 -0.9561
vn -0.2459 -0.4423 -0.8625
vn -0.2420 -0.8164 -0.5243
vn -0.9943 0.0987 -0.0401
vn -0.2167 -0.8956 -0.3884
vn -0.3408 0.3591 0.8689
vn -0.2806 0.7279 -0.6257
vn -0.8848 -0.4636 -0.0458
vn -0.2082 -0.8777 0.4316
vn -0.2941 -0.6275 -0.7209
vn -0.1668 -0.9157 0.3656
vn -0.0482 -0.9988 -0.0001
vn 0.7886 0.6003 0.1335
vn -0.2059 0.9613 -0.1833
vn -0.1459 0.8727 0.4659
vn -0.0001 -0.0113 0.9999
vn -0.0745 0.6042 -0.7934
vn -0.0502 0.6707 0.7400
vn -0.9725 0.2289 0.0438
vn -0.0468 0.9614 0.2713
vn -0.9618 0.2695 0.0484
vn 0.9037 0.4203 0.0812
vn -0.0037 0.5514 -0.8343
vn 0.0023 0.1637 -0.9865
vn 0.9508 0.3080 0.0349
vn -0.9777 0.2095 0.0171
vn 0.0004 0.2301 0.9732
vn -0.2155 -0.6048 0.7667
vn -0.8904 -0.2345 -0.3902
vn -0.1583 0.0460 -0.9863
vn -0.0828 -0.7181 -0.6910
vn -0.0108 0.5547 0.8320
vn -0.0393 -0.6794 0.7327
vn -0.9354 -0.3153 0.1600
vn -0.0061 -0.8814 -0.4723
vn 0.7657 -0.4006 0.5033
vn 0.2383 -0.7184 0.6535
vn -0.0269 -0.9165 -0.3992
vn -0.9656 -0.2599 -0.0110
vn -0.0641 -0.0063 0.9979
vn -0.9797 0.0497 -0.1940
vn -0.9750 -0.1354 -0.1762
vn -0.9982 0.0114 0.0588
vn -0.9816 0.0776 -0.1743
vn -0.3402 0.0203 0.9401
vn -0.3255 -0.0135 -0.9454
vn -0.9751 0.1696 0.1427
vn 0.8807 0.4367 0.1833
vn 0.9175 -0.3786 0.1220
vn 0.9614 -0.2424 0.1301
vn 0.9950 -0.0952 0.0307
vn 0.9803 -0.1880 -0.0599
vn 0.9796 -0.1807 -0.0874
vn 0.8884 -0.1110 -0.4455
vn 0.9852 0.1539 0.0760
vn 0.8884 0.3283 -0.3208
vn 0.9678 0.2486 0.0388
vn 0.9414 0.1229 -0.3142
vn 0.9069 0.4101 0.0967
vn 0.9967 0.0708 -0.0396
vn 0.9930 0.0912 -0.0749
vn 1.0000 0.0037 -0.0033
vn 0.9902 0.1386 0.0185
vn 0.8673 -0.4107 0.2812
vn 0.9795 0.2014 0.0099
vn 0.1860 0.0009 0.9826
vn 0.1725 0.2870 -0.9423
vn 0.8867 0.1435 -0.4395
vn 0.8884 0.2070 -0.4097
vn 0.8968 0.2425 -0.3700
vn 0.9071 0.2489 -0.3394
vn 0.9253 0.2088 -0.3164
vn 0.9366 0.1703 -0.3061
vn 0.9493 0.1320 -0.2852
vn 0.9782 0.0388 -0.2042
vn 0.9661 0.0805 -0.2452
vn 0.9792 -0.0736 0.1891
vn 0.9431 0.2335 0.2368
vn 0.9818 0.0889 0.1675
vn 0.9933 -0.0049 0.1154
vn 0.0075 -0.9970 -0.0769
vn 0.2663 0.3356 -0.9036
vn 0.1825 0.5367 -0.8238
vn 0.2492 0.3642 0.8974
vn 0.2082 -0.9334 -0.2922
vn 0.9385 0.2602 0.2268
vn 0.1308 -0.7708 -0.6236
vn 0.1867 -0.6156 0.7656
vn 0.0831 -0.1571 -0.9841
vn 0.9569 -0.1534 0.2468
vn 0.9057 -0.2661 0.3301
vn 0.2839 -0.5511 -0.7847
vn 0.1767 0.4183 -0.8909
vn 0.3684 -0.1997 0.9079
vn 0.9985 0.0436 -0.0339
vn 0.2252 -0.1906 -0.9555
vn 0.2600 -0.7456 -0.6136
vn 0.3288 0.1440 -0.9333
vn 0.1632 -0.2831 0.9451
vn 0.4019 -0.5214 0.7527
vn 0.1821 0.8724 0.4536
vn 0.2029 -0.5987 0.7749
vn 0.2151 0.1982 -0.9563
vn 0.9215 -0.2438 0.3024
vn 0.9760 -0.1551 0.1528
vn 0.1795 0.1360 -0.9743
vn 0.3218 0.2639 -0.9093
vn 0.8942 -0.1191 0.4315
vn 0.2149 -0.5389 0.8145
vn 0.9325 -0.2079 0.2952
vn 0.9737 -0.1278 0.1888
vn 0.1659 -0.4507 0.8771
vn 0.8922 -0.1973 0.4062
vn 0.2280 0.7328 0.6411
vn 0.3312 -0.1121 -0.9369
vn 0.0738 -0.9340 0.3495
vn 0.1978 0.9800 0.0237
vn 0.3523 -0.5140 0.7821
vn 0.1667 0.6339 0.7552
vn 0.1552 0.5804 -0.7994
vn 0.0846 0.9814 0.1724
vn 0.2363 -0.4901 0.8390
vn 0.9521 0.1965 0.2344
vn 0.3080 -0.1800 -0.9342
vn 0.9407 -0.1735 0.2914
vn 0.9183 0.0294 0.3949
vn 0.1526 0.7744 0.6140
vn 0.1025 -0.9336 0.3435
vn 0.8991 -0.2443 0.3632
vn 0.1811 -0.3335 0.9252
vn 0.0089 -0.8987 0.4385
vn -0.0644 -0.9727 0.2230
vn 0.1221 -0.8875 0.4444
vn 0.9878 -0.0843 -0.1308
vn 0.9848 -0.0205 -0.1724
vn 0.2986 -0.2538 -0.9200
vn 0.9847 0.0087 -0.1742
vn 0.9855 -0.0749 -0.1520
vn 0.3236 -0.4647 0.8242
vn 0.3490 -0.4399 0.8275
vn 0.2731 -0.4818 0.8327
vn 0.2263 0.4265 -0.8757
vn 0.2192 0.5028 -0.8361
vn 0.2098 0.5539 -0.8057
vn 0.1892 0.5831 -0.7901
vn 0.1770 -0.5517 0.8150
vn 0.1752 0.4278 -0.8867
vn 0.8991 0.0873 -0.4290
vn 1.0000 0.0048 0.0004
vn 0.9960 0.0891 -0.0051
vn 0.2462 0.4947 0.8335
vn 0.9547 0.2449 -0.1687
vn 0.9362 -0.3191 0.1471
vn 0.8609 0.5087 0.0039
vn 0.9686 0.2090 0.1349
vn 0.9975 -0.0273 0.0657
vn 0.3874 -0.5432 0.7448
vn 0.1723 0.7642 0.6215
vn 0.0654 0.8330 0.5494
vn 0.0574 0.9939 -0.0944
vn 0.1180 0.2681 -0.9561
vn 0.2459 0.4423 -0.8625
vn 0.2420 0.8164 -0.5243
vn 0.9943 -0.0987 -0.0401
vn 0.2167 0.8956 -0.3884
vn 0.3408 -0.3591 0.8689
vn 0.2806 -0.7279 -0.6257
vn 0.8848 0.4636 -0.0458
vn 0.2082 0.8777 0.4316
vn 0.2941 0.6275 -0.7209
vn 0.1668 0.9157 0.3656
vn 0.0482 0.9988 -0.0001
vn -0.7886 -0.6003 0.1335
vn 0.2059 -0.9613 -0.1833
vn 0.1459 -0.8727 0.4659
vn 0.0001 0.0113 0.9999
vn 0.0745 -0.6042 -0.7934
vn 0.0502 -0.6707 0.7400
vn 0.9725 -0.2289 0.0438
vn 0.0468 -0.9614 0.2713
vn 0.9618 -0.2695 0.0484
vn -0.9037 -0.4203 0.0812
vn 0.0037 -0.5514 -0.8343
vn -0.0023 -0.1637 -0.9865
vn -0.9508 -0.3080 0.0349
vn 0.9777 -0.2095 0.0171
vn -0.0004 -0.2301 0.9732
vn 0.2155 0.6048 0.7667
vn 0.8904 0.2345 -0.3902
vn 0.1583 -0.0460 -0.9863
vn 0.0828 0.7181 -0.6910
vn 0.0108 -0.5547 0.8320
vn 0.0393 0.6794 0.7327
vn 0.9354 0.3153 0.1600
vn 0.0061 0.8814 -0.4723
vn -0.7657 0.4006 0.5033
vn -0.2384 0.7184 0.6535
vn 0.0269 0.9165 -0.3992
vn 0.9656 0.2599 -0.0110
vn 0.0641 0.0063 0.9979
vn 0.9797 -0.0497 -0.1940
vn 0.9750 0.1354 -0.1762
vn 0.9982 -0.0114 0.0588
vn 0.9816 -0.0776 -0.1743
vn 0.3402 -0.0203 0.9401
vn 0.3255 0.0135 -0.9454
vn 0.9751 -0.1696 0.1427
vn -0.8807 0.4367 0.1833
vn -0.9175 -0.3786 0.1220
vn -0.9614 -0.2424 0.1301
vn -0.9950 -0.0952 0.0307
vn -0.9803 -0.1880 -0.0599
vn -0.9796 -0.1807 -0.0874
vn -0.8884 -0.1110 -0.4455
vn -0.9852 0.1539 0.0760
vn -0.8884 0.3283 -0.3208
vn -0.9678 0.2486 0.0388
vn -0.9414 0.1229 -0.3142
vn -0.9069 0.4101 0.0967
vn -0.9967 0.0708 -0.0396
vn -0.9930 0.0912 -0.0749
vn -1.0000 0.0037 -0.0033
vn -0.9902 0.1386 0.0185
vn -0.8673 -0.4107 0.2812
vn -0.9795 0.2014 0.0099
vn -0.1860 0.0009 0.9826
vn -0.1724 0.2870 -0.9423
vn -0.8867 0.1435 -0.4395
vn -0.8884 0.2070 -0.4097
vn -0.8968 0.2425 -0.3700
vn -0.9071 0.2489 -0.3394
vn -0.9253 0.2088 -0.3164
vn -0.9366 0.1703 -0.3061
vn -0.9493 0.1320 -0.2852
vn -0.9782 0.0388 -0.2042
vn -0.9661 0.0805 -0.2452
vn -0.9792 -0.0736 0.1891
vn -0.9431 0.2335 0.2368
vn -0.9818 0.0889 0.1675
vn -0.9933 -0.0049 0.1154
vn -0.0075 -0.9970 -0.0769
vn -0.2663 0.3356 -0.9036
vn -0.1825 0.5367 -0.8238
vn -0.2492 0.3642 0.8974
vn -0.2082 -0.9334 -0.2922
vn -0.9385 0.2602 0.2268
vn -0.1308 -0.7708 -0.6236
vn -0.1867 -0.6156 0.7656
vn -0.0831 -0.1571 -0.9841
vn -0.9569 -0.1534 0.2468
vn -0.9057 -0.2661 0.3301
vn -0.2839 -0.5511 -0.7847
vn -0.1767 0.4183 -0.8909
vn -0.3684 -0.1997 0.9079
vn -0.9985 0.0436 -0.0338
vn -0.2252 -0.1906 -0.9555
vn -0.2600 -0.7456 -0.6136
vn -0.3288 0.1440 -0.9333
vn -0.1632 -0.2831 0.9451
vn -0.4019 -0.5214 0.7527
vn -0.1821 0.8724 0.4536
vn -0.2029 -0.5987 0.7749
vn -0.2151 0.1982 -0.9563
vn -0.9215 -0.2438 0.3024
vn -0.9760 -0.1551 0.1528
vn -0.1795 0.1360 -0.9743
vn -0.3218 0.2639 -0.9093
vn -0.8942 -0.1191 0.4315
vn -0.2149 -0.5389 0.8145
vn -0.9325 -0.2079 0.2952
vn -0.9737 -0.1278 0.1888
vn -0.1659 -0.4507 0.8771
vn -0.8922 -0.1973 0.4062
vn -0.2280 0.7328 0.6411
vn -0.3312 -0.1121 -0.9369
vn -0.0738 -0.9340 0.3495
vn -0.1978 0.9800 0.0237
vn -0.3523 -0.5140 0.7821
vn -0.1667 0.6339 0.7552
vn -0.1552 0.5804 -0.7994
vn -0.0846 0.9814 0.1724
vn -0.2363 -0.4901 0.8390
vn -0.9521 0.1965 0.2344
vn -0.3080 -0.1800 -0.9342
vn -0.9407 -0.1735 0.2914
vn -0.9183 0.0294 0.3949
vn -0.1526 0.7744 0.6140
vn -0.1025 -0.9336 0.3435
vn -0.8991 -0.2443 0.3632
vn -0.1811 -0.3335 0.9252
vn -0.0089 -0.8987 0.4385
vn 0.0644 -0.9727 0.2230
vn -0.1221 -0.8875 0.4444
vn -0.9878 -0.0843 -0.1308
vn -0.9848 -0.0205 -0.1724
vn -0.2986 -0.2538 -0.9200
vn -0.9847 0.0087 -0.1742
vn -0.9855 -0.0749 -0.1520
vn -0.3236 -0.4647 0.8242
vn -0.3490 -0.4399 0.8275
vn -0.2731 -0.4818 0.8327
vn -0.2263 0.4265 -0.8757
vn -0.2192 0.5028 -0.8361
vn -0.2099 0.5539 -0.8057
vn -0.1892 0.5831 -0.7901
vn -0.1770 -0.5517 0.8150
vn -0.1752 0.4278 -0.8867
vn -0.8991 0.0873 -0.4290
vn -1.0000 0.0048 0.0004
vn -0.9960 0.0891 -0.0051
vn -0.2462 0.4947 0.8335
vn -0.9547 0.2449 -0.1687
vn -0.9362 -0.3191 0.1471
vn -0.8609 0.5087 0.0039
vn -0.9686 0.2090 0.1349
vn -0.9975 -0.0273 0.0657
vn -0.3874 -0.5432 0.7448
vn -0.1723 0.7642 0.6215
vn -0.0654 0.8330 0.5494
vn -0.0574 0.9939 -0.0944
vn -0.1180 0.2681 -0.9561
vn -0.2459 0.4423 -0.8625
vn -0.2420 0.8164 -0.5243
vn -0.9943 -0.0987 -0.0401
vn -0.2167 0.8956 -0.3884
vn -0.3408 -0.3591 0.8689
vn -0.2806 -0.7279 -0.6257
vn -0.8848 0.4636 -0.0458
vn -0.2082 0.8777 0.4316
vn -0.2941 0.6275 -0.7209
vn -0.1668 0.9157 0.3656
vn -0.0482 0.9988 -0.0001
vn 0.7886 -0.6003 0.1335
vn -0.2059 -0.9613 -0.1833
vn -0.1459 -0.8727 0.4659
vn -0.0001 0.0113 0.9999
vn -0.0745 -0.6042 -0.7934
vn -0.0502 -0.6707 0.7400
vn -0.9725 -0.2289 0.0438
vn -0.0468 -0.9614 0.2713
vn -0.9618 -0.2695 0.0484
vn 0.9037 -0.4203 0.0812
vn -0.0037 -0.5514 -0.8343
vn 0.0023 -0.1637 -0.9865
vn 0.9508 -0.3080 0.0349
vn -0.9777 -0.2095 0.0171
vn 0.0004 -0.2302 0.9732
vn -0.2155 0.6048 0.7667
vn -0.8904 0.2345 -0.3902
vn -0.1583 -0.0460 -0.9863
vn -0.0828 0.7181 -0.6910
vn -0.0108 -0.5547 0.8320
vn -0.0393 0.6794 0.7327
vn -0.9354 0.3153 0.1600
vn -0.0061 0.8814 -0.4723
vn 0.7657 0.4006 0.5033
vn 0.2384 0.7184 0.6535
vn -0.0269 0.9165 -0.3992
vn -0.9656 0.2599 -0.0110
vn -0.0641 0.0063 0.9979
vn -0.9797 -0.0497 -0.1940
vn -0.9750 0.1354 -0.1762
vn -0.9982 -0.0114 0.0588
vn -0.9816 -0.0776 -0.1743
vn -0.3402 -0.0203 0.9401
vn -0.3255 0.0135 -0.9454
vn -0.9751 -0.1696 0.1427
vt 0.955332 0.821418
vt 0.953712 0.821771
vt 0.946036 0.817687
vt 0.948417 0.816014
vt 0.952093 0.822124
vt 0.943654 0.820809
vt 0.934224 0.816412
vt 0.938869 0.812685
vt 0.942084 0.810252
vt 0.942084 0.810252
vt 0.936887 0.803724
vt 0.940885 0.801177
vt 0.945415 0.808001
vt 0.933021 0.796109
vt 0.937635 0.793563
vt 0.943474 0.791129
vt 0.946197 0.798577
vt 0.950151 0.805497
vt 0.929082 0.776971
vt 0.928381 0.765954
vt 0.934782 0.763117
vt 0.934822 0.774491
vt 0.928135 0.755893
vt 0.935245 0.752603
vt 0.942470 0.747104
vt 0.941848 0.760666
vt 0.941523 0.772446
vt 0.928100 0.748273
vt 0.935941 0.745319
vt 0.928071 0.742144
vt 0.936463 0.739636
vt 0.945495 0.737633
vt 0.943982 0.742369
vt 0.927827 0.735998
vt 0.936382 0.733827
vt 0.927052 0.728552
vt 0.935804 0.726979
vt 0.944559 0.725476
vt 0.945027 0.731836
vt 0.925587 0.718850
vt 0.934868 0.718709
vt 0.924318 0.705646
vt 0.934382 0.710850
vt 0.942671 0.711969
vt 0.943785 0.718508
vt 0.935449 0.700294
vt 0.937723 0.702245
vt 0.935542 0.706025
vt 0.931906 0.701873
vt 0.940877 0.703304
vt 0.941425 0.706853
vt 0.942671 0.711969
vt 0.927052 0.728552
vt 0.918193 0.730983
vt 0.916123 0.721839
vt 0.925587 0.718850
vt 0.909205 0.733472
vt 0.906865 0.725461
vt 0.903650 0.717382
vt 0.912926 0.712525
vt 0.916020 0.762546
vt 0.912382 0.765933
vt 0.909911 0.760930
vt 0.914218 0.755631
vt 0.910616 0.769125
vt 0.907966 0.767856
vt 0.900957 0.768280
vt 0.905550 0.757550
vt 0.910544 0.749107
vt 0.913843 0.784192
vt 0.916455 0.793145
vt 0.914650 0.796763
vt 0.911430 0.786881
vt 0.918813 0.799528
vt 0.918688 0.804473
vt 0.914319 0.812252
vt 0.908896 0.801373
vt 0.905580 0.790857
vt 0.902855 0.780166
vt 0.891778 0.786704
vt 0.889283 0.778721
vt 0.893748 0.795618
vt 0.878258 0.799776
vt 0.877630 0.793085
vt 0.876352 0.786916
vt 0.921171 0.800351
vt 0.923716 0.807811
vt 0.924640 0.800282
vt 0.928800 0.808085
vt 0.925008 0.815460
vt 0.911755 0.775264
vt 0.914150 0.773574
vt 0.916054 0.782798
vt 0.912382 0.765933
vt 0.917511 0.771525
vt 0.919215 0.781594
vt 0.920640 0.751595
vt 0.921490 0.759176
vt 0.919791 0.745165
vt 0.919215 0.781594
vt 0.917511 0.771525
vt 0.922428 0.768886
vt 0.923725 0.779541
vt 0.916020 0.762546
vt 0.921490 0.759176
vt 0.928135 0.755893
vt 0.928381 0.765954
vt 0.929082 0.776971
vt 0.928800 0.808085
vt 0.933066 0.806270
vt 0.938869 0.812685
vt 0.924640 0.800282
vt 0.928681 0.798631
vt 0.933021 0.796109
vt 0.936887 0.803724
vt 0.942084 0.810252
vt 0.958781 0.820459
vt 0.957057 0.820939
vt 0.951021 0.814497
vt 0.955034 0.812512
vt 0.945415 0.808001
vt 0.950151 0.805497
vt 0.910389 0.740741
vt 0.919233 0.738547
vt 0.909205 0.733472
vt 0.918193 0.730983
vt 0.840777 0.812413
vt 0.860218 0.813127
vt 0.859472 0.818737
vt 0.839940 0.817441
vt 0.878567 0.813346
vt 0.877998 0.819905
vt 0.877228 0.826356
vt 0.858817 0.824380
vt 0.839367 0.822526
vt 0.844998 0.792752
vt 0.824036 0.792428
vt 0.824320 0.787632
vt 0.844982 0.787908
vt 0.799647 0.790995
vt 0.800207 0.786283
vt 0.801900 0.781834
vt 0.824596 0.782894
vt 0.847291 0.783954
vt 0.797136 0.800137
vt 0.798597 0.795610
vt 0.823113 0.797142
vt 0.821675 0.801771
vt 0.799647 0.790995
vt 0.824036 0.792428
vt 0.844998 0.792753
vt 0.844472 0.797678
vt 0.843349 0.802585
vt 0.799647 0.790995
vt 0.798597 0.795610
vt 0.772062 0.793566
vt 0.773048 0.788932
vt 0.797136 0.800137
vt 0.770776 0.798165
vt 0.744466 0.796164
vt 0.745601 0.791452
vt 0.746510 0.786759
vt 0.720771 0.789555
vt 0.721737 0.784836
vt 0.719582 0.794309
vt 0.694710 0.792399
vt 0.696037 0.787590
vt 0.697122 0.782822
vt 0.669462 0.785185
vt 0.670628 0.780274
vt 0.668072 0.790173
vt 0.639214 0.787496
vt 0.640620 0.782201
vt 0.641830 0.777039
vt 0.609618 0.778639
vt 0.610861 0.773133
vt 0.608189 0.784333
vt 0.575745 0.780923
vt 0.577209 0.774829
vt 0.578499 0.768963
vt 0.544175 0.771085
vt 0.545543 0.764903
vt 0.542670 0.777508
vt 0.509206 0.774085
vt 0.510776 0.767320
vt 0.512262 0.760824
vt 0.477167 0.763222
vt 0.478832 0.756332
vt 0.475465 0.770466
vt 0.441570 0.765979
vt 0.443613 0.757970
vt 0.445617 0.750474
vt 0.371729 0.751441
vt 0.333439 0.740309
vt 0.337521 0.727606
vt 0.375173 0.740693
vt 0.292419 0.726839
vt 0.296978 0.711703
vt 0.301389 0.698613
vt 0.341352 0.716462
vt 0.378399 0.731046
vt 0.410072 0.750677
vt 0.412642 0.742252
vt 0.407383 0.759855
vt 0.371729 0.751441
vt 0.375173 0.740693
vt 0.378399 0.731046
vt 0.182898 0.689726
vt 0.176320 0.713457
vt 0.169882 0.711675
vt 0.176704 0.687672
vt 0.170495 0.733973
vt 0.163763 0.732136
vt 0.159653 0.726453
vt 0.165890 0.706966
vt 0.172501 0.683849
vt 0.162212 0.696957
vt 0.168197 0.676114
vt 0.155930 0.714445
vt 0.150283 0.700279
vt 0.156605 0.684370
vt 0.162178 0.665551
vt 0.144747 0.643839
vt 0.137961 0.663639
vt 0.129876 0.657806
vt 0.137581 0.636302
vt 0.131446 0.681013
vt 0.123195 0.676672
vt 0.116046 0.674666
vt 0.123056 0.654116
vt 0.131814 0.630473
vt 0.131814 0.630473
vt 0.116113 0.651429
vt 0.126174 0.624864
vt 0.116046 0.674666
vt 0.108587 0.673905
vt 0.098938 0.674322
vt 0.106586 0.650989
vt 0.116603 0.617597
vt 0.961796 0.734408
vt 0.960357 0.728601
vt 0.963264 0.729351
vt 0.962811 0.734566
vt 0.963307 0.720571
vt 0.963731 0.724095
vt 0.964155 0.727618
vt 0.964502 0.730951
vt 0.964849 0.734284
vt 0.445617 0.750474
vt 0.412642 0.742252
vt 0.415005 0.735104
vt 0.447442 0.743938
vt 0.381425 0.723365
vt 0.385952 0.718571
vt 0.417352 0.729005
vt 0.448751 0.739439
vt 0.746510 0.786760
vt 0.721737 0.784836
vt 0.722309 0.780175
vt 0.746893 0.782082
vt 0.697122 0.782822
vt 0.697901 0.778150
vt 0.699637 0.773870
vt 0.722625 0.775563
vt 0.745614 0.777257
vt 0.150283 0.700279
vt 0.141302 0.711882
vt 0.133000 0.700929
vt 0.141327 0.688809
vt 0.130248 0.718093
vt 0.123348 0.710290
vt 0.116449 0.702487
vt 0.124439 0.693908
vt 0.952467 0.716280
vt 0.953443 0.723203
vt 0.950581 0.709633
vt 0.959030 0.704910
vt 0.961168 0.712740
vt 0.147727 0.672724
vt 0.131446 0.681013
vt 0.137961 0.663639
vt 0.144747 0.643839
vt 0.153668 0.654093
vt 0.941425 0.706853
vt 0.947655 0.703958
vt 0.944454 0.699610
vt 0.949264 0.692693
vt 0.954147 0.698802
vt 0.636827 0.797985
vt 0.665666 0.800108
vt 0.665056 0.804928
vt 0.636239 0.802957
vt 0.692368 0.802005
vt 0.691739 0.806732
vt 0.691365 0.811423
vt 0.664701 0.809677
vt 0.635896 0.807802
vt 0.937723 0.702245
vt 0.941260 0.697157
vt 0.937836 0.695682
vt 0.942476 0.688652
vt 0.945871 0.690673
vt 0.438142 0.781559
vt 0.402655 0.777611
vt 0.404788 0.769096
vt 0.439653 0.774030
vt 0.365526 0.772033
vt 0.368351 0.762247
vt 0.407383 0.759855
vt 0.441570 0.765979
vt 0.692368 0.802005
vt 0.665666 0.800108
vt 0.666724 0.795172
vt 0.693409 0.797218
vt 0.636827 0.797985
vt 0.637868 0.792801
vt 0.639214 0.787496
vt 0.668072 0.790173
vt 0.694710 0.792399
vt 0.161038 0.608402
vt 0.155669 0.599146
vt 0.165133 0.588946
vt 0.169868 0.597717
vt 0.152209 0.590276
vt 0.162108 0.579971
vt 0.171867 0.575031
vt 0.174471 0.582560
vt 0.177074 0.590090
vt 0.931906 0.701873
vt 0.933280 0.695051
vt 0.927448 0.693972
vt 0.932101 0.685685
vt 0.937289 0.687169
vt 0.116046 0.674666
vt 0.123195 0.676672
vt 0.117360 0.690419
vt 0.110963 0.689098
vt 0.131446 0.681013
vt 0.124439 0.693908
vt 0.111965 0.700851
vt 0.107480 0.699214
vt 0.910319 0.694642
vt 0.915804 0.698952
vt 0.908371 0.705384
vt 0.904052 0.700027
vt 0.912926 0.712525
vt 0.903650 0.717383
vt 0.899967 0.710148
vt 0.896181 0.703771
vt 0.910319 0.694642
vt 0.914672 0.687335
vt 0.920786 0.690778
vt 0.915804 0.698952
vt 0.917157 0.678339
vt 0.924629 0.682012
vt 0.927448 0.693972
vt 0.149631 0.580875
vt 0.159480 0.569850
vt 0.147165 0.571245
vt 0.156335 0.559658
vt 0.165063 0.552200
vt 0.168465 0.563615
vt 0.301389 0.698613
vt 0.260362 0.678657
vt 0.265563 0.666980
vt 0.305702 0.689171
vt 0.226561 0.661418
vt 0.232305 0.647380
vt 0.229636 0.630099
vt 0.270182 0.657347
vt 0.310727 0.684595
vt 0.794329 0.809218
vt 0.818736 0.811013
vt 0.817877 0.815776
vt 0.793523 0.813899
vt 0.817353 0.820614
vt 0.793040 0.818652
vt 0.108587 0.673905
vt 0.103871 0.689068
vt 0.094544 0.689627
vt 0.101026 0.699811
vt 0.094572 0.700408
vt 0.924280 0.823686
vt 0.912924 0.822386
vt 0.933093 0.825006
vt 0.931742 0.833182
vt 0.922999 0.832026
vt 0.911692 0.830565
vt 0.573306 0.792883
vt 0.605785 0.795551
vt 0.605169 0.800752
vt 0.572657 0.798360
vt 0.604804 0.805764
vt 0.572263 0.803606
vt 0.889283 0.778721
vt 0.885510 0.773022
vt 0.894310 0.762973
vt 0.876352 0.786916
vt 0.874200 0.781801
vt 0.872461 0.779630
vt 0.881489 0.768601
vt 0.890517 0.757571
vt 0.605785 0.795550
vt 0.606836 0.790034
vt 0.573306 0.792883
vt 0.574376 0.787018
vt 0.575745 0.780923
vt 0.608189 0.784333
vt 0.292419 0.726839
vt 0.287900 0.742051
vt 0.245462 0.730447
vt 0.250391 0.712200
vt 0.284134 0.755417
vt 0.241275 0.746525
vt 0.205185 0.739509
vt 0.209875 0.720939
vt 0.215274 0.699899
vt 0.862018 0.791340
vt 0.861021 0.786338
vt 0.859876 0.781792
vt 0.341352 0.716462
vt 0.344840 0.708015
vt 0.348340 0.701584
vt 0.840777 0.812413
vt 0.818736 0.811013
vt 0.820091 0.806366
vt 0.841999 0.807477
vt 0.794329 0.809218
vt 0.795607 0.804648
vt 0.797136 0.800137
vt 0.821675 0.801771
vt 0.843349 0.802585
vt 0.506681 0.787340
vt 0.540209 0.790103
vt 0.539569 0.795864
vt 0.506056 0.793356
vt 0.539170 0.801377
vt 0.505663 0.799085
vt 0.540209 0.790103
vt 0.541280 0.783929
vt 0.506681 0.787340
vt 0.507771 0.780852
vt 0.509206 0.774085
vt 0.542670 0.777508
vt 0.329416 0.753047
vt 0.333439 0.740309
vt 0.365526 0.772033
vt 0.326065 0.764354
vt 0.742400 0.805566
vt 0.768388 0.807374
vt 0.767700 0.812023
vt 0.741804 0.810210
vt 0.767274 0.816696
vt 0.741424 0.814829
vt 0.768388 0.807374
vt 0.769469 0.802760
vt 0.742400 0.805567
vt 0.743331 0.800878
vt 0.744466 0.796164
vt 0.770776 0.798165
vt 0.906865 0.725461
vt 0.897837 0.728089
vt 0.894862 0.720748
vt 0.909205 0.733472
vt 0.900155 0.735172
vt 0.891586 0.736868
vt 0.888983 0.730079
vt 0.886379 0.723289
vt 0.197883 0.646048
vt 0.192822 0.643114
vt 0.201404 0.627893
vt 0.205949 0.630915
vt 0.188793 0.640154
vt 0.197605 0.625207
vt 0.207371 0.614051
vt 0.209999 0.615850
vt 0.212627 0.617649
vt 0.961748 0.809501
vt 0.966745 0.816855
vt 0.950151 0.805497
vt 0.957135 0.802445
vt 0.964857 0.798669
vt 0.969783 0.805959
vt 0.974710 0.813250
vt 0.910389 0.740741
vt 0.901292 0.741510
vt 0.901096 0.747807
vt 0.892865 0.746364
vt 0.892226 0.741616
vt 0.170495 0.733973
vt 0.182629 0.735708
vt 0.178157 0.750598
vt 0.165159 0.748880
vt 0.205185 0.739509
vt 0.200981 0.753533
vt 0.189124 0.764137
vt 0.173196 0.762361
vt 0.157268 0.760585
vt 0.954269 0.822036
vt 0.952707 0.828891
vt 0.948703 0.828297
vt 0.956445 0.821949
vt 0.955095 0.829107
vt 0.953993 0.836197
vt 0.951570 0.835856
vt 0.947371 0.835282
vt 0.898930 0.754696
vt 0.891691 0.751967
vt 0.941632 0.826862
vt 0.940273 0.834325
vt 0.438142 0.781559
vt 0.472714 0.784621
vt 0.472041 0.790866
vt 0.437243 0.788169
vt 0.471633 0.796721
vt 0.436744 0.794230
vt 0.897018 0.813252
vt 0.895659 0.804596
vt 0.908896 0.801374
vt 0.878567 0.813346
vt 0.878610 0.806599
vt 0.878258 0.799776
vt 0.893748 0.795618
vt 0.183766 0.635459
vt 0.192462 0.621232
vt 0.177060 0.628307
vt 0.185728 0.615311
vt 0.195566 0.606171
vt 0.201468 0.610111
vt 0.472714 0.784621
vt 0.473904 0.777730
vt 0.475465 0.770467
vt 0.840777 0.812413
vt 0.841999 0.807477
vt 0.861026 0.807571
vt 0.860218 0.813127
vt 0.861759 0.802068
vt 0.878258 0.799776
vt 0.150283 0.700279
vt 0.155930 0.714445
vt 0.147840 0.727040
vt 0.141302 0.711882
vt 0.159653 0.726452
vt 0.153047 0.740534
vt 0.146991 0.755643
vt 0.138619 0.736868
vt 0.946196 0.798577
vt 0.953643 0.795781
vt 0.943474 0.791129
vt 0.951270 0.788818
vt 0.959669 0.787073
vt 0.962263 0.792871
vt 0.717450 0.803797
vt 0.718405 0.799069
vt 0.958569 0.822226
vt 0.957223 0.829351
vt 0.960693 0.822503
vt 0.959319 0.829633
vt 0.957944 0.836763
vt 0.956094 0.836497
vt 0.958844 0.771652
vt 0.956341 0.758079
vt 0.959365 0.755643
vt 0.959429 0.765231
vt 0.958024 0.745886
vt 0.960059 0.747022
vt 0.961227 0.746077
vt 0.960621 0.752443
vt 0.960014 0.758810
vt 0.959910 0.740147
vt 0.961477 0.740289
vt 0.963038 0.740180
vt 0.941976 0.782549
vt 0.950096 0.780760
vt 0.949681 0.771135
vt 0.959256 0.779362
vt 0.152209 0.590276
vt 0.141845 0.607931
vt 0.138160 0.599980
vt 0.135028 0.590663
vt 0.147165 0.571245
vt 0.161038 0.608402
vt 0.152490 0.624433
vt 0.146321 0.615642
vt 0.155669 0.599146
vt 0.141845 0.607931
vt 0.152209 0.590276
vt 0.168805 0.618685
vt 0.177467 0.606946
vt 0.186320 0.598130
vt 0.188793 0.640154
vt 0.180264 0.660468
vt 0.175476 0.654541
vt 0.183766 0.635459
vt 0.169040 0.645853
vt 0.177060 0.628307
vt 0.197883 0.646048
vt 0.190112 0.666248
vt 0.184455 0.663734
vt 0.192822 0.643114
vt 0.284134 0.755417
vt 0.326064 0.764354
vt 0.323910 0.773272
vt 0.281844 0.765559
vt 0.363722 0.780211
vt 0.363480 0.788774
vt 0.322695 0.780792
vt 0.281909 0.772811
vt 0.238316 0.758739
vt 0.235517 0.768474
vt 0.402655 0.777611
vt 0.401306 0.784894
vt 0.438142 0.781559
vt 0.437243 0.788169
vt 0.400656 0.791554
vt 0.512262 0.760824
vt 0.478832 0.756332
vt 0.480331 0.750049
vt 0.513506 0.754779
vt 0.481690 0.744268
vt 0.514629 0.749097
vt 0.578499 0.768963
vt 0.545543 0.764903
vt 0.546590 0.759120
vt 0.579431 0.763458
vt 0.547450 0.753575
vt 0.580272 0.758052
vt 0.641830 0.777039
vt 0.610861 0.773133
vt 0.611769 0.767945
vt 0.642801 0.772141
vt 0.612599 0.762982
vt 0.644925 0.767912
vt 0.670628 0.780274
vt 0.671449 0.775502
vt 0.672281 0.770891
vt 0.742400 0.805567
vt 0.741805 0.810210
vt 0.716850 0.808466
vt 0.741424 0.814829
vt 0.716477 0.813102
vt 0.691365 0.811423
vt 0.692368 0.802005
vt 0.773048 0.788932
vt 0.773545 0.784246
vt 0.773757 0.779546
vt 0.876352 0.786916
vt 0.877630 0.793085
vt 0.862212 0.796632
vt 0.862018 0.791340
vt 0.861759 0.802068
vt 0.844471 0.797677
vt 0.844998 0.792752
vt 0.921501 0.791396
vt 0.925678 0.789648
vt 0.930514 0.787173
vt 0.916455 0.793145
vt 0.918450 0.792008
vt 0.921171 0.800352
vt 0.878567 0.813346
vt 0.897018 0.813252
vt 0.896632 0.821162
vt 0.877998 0.819905
vt 0.895679 0.828551
vt 0.877228 0.826356
vt 0.911755 0.775264
vt 0.908891 0.776814
vt 0.935682 0.784725
vt 0.934822 0.774491
vt 0.941523 0.772446
vt 0.941976 0.782549
vt 0.052274 0.654026
vt 0.055079 0.654022
vt 0.055704 0.658489
vt 0.052087 0.656382
vt 0.057961 0.653856
vt 0.057980 0.660845
vt 0.053413 0.667020
vt 0.051893 0.662001
vt 0.050233 0.658711
vt 0.059058 0.677119
vt 0.055550 0.672724
vt 0.060573 0.663431
vt 0.064419 0.664804
vt 0.053413 0.667020
vt 0.057980 0.660845
vt 0.061390 0.653525
vt 0.066086 0.652087
vt 0.082691 0.642784
vt 0.079708 0.660137
vt 0.070380 0.663598
vt 0.072794 0.648553
vt 0.073602 0.677680
vt 0.064681 0.678526
vt 0.059058 0.677119
vt 0.064419 0.664804
vt 0.073602 0.677680
vt 0.086168 0.675888
vt 0.081579 0.690273
vt 0.068681 0.690513
vt 0.078703 0.700696
vt 0.062835 0.700984
vt 0.055550 0.672724
vt 0.048742 0.679228
vt 0.045786 0.670909
vt 0.059058 0.677119
vt 0.053235 0.686205
vt 0.047016 0.695385
vt 0.041024 0.684088
vt 0.035033 0.672790
vt 0.044633 0.663506
vt 0.044555 0.657709
vt 0.035195 0.663711
vt 0.035358 0.654632
vt 0.045615 0.654030
vt 0.047117 0.651466
vt 0.036898 0.651204
vt 0.038438 0.647776
vt 0.049446 0.649532
vt 0.040772 0.645029
vt 0.043105 0.642281
vt 0.052374 0.647629
vt 0.066086 0.652087
vt 0.061390 0.653525
vt 0.056183 0.645344
vt 0.061276 0.642152
vt 0.047288 0.638453
vt 0.051471 0.634624
vt 0.082691 0.642784
vt 0.072794 0.648553
vt 0.068488 0.637344
vt 0.078396 0.630684
vt 0.059846 0.628840
vt 0.068220 0.623056
vt 0.120644 0.593362
vt 0.133431 0.579102
vt 0.121332 0.580367
vt 0.132157 0.569652
vt 0.140972 0.555557
vt 0.144257 0.562221
vt 0.095583 0.603835
vt 0.103460 0.609509
vt 0.091451 0.621566
vt 0.081902 0.613445
vt 0.096702 0.634342
vt 0.082691 0.642784
vt 0.078396 0.630684
vt 0.064681 0.678526
vt 0.059547 0.689525
vt 0.054925 0.698185
vt 0.140972 0.555557
vt 0.146285 0.544419
vt 0.151739 0.550737
vt 0.144257 0.562221
vt 0.149653 0.533333
vt 0.157358 0.542766
vt 0.156335 0.559658
vt 0.147165 0.571245
vt 0.140972 0.555557
vt 0.130835 0.563862
vt 0.137394 0.552591
vt 0.121332 0.580367
vt 0.121967 0.571609
vt 0.122535 0.565239
vt 0.128560 0.559165
vt 0.133720 0.552090
vt 0.121332 0.580367
vt 0.120644 0.593362
vt 0.108536 0.594873
vt 0.110321 0.581572
vt 0.103460 0.609509
vt 0.097409 0.589816
vt 0.099236 0.575798
vt 0.133253 0.544847
vt 0.140316 0.542459
vt 0.132963 0.532159
vt 0.141308 0.532746
vt 0.121967 0.571608
vt 0.112285 0.571195
vt 0.116266 0.561975
vt 0.101732 0.565700
vt 0.104228 0.555602
vt 0.116266 0.561975
vt 0.124376 0.552560
vt 0.128560 0.559165
vt 0.118596 0.543881
vt 0.104265 0.030340
vt 0.121472 0.041400
vt 0.119555 0.043733
vt 0.101397 0.036314
vt 0.138679 0.052459
vt 0.136245 0.053344
vt 0.133812 0.054228
vt 0.116169 0.047501
vt 0.099370 0.041056
vt 0.953509 0.729825
vt 0.953646 0.736021
vt 0.949659 0.759312
vt 0.950247 0.746495
vt 0.042555 0.095663
vt 0.046655 0.082431
vt 0.059793 0.085340
vt 0.059072 0.093654
vt 0.051457 0.071291
vt 0.061839 0.077883
vt 0.068527 0.081777
vt 0.070271 0.086101
vt 0.075590 0.091645
vt 0.056233 0.030340
vt 0.080249 0.030340
vt 0.080226 0.033904
vt 0.059003 0.036313
vt 0.080130 0.038655
vt 0.060857 0.040928
vt 0.009034 0.093588
vt 0.015184 0.073139
vt 0.018328 0.074394
vt 0.011463 0.094325
vt 0.021334 0.052690
vt 0.027261 0.056840
vt 0.032304 0.059773
vt 0.023649 0.076124
vt 0.013892 0.095061
vt 0.038784 0.041515
vt 0.041093 0.044183
vt 0.044596 0.047937
vt 0.071834 0.079285
vt 0.075545 0.083024
vt 0.070271 0.086101
vt 0.074110 0.075520
vt 0.077568 0.076891
vt 0.080994 0.076839
vt 0.080449 0.082054
vt 0.058562 0.062942
vt 0.066148 0.072090
vt 0.068068 0.057915
vt 0.071891 0.068295
vt 0.090635 0.058768
vt 0.100158 0.064146
vt 0.089520 0.074506
vt 0.085028 0.069577
vt 0.109916 0.070619
vt 0.092753 0.081132
vt 0.080449 0.082054
vt 0.079412 0.056536
vt 0.078669 0.067627
vt 0.077568 0.076891
vt 0.060857 0.040928
vt 0.080130 0.038655
vt 0.079880 0.046366
vt 0.064035 0.048245
vt 0.099370 0.041056
vt 0.095720 0.048668
vt 0.090635 0.058768
vt 0.079413 0.056536
vt 0.068068 0.057915
vt 0.109356 0.054660
vt 0.121864 0.062424
vt 0.044596 0.047937
vt 0.050776 0.054382
vt 0.040782 0.064750
vt 0.058562 0.062942
vt 0.051457 0.071291
vt 0.033832 0.078974
vt 0.028223 0.095362
vt 0.040782 0.064750
vt 0.883410 0.716487
vt 0.891625 0.713636
vt 0.894862 0.720748
vt 0.880441 0.709686
vt 0.888311 0.706728
vt 0.899967 0.710148
vt 0.910319 0.694642
vt 0.904052 0.700027
vt 0.900966 0.695657
vt 0.906302 0.691388
vt 0.894430 0.698807
vt 0.892678 0.693843
vt 0.899310 0.690741
vt 0.903702 0.688873
vt 0.914672 0.687335
vt 0.909867 0.684912
vt 0.912549 0.676905
vt 0.905261 0.683565
vt 0.907941 0.675471
vt 0.899460 0.683644
vt 0.900481 0.675193
vt 0.892849 0.684379
vt 0.893020 0.674915
vt 0.064905 0.183120
vt 0.084987 0.179991
vt 0.082624 0.191771
vt 0.069475 0.192277
vt 0.108789 0.175845
vt 0.098505 0.193413
vt 0.088220 0.210980
vt 0.080473 0.203143
vt 0.073570 0.199850
vt 0.076050 0.209218
vt 0.070252 0.203560
vt 0.077585 0.217135
vt 0.071334 0.218785
vt 0.069463 0.212732
vt 0.066530 0.207102
vt 0.049628 0.204924
vt 0.053294 0.191119
vt 0.061658 0.197082
vt 0.058746 0.205669
vt 0.070252 0.203560
vt 0.059212 0.238827
vt 0.052175 0.223190
vt 0.060634 0.217116
vt 0.065742 0.226848
vt 0.076970 0.248903
vt 0.068796 0.245826
vt 0.073508 0.230300
vt 0.082595 0.229942
vt 0.077585 0.217135
vt 0.085845 0.274909
vt 0.069475 0.275389
vt 0.068091 0.260468
vt 0.081407 0.261906
vt 0.053106 0.275869
vt 0.055996 0.252259
vt 0.044336 0.239232
vt 0.047343 0.230650
vt 0.035565 0.202595
vt 0.043780 0.205804
vt 0.044785 0.185599
vt 0.048444 0.187886
vt 0.054006 0.168603
vt 0.062809 0.176984
vt 0.095708 0.168603
vt 0.089954 0.173140
vt 0.137410 0.168603
vt 0.123100 0.172224
vt 0.255318 0.694188
vt 0.215274 0.699899
vt 0.220724 0.679240
vt 0.226561 0.661418
vt 0.160717 0.635109
vt 0.168805 0.618685
vt 0.153668 0.654093
vt 0.092908 0.655239
vt 0.086168 0.675888
vt 0.079708 0.660137
vt 0.226561 0.661418
vt 0.220724 0.679240
vt 0.200259 0.670470
vt 0.207091 0.651135
vt 0.193941 0.692909
vt 0.163763 0.732136
vt 0.157965 0.746698
vt 0.152129 0.758114
vt 0.214415 0.636429
vt 0.221132 0.623874
vt 0.187922 0.715723
vt 0.182629 0.735708
vt 0.951786 0.850824
vt 0.943747 0.854231
vt 0.941834 0.851968
vt 0.950247 0.850038
vt 0.936191 0.858139
vt 0.933686 0.854923
vt 0.930108 0.850083
vt 0.940271 0.848307
vt 0.948708 0.849252
vt 0.938836 0.861217
vt 0.932734 0.866637
vt 0.929539 0.863097
vt 0.942748 0.864931
vt 0.937160 0.870595
vt 0.932614 0.877110
vt 0.927650 0.873168
vt 0.923880 0.869461
vt 0.915106 0.886958
vt 0.919933 0.890929
vt 0.916832 0.901955
vt 0.911487 0.897436
vt 0.925800 0.894747
vt 0.922927 0.906283
vt 0.919829 0.919637
vt 0.914402 0.912291
vt 0.908521 0.907108
vt 0.913022 0.919570
vt 0.906382 0.914472
vt 0.919859 0.924735
vt 0.919890 0.929832
vt 0.911873 0.925236
vt 0.904609 0.920380
vt 0.910081 0.930811
vt 0.902574 0.926216
vt 0.917733 0.935263
vt 0.915388 0.941235
vt 0.907478 0.937212
vt 0.899605 0.933116
vt 0.904087 0.944852
vt 0.895273 0.941953
vt 0.912549 0.947688
vt 0.909505 0.953622
vt 0.901241 0.952226
vt 0.890035 0.954179
vt 0.899042 0.962642
vt 0.896134 0.960071
vt 0.900886 0.957190
vt 0.901818 0.961456
vt 0.901241 0.952226
vt 0.909505 0.953622
vt 0.906763 0.958150
vt 0.905157 0.961384
vt 0.899604 0.933116
vt 0.895273 0.941953
vt 0.887172 0.936267
vt 0.891903 0.928171
vt 0.881293 0.944161
vt 0.873965 0.936705
vt 0.879481 0.930028
vt 0.884118 0.923131
vt 0.898806 0.897298
vt 0.895222 0.903452
vt 0.892583 0.897172
vt 0.896270 0.893035
vt 0.889935 0.908666
vt 0.887537 0.899227
vt 0.886051 0.887787
vt 0.892598 0.889997
vt 0.895450 0.889484
vt 0.902466 0.875846
vt 0.900849 0.872625
vt 0.906424 0.863946
vt 0.907251 0.867904
vt 0.896254 0.867331
vt 0.902039 0.858062
vt 0.909903 0.848953
vt 0.912220 0.857560
vt 0.911116 0.862364
vt 0.877685 0.874964
vt 0.882037 0.867922
vt 0.890938 0.876893
vt 0.867516 0.864201
vt 0.870146 0.858561
vt 0.872283 0.852284
vt 0.886110 0.859863
vt 0.917885 0.855650
vt 0.913589 0.862192
vt 0.920988 0.848593
vt 0.922846 0.856724
vt 0.916900 0.863181
vt 0.902466 0.875846
vt 0.904215 0.877782
vt 0.899980 0.886159
vt 0.898153 0.883885
vt 0.906911 0.879798
vt 0.902628 0.889052
vt 0.898806 0.897298
vt 0.896270 0.893035
vt 0.903091 0.902073
vt 0.900209 0.909146
vt 0.895222 0.903452
vt 0.897597 0.915087
vt 0.906911 0.879798
vt 0.910671 0.883009
vt 0.906601 0.892955
vt 0.902628 0.889052
vt 0.915106 0.886958
vt 0.911487 0.897436
vt 0.908521 0.907108
vt 0.898806 0.897298
vt 0.933686 0.854923
vt 0.926501 0.859612
vt 0.922846 0.856724
vt 0.936191 0.858139
vt 0.929539 0.863097
vt 0.923880 0.869461
vt 0.920360 0.865856
vt 0.916900 0.863181
vt 0.954929 0.852730
vt 0.949260 0.859436
vt 0.945895 0.856411
vt 0.953357 0.851777
vt 0.942747 0.864931
vt 0.938836 0.861217
vt 0.895145 0.921260
vt 0.887393 0.916581
vt 0.891903 0.928171
vt 0.838743 0.832687
vt 0.838916 0.827616
vt 0.858259 0.830025
vt 0.857802 0.835637
vt 0.858817 0.824380
vt 0.876545 0.832809
vt 0.875639 0.839296
vt 0.839131 0.852615
vt 0.838265 0.857345
vt 0.818425 0.854189
vt 0.818926 0.849424
vt 0.839953 0.861521
vt 0.817960 0.858879
vt 0.795966 0.856237
vt 0.794876 0.851706
vt 0.795039 0.846977
vt 0.794025 0.837564
vt 0.818214 0.839854
vt 0.818820 0.844637
vt 0.794735 0.842260
vt 0.839361 0.842731
vt 0.839527 0.847713
vt 0.839131 0.852615
vt 0.768751 0.845014
vt 0.768470 0.840284
vt 0.742409 0.843335
vt 0.742178 0.838561
vt 0.741735 0.833736
vt 0.767897 0.835544
vt 0.794025 0.837564
vt 0.717777 0.841814
vt 0.717465 0.837008
vt 0.693228 0.840533
vt 0.692785 0.835663
vt 0.692111 0.830721
vt 0.716943 0.832138
vt 0.666694 0.839609
vt 0.666182 0.834587
vt 0.637738 0.839087
vt 0.637216 0.833809
vt 0.636519 0.828375
vt 0.665459 0.829460
vt 0.606499 0.838919
vt 0.605998 0.833296
vt 0.573819 0.838782
vt 0.573331 0.832794
vt 0.572702 0.826558
vt 0.605339 0.827462
vt 0.540553 0.838392
vt 0.540044 0.832079
vt 0.506935 0.837917
vt 0.506372 0.831276
vt 0.505760 0.824356
vt 0.539430 0.825509
vt 0.473058 0.837773
vt 0.472405 0.830713
vt 0.439067 0.838903
vt 0.438233 0.831182
vt 0.437442 0.822946
vt 0.471767 0.823295
vt 0.365747 0.826369
vt 0.367136 0.837571
vt 0.327281 0.843431
vt 0.325930 0.830176
vt 0.368527 0.847661
vt 0.328727 0.855128
vt 0.285201 0.864140
vt 0.283909 0.850403
vt 0.282956 0.834662
vt 0.404767 0.842182
vt 0.403634 0.833433
vt 0.367136 0.837571
vt 0.365747 0.826369
vt 0.402515 0.823922
vt 0.167777 0.843399
vt 0.161275 0.843685
vt 0.161168 0.818719
vt 0.167804 0.818765
vt 0.156206 0.846233
vt 0.156079 0.822185
vt 0.155298 0.801738
vt 0.160746 0.797360
vt 0.167665 0.797430
vt 0.149970 0.852550
vt 0.149857 0.830880
vt 0.141285 0.861082
vt 0.141084 0.841495
vt 0.139367 0.824489
vt 0.148531 0.812351
vt 0.118445 0.876984
vt 0.109414 0.882146
vt 0.108253 0.859413
vt 0.117594 0.856150
vt 0.102198 0.886050
vt 0.100708 0.860949
vt 0.100023 0.839319
vt 0.107333 0.839501
vt 0.116324 0.837716
vt 0.102198 0.886050
vt 0.095157 0.889747
vt 0.093328 0.861447
vt 0.100708 0.860949
vt 0.083848 0.893783
vt 0.084151 0.858972
vt 0.083798 0.834460
vt 0.092772 0.837810
vt 0.100023 0.839319
vt 0.934505 0.937637
vt 0.935540 0.937711
vt 0.934424 0.942927
vt 0.931420 0.942825
vt 0.937404 0.938595
vt 0.936086 0.941729
vt 0.934767 0.944862
vt 0.933317 0.948151
vt 0.931867 0.951440
vt 0.439067 0.838903
vt 0.439901 0.845653
vt 0.405945 0.849643
vt 0.404767 0.842182
vt 0.440695 0.850393
vt 0.407332 0.856117
vt 0.373970 0.861842
vt 0.370144 0.855819
vt 0.742409 0.843335
vt 0.742140 0.848013
vt 0.717720 0.846507
vt 0.717777 0.841814
vt 0.740260 0.852516
vt 0.717432 0.851103
vt 0.694604 0.849690
vt 0.693394 0.845263
vt 0.693228 0.840532
vt 0.139367 0.824489
vt 0.127790 0.833030
vt 0.123228 0.819116
vt 0.133953 0.810900
vt 0.116324 0.837716
vt 0.113316 0.823417
vt 0.108180 0.812963
vt 0.116647 0.807482
vt 0.125113 0.802001
vt 0.923202 0.946022
vt 0.920182 0.952384
vt 0.927443 0.958335
vt 0.923017 0.965229
vt 0.916363 0.958202
vt 0.129422 0.850207
vt 0.127790 0.833030
vt 0.141285 0.861082
vt 0.129911 0.869695
vt 0.118445 0.876984
vt 0.117594 0.856150
vt 0.911837 0.962770
vt 0.906763 0.958150
vt 0.916472 0.969629
vt 0.909927 0.974028
vt 0.907446 0.965980
vt 0.635525 0.817659
vt 0.635596 0.812650
vt 0.664413 0.814432
vt 0.664375 0.819291
vt 0.635896 0.807802
vt 0.664701 0.809677
vt 0.691365 0.811423
vt 0.691089 0.816120
vt 0.691069 0.820888
vt 0.903638 0.967375
vt 0.901818 0.961456
vt 0.906053 0.974947
vt 0.902180 0.975867
vt 0.899903 0.967761
vt 0.436384 0.806994
vt 0.436768 0.814682
vt 0.401476 0.814372
vt 0.400715 0.805614
vt 0.437442 0.822946
vt 0.402515 0.823922
vt 0.364406 0.815140
vt 0.363346 0.805019
vt 0.691070 0.820888
vt 0.691461 0.825772
vt 0.664776 0.824325
vt 0.664375 0.819291
vt 0.665459 0.829460
vt 0.636519 0.828375
vt 0.635880 0.822937
vt 0.635525 0.817659
vt 0.123988 0.915501
vt 0.129419 0.928264
vt 0.122210 0.935359
vt 0.116069 0.922859
vt 0.134151 0.937675
vt 0.129320 0.944191
vt 0.124489 0.950707
vt 0.116589 0.943124
vt 0.110097 0.930382
vt 0.895338 0.966993
vt 0.896728 0.975715
vt 0.891276 0.975563
vt 0.889408 0.966253
vt 0.100023 0.839319
vt 0.099411 0.824090
vt 0.105747 0.824713
vt 0.099077 0.813466
vt 0.103629 0.813215
vt 0.113316 0.823417
vt 0.116324 0.837716
vt 0.873258 0.960329
vt 0.868983 0.953260
vt 0.874759 0.949536
vt 0.879838 0.957942
vt 0.862663 0.947260
vt 0.868234 0.942411
vt 0.873258 0.960329
vt 0.879838 0.957942
vt 0.882027 0.967246
vt 0.875093 0.968623
vt 0.889408 0.966253
vt 0.882939 0.976760
vt 0.874602 0.977956
vt 0.111014 0.952099
vt 0.104816 0.938668
vt 0.117759 0.960701
vt 0.111028 0.970695
vt 0.104919 0.960966
vt 0.099571 0.947185
vt 0.287272 0.874395
vt 0.242108 0.886477
vt 0.239986 0.873859
vt 0.291348 0.880790
vt 0.244158 0.897058
vt 0.196968 0.913327
vt 0.204307 0.897161
vt 0.202471 0.882104
vt 0.792739 0.828164
vt 0.792721 0.823418
vt 0.816983 0.825463
vt 0.816963 0.830289
vt 0.793040 0.818652
vt 0.817353 0.820614
vt 0.084211 0.818580
vt 0.092781 0.821980
vt 0.092772 0.837810
vt 0.087504 0.808385
vt 0.093291 0.810926
vt 0.910963 0.838806
vt 0.922252 0.840438
vt 0.911692 0.830565
vt 0.931742 0.833182
vt 0.931084 0.841457
vt 0.571879 0.814375
vt 0.571961 0.808858
vt 0.604508 0.810782
vt 0.604435 0.816021
vt 0.572263 0.803606
vt 0.604804 0.805764
vt 0.878365 0.891154
vt 0.872707 0.879514
vt 0.877685 0.874963
vt 0.873343 0.895279
vt 0.867822 0.882773
vt 0.862301 0.870267
vt 0.864333 0.868650
vt 0.867516 0.864201
vt 0.604752 0.821630
vt 0.604435 0.816021
vt 0.605339 0.827462
vt 0.572702 0.826558
vt 0.572160 0.820332
vt 0.282956 0.834662
vt 0.238670 0.838967
vt 0.238438 0.820113
vt 0.282062 0.818873
vt 0.201622 0.842076
vt 0.201890 0.820377
vt 0.202181 0.801239
vt 0.238366 0.803537
vt 0.281439 0.805050
vt 0.853077 0.861717
vt 0.855022 0.857059
vt 0.851127 0.865894
vt 0.330447 0.864150
vt 0.328727 0.855128
vt 0.332659 0.871316
vt 0.838743 0.832687
vt 0.838980 0.837722
vt 0.817466 0.835079
vt 0.816963 0.830289
vt 0.839361 0.842731
vt 0.818214 0.839854
vt 0.793250 0.832874
vt 0.792739 0.828164
vt 0.505084 0.810866
vt 0.505280 0.804817
vt 0.538829 0.806894
vt 0.538692 0.812690
vt 0.505663 0.799085
vt 0.539170 0.801377
vt 0.538923 0.818955
vt 0.538692 0.812690
vt 0.539430 0.825509
vt 0.505760 0.824356
vt 0.505275 0.817449
vt 0.325930 0.830176
vt 0.324629 0.816921
vt 0.364406 0.815140
vt 0.323624 0.805207
vt 0.741051 0.824137
vt 0.741133 0.819455
vt 0.766975 0.821380
vt 0.766942 0.826080
vt 0.741424 0.814829
vt 0.767274 0.816696
vt 0.767305 0.830805
vt 0.766942 0.826081
vt 0.767897 0.835544
vt 0.741294 0.828910
vt 0.866661 0.930809
vt 0.871729 0.924798
vt 0.859431 0.925784
vt 0.863961 0.920225
vt 0.868491 0.914666
vt 0.876064 0.918823
vt 0.884118 0.923131
vt 0.170422 0.889493
vt 0.174072 0.906242
vt 0.168802 0.907935
vt 0.164705 0.890951
vt 0.176840 0.920838
vt 0.173764 0.921869
vt 0.170688 0.922900
vt 0.164353 0.909493
vt 0.159981 0.892705
vt 0.961690 0.858428
vt 0.954944 0.864199
vt 0.949260 0.859436
vt 0.968450 0.864127
vt 0.961750 0.869839
vt 0.955050 0.875551
vt 0.948655 0.869795
vt 0.942747 0.864931
vt 0.879021 0.913193
vt 0.887393 0.916581
vt 0.870505 0.910445
vt 0.872520 0.906224
vt 0.880648 0.907215
vt 0.166466 0.781642
vt 0.179301 0.783498
vt 0.179697 0.799031
vt 0.161976 0.768246
vt 0.177613 0.770875
vt 0.193251 0.773504
vt 0.201751 0.786634
vt 0.202181 0.801239
vt 0.946945 0.842391
vt 0.950938 0.842892
vt 0.950743 0.849934
vt 0.947371 0.835282
vt 0.951570 0.835856
vt 0.953279 0.843341
vt 0.952778 0.850617
vt 0.880506 0.900143
vt 0.872931 0.900751
vt 0.939778 0.841908
vt 0.940273 0.834325
vt 0.436421 0.800308
vt 0.471246 0.802580
vt 0.471054 0.808867
vt 0.471633 0.796721
vt 0.902039 0.858062
vt 0.890103 0.851709
vt 0.893450 0.843705
vt 0.896253 0.867331
vt 0.886110 0.859863
vt 0.872283 0.852285
vt 0.874170 0.845811
vt 0.875639 0.839296
vt 0.158227 0.911918
vt 0.153803 0.895855
vt 0.163799 0.925099
vt 0.156910 0.927297
vt 0.149982 0.915765
vt 0.145279 0.900883
vt 0.471261 0.815871
vt 0.471054 0.808867
vt 0.471767 0.823295
vt 0.838743 0.832687
vt 0.857802 0.835637
vt 0.857423 0.841182
vt 0.838980 0.837722
vt 0.875639 0.839296
vt 0.874170 0.845811
vt 0.856985 0.846641
vt 0.139367 0.824489
vt 0.133953 0.810900
vt 0.144154 0.798051
vt 0.148531 0.812351
vt 0.137945 0.786116
vt 0.150778 0.770231
vt 0.152678 0.786409
vt 0.155298 0.801738
vt 0.943567 0.875333
vt 0.937160 0.870595
vt 0.951058 0.880506
vt 0.947066 0.885460
vt 0.939477 0.881475
vt 0.932614 0.877110
vt 0.716433 0.827264
vt 0.716141 0.822451
vt 0.716943 0.832139
vt 0.955382 0.843702
vt 0.954883 0.850947
vt 0.956094 0.836497
vt 0.957466 0.844020
vt 0.956988 0.851276
vt 0.942221 0.900279
vt 0.941021 0.906691
vt 0.938323 0.916007
vt 0.936100 0.912791
vt 0.939821 0.913103
vt 0.938651 0.919477
vt 0.937481 0.925850
vt 0.936582 0.924624
vt 0.934369 0.925098
vt 0.935974 0.931674
vt 0.934437 0.931368
vt 0.937442 0.932223
vt 0.936233 0.889005
vt 0.928926 0.885049
vt 0.944644 0.892870
vt 0.933266 0.898258
vt 0.099385 0.917039
vt 0.105272 0.910492
vt 0.099571 0.947185
vt 0.093625 0.925029
vt 0.116069 0.922859
vt 0.111843 0.904393
vt 0.120345 0.897731
vt 0.110097 0.930382
vt 0.105272 0.910492
vt 0.139518 0.921515
vt 0.134507 0.907819
vt 0.145531 0.932486
vt 0.153803 0.895855
vt 0.151079 0.875260
vt 0.157325 0.870841
vt 0.145279 0.900883
vt 0.142445 0.881851
vt 0.170422 0.889493
vt 0.162257 0.868832
vt 0.168402 0.867951
vt 0.281439 0.805050
vt 0.281447 0.794755
vt 0.323185 0.796088
vt 0.323624 0.805207
vt 0.283065 0.788502
vt 0.323273 0.788638
vt 0.362845 0.796702
vt 0.238490 0.791016
vt 0.238158 0.781003
vt 0.400434 0.798208
vt 0.400715 0.805614
vt 0.400656 0.791554
vt 0.436744 0.794230
vt 0.436421 0.800308
vt 0.436384 0.806994
vt 0.506935 0.837917
vt 0.507329 0.844080
vt 0.473645 0.844211
vt 0.473058 0.837772
vt 0.507686 0.849892
vt 0.474191 0.850142
vt 0.573819 0.838782
vt 0.574007 0.844367
vt 0.540802 0.844266
vt 0.540553 0.838392
vt 0.574127 0.849881
vt 0.540907 0.849886
vt 0.638071 0.844072
vt 0.606719 0.844185
vt 0.606499 0.838919
vt 0.639674 0.848563
vt 0.606901 0.849222
vt 0.666894 0.844447
vt 0.666695 0.839609
vt 0.667139 0.849127
vt 0.741051 0.824137
vt 0.716140 0.822451
vt 0.716198 0.817744
vt 0.741133 0.819455
vt 0.691070 0.820888
vt 0.716477 0.813102
vt 0.768563 0.849717
vt 0.768751 0.845014
vt 0.768113 0.854376
vt 0.867516 0.864201
vt 0.855022 0.857059
vt 0.856291 0.851978
vt 0.870146 0.858561
vt 0.839527 0.847713
vt 0.839361 0.842731
vt 0.856985 0.846641
vt 0.872283 0.852285
vt 0.916900 0.863181
vt 0.920360 0.865856
vt 0.915177 0.873756
vt 0.911634 0.870942
vt 0.919162 0.877457
vt 0.913589 0.862192
vt 0.908874 0.869533
vt 0.907251 0.867904
vt 0.911634 0.870942
vt 0.875639 0.839296
vt 0.876545 0.832809
vt 0.894906 0.835957
vt 0.893450 0.843705
vt 0.877228 0.826356
vt 0.895679 0.828551
vt 0.895832 0.881637
vt 0.898153 0.883885
vt 0.923470 0.881227
vt 0.928926 0.885049
vt 0.919933 0.890929
vt 0.033378 0.839054
vt 0.033942 0.836758
vt 0.038029 0.835905
vt 0.036035 0.839949
vt 0.032911 0.833963
vt 0.035511 0.831368
vt 0.038508 0.827093
vt 0.040915 0.834396
vt 0.038714 0.841026
vt 0.046965 0.819315
vt 0.048235 0.832702
vt 0.044167 0.832774
vt 0.042291 0.822366
vt 0.045877 0.845304
vt 0.041861 0.842438
vt 0.038714 0.841026
vt 0.040915 0.834396
vt 0.038508 0.827093
vt 0.058870 0.859370
vt 0.051176 0.850788
vt 0.053522 0.835739
vt 0.061333 0.841954
vt 0.045877 0.845304
vt 0.048235 0.832702
vt 0.046965 0.819315
vt 0.052719 0.819766
vt 0.060894 0.823379
vt 0.060894 0.823379
vt 0.060179 0.809654
vt 0.072233 0.813926
vt 0.072218 0.829010
vt 0.057934 0.797893
vt 0.072719 0.803139
vt 0.032480 0.821001
vt 0.037857 0.814048
vt 0.042291 0.822366
vt 0.022859 0.815839
vt 0.032051 0.807009
vt 0.041243 0.798179
vt 0.044268 0.808855
vt 0.046965 0.819315
vt 0.027208 0.833123
vt 0.029088 0.827654
vt 0.017516 0.833140
vt 0.020187 0.824490
vt 0.027680 0.839854
vt 0.027061 0.836946
vt 0.033942 0.836758
vt 0.018285 0.840611
vt 0.017900 0.836876
vt 0.036035 0.839949
vt 0.029283 0.842430
vt 0.027680 0.839854
vt 0.038714 0.841026
vt 0.031465 0.845170
vt 0.020995 0.847311
vt 0.019640 0.843961
vt 0.038224 0.853212
vt 0.034369 0.848556
vt 0.041861 0.842438
vt 0.026554 0.857248
vt 0.023774 0.852279
vt 0.031465 0.845170
vt 0.038714 0.841026
vt 0.058870 0.859370
vt 0.051069 0.869516
vt 0.043619 0.860072
vt 0.051176 0.850788
vt 0.038970 0.873592
vt 0.032762 0.865420
vt 0.093625 0.925029
vt 0.088683 0.935591
vt 0.080606 0.918106
vt 0.094076 0.954952
vt 0.088920 0.960322
vt 0.084671 0.944219
vt 0.077457 0.930701
vt 0.059577 0.900373
vt 0.049274 0.886983
vt 0.060864 0.882240
vt 0.068832 0.897426
vt 0.051069 0.869516
vt 0.058870 0.859370
vt 0.069743 0.871736
vt 0.051261 0.807708
vt 0.049589 0.798036
vt 0.088920 0.960322
vt 0.094076 0.954952
vt 0.097795 0.968137
vt 0.090628 0.972529
vt 0.099571 0.947185
vt 0.104919 0.960966
vt 0.100725 0.977404
vt 0.090423 0.984112
vt 0.088920 0.960322
vt 0.084587 0.962057
vt 0.081680 0.949329
vt 0.084671 0.944219
vt 0.080897 0.961402
vt 0.078076 0.953089
vt 0.074115 0.945457
vt 0.075477 0.939231
vt 0.067246 0.926162
vt 0.069423 0.912940
vt 0.080606 0.918106
vt 0.054924 0.928258
vt 0.057250 0.914316
vt 0.068832 0.897426
vt 0.084587 0.962057
vt 0.084294 0.972576
vt 0.078232 0.968131
vt 0.082235 0.982098
vt 0.074048 0.980084
vt 0.067114 0.946614
vt 0.066059 0.936632
vt 0.053668 0.948926
vt 0.054296 0.938592
vt 0.078076 0.953089
vt 0.072050 0.958061
vt 0.067114 0.946614
vt 0.063858 0.964505
vt 0.101397 0.036314
vt 0.119555 0.043733
vt 0.099370 0.041056
vt 0.116169 0.047501
vt 0.927197 0.933735
vt 0.925236 0.939667
vt 0.930037 0.909748
vt 0.927099 0.922368
vt 0.059793 0.085340
vt 0.046655 0.082431
vt 0.070271 0.086101
vt 0.051457 0.071291
vt 0.080226 0.033904
vt 0.080130 0.038655
vt 0.018328 0.074394
vt 0.023649 0.076124
vt 0.070271 0.086101
vt 0.075545 0.083024
vt 0.071834 0.079285
vt 0.080449 0.082054
vt 0.080994 0.076839
vt 0.077568 0.076891
vt 0.066148 0.072090
vt 0.058562 0.062942
vt 0.090635 0.058768
vt 0.085028 0.069577
vt 0.089520 0.074506
vt 0.100158 0.064146
vt 0.080449 0.082054
vt 0.078669 0.067627
vt 0.079412 0.056536
vt 0.060857 0.040928
vt 0.064035 0.048245
vt 0.079880 0.046366
vt 0.080130 0.038655
vt 0.068068 0.057915
vt 0.090635 0.058768
vt 0.095720 0.048668
vt 0.099370 0.041056
vt 0.095720 0.048668
vt 0.109356 0.054660
vt 0.032304 0.059773
vt 0.050776 0.054382
vt 0.044596 0.047937
vt 0.051457 0.071291
vt 0.058562 0.062942
vt 0.040782 0.064750
vt 0.866661 0.930809
vt 0.861375 0.936511
vt 0.854445 0.931251
vt 0.868234 0.942411
vt 0.856061 0.941988
vt 0.849459 0.936717
vt 0.873258 0.960329
vt 0.868405 0.962148
vt 0.864683 0.956409
vt 0.868983 0.953260
vt 0.865132 0.963696
vt 0.861553 0.960515
vt 0.856261 0.955434
vt 0.859462 0.951347
vt 0.869731 0.977850
vt 0.869734 0.969413
vt 0.875093 0.968623
vt 0.864859 0.977744
vt 0.864914 0.969216
vt 0.857673 0.975569
vt 0.859421 0.967262
vt 0.850487 0.973394
vt 0.853374 0.964414
vt 0.861553 0.960514
vt 0.069475 0.192277
vt 0.082624 0.191771
vt 0.084987 0.179991
vt 0.070252 0.203560
vt 0.076050 0.209218
vt 0.069463 0.212732
vt 0.071334 0.218784
vt 0.058746 0.205669
vt 0.070252 0.203560
vt 0.059212 0.238827
vt 0.060634 0.217116
vt 0.069463 0.212732
vt 0.068796 0.245826
vt 0.055996 0.252259
vt 0.047343 0.230650
vt 0.043780 0.205804
vt 0.089954 0.173140
vt 0.238963 0.857592
vt 0.238670 0.838967
vt 0.239986 0.873859
vt 0.202471 0.882104
vt 0.201495 0.863407
vt 0.201622 0.842076
vt 0.134507 0.907819
vt 0.131356 0.889828
vt 0.129911 0.869695
vt 0.072412 0.850712
vt 0.061333 0.841954
vt 0.060894 0.823379
vt 0.202471 0.882104
vt 0.180756 0.887035
vt 0.179347 0.866596
vt 0.201495 0.863407
vt 0.179243 0.843301
vt 0.159014 0.781786
vt 0.160746 0.797360
vt 0.156377 0.769239
vt 0.183852 0.903161
vt 0.186904 0.917082
vt 0.179508 0.819708
vt 0.179697 0.799031
vt 0.948417 0.816014
vt 0.942084 0.810252
vt 0.938869 0.812685
vt 0.934224 0.816412
vt 0.943654 0.820809
vt 0.936887 0.803724
vt 0.946197 0.798577
vt 0.943474 0.791129
vt 0.937635 0.793562
vt 0.929083 0.776971
vt 0.934822 0.774491
vt 0.934782 0.763117
vt 0.928381 0.765954
vt 0.941848 0.760666
vt 0.928100 0.748273
vt 0.936462 0.739636
vt 0.936382 0.733827
vt 0.927827 0.735998
vt 0.945027 0.731835
vt 0.944559 0.725476
vt 0.934868 0.718709
vt 0.943785 0.718508
vt 0.934382 0.710850
vt 0.924318 0.705646
vt 0.935542 0.706025
vt 0.937723 0.702245
vt 0.942671 0.711969
vt 0.941425 0.706853
vt 0.940877 0.703304
vt 0.927052 0.728552
vt 0.916123 0.721839
vt 0.912926 0.712525
vt 0.903650 0.717382
vt 0.906865 0.725461
vt 0.916020 0.762546
vt 0.914218 0.755631
vt 0.909911 0.760930
vt 0.912382 0.765933
vt 0.910543 0.749107
vt 0.905550 0.757550
vt 0.900957 0.768280
vt 0.907966 0.767856
vt 0.911430 0.786880
vt 0.914650 0.796763
vt 0.905580 0.790857
vt 0.908896 0.801373
vt 0.918812 0.799528
vt 0.891778 0.786704
vt 0.902855 0.780166
vt 0.876352 0.786916
vt 0.893748 0.795618
vt 0.923716 0.807811
vt 0.928800 0.808085
vt 0.924640 0.800282
vt 0.916054 0.782798
vt 0.919215 0.781594
vt 0.916020 0.762546
vt 0.912382 0.765933
vt 0.921490 0.759176
vt 0.920640 0.751595
vt 0.914218 0.755631
vt 0.919791 0.745165
vt 0.922428 0.768886
vt 0.933066 0.806270
vt 0.936887 0.803724
vt 0.933021 0.796109
vt 0.928681 0.798631
vt 0.924640 0.800282
vt 0.955034 0.812512
vt 0.951021 0.814498
vt 0.950151 0.805497
vt 0.945415 0.808001
vt 0.919233 0.738547
vt 0.910389 0.740741
vt 0.918193 0.730983
vt 0.909205 0.733472
vt 0.840777 0.812413
vt 0.839940 0.817441
vt 0.859472 0.818737
vt 0.860218 0.813127
vt 0.839367 0.822526
vt 0.858817 0.824380
vt 0.878567 0.813346
vt 0.844981 0.787908
vt 0.824320 0.787632
vt 0.824036 0.792428
vt 0.800207 0.786283
vt 0.821675 0.801771
vt 0.823113 0.797142
vt 0.798597 0.795610
vt 0.844472 0.797678
vt 0.844998 0.792752
vt 0.824036 0.792428
vt 0.772062 0.793566
vt 0.746510 0.786759
vt 0.745601 0.791452
vt 0.744466 0.796164
vt 0.770776 0.798165
vt 0.720771 0.789555
vt 0.696036 0.787590
vt 0.719582 0.794309
vt 0.670628 0.780274
vt 0.669462 0.785185
vt 0.641830 0.777039
vt 0.640620 0.782201
vt 0.668072 0.790173
vt 0.577209 0.774829
vt 0.608189 0.784333
vt 0.545543 0.764903
vt 0.544175 0.771085
vt 0.542670 0.777508
vt 0.478832 0.756332
vt 0.477167 0.763222
vt 0.445617 0.750474
vt 0.443613 0.757970
vt 0.441570 0.765979
vt 0.475465 0.770467
vt 0.375173 0.740693
vt 0.337521 0.727606
vt 0.301389 0.698612
vt 0.292419 0.726839
vt 0.412642 0.742252
vt 0.410072 0.750677
vt 0.378399 0.731046
vt 0.375173 0.740693
vt 0.182898 0.689726
vt 0.176704 0.687672
vt 0.169882 0.711675
vt 0.176320 0.713457
vt 0.165890 0.706966
vt 0.163763 0.732136
vt 0.170495 0.733973
vt 0.162212 0.696957
vt 0.150283 0.700279
vt 0.116046 0.674666
vt 0.123195 0.676673
vt 0.131814 0.630473
vt 0.126174 0.624864
vt 0.116113 0.651429
vt 0.123056 0.654116
vt 0.116603 0.617597
vt 0.108587 0.673905
vt 0.116046 0.674666
vt 0.963264 0.729351
vt 0.960357 0.728601
vt 0.447442 0.743938
vt 0.415005 0.735104
vt 0.381425 0.723365
vt 0.746510 0.786760
vt 0.746893 0.782082
vt 0.721737 0.784836
vt 0.697901 0.778150
vt 0.697122 0.782822
vt 0.141327 0.688809
vt 0.124439 0.693908
vt 0.953443 0.723203
vt 0.952467 0.716280
vt 0.950581 0.709633
vt 0.156605 0.684370
vt 0.147727 0.672724
vt 0.141327 0.688809
vt 0.153668 0.654093
vt 0.137961 0.663639
vt 0.947655 0.703958
vt 0.941425 0.706853
vt 0.636827 0.797985
vt 0.636239 0.802957
vt 0.665056 0.804928
vt 0.665666 0.800108
vt 0.664701 0.809677
vt 0.691365 0.811423
vt 0.691739 0.806732
vt 0.941260 0.697157
vt 0.937723 0.702245
vt 0.937836 0.695682
vt 0.439653 0.774030
vt 0.404788 0.769096
vt 0.402655 0.777611
vt 0.407383 0.759855
vt 0.368351 0.762247
vt 0.692368 0.802005
vt 0.693409 0.797218
vt 0.666723 0.795172
vt 0.694710 0.792399
vt 0.639214 0.787496
vt 0.637868 0.792801
vt 0.161038 0.608402
vt 0.155669 0.599146
vt 0.152209 0.590276
vt 0.933280 0.695051
vt 0.927448 0.693972
vt 0.110963 0.689098
vt 0.117360 0.690419
vt 0.124439 0.693908
vt 0.908371 0.705384
vt 0.915805 0.698952
vt 0.899967 0.710148
vt 0.903650 0.717383
vt 0.915805 0.698952
vt 0.920786 0.690778
vt 0.914672 0.687335
vt 0.149631 0.580875
vt 0.305702 0.689171
vt 0.265563 0.666980
vt 0.226561 0.661418
vt 0.794329 0.809218
vt 0.793523 0.813899
vt 0.818736 0.811013
vt 0.793040 0.818652
vt 0.817353 0.820614
vt 0.098938 0.674323
vt 0.094544 0.689627
vt 0.103871 0.689068
vt 0.924280 0.823686
vt 0.922999 0.832026
vt 0.931742 0.833182
vt 0.933093 0.825006
vt 0.572657 0.798360
vt 0.605169 0.800752
vt 0.572263 0.803606
vt 0.604804 0.805764
vt 0.894310 0.762973
vt 0.885510 0.773022
vt 0.889283 0.778721
vt 0.874200 0.781801
vt 0.606836 0.790034
vt 0.605785 0.795550
vt 0.575745 0.780923
vt 0.574375 0.787018
vt 0.250391 0.712200
vt 0.245462 0.730447
vt 0.287900 0.742051
vt 0.215274 0.699899
vt 0.209875 0.720939
vt 0.205185 0.739509
vt 0.241275 0.746525
vt 0.284134 0.755417
vt 0.861020 0.786338
vt 0.862018 0.791340
vt 0.341352 0.716462
vt 0.840777 0.812413
vt 0.841999 0.807477
vt 0.820091 0.806366
vt 0.818736 0.811013
vt 0.795607 0.804648
vt 0.506056 0.793356
vt 0.539569 0.795864
vt 0.540209 0.790103
vt 0.541280 0.783929
vt 0.542670 0.777508
vt 0.507771 0.780852
vt 0.333439 0.740309
vt 0.368351 0.762247
vt 0.326064 0.764354
vt 0.742400 0.805566
vt 0.741804 0.810210
vt 0.768388 0.807374
vt 0.769469 0.802760
vt 0.770776 0.798165
vt 0.744466 0.796164
vt 0.743331 0.800878
vt 0.894862 0.720748
vt 0.897837 0.728089
vt 0.900155 0.735172
vt 0.909205 0.733472
vt 0.197883 0.646048
vt 0.205949 0.630915
vt 0.201404 0.627893
vt 0.192822 0.643114
vt 0.961748 0.809501
vt 0.957135 0.802445
vt 0.950151 0.805497
vt 0.901292 0.741510
vt 0.910389 0.740741
vt 0.170495 0.733973
vt 0.178157 0.750598
vt 0.200981 0.753533
vt 0.947371 0.835282
vt 0.953993 0.836197
vt 0.955095 0.829107
vt 0.898930 0.754696
vt 0.941632 0.826862
vt 0.472041 0.790866
vt 0.472714 0.784621
vt 0.908896 0.801373
vt 0.895659 0.804596
vt 0.878610 0.806599
vt 0.878567 0.813346
vt 0.192461 0.621233
vt 0.183766 0.635459
vt 0.185728 0.615311
vt 0.177060 0.628307
vt 0.473904 0.777730
vt 0.840777 0.812413
vt 0.841999 0.807477
vt 0.150283 0.700279
vt 0.155930 0.714445
vt 0.153047 0.740534
vt 0.159653 0.726453
vt 0.953643 0.795781
vt 0.946196 0.798577
vt 0.951270 0.788818
vt 0.717450 0.803797
vt 0.719581 0.794309
vt 0.956094 0.836497
vt 0.959365 0.755643
vt 0.956341 0.758079
vt 0.950096 0.780760
vt 0.941976 0.782549
vt 0.949681 0.771135
vt 0.149631 0.580875
vt 0.138160 0.599980
vt 0.141845 0.607931
vt 0.161038 0.608402
vt 0.146321 0.615642
vt 0.152490 0.624433
vt 0.168805 0.618685
vt 0.188793 0.640154
vt 0.175476 0.654541
vt 0.177060 0.628307
vt 0.169040 0.645853
vt 0.184455 0.663734
vt 0.284134 0.755417
vt 0.281844 0.765559
vt 0.323910 0.773272
vt 0.326064 0.764354
vt 0.363722 0.780211
vt 0.365526 0.772033
vt 0.238316 0.758739
vt 0.241275 0.746525
vt 0.401306 0.784894
vt 0.402655 0.777611
vt 0.437243 0.788169
vt 0.438142 0.781559
vt 0.512262 0.760824
vt 0.513506 0.754779
vt 0.480331 0.750049
vt 0.478832 0.756332
vt 0.579431 0.763458
vt 0.546589 0.759120
vt 0.545543 0.764903
vt 0.641830 0.777038
vt 0.611768 0.767945
vt 0.610861 0.773133
vt 0.671449 0.775502
vt 0.742400 0.805567
vt 0.716850 0.808466
vt 0.741804 0.810210
vt 0.691739 0.806732
vt 0.773545 0.784246
vt 0.773048 0.788932
vt 0.876352 0.786916
vt 0.862018 0.791340
vt 0.862212 0.796632
vt 0.877630 0.793085
vt 0.844998 0.792753
vt 0.844472 0.797677
vt 0.861759 0.802068
vt 0.878258 0.799776
vt 0.928681 0.798631
vt 0.925678 0.789648
vt 0.930514 0.787173
vt 0.921171 0.800351
vt 0.916455 0.793145
vt 0.921501 0.791396
vt 0.877998 0.819905
vt 0.896632 0.821162
vt 0.897018 0.813252
vt 0.877228 0.826356
vt 0.895679 0.828551
vt 0.908891 0.776814
vt 0.911755 0.775264
vt 0.935682 0.784725
vt 0.934822 0.774491
vt 0.052274 0.654026
vt 0.052087 0.656382
vt 0.055704 0.658489
vt 0.055079 0.654022
vt 0.050233 0.658711
vt 0.051893 0.662001
vt 0.053413 0.667020
vt 0.057980 0.660845
vt 0.057961 0.653856
vt 0.060573 0.663432
vt 0.055550 0.672724
vt 0.061390 0.653525
vt 0.072794 0.648553
vt 0.070380 0.663598
vt 0.079708 0.660137
vt 0.064681 0.678526
vt 0.073602 0.677680
vt 0.068681 0.690513
vt 0.081579 0.690273
vt 0.086168 0.675888
vt 0.045786 0.670909
vt 0.053235 0.686205
vt 0.059058 0.677119
vt 0.044555 0.657709
vt 0.044633 0.663506
vt 0.047117 0.651466
vt 0.049446 0.649532
vt 0.052374 0.647629
vt 0.061390 0.653525
vt 0.052374 0.647629
vt 0.057961 0.653856
vt 0.078396 0.630684
vt 0.068488 0.637344
vt 0.135028 0.590663
vt 0.120644 0.593362
vt 0.144257 0.562221
vt 0.091451 0.621566
vt 0.096702 0.634342
vt 0.059547 0.689525
vt 0.151739 0.550737
vt 0.146285 0.544419
vt 0.140972 0.555557
vt 0.132157 0.569652
vt 0.133720 0.552090
vt 0.128560 0.559165
vt 0.122535 0.565239
vt 0.121967 0.571608
vt 0.121332 0.580367
vt 0.121332 0.580367
vt 0.110321 0.581572
vt 0.108536 0.594872
vt 0.120644 0.593362
vt 0.137394 0.552591
vt 0.140316 0.542459
vt 0.133253 0.544847
vt 0.116266 0.561975
vt 0.112285 0.571195
vt 0.121967 0.571608
vt 0.124376 0.552560
vt 0.116266 0.561975
vt -0.841448 -293.214142
vt -0.501000 -292.449341
vt -2.789247 -291.567749
vt -3.015498 -291.865295
vt -0.267897 -291.857422
vt -2.382071 -291.091888
vt -4.603800 -290.278961
vt -4.896674 -290.397705
vt -5.189547 -290.516418
vt 0.953509 0.729825
vt 0.949659 0.759312
vt 6.467690 -284.832794
vt 4.489472 -285.225189
vt 4.463617 -286.263733
vt 6.080406 -286.513458
vt 2.511253 -285.617523
vt 3.183826 -286.256104
vt 3.422299 -286.775513
vt 4.261126 -287.202515
vt 5.567401 -287.932587
vt 5.181507 -293.025696
vt 4.801131 -292.284424
vt 2.156217 -292.676178
vt 2.170029 -293.119965
vt 4.547013 -291.727020
vt 2.146079 -292.092804
vt 10.632076 -284.844513
vt 10.326461 -284.768768
vt 9.624931 -287.298767
vt 10.023107 -287.435211
vt 10.020844 -284.692993
vt 8.955446 -287.120758
vt 7.998028 -289.214661
vt 8.640603 -289.544403
vt 9.414137 -290.025879
vt 6.995806 -291.206787
vt 7.297823 -291.525818
vt 6.541040 -290.766174
vt 3.183826 -286.256073
vt 2.544048 -286.668274
vt 3.023673 -287.103516
vt 1.936392 -286.800659
vt 1.882361 -287.442993
vt 2.310812 -287.426208
vt 2.751271 -287.576904
vt 3.756188 -287.946655
vt 4.732667 -289.016968
vt 3.053694 -288.446289
vt 3.569552 -289.693665
vt 0.752528 -289.665619
vt 1.407220 -288.336761
vt 0.842702 -287.731476
vt -0.436559 -289.009552
vt 1.936392 -286.800659
vt 0.437965 -286.906342
vt -1.635323 -288.195099
vt 2.206315 -288.558380
vt 2.157391 -289.910980
vt 2.310813 -287.426208
vt 4.547014 -291.727020
vt 4.115196 -290.851624
vt 2.142519 -291.151215
vt 2.146079 -292.092773
vt 0.752528 -289.665558
vt 0.157969 -290.913086
vt -0.267897 -291.857452
vt 0.157969 -290.913086
vt -1.552282 -290.192474
vt -3.119562 -289.237061
vt 7.998028 -289.214691
vt 6.919952 -288.659821
vt 5.739511 -290.015167
vt 6.541040 -290.766144
vt 5.567401 -287.932587
vt 4.732668 -289.016998
vt 8.244267 -284.762909
vt 7.678667 -286.842072
vt 6.919952 -288.659760
vt 0.894862 0.720748
vt 0.891625 0.713636
vt 0.903650 0.717382
vt 0.899967 0.710148
vt 0.906302 0.691388
vt 0.900966 0.695657
vt 0.904052 0.700027
vt 0.899310 0.690741
vt 0.909867 0.684912
vt 0.914672 0.687335
vt 0.899459 0.683644
vt 0.899310 0.690741
vt 6.059016 -270.007172
vt 5.304210 -269.303833
vt 4.006451 -269.822083
vt 4.141773 -271.028656
vt 4.642096 -268.727081
vt 3.847877 -268.655853
vt 2.842053 -268.167999
vt 2.343468 -270.205475
vt 1.844883 -272.242920
vt 4.821474 -268.231781
vt 4.046506 -267.897186
vt 5.025888 -267.725891
vt 4.510940 -267.288330
vt 4.064998 -266.777252
vt 3.554088 -267.188904
vt 6.685188 -267.250580
vt 5.807694 -267.549713
vt 5.885270 -268.523987
vt 6.904309 -268.767700
vt 4.821475 -268.231812
vt 4.249265 -264.380371
vt 4.208721 -265.782898
vt 5.128325 -266.506714
vt 5.630736 -265.578033
vt 2.098714 -264.308228
vt 2.470384 -266.238129
vt 3.317204 -265.794952
vt 3.019883 -264.161194
vt 3.554088 -267.188873
vt 0.040196 -262.248047
vt 1.069455 -263.278168
vt 2.394119 -262.755432
vt 1.563857 -261.394043
vt 3.918387 -262.963593
vt 3.087517 -260.540009
vt 5.738130 -264.658691
vt 5.633152 -263.696564
vt 7.196340 -266.920715
vt 8.178786 -266.853088
vt 7.486228 -268.887329
vt 7.934020 -268.968414
vt 6.472808 -270.524200
vt 7.689251 -271.083649
vt 3.860206 -271.863647
vt 3.432571 -272.515656
vt 0.510386 -273.095306
vt -0.824111 -273.947632
vt 0.255318 0.694188
vt 0.250392 0.712200
vt 0.260362 0.678657
vt 0.220724 0.679240
vt 0.215274 0.699899
vt 0.160717 0.635110
vt 0.153668 0.654093
vt 0.092908 0.655239
vt 0.079708 0.660137
vt 0.200259 0.670470
vt 0.220724 0.679240
vt 0.193941 0.692909
vt 0.157965 0.746698
vt 0.163763 0.732136
vt 0.214415 0.636429
vt 0.207091 0.651135
vt 0.187922 0.715723
vt 0.941835 0.851968
vt 0.943747 0.854231
vt 0.940271 0.848307
vt 0.930108 0.850083
vt 0.933686 0.854923
vt 0.936191 0.858139
vt 0.936191 0.858139
vt 0.932734 0.866637
vt 0.938836 0.861217
vt 0.923880 0.869461
vt 0.927650 0.873168
vt 0.937160 0.870595
vt 0.942747 0.864931
vt 0.915106 0.886958
vt 0.916832 0.901955
vt 0.919933 0.890929
vt 0.914402 0.912291
vt 0.922927 0.906283
vt 0.925800 0.894747
vt 0.906382 0.914472
vt 0.913022 0.919570
vt 0.904609 0.920380
vt 0.911873 0.925236
vt 0.902574 0.926216
vt 0.910081 0.930811
vt 0.907478 0.937212
vt 0.915388 0.941235
vt 0.917733 0.935263
vt 0.895273 0.941953
vt 0.904087 0.944852
vt 0.890035 0.954179
vt 0.901241 0.952226
vt 0.900886 0.957190
vt 0.896134 0.960071
vt 0.905157 0.961384
vt 0.909505 0.953621
vt 0.899605 0.933117
vt 0.891903 0.928171
vt 0.887172 0.936267
vt 0.895273 0.941953
vt 0.879481 0.930028
vt 0.881293 0.944161
vt 0.896269 0.893035
vt 0.892583 0.897172
vt 0.895450 0.889484
vt 0.892598 0.889997
vt 0.887537 0.899227
vt 0.889935 0.908666
vt 0.902466 0.875846
vt 0.900848 0.872625
vt 0.902040 0.858062
vt 0.896253 0.867331
vt 0.882037 0.867922
vt 0.872283 0.852284
vt 0.870146 0.858561
vt 0.867516 0.864201
vt 0.913589 0.862192
vt 0.917885 0.855650
vt 0.916900 0.863181
vt 0.922846 0.856724
vt 0.902466 0.875846
vt 0.898153 0.883885
vt 0.899981 0.886159
vt 0.904215 0.877782
vt 0.896270 0.893035
vt 0.898806 0.897298
vt 0.895222 0.903452
vt 0.903091 0.902073
vt 0.906911 0.879798
vt 0.902628 0.889052
vt 0.906601 0.892955
vt 0.910671 0.883009
vt 0.922846 0.856724
vt 0.926501 0.859612
vt 0.923880 0.869461
vt 0.945895 0.856411
vt 0.938836 0.861217
vt 0.942747 0.864931
vt 0.887393 0.916581
vt 0.895145 0.921261
vt 0.891903 0.928171
vt 0.857802 0.835637
vt 0.858259 0.830025
vt 0.838916 0.827616
vt 0.875639 0.839296
vt 0.876545 0.832809
vt 0.858817 0.824380
vt 0.818926 0.849424
vt 0.795039 0.846977
vt 0.794876 0.851706
vt 0.794735 0.842260
vt 0.818820 0.844637
vt 0.818214 0.839854
vt 0.795039 0.846977
vt 0.818926 0.849424
vt 0.768751 0.845014
vt 0.767897 0.835544
vt 0.741735 0.833736
vt 0.717465 0.837008
vt 0.717777 0.841814
vt 0.716943 0.832138
vt 0.692111 0.830721
vt 0.692785 0.835663
vt 0.666182 0.834587
vt 0.605998 0.833296
vt 0.573331 0.832794
vt 0.573819 0.838782
vt 0.540044 0.832079
vt 0.539430 0.825509
vt 0.506372 0.831276
vt 0.472405 0.830713
vt 0.437442 0.822946
vt 0.438233 0.831182
vt 0.439067 0.838903
vt 0.325930 0.830176
vt 0.327281 0.843431
vt 0.367136 0.837571
vt 0.283909 0.850403
vt 0.285201 0.864140
vt 0.404767 0.842182
vt 0.365747 0.826369
vt 0.167777 0.843399
vt 0.167804 0.818765
vt 0.161168 0.818719
vt 0.155298 0.801738
vt 0.149857 0.830880
vt 0.139367 0.824489
vt 0.141285 0.861082
vt 0.117594 0.856150
vt 0.108253 0.859413
vt 0.109414 0.882146
vt 0.116324 0.837716
vt 0.107333 0.839501
vt 0.102198 0.886050
vt 0.102198 0.886050
vt 0.093328 0.861447
vt 0.095157 0.889747
vt 0.092772 0.837810
vt 0.083798 0.834460
vt 0.931420 0.942825
vt 0.934424 0.942927
vt 0.935541 0.937711
vt 0.404767 0.842182
vt 0.439901 0.845653
vt 0.370144 0.855819
vt 0.717777 0.841814
vt 0.717720 0.846507
vt 0.742140 0.848013
vt 0.693394 0.845263
vt 0.133953 0.810900
vt 0.123228 0.819116
vt 0.127790 0.833030
vt 0.113316 0.823417
vt 0.920182 0.952384
vt 0.923202 0.946022
vt 0.916363 0.958202
vt 0.129422 0.850207
vt 0.141084 0.841495
vt 0.911837 0.962770
vt 0.907446 0.965980
vt 0.635525 0.817659
vt 0.664413 0.814432
vt 0.691069 0.820888
vt 0.635896 0.807802
vt 0.903638 0.967375
vt 0.899903 0.967761
vt 0.436384 0.806994
vt 0.400715 0.805614
vt 0.401476 0.814372
vt 0.436768 0.814682
vt 0.363346 0.805019
vt 0.691070 0.820888
vt 0.664375 0.819291
vt 0.635525 0.817659
vt 0.635880 0.822937
vt 0.636519 0.828375
vt 0.692111 0.830721
vt 0.123988 0.915501
vt 0.116069 0.922859
vt 0.122210 0.935359
vt 0.110097 0.930382
vt 0.116589 0.943124
vt 0.896134 0.960071
vt 0.895338 0.966993
vt 0.100023 0.839319
vt 0.107333 0.839501
vt 0.105747 0.824713
vt 0.099411 0.824090
vt 0.116324 0.837716
vt 0.881293 0.944161
vt 0.873965 0.936705
vt 0.868234 0.942411
vt 0.875093 0.968624
vt 0.882027 0.967246
vt 0.889408 0.966253
vt 0.104816 0.938668
vt 0.104919 0.960966
vt 0.285201 0.864140
vt 0.239986 0.873859
vt 0.242108 0.886477
vt 0.287272 0.874395
vt 0.204307 0.897161
vt 0.792739 0.828164
vt 0.816963 0.830289
vt 0.816983 0.825463
vt 0.792721 0.823418
vt 0.817353 0.820614
vt 0.793040 0.818652
vt 0.092781 0.821980
vt 0.084211 0.818580
vt 0.922252 0.840438
vt 0.910963 0.838806
vt 0.931084 0.841457
vt 0.922999 0.832026
vt 0.571879 0.814375
vt 0.604508 0.810782
vt 0.604804 0.805764
vt 0.872707 0.879514
vt 0.878364 0.891154
vt 0.867516 0.864201
vt 0.864333 0.868650
vt 0.604435 0.816021
vt 0.604752 0.821630
vt 0.571879 0.814375
vt 0.572702 0.826558
vt 0.605340 0.827462
vt 0.282956 0.834662
vt 0.282062 0.818873
vt 0.281439 0.805050
vt 0.238366 0.803538
vt 0.202181 0.801239
vt 0.201890 0.820377
vt 0.201622 0.842076
vt 0.855022 0.857059
vt 0.330447 0.864150
vt 0.817466 0.835079
vt 0.838980 0.837722
vt 0.793250 0.832874
vt 0.794025 0.837564
vt 0.818214 0.839854
vt 0.538692 0.812690
vt 0.538829 0.806894
vt 0.505280 0.804817
vt 0.539170 0.801377
vt 0.538692 0.812690
vt 0.538923 0.818955
vt 0.505084 0.810866
vt 0.505275 0.817449
vt 0.505760 0.824356
vt 0.324629 0.816921
vt 0.323624 0.805207
vt 0.741051 0.824137
vt 0.766942 0.826080
vt 0.766975 0.821380
vt 0.741133 0.819455
vt 0.767274 0.816696
vt 0.741424 0.814829
vt 0.766942 0.826080
vt 0.767305 0.830805
vt 0.741294 0.828910
vt 0.741735 0.833736
vt 0.767897 0.835544
vt 0.879481 0.930028
vt 0.871729 0.924798
vt 0.170422 0.889493
vt 0.164705 0.890951
vt 0.159981 0.892705
vt 0.949260 0.859436
vt 0.954944 0.864199
vt 0.948655 0.869795
vt 0.887393 0.916581
vt 0.179697 0.799031
vt 0.179301 0.783499
vt 0.166466 0.781642
vt 0.953993 0.836197
vt 0.951569 0.835856
vt 0.947371 0.835282
vt 0.880506 0.900143
vt 0.939778 0.841908
vt 0.471054 0.808867
vt 0.471246 0.802579
vt 0.471633 0.796721
vt 0.893450 0.843705
vt 0.890103 0.851709
vt 0.902039 0.858062
vt 0.875639 0.839296
vt 0.874170 0.845811
vt 0.872283 0.852284
vt 0.153803 0.895855
vt 0.145279 0.900883
vt 0.471261 0.815871
vt 0.838980 0.837722
vt 0.856985 0.846641
vt 0.144154 0.798051
vt 0.133953 0.810900
vt 0.155298 0.801738
vt 0.943567 0.875333
vt 0.939477 0.881475
vt 0.716141 0.822451
vt 0.716433 0.827264
vt 0.716943 0.832138
vt 0.955382 0.843702
vt 0.956094 0.836497
vt 0.938323 0.916007
vt 0.936582 0.924624
vt 0.935974 0.931674
vt 0.928926 0.885050
vt 0.936233 0.889005
vt 0.105272 0.910492
vt 0.099385 0.917039
vt 0.123988 0.915501
vt 0.120345 0.897731
vt 0.111843 0.904393
vt 0.105272 0.910492
vt 0.110097 0.930382
vt 0.134507 0.907819
vt 0.159981 0.892705
vt 0.157325 0.870842
vt 0.151079 0.875260
vt 0.153803 0.895855
vt 0.142445 0.881851
vt 0.168402 0.867951
vt 0.162257 0.868832
vt 0.281439 0.805050
vt 0.323185 0.796088
vt 0.362845 0.796702
vt 0.238366 0.803537
vt 0.238490 0.791016
vt 0.436420 0.800308
vt 0.473645 0.844211
vt 0.574007 0.844367
vt 0.606719 0.844185
vt 0.638071 0.844072
vt 0.666694 0.839609
vt 0.666894 0.844447
vt 0.716198 0.817744
vt 0.716141 0.822451
vt 0.716477 0.813102
vt 0.691090 0.816120
vt 0.768563 0.849717
vt 0.856291 0.851978
vt 0.855022 0.857059
vt 0.872283 0.852285
vt 0.839361 0.842731
vt 0.916901 0.863181
vt 0.915176 0.873756
vt 0.920360 0.865856
vt 0.919162 0.877457
vt 0.908874 0.869533
vt 0.911634 0.870942
vt 0.875639 0.839296
vt 0.893450 0.843705
vt 0.894906 0.835957
vt 0.876545 0.832809
vt 0.895679 0.828551
vt 0.898153 0.883885
vt 0.895832 0.881637
vt 0.923470 0.881227
vt 0.919933 0.890929
vt 0.928926 0.885050
vt 0.036035 0.839949
vt 0.038029 0.835905
vt 0.033942 0.836758
vt 0.038714 0.841026
vt 0.040915 0.834396
vt 0.035511 0.831368
vt 0.046965 0.819315
vt 0.042291 0.822366
vt 0.038508 0.827093
vt 0.040915 0.834396
vt 0.041861 0.842438
vt 0.058870 0.859370
vt 0.053522 0.835739
vt 0.060894 0.823379
vt 0.046965 0.819315
vt 0.060894 0.823379
vt 0.072218 0.829010
vt 0.072233 0.813926
vt 0.060179 0.809654
vt 0.037857 0.814048
vt 0.032480 0.821001
vt 0.046965 0.819315
vt 0.044268 0.808855
vt 0.029088 0.827654
vt 0.027208 0.833123
vt 0.027061 0.836946
vt 0.027680 0.839854
vt 0.027680 0.839854
vt 0.029283 0.842430
vt 0.036035 0.839949
vt 0.031465 0.845170
vt 0.045877 0.845304
vt 0.041861 0.842439
vt 0.034369 0.848556
vt 0.038224 0.853212
vt 0.031465 0.845170
vt 0.058870 0.859370
vt 0.051176 0.850789
vt 0.043619 0.860072
vt 0.051069 0.869516
vt 0.080606 0.918106
vt 0.088683 0.935591
vt 0.093625 0.925029
vt 0.084671 0.944219
vt 0.088920 0.960322
vt 0.068832 0.897426
vt 0.060864 0.882240
vt 0.058870 0.859370
vt 0.051069 0.869516
vt 0.052719 0.819766
vt 0.097795 0.968137
vt 0.094076 0.954952
vt 0.099571 0.947185
vt 0.084671 0.944219
vt 0.081680 0.949329
vt 0.084587 0.962058
vt 0.077457 0.930701
vt 0.075477 0.939232
vt 0.080897 0.961402
vt 0.077457 0.930701
vt 0.080606 0.918106
vt 0.069423 0.912940
vt 0.068832 0.897426
vt 0.078232 0.968131
vt 0.084294 0.972575
vt 0.066059 0.936632
vt 0.067114 0.946614
vt 1.424928 -292.578644
vt 3.378520 -290.925262
vt 3.111056 -290.663788
vt 0.974663 -291.869507
vt 5.332113 -289.271851
vt 5.025116 -289.197296
vt 4.718120 -289.122711
vt 2.638865 -290.252686
vt 0.657744 -291.317993
vt 0.925236 0.939667
vt 0.930037 0.909748
vt -7.008425 -285.328705
vt -6.388897 -286.937714
vt -4.825137 -286.462097
vt -4.997279 -285.437347
vt -5.680887 -288.270508
vt -4.492095 -287.363037
vt -3.722934 -286.821503
vt -3.560634 -286.273407
vt -2.986133 -285.545959
vt -4.573328 -293.259277
vt -1.574200 -292.919006
vt -1.624698 -292.477631
vt -4.301711 -292.468994
vt -1.698949 -291.899292
vt -4.129898 -291.881195
vt -11.128695 -285.924530
vt -10.161400 -288.404694
vt -9.786149 -288.213745
vt -10.836716 -285.806732
vt -9.194104 -290.884857
vt -8.494722 -290.299133
vt -7.905031 -289.882294
vt -9.148413 -287.943451
vt -10.544736 -285.688904
vt -6.883717 -292.072113
vt -6.629717 -291.713440
vt -6.242107 -291.213104
vt -3.282020 -287.089752
vt -2.869266 -286.590668
vt -3.560634 -286.273407
vt -2.945151 -287.519592
vt -2.530658 -287.307617
vt -2.104315 -287.262665
vt -2.249322 -286.634369
vt -4.701024 -289.226105
vt -3.886960 -288.028259
vt -3.453372 -289.730743
vt -3.120691 -288.423004
vt -0.668986 -289.298706
vt 0.412734 -288.477051
vt -1.035208 -287.397705
vt -1.506882 -288.078674
vt 1.479241 -287.497498
vt -0.753446 -286.521759
vt -2.024303 -289.743805
vt -2.265997 -288.412903
vt -4.129899 -291.881195
vt -1.831320 -290.968048
vt -3.827874 -290.953888
vt 0.657744 -291.317993
vt 0.099281 -290.446198
vt -3.453372 -289.730713
vt 1.687242 -289.484558
vt 0.099281 -290.446228
vt 3.098681 -288.310150
vt -7.905031 -289.882324
vt -6.242107 -291.213074
vt -5.555540 -290.356537
vt -6.916411 -289.181183
vt -4.701024 -289.226135
vt -7.923986 -287.488068
vt -8.776582 -285.508820
vt -6.916411 -289.181152
vt 0.866661 0.930809
vt 0.868983 0.953260
vt 0.868405 0.962148
vt 0.861553 0.960514
vt 0.875093 0.968624
vt 0.869734 0.969413
vt 0.864914 0.969216
vt -6.705229 -267.108459
vt -5.946049 -268.579163
vt -5.339471 -267.881958
vt -5.928244 -266.994995
vt -5.031827 -270.334717
vt -4.463251 -268.842560
vt -3.894673 -267.350342
vt -4.735596 -267.220184
vt -5.263953 -266.920624
vt -4.531307 -266.659119
vt -5.161674 -266.532593
vt -3.915409 -266.429718
vt -4.056422 -265.950562
vt -4.557706 -266.076721
vt -5.070093 -266.127197
vt -5.901821 -265.110443
vt -6.697517 -265.965454
vt -5.954187 -266.254486
vt -5.482784 -265.678009
vt -3.129814 -264.372650
vt -4.514965 -264.521637
vt -4.604370 -265.320190
vt -3.714220 -265.266754
vt -4.557706 -266.076752
vt -1.754389 -265.262756
vt -2.265730 -264.769989
vt -3.161628 -265.661530
vt -2.824532 -266.306580
vt 0.428751 -264.872467
vt -0.151327 -263.674042
vt -1.263004 -264.163788
vt -0.662819 -265.067627
vt -0.731404 -262.475586
vt -2.306451 -263.630798
vt -3.698042 -263.343903
vt -4.182289 -263.900208
vt -6.664679 -264.212128
vt -6.078300 -264.682251
vt -7.429053 -265.644745
vt -7.113494 -265.788147
vt -8.193427 -267.077271
vt -7.188162 -267.253204
vt -6.144927 -269.818451
vt -6.130767 -269.224426
vt -4.096425 -272.559570
vt -4.564126 -271.447174
vt 0.238670 0.838967
vt 0.238963 0.857592
vt 0.201495 0.863407
vt 0.239986 0.873859
vt 0.131356 0.889828
vt 0.134507 0.907819
vt 0.072412 0.850712
vt 0.072218 0.829010
vt 0.061333 0.841954
vt 0.202471 0.882104
vt 0.179347 0.866596
vt 0.179243 0.843301
vt 0.160746 0.797360
vt 0.159014 0.781786
vt 0.180756 0.887034
vt 0.183852 0.903161
vt 0.179508 0.819708
s 1
f 118/100/118 736/101/736 2015/102/2015 782/103/782
f 736/101/736 92/104/92 737/105/737 2015/102/2015
f 2015/102/2015 737/105/737 94/106/94 775/107/775
f 782/103/782 2015/102/2015 775/107/775 119/108/119
f 119/109/119 781/110/781 2016/111/2016 738/112/738
f 781/110/781 120/113/120 776/114/776 2016/111/2016
f 2016/111/2016 776/114/776 95/115/95 739/116/739
f 738/112/738 2016/111/2016 739/116/739 93/117/93
f 212/118/212 940/119/940 2017/120/2017 979/121/979
f 940/119/940 121/122/121 777/123/777 2017/120/2017
f 2017/120/2017 777/123/777 96/124/96 741/125/741
f 979/121/979 2017/120/2017 741/125/741 207/126/207
f 121/122/121 779/127/779 2018/128/2018 777/123/777
f 779/127/779 122/129/122 778/130/778 2018/128/2018
f 2018/128/2018 778/130/778 97/131/97 742/132/742
f 777/123/777 2018/128/2018 742/132/742 96/124/96
f 122/129/122 783/133/783 2019/134/2019 778/130/778
f 783/133/783 114/135/114 767/136/767 2019/134/2019
f 2019/134/2019 767/136/767 98/137/98 743/138/743
f 778/130/778 2019/134/2019 743/138/743 97/131/97
f 114/135/114 768/139/768 2020/140/2020 767/136/767
f 768/139/768 102/141/102 769/142/769 2020/140/2020
f 2020/140/2020 769/142/769 99/143/99 744/144/744
f 767/136/767 2020/140/2020 744/144/744 98/137/98
f 101/145/101 746/146/746 2021/147/2021 747/148/747
f 746/146/746 100/149/100 745/150/745 2021/147/2021
f 2021/147/2021 745/150/745 99/151/99 769/142/769
f 747/148/747 2021/147/2021 769/142/769 102/141/102
f 114/152/114 765/153/765 2022/154/2022 768/155/768
f 765/153/765 107/156/107 752/157/752 2022/154/2022
f 2022/154/2022 752/157/752 113/158/113 766/159/766
f 768/155/768 2022/154/2022 766/159/766 102/141/102
f 112/160/112 772/161/772 2023/162/2023 763/163/763
f 772/161/772 116/164/116 760/165/760 2023/162/2023
f 2023/162/2023 760/165/760 109/166/109 754/167/754
f 763/163/763 2023/162/2023 754/167/754 108/168/108
f 211/169/211 939/170/939 2024/171/2024 978/172/978
f 939/170/939 115/173/115 740/174/740 2024/171/2024
f 2024/171/2024 740/174/740 104/175/104 937/176/937
f 978/172/978 2024/171/2024 937/176/937 209/177/209
f 109/166/109 757/178/757 2025/179/2025 755/180/755
f 757/178/757 209/177/209 977/181/977 2025/179/2025
f 2025/179/2025 977/181/977 208/182/208 756/183/756
f 755/180/755 2025/179/2025 756/183/756 110/184/110
f 115/173/115 770/185/770 2026/186/2026 740/174/740
f 770/185/770 111/187/111 758/188/758 2026/186/2026
f 2026/186/2026 758/188/758 94/106/94 749/189/749
f 740/174/740 2026/186/2026 749/189/749 104/175/104
f 211/169/211 771/190/771 2027/191/2027 975/192/975
f 771/190/771 116/164/116 772/193/772 2027/191/2027
f 2027/191/2027 772/193/772 112/160/112 761/194/761
f 975/192/975 2027/191/2027 761/194/761 210/195/210
f 112/160/112 763/163/763 2028/196/2028 762/197/762
f 763/163/763 108/168/108 764/198/764 2028/196/2028
f 2028/196/2028 764/198/764 122/129/122 779/127/779
f 762/197/762 2028/196/2028 779/127/779 121/122/121
f 210/199/210 761/200/761 2029/201/2029 974/202/974
f 761/200/761 112/203/112 762/204/762 2029/201/2029
f 2029/201/2029 762/204/762 121/205/121 940/206/940
f 974/202/974 2029/201/2029 940/206/940 212/207/212
f 94/106/94 758/208/758 2030/209/2030 775/210/775
f 758/208/758 111/211/111 759/212/759 2030/209/2030
f 2030/209/2030 759/212/759 120/213/120 781/214/781
f 775/210/775 2030/209/2030 781/214/781 119/215/119
f 91/216/91 774/217/774 2031/218/2031 735/219/735
f 774/217/774 118/100/118 782/103/782 2031/218/2031
f 2031/218/2031 782/103/782 119/108/119 738/220/738
f 735/219/735 2031/218/2031 738/220/738 93/221/93
f 108/168/108 753/222/753 2032/223/2032 764/198/764
f 753/222/753 107/224/107 765/225/765 2032/223/2032
f 2032/223/2032 765/225/765 114/135/114 783/133/783
f 764/198/764 2032/223/2032 783/133/783 122/129/122
f 106/226/106 751/227/751 2033/228/2033 912/229/912
f 751/227/751 105/230/105 909/231/909 2033/228/2033
f 2033/228/2033 909/231/909 168/232/168 844/233/844
f 912/229/912 2033/228/2033 844/233/844 169/234/169
f 117/235/117 786/236/786 2034/237/2034 904/238/904
f 786/236/786 124/239/124 915/240/915 2034/237/2034
f 2034/237/2034 915/240/915 178/241/178 851/242/851
f 904/238/904 2034/237/2034 851/242/851 175/243/175
f 214/244/214 785/245/785 2035/246/2035 973/247/973
f 785/245/785 124/248/124 786/249/786 2035/246/2035
f 2035/246/2035 786/249/786 117/250/117 784/251/784
f 973/247/973 2035/246/2035 784/251/784 213/252/213
f 124/253/124 785/254/785 2036/255/2036 789/256/789
f 785/254/785 214/257/214 972/258/972 2036/255/2036
f 2036/255/2036 972/258/972 215/259/215 788/260/788
f 789/256/789 2036/255/2036 788/260/788 126/261/126
f 126/261/126 788/260/788 2037/262/2037 792/263/792
f 788/260/788 215/259/215 971/264/971 2037/262/2037
f 2037/262/2037 971/264/971 216/265/216 791/266/791
f 792/263/792 2037/262/2037 791/266/791 128/267/128
f 128/267/128 791/266/791 2038/268/2038 795/269/795
f 791/266/791 216/265/216 970/270/970 2038/268/2038
f 2038/268/2038 970/270/970 217/271/217 794/272/794
f 795/269/795 2038/268/2038 794/272/794 130/273/130
f 130/273/130 794/272/794 2039/274/2039 798/275/798
f 794/272/794 217/271/217 969/276/969 2039/274/2039
f 2039/274/2039 969/276/969 218/277/218 797/278/797
f 798/275/798 2039/274/2039 797/278/797 132/279/132
f 132/279/132 797/278/797 2040/280/2040 801/281/801
f 797/278/797 218/277/218 968/282/968 2040/280/2040
f 2040/280/2040 968/282/968 219/283/219 800/284/800
f 801/281/801 2040/280/2040 800/284/800 134/285/134
f 134/285/134 800/284/800 2041/286/2041 804/287/804
f 800/284/800 219/283/219 967/288/967 2041/286/2041
f 2041/286/2041 967/288/967 220/289/220 803/290/803
f 804/287/804 2041/286/2041 803/290/803 136/291/136
f 221/292/221 964/293/964 2042/294/2042 807/295/807
f 964/293/964 223/296/223 813/297/813 2042/294/2042
f 2042/294/2042 813/297/813 141/298/141 814/299/814
f 807/295/807 2042/294/2042 814/299/814 137/300/137
f 136/291/136 803/290/803 2043/301/2043 808/302/808
f 803/290/803 220/289/220 966/303/966 2043/301/2043
f 2043/301/2043 966/303/966 221/304/221 807/305/807
f 808/302/808 2043/301/2043 807/305/807 137/306/137
f 288/307/288 1091/308/1091 2044/309/2044 963/310/963
f 1091/308/1091 285/311/285 817/312/817 2044/309/2044
f 2044/309/2044 817/312/817 144/313/144 952/314/952
f 963/310/963 2044/309/2044 952/314/952 224/315/224
f 224/315/224 952/314/952 2045/316/2045 962/317/962
f 952/314/952 144/313/144 820/318/820 2045/316/2045
f 2045/316/2045 820/318/820 146/319/146 953/320/953
f 962/317/962 2045/316/2045 953/320/953 225/321/225
f 226/322/226 954/323/954 2046/324/2046 960/325/960
f 954/323/954 148/326/148 826/327/826 2046/324/2046
f 2046/324/2046 826/327/826 150/328/150 955/329/955
f 960/325/960 2046/324/2046 955/329/955 227/330/227
f 227/331/227 955/329/955 2047/332/2047 959/333/959
f 955/329/955 150/334/150 829/335/829 2047/332/2047
f 2047/332/2047 829/335/829 152/336/152 956/337/956
f 959/333/959 2047/332/2047 956/337/956 228/338/228
f 256/339/256 1028/340/1028 2048/341/2048 1026/342/1026
f 1028/340/1028 160/343/160 836/344/836 2048/341/2048
f 2048/341/2048 836/344/836 258/345/258 1031/346/1031
f 1026/342/1026 2048/341/2048 1031/346/1031 159/347/159
f 136/348/136 808/349/808 2049/350/2049 901/351/901
f 808/349/808 137/306/137 892/352/892 2049/350/2049
f 2049/350/2049 892/352/892 191/353/191 866/354/866
f 901/351/901 2049/350/2049 866/354/866 190/355/190
f 126/356/126 792/357/792 2050/358/2050 927/359/927
f 792/357/792 128/360/128 890/361/890 2050/358/2050
f 2050/358/2050 890/361/890 182/362/182 855/363/855
f 927/359/927 2050/358/2050 855/363/855 180/364/180
f 146/365/146 932/366/932 2051/367/2051 823/368/823
f 932/366/932 200/369/200 876/370/876 2051/367/2051
f 2051/367/2051 876/370/876 202/371/202 887/372/887
f 823/368/823 2051/367/2051 887/372/887 148/326/148
f 98/137/98 744/144/744 2052/373/2052 882/374/882
f 744/144/744 99/143/99 886/375/886 2052/373/2052
f 2052/373/2052 886/375/886 161/376/161 837/377/837
f 882/374/882 2052/373/2052 837/377/837 160/343/160
f 146/319/146 823/368/823 2053/378/2053 953/320/953
f 823/368/823 148/379/148 954/380/954 2053/378/2053
f 2053/378/2053 954/380/954 226/381/226 961/382/961
f 953/320/953 2053/378/2053 961/382/961 225/321/225
f 99/143/99 745/383/745 2054/384/2054 886/375/886
f 745/383/745 100/149/100 888/385/888 2054/384/2054
f 2054/384/2054 888/385/888 162/386/162 838/387/838
f 886/375/886 2054/384/2054 838/387/838 161/376/161
f 129/388/129 796/389/796 2055/390/2055 902/391/902
f 796/389/796 127/392/127 884/393/884 2055/390/2055
f 2055/390/2055 884/393/884 181/394/181 858/395/858
f 902/391/902 2055/390/2055 858/395/858 183/396/183
f 100/149/100 746/397/746 2056/398/2056 888/385/888
f 746/397/746 101/145/101 891/399/891 2056/398/2056
f 2056/398/2056 891/399/891 163/400/163 839/401/839
f 888/385/888 2056/398/2056 839/401/839 162/386/162
f 135/402/135 806/403/806 2057/404/2057 948/405/948
f 806/403/806 138/406/138 949/407/949 2057/404/2057
f 2057/404/2057 949/407/949 221/292/221 966/408/966
f 948/405/948 2057/404/2057 966/408/966 220/409/220
f 127/410/127 796/411/796 2058/412/2058 944/413/944
f 796/411/796 129/414/129 945/415/945 2058/412/2058
f 2058/412/2058 945/415/945 217/416/217 970/417/970
f 944/413/944 2058/412/2058 970/417/970 216/418/216
f 147/419/147 825/420/825 2059/421/2059 885/422/885
f 825/420/825 149/423/149 893/424/893 2059/421/2059
f 2059/421/2059 893/424/893 203/425/203 877/426/877
f 885/422/885 2059/421/2059 877/426/877 201/427/201
f 101/145/101 747/428/747 2060/429/2060 891/399/891
f 747/428/747 102/141/102 894/430/894 2060/429/2060
f 2060/429/2060 894/430/894 164/431/164 840/432/840
f 891/399/891 2060/429/2060 840/432/840 163/400/163
f 150/433/150 826/434/826 2061/435/2061 895/436/895
f 826/434/826 148/437/148 887/438/887 2061/435/2061
f 2061/435/2061 887/438/887 202/371/202 878/439/878
f 895/436/895 2061/435/2061 878/439/878 204/440/204
f 103/441/103 896/442/896 2062/443/2062 841/444/841
f 896/442/896 102/141/102 766/445/766 2062/443/2062
f 2062/443/2062 766/445/766 113/446/113 1056/447/1056
f 841/444/841 2062/443/2062 1056/447/1056 165/448/165
f 103/449/103 748/450/748 2063/451/2063 896/452/896
f 748/450/748 166/453/166 900/454/900 2063/451/2063
f 2063/451/2063 900/454/900 164/431/164 894/455/894
f 896/452/896 2063/451/2063 894/455/894 102/141/102
f 149/423/149 828/456/828 2064/457/2064 893/424/893
f 828/456/828 151/458/151 898/459/898 2064/457/2064
f 2064/457/2064 898/459/898 205/460/205 879/461/879
f 893/424/893 2064/457/2064 879/461/879 203/425/203
f 141/462/141 811/463/811 2065/464/2065 914/465/914
f 811/463/811 139/466/139 910/467/910 2065/464/2065
f 2065/464/2065 910/467/910 193/468/193 868/469/868
f 914/465/914 2065/464/2065 868/469/868 195/470/195
f 123/471/123 787/472/787 2066/473/2066 916/474/916
f 787/472/787 106/226/106 912/229/912 2066/473/2066
f 2066/473/2066 912/229/912 169/234/169 852/475/852
f 916/474/916 2066/473/2066 852/475/852 177/476/177
f 152/336/152 829/477/829 2067/478/2067 899/479/899
f 829/477/829 150/433/150 895/436/895 2067/478/2067
f 2067/478/2067 895/436/895 204/440/204 880/480/880
f 899/479/899 2067/478/2067 880/480/880 206/481/206
f 104/175/104 749/189/749 2068/482/2068 905/483/905
f 749/189/749 94/106/94 906/484/906 2068/482/2068
f 2068/482/2068 906/484/906 156/485/156 842/486/842
f 905/483/905 2068/482/2068 842/486/842 167/487/167
f 131/488/131 799/489/799 2069/490/2069 913/491/913
f 799/489/799 129/388/129 902/391/902 2069/490/2069
f 2069/490/2069 902/391/902 183/396/183 860/492/860
f 913/491/913 2069/490/2069 860/492/860 185/493/185
f 109/166/109 755/494/755 2070/495/2070 928/496/928
f 755/494/755 110/497/110 931/498/931 2070/495/2070
f 2070/495/2070 931/498/931 173/499/173 848/500/848
f 928/496/928 2070/495/2070 848/500/848 172/501/172
f 129/414/129 799/502/799 2071/503/2071 945/415/945
f 799/502/799 131/504/131 946/505/946 2071/503/2071
f 2071/503/2071 946/505/946 218/506/218 969/507/969
f 945/415/945 2071/503/2071 969/507/969 217/416/217
f 223/508/223 951/509/951 2072/510/2072 965/511/965
f 951/509/951 142/512/142 809/513/809 2072/510/2072
f 2072/510/2072 809/513/809 140/514/140 950/515/950
f 965/511/965 2072/510/2072 950/515/950 222/516/222
f 110/497/110 773/517/773 2073/518/2073 931/498/931
f 773/517/773 117/235/117 904/238/904 2073/518/2073
f 2073/518/2073 904/238/904 175/243/175 849/519/849
f 931/498/931 2073/518/2073 849/519/849 173/499/173
f 137/306/137 814/520/814 2074/521/2074 892/352/892
f 814/520/814 141/462/141 914/465/914 2074/521/2074
f 2074/521/2074 914/465/914 195/470/195 870/522/870
f 892/352/892 2074/521/2074 870/522/870 191/353/191
f 106/523/106 787/524/787 2075/525/2075 941/526/941
f 787/524/787 123/527/123 942/528/942 2075/525/2075
f 2075/525/2075 942/528/942 214/529/214 973/530/973
f 941/526/941 2075/525/2075 973/530/973 213/531/213
f 133/532/133 802/533/802 2076/534/2076 922/535/922
f 802/533/802 131/488/131 913/491/913 2076/534/2076
f 2076/534/2076 913/491/913 185/493/185 862/536/862
f 922/535/922 2076/534/2076 862/536/862 187/537/187
f 131/504/131 802/538/802 2077/539/2077 946/505/946
f 802/538/802 133/540/133 947/541/947 2077/539/2077
f 2077/539/2077 947/541/947 219/542/219 968/543/968
f 946/505/946 2077/539/2077 968/543/968 218/506/218
f 221/304/221 949/407/949 2078/544/2078 964/545/964
f 949/407/949 138/546/138 812/547/812 2078/544/2078
f 2078/544/2078 812/547/812 142/512/142 951/509/951
f 964/545/964 2078/544/2078 951/509/951 223/508/223
f 125/548/125 790/549/790 2079/550/2079 929/551/929
f 790/549/790 123/471/123 916/474/916 2079/550/2079
f 2079/550/2079 916/474/916 177/476/177 854/552/854
f 929/551/929 2079/550/2079 854/552/854 179/553/179
f 123/527/123 790/554/790 2080/555/2080 942/528/942
f 790/554/790 125/556/125 943/557/943 2080/555/2080
f 2080/555/2080 943/557/943 215/558/215 972/559/972
f 942/528/942 2080/555/2080 972/559/972 214/529/214
f 113/446/113 752/560/752 2081/561/2081 908/562/908
f 752/560/752 107/563/107 918/564/918 2081/561/2081
f 2081/561/2081 918/564/918 170/565/170 845/566/845
f 908/562/908 2081/561/2081 845/566/845 174/567/174
f 284/568/284 1083/569/1083 2082/570/2082 1090/571/1090
f 1083/569/1083 143/572/143 919/573/919 2082/570/2082
f 2082/570/2082 919/573/919 197/574/197 1085/575/1085
f 1090/571/1090 2082/570/2082 1085/575/1085 286/576/286
f 91/216/91 735/219/735 2083/577/2083 920/578/920
f 735/219/735 93/579/93 921/580/921 2083/577/2083
f 2083/577/2083 921/580/921 155/581/155 830/582/830
f 920/578/920 2083/577/2083 830/582/830 153/583/153
f 107/563/107 753/584/753 2084/585/2084 918/564/918
f 753/584/753 108/168/108 923/586/923 2084/585/2084
f 2084/585/2084 923/586/923 171/587/171 846/588/846
f 918/564/918 2084/585/2084 846/588/846 170/565/170
f 285/589/285 1084/590/1084 2085/591/2085 1089/592/1089
f 1084/590/1084 140/593/140 903/594/903 2085/591/2085
f 2085/591/2085 903/594/903 194/595/194 1086/596/1086
f 1089/592/1089 2085/591/2085 1086/596/1086 287/597/287
f 92/104/92 736/598/736 2086/599/2086 925/600/925
f 736/598/736 118/601/118 926/602/926 2086/599/2086
f 2086/599/2086 926/602/926 176/603/176 831/604/831
f 925/600/925 2086/599/2086 831/604/831 154/605/154
f 108/168/108 754/167/754 2087/606/2087 923/586/923
f 754/167/754 109/166/109 928/496/928 2087/606/2087
f 2087/606/2087 928/496/928 172/501/172 847/607/847
f 923/586/923 2087/606/2087 847/607/847 171/587/171
f 94/106/94 737/105/737 2088/608/2088 906/484/906
f 737/105/737 92/104/92 925/600/925 2088/608/2088
f 2088/608/2088 925/600/925 154/605/154 832/609/832
f 906/484/906 2088/608/2088 832/609/832 156/485/156
f 135/610/135 805/611/805 2089/612/2089 883/613/883
f 805/611/805 133/532/133 922/535/922 2089/612/2089
f 2089/612/2089 922/535/922 187/537/187 864/614/864
f 883/613/883 2089/612/2089 864/614/864 189/615/189
f 104/175/104 750/616/750 2090/617/2090 937/618/937
f 750/616/750 105/619/105 936/620/936 2090/617/2090
f 2090/617/2090 936/620/936 208/621/208 977/622/977
f 937/618/937 2090/617/2090 977/622/977 209/177/209
f 143/572/143 819/623/819 2091/624/2091 919/573/919
f 819/623/819 145/625/145 930/626/930 2091/624/2091
f 2091/624/2091 930/626/930 199/627/199 873/628/873
f 919/573/919 2091/624/2091 873/628/873 197/574/197
f 133/540/133 805/629/805 2092/630/2092 947/541/947
f 805/629/805 135/402/135 948/405/948 2092/630/2092
f 2092/630/2092 948/405/948 220/409/220 967/631/967
f 947/541/947 2092/630/2092 967/631/967 219/542/219
f 106/632/106 941/633/941 2093/634/2093 751/635/751
f 941/633/941 213/252/213 976/636/976 2093/634/2093
f 2093/634/2093 976/636/976 208/637/208 936/620/936
f 751/635/751 2093/634/2093 936/620/936 105/619/105
f 146/638/146 820/639/820 2094/640/2094 932/641/932
f 820/639/820 144/642/144 924/643/924 2094/640/2094
f 2094/640/2094 924/643/924 198/644/198 874/645/874
f 932/641/932 2094/640/2094 874/645/874 200/369/200
f 93/579/93 739/646/739 2095/647/2095 921/580/921
f 739/646/739 95/648/95 933/649/933 2095/647/2095
f 2095/647/2095 933/649/933 157/650/157 833/651/833
f 921/580/921 2095/647/2095 833/651/833 155/581/155
f 125/556/125 793/652/793 2096/653/2096 943/557/943
f 793/652/793 127/410/127 944/413/944 2096/653/2096
f 2096/653/2096 944/413/944 216/418/216 971/264/971
f 943/557/943 2096/653/2096 971/264/971 215/558/215
f 118/601/118 774/654/774 2097/655/2097 926/602/926
f 774/654/774 91/656/91 920/657/920 2097/655/2097
f 2097/655/2097 920/657/920 153/658/153 850/659/850
f 926/602/926 2097/655/2097 850/659/850 176/603/176
f 229/660/229 1029/661/1029 2098/662/2098 1030/663/1030
f 1029/661/1029 255/664/255 934/665/934 2098/662/2098
f 2098/662/2098 934/665/934 158/666/158 834/667/834
f 1030/663/1030 2098/662/2098 834/667/834 257/668/257
f 255/664/255 1027/669/1027 2099/670/2099 934/665/934
f 1027/669/1027 256/339/256 1026/342/1026 2099/670/2099
f 2099/670/2099 1026/342/1026 159/347/159 835/671/835
f 934/665/934 2099/670/2099 835/671/835 158/666/158
f 95/648/95 935/672/935 2100/673/2100 933/649/933
f 935/672/935 207/126/207 958/674/958 2100/673/2100
f 2100/673/2100 958/674/958 229/660/229 957/675/957
f 933/649/933 2100/673/2100 957/675/957 157/650/157
f 149/676/149 824/677/824 2101/678/2101 828/456/828
f 824/677/824 227/331/227 959/333/959 2101/678/2101
f 2101/678/2101 959/333/959 228/338/228 827/679/827
f 828/456/828 2101/678/2101 827/679/827 151/680/151
f 147/681/147 821/682/821 2102/683/2102 825/684/825
f 821/682/821 226/322/226 960/325/960 2102/683/2102
f 2102/683/2102 960/325/960 227/330/227 824/685/824
f 825/684/825 2102/683/2102 824/685/824 149/686/149
f 145/625/145 822/687/822 2103/688/2103 930/626/930
f 822/687/822 147/419/147 885/422/885 2103/688/2103
f 2103/688/2103 885/422/885 201/427/201 875/689/875
f 930/626/930 2103/688/2103 875/689/875 199/627/199
f 143/690/143 815/691/815 2104/692/2104 819/693/819
f 815/691/815 224/315/224 962/317/962 2104/692/2104
f 2104/692/2104 962/317/962 225/321/225 818/694/818
f 819/693/819 2104/692/2104 818/694/818 145/695/145
f 284/696/284 1088/697/1088 2105/698/2105 1083/699/1083
f 1088/697/1088 288/307/288 963/310/963 2105/698/2105
f 2105/698/2105 963/310/963 224/315/224 815/691/815
f 1083/699/1083 2105/698/2105 815/691/815 143/690/143
f 142/700/142 812/701/812 2106/702/2106 907/703/907
f 812/701/812 138/406/138 889/704/889 2106/702/2106
f 2106/702/2106 889/704/889 192/705/192 869/706/869
f 907/703/907 2106/702/2106 869/706/869 196/707/196
f 140/593/140 809/513/809 2107/708/2107 903/594/903
f 809/513/809 142/700/142 907/703/907 2107/708/2107
f 2107/708/2107 907/703/907 196/707/196 867/709/867
f 903/594/903 2107/708/2107 867/709/867 194/595/194
f 138/406/138 806/710/806 2108/711/2108 889/704/889
f 806/710/806 135/712/135 883/713/883 2108/711/2108
f 2108/711/2108 883/713/883 189/615/189 865/714/865
f 889/704/889 2108/711/2108 865/714/865 192/705/192
f 134/715/134 804/716/804 2109/717/2109 917/718/917
f 804/716/804 136/348/136 901/351/901 2109/717/2109
f 2109/717/2109 901/351/901 190/355/190 863/719/863
f 917/718/917 2109/717/2109 863/719/863 188/720/188
f 132/721/132 801/722/801 2110/723/2110 911/724/911
f 801/722/801 134/715/134 917/718/917 2110/723/2110
f 2110/723/2110 917/718/917 188/720/188 861/725/861
f 911/724/911 2110/723/2110 861/725/861 186/726/186
f 130/727/130 798/728/798 2111/729/2111 897/730/897
f 798/728/798 132/721/132 911/724/911 2111/729/2111
f 2111/729/2111 911/724/911 186/726/186 859/731/859
f 897/730/897 2111/729/2111 859/731/859 184/732/184
f 128/360/128 795/733/795 2112/734/2112 890/361/890
f 795/733/795 130/727/130 897/730/897 2112/734/2112
f 2112/734/2112 897/730/897 184/732/184 857/735/857
f 890/361/890 2112/734/2112 857/735/857 182/362/182
f 125/736/125 929/737/929 2113/738/2113 793/652/793
f 929/737/929 179/739/179 856/740/856 2113/738/2113
f 2113/738/2113 856/740/856 181/741/181 884/393/884
f 793/652/793 2113/738/2113 884/393/884 127/742/127
f 124/239/124 789/743/789 2114/744/2114 915/240/915
f 789/743/789 126/356/126 927/359/927 2114/744/2114
f 2114/744/2114 927/359/927 180/364/180 853/745/853
f 915/240/915 2114/744/2114 853/745/853 178/241/178
f 110/746/110 756/747/756 2115/748/2115 773/749/773
f 756/747/756 208/182/208 976/750/976 2115/748/2115
f 2115/748/2115 976/750/976 213/252/213 784/751/784
f 773/749/773 2115/748/2115 784/751/784 117/752/117
f 111/187/111 938/753/938 2116/754/2116 759/212/759
f 938/753/938 210/199/210 974/202/974 2116/754/2116
f 2116/754/2116 974/202/974 212/207/212 780/755/780
f 759/212/759 2116/754/2116 780/755/780 120/113/120
f 115/173/115 939/756/939 2117/757/2117 770/758/770
f 939/756/939 211/169/211 975/192/975 2117/757/2117
f 2117/757/2117 975/192/975 210/195/210 938/753/938
f 770/758/770 2117/757/2117 938/753/938 111/211/111
f 105/759/105 750/760/750 2118/761/2118 909/762/909
f 750/760/750 104/175/104 905/483/905 2118/761/2118
f 2118/761/2118 905/483/905 167/487/167 843/763/843
f 909/762/909 2118/761/2118 843/763/843 168/764/168
f 116/164/116 771/765/771 2119/766/2119 760/165/760
f 771/765/771 211/169/211 978/172/978 2119/766/2119
f 2119/766/2119 978/172/978 209/177/209 757/178/757
f 760/165/760 2119/766/2119 757/178/757 109/166/109
f 120/113/120 780/755/780 2120/767/2120 776/114/776
f 780/755/780 212/207/212 979/768/979 2120/767/2120
f 2120/767/2120 979/768/979 207/769/207 935/770/935
f 776/114/776 2120/767/2120 935/770/935 95/115/95
f 237/771/237 991/772/991 2121/773/2121 990/774/990
f 991/772/991 234/775/234 987/776/987 2121/773/2121
f 2121/773/2121 987/776/987 235/777/235 989/778/989
f 990/774/990 2121/773/2121 989/778/989 236/779/236
f 232/780/232 988/781/988 2122/782/2122 984/783/984
f 988/781/988 235/784/235 987/785/987 2122/782/2122
f 2122/782/2122 987/785/987 234/775/234 986/786/986
f 984/783/984 2122/782/2122 986/786/986 233/787/233
f 230/788/230 980/789/980 2123/790/2123 985/791/985
f 980/789/980 231/792/231 983/793/983 2123/790/2123
f 2123/790/2123 983/793/983 232/794/232 984/795/984
f 985/791/985 2123/790/2123 984/795/984 233/787/233
f 231/796/231 982/797/982 2124/798/2124 992/799/992
f 982/797/982 152/336/152 899/479/899 2124/798/2124
f 2124/798/2124 899/479/899 206/481/206 999/800/999
f 992/799/992 2124/798/2124 999/800/999 238/801/238
f 235/777/235 988/802/988 2125/803/2125 994/804/994
f 988/802/988 232/805/232 993/806/993 2125/803/2125
f 2125/803/2125 993/806/993 239/807/239 997/808/997
f 994/804/994 2125/803/2125 997/808/997 240/809/240
f 236/779/236 989/778/989 2126/810/2126 995/811/995
f 989/778/989 235/777/235 994/804/994 2126/810/2126
f 2126/810/2126 994/804/994 240/809/240 996/812/996
f 995/811/995 2126/810/2126 996/812/996 241/813/241
f 237/771/237 990/774/990 2127/814/2127 1007/815/1007
f 990/774/990 236/779/236 995/811/995 2127/814/2127
f 2127/814/2127 995/811/995 241/813/241 1008/816/1008
f 1007/815/1007 2127/814/2127 1008/816/1008 246/817/246
f 237/771/237 1007/815/1007 2128/818/2128 991/772/991
f 1007/815/1007 246/817/246 1009/819/1009 2128/818/2128
f 2128/818/2128 1009/819/1009 242/820/242 1000/821/1000
f 991/772/991 2128/818/2128 1000/821/1000 234/775/234
f 233/822/233 986/823/986 2129/824/2129 1001/825/1001
f 986/823/986 234/775/234 1000/821/1000 2129/824/2129
f 2129/824/2129 1000/821/1000 242/820/242 1006/826/1006
f 1001/825/1001 2129/824/2129 1006/826/1006 243/827/243
f 230/828/230 985/829/985 2130/830/2130 1002/831/1002
f 985/829/985 233/822/233 1001/825/1001 2130/830/2130
f 2130/830/2130 1001/825/1001 243/827/243 1005/832/1005
f 1002/831/1002 2130/830/2130 1005/832/1005 244/833/244
f 228/338/228 1010/834/1010 2131/835/2131 827/679/827
f 1010/834/1010 247/836/247 1011/837/1011 2131/835/2131
f 2131/835/2131 1011/837/1011 248/838/248 1012/839/1012
f 827/679/827 2131/835/2131 1012/839/1012 151/458/151
f 245/840/245 1003/841/1003 2132/842/2132 1004/843/1004
f 1003/841/1003 228/338/228 981/844/981 2132/842/2132
f 2132/842/2132 981/844/981 230/845/230 1002/846/1002
f 1004/843/1004 2132/842/2132 1002/846/1002 244/833/244
f 232/805/232 983/847/983 2133/848/2133 993/806/993
f 983/847/983 231/796/231 992/799/992 2133/848/2133
f 2133/848/2133 992/799/992 238/801/238 998/849/998
f 993/806/993 2133/848/2133 998/849/998 239/807/239
f 248/850/248 1016/851/1016 2134/852/2134 1012/853/1012
f 1016/851/1016 251/854/251 1017/855/1017 2134/852/2134
f 2134/852/2134 1017/855/1017 205/460/205 898/856/898
f 1012/853/1012 2134/852/2134 898/856/898 151/857/151
f 248/858/248 1011/837/1011 2135/859/2135 1015/860/1015
f 1011/837/1011 247/861/247 1013/862/1013 2135/859/2135
f 2135/859/2135 1013/862/1013 249/863/249 1014/864/1014
f 1015/860/1015 2135/859/2135 1014/864/1014 250/865/250
f 247/866/247 1010/867/1010 2136/868/2136 1020/869/1020
f 1010/867/1010 228/338/228 1003/870/1003 2136/868/2136
f 2136/868/2136 1003/870/1003 245/840/245 1021/871/1021
f 1020/869/1020 2136/868/2136 1021/871/1021 253/872/253
f 250/865/250 1018/873/1018 2137/874/2137 1015/860/1015
f 1018/873/1018 252/875/252 1019/876/1019 2137/874/2137
f 2137/874/2137 1019/876/1019 251/854/251 1016/851/1016
f 1015/860/1015 2137/874/2137 1016/851/1016 248/850/248
f 249/863/249 1013/877/1013 2138/878/2138 1022/879/1022
f 1013/877/1013 247/866/247 1020/869/1020 2138/878/2138
f 2138/878/2138 1020/869/1020 253/872/253 1023/880/1023
f 1022/879/1022 2138/878/2138 1023/880/1023 254/881/254
f 249/863/249 1022/882/1022 2139/883/2139 1014/884/1014
f 1022/882/1022 254/881/254 1024/885/1024 2139/883/2139
f 2139/883/2139 1024/885/1024 252/875/252 1018/873/1018
f 1014/884/1014 2139/883/2139 1018/873/1018 250/865/250
f 256/886/256 1027/887/1027 2140/888/2140 1037/889/1037
f 1027/887/1027 255/890/255 1036/891/1036 2140/888/2140
f 2140/888/2140 1036/891/1036 262/892/262 1035/893/1035
f 1037/889/1037 2140/888/2140 1035/893/1035 261/894/261
f 97/131/97 743/138/743 2141/895/2141 881/896/881
f 743/138/743 98/137/98 882/374/882 2141/895/2141
f 2141/895/2141 882/374/882 160/343/160 1028/340/1028
f 881/896/881 2141/895/2141 1028/340/1028 256/339/256
f 207/126/207 741/125/741 2142/897/2142 958/674/958
f 741/125/741 96/124/96 1025/898/1025 2142/897/2142
f 2142/897/2142 1025/898/1025 255/664/255 1029/661/1029
f 958/674/958 2142/897/2142 1029/661/1029 229/660/229
f 268/899/268 1055/900/1055 2143/901/2143 1049/902/1049
f 1055/900/1055 267/903/267 1044/904/1044 2143/901/2143
f 2143/901/2143 1044/904/1044 263/905/263 1042/906/1042
f 1049/902/1049 2143/901/2143 1042/906/1042 266/907/266
f 97/908/97 881/909/881 2144/910/2144 1038/911/1038
f 881/909/881 256/886/256 1037/889/1037 2144/910/2144
f 2144/910/2144 1037/889/1037 261/894/261 1033/912/1033
f 1038/911/1038 2144/910/2144 1033/912/1033 260/913/260
f 255/914/255 1025/915/1025 2145/916/2145 1036/917/1036
f 1025/915/1025 96/918/96 1039/919/1039 2145/916/2145
f 2145/916/2145 1039/919/1039 259/920/259 1034/921/1034
f 1036/917/1036 2145/916/2145 1034/921/1034 262/922/262
f 96/918/96 742/923/742 2146/924/2146 1039/919/1039
f 742/923/742 97/908/97 1038/911/1038 2146/924/2146
f 2146/924/2146 1038/911/1038 260/913/260 1032/925/1032
f 1039/919/1039 2146/924/2146 1032/925/1032 259/920/259
f 263/905/263 1040/926/1040 2147/927/2147 1042/928/1042
f 1040/926/1040 264/929/264 1041/930/1041 2147/927/2147
f 2147/927/2147 1041/930/1041 265/931/265 1043/932/1043
f 1042/928/1042 2147/927/2147 1043/932/1043 266/907/266
f 267/903/267 1054/933/1054 2148/934/2148 1044/904/1044
f 1054/933/1054 269/935/269 1046/936/1046 2148/934/2148
f 2148/934/2148 1046/936/1046 264/929/264 1040/926/1040
f 1044/904/1044 2148/934/2148 1040/926/1040 263/905/263
f 270/937/270 1053/938/1053 2149/939/2149 1051/940/1051
f 1053/938/1053 268/941/268 1049/942/1049 2149/939/2149
f 2149/939/2149 1049/942/1049 266/907/266 1043/943/1043
f 1051/940/1051 2149/939/2149 1043/943/1043 265/931/265
f 269/935/269 1052/944/1052 2150/945/2150 1046/936/1046
f 1052/944/1052 270/937/270 1051/940/1051 2150/945/2150
f 2150/945/2150 1051/940/1051 265/931/265 1041/946/1041
f 1046/936/1046 2150/945/2150 1041/946/1041 264/929/264
f 260/947/260 1033/948/1033 2151/949/2151 1050/950/1050
f 1033/948/1033 261/951/261 1047/952/1047 2151/949/2151
f 2151/949/2151 1047/952/1047 270/953/270 1052/954/1052
f 1050/950/1050 2151/949/2151 1052/954/1052 269/955/269
f 261/894/261 1035/893/1035 2152/956/2152 1047/952/1047
f 1035/893/1035 262/892/262 1045/957/1045 2152/956/2152
f 2152/956/2152 1045/957/1045 268/941/268 1053/938/1053
f 1047/952/1047 2152/956/2152 1053/938/1053 270/937/270
f 259/920/259 1032/958/1032 2153/959/2153 1048/960/1048
f 1032/958/1032 260/947/260 1050/950/1050 2153/959/2153
f 2153/959/2153 1050/950/1050 269/955/269 1054/961/1054
f 1048/960/1048 2153/959/2153 1054/961/1054 267/962/267
f 262/922/262 1034/921/1034 2154/963/2154 1045/964/1045
f 1034/921/1034 259/920/259 1048/965/1048 2154/963/2154
f 2154/963/2154 1048/965/1048 267/903/267 1055/900/1055
f 1045/964/1045 2154/963/2154 1055/900/1055 268/899/268
f 174/567/174 1057/966/1057 2155/967/2155 908/968/908
f 1057/966/1057 271/969/271 1066/970/1066 2155/967/2155
f 2155/967/2155 1066/970/1066 165/448/165 1056/971/1056
f 908/968/908 2155/967/2155 1056/971/1056 113/446/113
f 103/972/103 841/973/841 2156/974/2156 1062/975/1062
f 841/973/841 165/448/165 1060/976/1060 2156/974/2156
f 2156/974/2156 1060/976/1060 273/977/273 1059/978/1059
f 1062/975/1062 2156/974/2156 1059/978/1059 272/979/272
f 166/453/166 748/980/748 2157/981/2157 1063/982/1063
f 748/980/748 103/972/103 1062/975/1062 2157/981/2157
f 2157/981/2157 1062/975/1062 272/979/272 1058/983/1058
f 1063/982/1063 2157/981/2157 1058/983/1058 274/984/274
f 274/984/274 1058/983/1058 2158/985/2158 1064/986/1064
f 1058/983/1058 272/979/272 1059/978/1059 2158/985/2158
f 2158/985/2158 1059/978/1059 273/977/273 1065/987/1065
f 1064/986/1064 2158/985/2158 1065/987/1065 275/988/275
f 281/989/281 1082/990/1082 2159/991/2159 1076/992/1076
f 1082/990/1082 280/993/280 1071/994/1071 2159/991/2159
f 2159/991/2159 1071/994/1071 278/995/278 1070/996/1070
f 1076/992/1076 2159/991/2159 1070/996/1070 277/997/277
f 277/997/277 1070/996/1070 2160/998/2160 1067/999/1067
f 1070/996/1070 278/995/278 1068/1000/1068 2160/998/2160
f 2160/998/2160 1068/1000/1068 279/1001/279 1069/1002/1069
f 1067/999/1067 2160/998/2160 1069/1002/1069 276/1003/276
f 282/1004/282 1081/1005/1081 2161/1006/2161 1077/1007/1077
f 1081/1005/1081 281/989/281 1076/992/1076 2161/1006/2161
f 2161/1006/2161 1076/992/1076 277/997/277 1067/1008/1067
f 1077/1007/1077 2161/1006/2161 1067/1008/1067 276/1003/276
f 283/1009/283 1080/1010/1080 2162/1011/2162 1078/1012/1078
f 1080/1010/1080 282/1004/282 1077/1007/1077 2162/1011/2162
f 2162/1011/2162 1077/1007/1077 276/1003/276 1069/1002/1069
f 1078/1012/1078 2162/1011/2162 1069/1002/1069 279/1001/279
f 280/1013/280 1079/1014/1079 2163/1015/2163 1071/1016/1071
f 1079/1014/1079 283/1009/283 1078/1012/1078 2163/1015/2163
f 2163/1015/2163 1078/1012/1078 279/1001/279 1068/1017/1068
f 1071/1016/1071 2163/1015/2163 1068/1017/1068 278/995/278
f 271/1018/271 1061/1019/1061 2164/1020/2164 1075/1021/1075
f 1061/1019/1061 275/1022/275 1074/1023/1074 2164/1020/2164
f 2164/1020/2164 1074/1023/1074 283/1009/283 1079/1014/1079
f 1075/1021/1075 2164/1020/2164 1079/1014/1079 280/1013/280
f 275/1022/275 1065/1024/1065 2165/1025/2165 1074/1023/1074
f 1065/1024/1065 273/1026/273 1073/1027/1073 2165/1025/2165
f 2165/1025/2165 1073/1027/1073 282/1004/282 1080/1010/1080
f 1074/1023/1074 2165/1025/2165 1080/1010/1080 283/1009/283
f 273/1026/273 1060/1028/1060 2166/1029/2166 1073/1027/1073
f 1060/1028/1060 165/1030/165 1072/1031/1072 2166/1029/2166
f 2166/1029/2166 1072/1031/1072 281/989/281 1081/1005/1081
f 1073/1027/1073 2166/1029/2166 1081/1005/1081 282/1004/282
f 165/1030/165 1066/1032/1066 2167/1033/2167 1072/1031/1072
f 1066/1032/1066 271/1034/271 1075/1035/1075 2167/1033/2167
f 2167/1033/2167 1075/1035/1075 280/993/280 1082/990/1082
f 1072/1031/1072 2167/1033/2167 1082/990/1082 281/989/281
f 223/296/223 965/511/965 2168/1036/2168 813/297/813
f 965/511/965 222/1037/222 810/1038/810 2168/1036/2168
f 2168/1036/2168 810/1038/810 139/1039/139 811/463/811
f 813/297/813 2168/1036/2168 811/463/811 141/298/141
f 145/695/145 818/694/818 2169/1040/2169 822/1041/822
f 818/694/818 225/321/225 961/1042/961 2169/1040/2169
f 2169/1040/2169 961/1042/961 226/322/226 821/682/821
f 822/1041/822 2169/1040/2169 821/682/821 147/681/147
f 228/338/228 956/337/956 2170/1043/2170 981/844/981
f 956/337/956 152/336/152 982/1044/982 2170/1043/2170
f 2170/1043/2170 982/1044/982 231/792/231 980/1045/980
f 981/844/981 2170/1043/2170 980/1045/980 230/845/230
f 139/1046/139 810/1047/810 2171/1048/2171 816/1049/816
f 810/1047/810 222/516/222 1087/1050/1087 2171/1048/2171
f 2171/1048/2171 1087/1050/1087 288/307/288 1088/697/1088
f 816/1049/816 2171/1048/2171 1088/697/1088 284/696/284
f 144/642/144 817/1051/817 2172/1052/2172 924/643/924
f 817/1051/817 285/589/285 1089/592/1089 2172/1052/2172
f 2172/1052/2172 1089/592/1089 287/597/287 872/1053/872
f 924/643/924 2172/1052/2172 872/1053/872 198/644/198
f 139/466/139 816/1049/816 2173/1054/2173 910/467/910
f 816/1049/816 284/568/284 1090/571/1090 2173/1054/2173
f 2173/1054/2173 1090/571/1090 286/576/286 871/1055/871
f 910/467/910 2173/1054/2173 871/1055/871 193/468/193
f 222/516/222 950/515/950 2174/1056/2174 1087/1050/1087
f 950/515/950 140/514/140 1084/1057/1084 2174/1056/2174
f 2174/1056/2174 1084/1057/1084 285/311/285 1091/308/1091
f 1087/1050/1087 2174/1056/2174 1091/308/1091 288/307/288
f 316/1058/316 1139/1059/1139 2175/1060/2175 1093/1061/1093
f 1139/1059/1139 317/1062/317 1132/1063/1132 2175/1060/2175
f 2175/1060/2175 1132/1063/1132 292/1064/292 1094/1065/1094
f 1093/1061/1093 2175/1060/2175 1094/1065/1094 290/1066/290
f 317/1062/317 1095/1067/1095 2176/1068/2176 1138/1069/1138
f 1095/1067/1095 291/1070/291 1096/1071/1096 2176/1068/2176
f 2176/1068/2176 1096/1071/1096 293/1072/293 1133/1073/1133
f 1138/1069/1138 2176/1068/2176 1133/1073/1133 318/1074/318
f 357/1075/357 1284/1076/1284 2177/1077/2177 1246/1078/1246
f 1284/1076/1284 352/1079/352 1098/1080/1098 2177/1077/2177
f 2177/1077/2177 1098/1080/1098 294/1081/294 1134/1082/1134
f 1246/1078/1246 2177/1077/2177 1134/1082/1134 319/1083/319
f 319/1083/319 1134/1082/1134 2178/1084/2178 1136/1085/1136
f 1134/1082/1134 294/1081/294 1099/1086/1099 2178/1084/2178
f 2178/1084/2178 1099/1086/1099 295/1087/295 1135/1088/1135
f 1136/1085/1136 2178/1084/2178 1135/1088/1135 320/1089/320
f 320/1089/320 1135/1088/1135 2179/1090/2179 1140/1091/1140
f 1135/1088/1135 295/1087/295 1100/1092/1100 2179/1090/2179
f 2179/1090/2179 1100/1092/1100 296/1093/296 1124/1094/1124
f 1140/1091/1140 2179/1090/2179 1124/1094/1124 312/1095/312
f 312/1095/312 1124/1094/1124 2180/1096/2180 1125/1097/1125
f 1124/1094/1124 296/1093/296 1101/1098/1101 2180/1096/2180
f 2180/1096/2180 1101/1098/1101 297/1099/297 1126/1100/1126
f 1125/1097/1125 2180/1096/2180 1126/1100/1126 300/1101/300
f 299/1102/299 1104/1103/1104 2181/1104/2181 1103/1105/1103
f 1104/1103/1104 300/1101/300 1126/1106/1126 2181/1104/2181
f 2181/1104/2181 1126/1106/1126 297/1107/297 1102/1108/1102
f 1103/1105/1103 2181/1104/2181 1102/1108/1102 298/1109/298
f 312/1110/312 1125/1111/1125 2182/1112/2182 1122/1113/1122
f 1125/1111/1125 300/1101/300 1123/1114/1123 2182/1112/2182
f 2182/1112/2182 1123/1114/1123 311/1115/311 1109/1116/1109
f 1122/1113/1122 2182/1112/2182 1109/1116/1109 305/1117/305
f 310/1118/310 1120/1119/1120 2183/1120/2183 1129/1121/1129
f 1120/1119/1120 306/1122/306 1111/1123/1111 2183/1120/2183
f 2183/1120/2183 1111/1123/1111 307/1124/307 1117/1125/1117
f 1129/1121/1129 2183/1120/2183 1117/1125/1117 314/1126/314
f 356/1127/356 1283/1128/1283 2184/1129/2184 1245/1130/1245
f 1283/1128/1283 354/1131/354 1243/1132/1243 2184/1129/2184
f 2184/1129/2184 1243/1132/1243 302/1133/302 1097/1134/1097
f 1245/1130/1245 2184/1129/2184 1097/1134/1097 313/1135/313
f 307/1124/307 1112/1136/1112 2185/1137/2185 1114/1138/1114
f 1112/1136/1112 308/1139/308 1113/1140/1113 2185/1137/2185
f 2185/1137/2185 1113/1140/1113 353/1141/353 1282/1142/1282
f 1114/1138/1114 2185/1137/2185 1282/1142/1282 354/1131/354
f 313/1135/313 1097/1134/1097 2186/1143/2186 1127/1144/1127
f 1097/1134/1097 302/1133/302 1106/1145/1106 2186/1143/2186
f 2186/1143/2186 1106/1145/1106 292/1064/292 1115/1146/1115
f 1127/1144/1127 2186/1143/2186 1115/1146/1115 309/1147/309
f 356/1148/356 1280/1149/1280 2187/1150/2187 1128/1151/1128
f 1280/1149/1280 355/1152/355 1118/1153/1118 2187/1150/2187
f 2187/1150/2187 1118/1153/1118 310/1154/310 1129/1155/1129
f 1128/1151/1128 2187/1150/2187 1129/1155/1129 314/1126/314
f 310/1154/310 1119/1156/1119 2188/1157/2188 1120/1158/1120
f 1119/1156/1119 319/1083/319 1136/1085/1136 2188/1157/2188
f 2188/1157/2188 1136/1085/1136 320/1089/320 1121/1159/1121
f 1120/1158/1120 2188/1157/2188 1121/1159/1121 306/1122/306
f 355/1160/355 1279/1161/1279 2189/1162/2189 1118/1163/1118
f 1279/1161/1279 357/1164/357 1246/1165/1246 2189/1162/2189
f 2189/1162/2189 1246/1165/1246 319/1166/319 1119/1156/1119
f 1118/1163/1118 2189/1162/2189 1119/1156/1119 310/1167/310
f 292/1064/292 1132/1168/1132 2190/1169/2190 1115/1170/1115
f 1132/1168/1132 317/1171/317 1138/1172/1138 2190/1169/2190
f 2190/1169/2190 1138/1172/1138 318/1173/318 1116/1174/1116
f 1115/1170/1115 2190/1169/2190 1116/1174/1116 309/1175/309
f 289/1176/289 1092/1177/1092 2191/1178/2191 1131/1179/1131
f 1092/1177/1092 291/1180/291 1095/1181/1095 2191/1178/2191
f 2191/1178/2191 1095/1181/1095 317/1062/317 1139/1059/1139
f 1131/1179/1131 2191/1178/2191 1139/1059/1139 316/1058/316
f 306/1122/306 1121/1159/1121 2192/1182/2192 1110/1183/1110
f 1121/1159/1121 320/1089/320 1140/1091/1140 2192/1182/2192
f 2192/1182/2192 1140/1091/1140 312/1095/312 1122/1184/1122
f 1110/1183/1110 2192/1182/2192 1122/1184/1122 305/1117/305
f 304/1185/304 1218/1186/1218 2193/1187/2193 1108/1188/1108
f 1218/1186/1218 169/234/169 844/1189/844 2193/1187/2193
f 2193/1187/2193 844/1189/844 168/232/168 1215/1190/1215
f 1108/1188/1108 2193/1187/2193 1215/1190/1215 303/1191/303
f 315/1192/315 1210/1193/1210 2194/1194/2194 1143/1195/1143
f 1210/1193/1210 175/1196/175 851/1197/851 2194/1194/2194
f 2194/1194/2194 851/1197/851 178/1198/178 1221/1199/1221
f 1143/1195/1143 2194/1194/2194 1221/1199/1221 322/1200/322
f 359/1201/359 1278/1202/1278 2195/1203/2195 1142/1204/1142
f 1278/1202/1278 358/1205/358 1141/1206/1141 2195/1203/2195
f 2195/1203/2195 1141/1206/1141 315/1207/315 1143/1195/1143
f 1142/1204/1142 2195/1203/2195 1143/1195/1143 322/1200/322
f 322/1200/322 1146/1208/1146 2196/1209/2196 1142/1204/1142
f 1146/1208/1146 324/1210/324 1145/1211/1145 2196/1209/2196
f 2196/1209/2196 1145/1211/1145 360/1212/360 1277/1213/1277
f 1142/1204/1142 2196/1209/2196 1277/1213/1277 359/1214/359
f 324/1210/324 1149/1215/1149 2197/1216/2197 1145/1211/1145
f 1149/1215/1149 326/1217/326 1148/1218/1148 2197/1216/2197
f 2197/1216/2197 1148/1218/1148 361/1219/361 1276/1220/1276
f 1145/1211/1145 2197/1216/2197 1276/1220/1276 360/1212/360
f 326/1217/326 1152/1221/1152 2198/1222/2198 1148/1218/1148
f 1152/1221/1152 328/1223/328 1151/1224/1151 2198/1222/2198
f 2198/1222/2198 1151/1224/1151 362/1225/362 1275/1226/1275
f 1148/1218/1148 2198/1222/2198 1275/1226/1275 361/1219/361
f 328/1223/328 1155/1227/1155 2199/1228/2199 1151/1224/1151
f 1155/1227/1155 330/1229/330 1154/1230/1154 2199/1228/2199
f 2199/1228/2199 1154/1230/1154 363/1231/363 1274/1232/1274
f 1151/1224/1151 2199/1228/2199 1274/1232/1274 362/1225/362
f 330/1229/330 1158/1233/1158 2200/1234/2200 1154/1230/1154
f 1158/1233/1158 332/1235/332 1157/1236/1157 2200/1234/2200
f 2200/1234/2200 1157/1236/1157 364/1237/364 1273/1238/1273
f 1154/1230/1154 2200/1234/2200 1273/1238/1273 363/1231/363
f 332/1235/332 1161/1239/1161 2201/1240/2201 1157/1236/1157
f 1161/1239/1161 334/1241/334 1160/1242/1160 2201/1240/2201
f 2201/1240/2201 1160/1242/1160 365/1243/365 1272/1244/1272
f 1157/1236/1157 2201/1240/2201 1272/1244/1272 364/1237/364
f 366/1245/366 1164/1246/1164 2202/1247/2202 1269/1248/1269
f 1164/1246/1164 335/1249/335 1171/1250/1171 2202/1247/2202
f 2202/1247/2202 1171/1250/1171 339/1251/339 1170/1252/1170
f 1269/1248/1269 2202/1247/2202 1170/1252/1170 368/1253/368
f 334/1241/334 1165/1254/1165 2203/1255/2203 1160/1242/1160
f 1165/1254/1165 335/1249/335 1164/1256/1164 2203/1255/2203
f 2203/1255/2203 1164/1256/1164 366/1257/366 1271/1258/1271
f 1160/1242/1160 2203/1255/2203 1271/1258/1271 365/1243/365
f 412/1259/412 1268/1260/1268 2204/1261/2204 1374/1262/1374
f 1268/1260/1268 369/1263/369 1258/1264/1258 2204/1261/2204
f 2204/1261/2204 1258/1264/1258 342/1265/342 1174/1266/1174
f 1374/1262/1374 2204/1261/2204 1174/1266/1174 411/1267/411
f 369/1263/369 1267/1268/1267 2205/1269/2205 1258/1264/1258
f 1267/1268/1267 370/1270/370 1259/1271/1259 2205/1269/2205
f 2205/1269/2205 1259/1271/1259 344/1272/344 1177/1273/1177
f 1258/1264/1258 2205/1269/2205 1177/1273/1177 342/1265/342
f 371/1274/371 1265/1275/1265 2206/1276/2206 1260/1277/1260
f 1265/1275/1265 372/1278/372 1261/1279/1261 2206/1276/2206
f 2206/1276/2206 1261/1279/1261 348/1280/348 1183/1281/1183
f 1260/1277/1260 2206/1276/2206 1183/1281/1183 346/1282/346
f 372/1283/372 1264/1284/1264 2207/1285/2207 1261/1286/1261
f 1264/1284/1264 373/1287/373 1262/1288/1262 2207/1285/2207
f 2207/1285/2207 1262/1288/1262 350/1289/350 1186/1290/1186
f 1261/1286/1261 2207/1285/2207 1186/1290/1186 348/1291/348
f 387/1292/387 1317/1293/1317 2208/1294/2208 1319/1295/1319
f 1317/1293/1317 159/1296/159 1031/1297/1031 2208/1294/2208
f 2208/1294/2208 1031/1297/1031 258/1298/258 836/1299/836
f 1319/1295/1319 2208/1294/2208 836/1299/836 160/1300/160
f 334/1301/334 1207/1302/1207 2209/1303/2209 1165/1304/1165
f 1207/1302/1207 190/1305/190 866/1306/866 2209/1303/2209
f 2209/1303/2209 866/1306/866 191/1307/191 1199/1308/1199
f 1165/1304/1165 2209/1303/2209 1199/1308/1199 335/1249/335
f 324/1309/324 1233/1310/1233 2210/1311/2210 1149/1312/1149
f 1233/1310/1233 180/1313/180 855/1314/855 2210/1311/2210
f 2210/1311/2210 855/1314/855 182/1315/182 1197/1316/1197
f 1149/1312/1149 2210/1311/2210 1197/1316/1197 326/1317/326
f 344/1318/344 1180/1319/1180 2211/1320/2211 1238/1321/1238
f 1180/1319/1180 346/1322/346 1194/1323/1194 2211/1320/2211
f 2211/1320/2211 1194/1323/1194 202/1324/202 876/1325/876
f 1238/1321/1238 2211/1320/2211 876/1325/876 200/1326/200
f 296/1093/296 1189/1327/1189 2212/1328/2212 1101/1098/1101
f 1189/1327/1189 160/1300/160 837/1329/837 2212/1328/2212
f 2212/1328/2212 837/1329/837 161/1330/161 1193/1331/1193
f 1101/1098/1101 2212/1328/2212 1193/1331/1193 297/1099/297
f 344/1318/344 1259/1271/1259 2213/1332/2213 1180/1333/1180
f 1259/1271/1259 370/1334/370 1266/1335/1266 2213/1332/2213
f 2213/1332/2213 1266/1335/1266 371/1336/371 1260/1337/1260
f 1180/1333/1180 2213/1332/2213 1260/1337/1260 346/1282/346
f 297/1099/297 1193/1331/1193 2214/1338/2214 1102/1339/1102
f 1193/1331/1193 161/1330/161 838/1340/838 2214/1338/2214
f 2214/1338/2214 838/1340/838 162/1341/162 1195/1342/1195
f 1102/1339/1102 2214/1338/2214 1195/1342/1195 298/1109/298
f 327/1343/327 1208/1344/1208 2215/1345/2215 1153/1346/1153
f 1208/1344/1208 183/1347/183 858/1348/858 2215/1345/2215
f 2215/1345/2215 858/1348/858 181/1349/181 1191/1350/1191
f 1153/1346/1153 2215/1345/2215 1191/1350/1191 325/1351/325
f 298/1109/298 1195/1342/1195 2216/1352/2216 1103/1353/1103
f 1195/1342/1195 162/1341/162 839/1354/839 2216/1352/2216
f 2216/1352/2216 839/1354/839 163/1355/163 1198/1356/1198
f 1103/1353/1103 2216/1352/2216 1198/1356/1198 299/1102/299
f 333/1357/333 1254/1358/1254 2217/1359/2217 1163/1360/1163
f 1254/1358/1254 365/1361/365 1271/1362/1271 2217/1359/2217
f 2217/1359/2217 1271/1362/1271 366/1245/366 1255/1363/1255
f 1163/1360/1163 2217/1359/2217 1255/1363/1255 336/1364/336
f 325/1365/325 1250/1366/1250 2218/1367/2218 1153/1368/1153
f 1250/1366/1250 361/1219/361 1275/1369/1275 2218/1367/2218
f 2218/1367/2218 1275/1369/1275 362/1370/362 1251/1371/1251
f 1153/1368/1153 2218/1367/2218 1251/1371/1251 327/1372/327
f 345/1373/345 1192/1374/1192 2219/1375/2219 1182/1376/1182
f 1192/1374/1192 201/1377/201 877/1378/877 2219/1375/2219
f 2219/1375/2219 877/1378/877 203/1379/203 1200/1380/1200
f 1182/1376/1182 2219/1375/2219 1200/1380/1200 347/1381/347
f 299/1102/299 1198/1356/1198 2220/1382/2220 1104/1103/1104
f 1198/1356/1198 163/1355/163 840/1383/840 2220/1382/2220
f 2220/1382/2220 840/1383/840 164/1384/164 1201/1385/1201
f 1104/1103/1104 2220/1382/2220 1201/1385/1201 300/1101/300
f 348/1386/348 1202/1387/1202 2221/1388/2221 1183/1281/1183
f 1202/1387/1202 204/1389/204 878/1390/878 2221/1388/2221
f 2221/1388/2221 878/1390/878 202/1324/202 1194/1391/1194
f 1183/1281/1183 2221/1388/2221 1194/1391/1194 346/1392/346
f 301/1393/301 1187/1394/1187 2222/1395/2222 1203/1396/1203
f 1187/1394/1187 351/1397/351 1345/1398/1345 2222/1395/2222
f 2222/1395/2222 1345/1398/1345 311/1115/311 1123/1114/1123
f 1203/1396/1203 2222/1395/2222 1123/1114/1123 300/1101/300
f 301/1399/301 1203/1400/1203 2223/1401/2223 1105/1402/1105
f 1203/1400/1203 300/1101/300 1201/1403/1201 2223/1401/2223
f 2223/1401/2223 1201/1403/1201 164/1384/164 900/1404/900
f 1105/1402/1105 2223/1401/2223 900/1404/900 166/1405/166
f 347/1381/347 1200/1380/1200 2224/1406/2224 1185/1407/1185
f 1200/1380/1200 203/1379/203 879/1408/879 2224/1406/2224
f 2224/1406/2224 879/1408/879 205/1409/205 1205/1410/1205
f 1185/1407/1185 2224/1406/2224 1205/1410/1205 349/1411/349
f 339/1251/339 1220/1412/1220 2225/1413/2225 1168/1414/1168
f 1220/1412/1220 195/1415/195 868/1416/868 2225/1413/2225
f 2225/1413/2225 868/1416/868 193/1417/193 1216/1418/1216
f 1168/1414/1168 2225/1413/2225 1216/1418/1216 337/1419/337
f 321/1420/321 1222/1421/1222 2226/1422/2226 1144/1423/1144
f 1222/1421/1222 177/1424/177 852/1425/852 2226/1422/2226
f 2226/1422/2226 852/1425/852 169/234/169 1218/1186/1218
f 1144/1423/1144 2226/1422/2226 1218/1186/1218 304/1185/304
f 350/1289/350 1206/1426/1206 2227/1427/2227 1186/1428/1186
f 1206/1426/1206 206/1429/206 880/1430/880 2227/1427/2227
f 2227/1427/2227 880/1430/880 204/1389/204 1202/1387/1202
f 1186/1428/1186 2227/1427/2227 1202/1387/1202 348/1386/348
f 302/1133/302 1211/1431/1211 2228/1432/2228 1106/1145/1106
f 1211/1431/1211 167/1433/167 842/486/842 2228/1432/2228
f 2228/1432/2228 842/486/842 156/1434/156 1212/1435/1212
f 1106/1145/1106 2228/1432/2228 1212/1435/1212 292/1064/292
f 329/1436/329 1219/1437/1219 2229/1438/2229 1156/1439/1156
f 1219/1437/1219 185/1440/185 860/1441/860 2229/1438/2229
f 2229/1438/2229 860/1441/860 183/1347/183 1208/1344/1208
f 1156/1439/1156 2229/1438/2229 1208/1344/1208 327/1343/327
f 307/1124/307 1234/1442/1234 2230/1443/2230 1112/1444/1112
f 1234/1442/1234 172/1445/172 848/1446/848 2230/1443/2230
f 2230/1443/2230 848/1446/848 173/1447/173 1237/1448/1237
f 1112/1444/1112 2230/1443/2230 1237/1448/1237 308/1449/308
f 327/1372/327 1251/1371/1251 2231/1450/2231 1156/1451/1156
f 1251/1371/1251 362/1370/362 1274/1452/1274 2231/1450/2231
f 2231/1450/2231 1274/1452/1274 363/1453/363 1252/1454/1252
f 1156/1451/1156 2231/1450/2231 1252/1454/1252 329/1436/329
f 368/1455/368 1270/1456/1270 2232/1457/2232 1257/1458/1257
f 1270/1456/1270 367/1459/367 1256/1460/1256 2232/1457/2232
f 2232/1457/2232 1256/1460/1256 338/1461/338 1166/1462/1166
f 1257/1458/1257 2232/1457/2232 1166/1462/1166 340/1463/340
f 308/1449/308 1237/1448/1237 2233/1464/2233 1130/1465/1130
f 1237/1448/1237 173/1447/173 849/1466/849 2233/1464/2233
f 2233/1464/2233 849/1466/849 175/1196/175 1210/1193/1210
f 1130/1465/1130 2233/1464/2233 1210/1193/1210 315/1192/315
f 335/1249/335 1199/1308/1199 2234/1467/2234 1171/1468/1171
f 1199/1308/1199 191/1307/191 870/1469/870 2234/1467/2234
f 2234/1467/2234 870/1469/870 195/1415/195 1220/1412/1220
f 1171/1468/1171 2234/1467/2234 1220/1412/1220 339/1251/339
f 304/1470/304 1247/1471/1247 2235/1472/2235 1144/1473/1144
f 1247/1471/1247 358/1474/358 1278/1475/1278 2235/1472/2235
f 2235/1472/2235 1278/1475/1278 359/1201/359 1248/1476/1248
f 1144/1473/1144 2235/1472/2235 1248/1476/1248 321/1477/321
f 331/1478/331 1228/1479/1228 2236/1480/2236 1159/1481/1159
f 1228/1479/1228 187/1482/187 862/1483/862 2236/1480/2236
f 2236/1480/2236 862/1483/862 185/1440/185 1219/1437/1219
f 1159/1481/1159 2236/1480/2236 1219/1437/1219 329/1436/329
f 329/1436/329 1252/1454/1252 2237/1484/2237 1159/1485/1159
f 1252/1454/1252 363/1453/363 1273/1486/1273 2237/1484/2237
f 2237/1484/2237 1273/1486/1273 364/1487/364 1253/1488/1253
f 1159/1485/1159 2237/1484/2237 1253/1488/1253 331/1478/331
f 366/1257/366 1269/1489/1269 2238/1490/2238 1255/1491/1255
f 1269/1489/1269 368/1455/368 1257/1458/1257 2238/1490/2238
f 2238/1490/2238 1257/1458/1257 340/1463/340 1169/1492/1169
f 1255/1491/1255 2238/1490/2238 1169/1492/1169 336/1364/336
f 323/1493/323 1235/1494/1235 2239/1495/2239 1147/1496/1147
f 1235/1494/1235 179/1497/179 854/1498/854 2239/1495/2239
f 2239/1495/2239 854/1498/854 177/1424/177 1222/1421/1222
f 1147/1496/1147 2239/1495/2239 1222/1421/1222 321/1420/321
f 321/1477/321 1248/1476/1248 2240/1499/2240 1147/1500/1147
f 1248/1476/1248 359/1201/359 1277/1501/1277 2240/1499/2240
f 2240/1499/2240 1277/1501/1277 360/1212/360 1249/1502/1249
f 1147/1500/1147 2240/1499/2240 1249/1502/1249 323/1493/323
f 311/1115/311 1214/1503/1214 2241/1504/2241 1109/1116/1109
f 1214/1503/1214 174/1505/174 845/1506/845 2241/1504/2241
f 2241/1504/2241 845/1506/845 170/1507/170 1224/1508/1224
f 1109/1116/1109 2241/1504/2241 1224/1508/1224 305/1509/305
f 410/1510/410 1373/1511/1373 2242/1512/2242 1368/1513/1368
f 1373/1511/1373 286/1514/286 1085/1515/1085 2242/1512/2242
f 2242/1512/2242 1085/1515/1085 197/1516/197 1225/1517/1225
f 1368/1513/1368 2242/1512/2242 1225/1517/1225 341/1518/341
f 289/1176/289 1226/1519/1226 2243/1520/2243 1092/1521/1092
f 1226/1519/1226 153/1522/153 830/1523/830 2243/1520/2243
f 2243/1520/2243 830/1523/830 155/1524/155 1227/1525/1227
f 1092/1521/1092 2243/1520/2243 1227/1525/1227 291/1526/291
f 305/1509/305 1224/1508/1224 2244/1527/2244 1110/1528/1110
f 1224/1508/1224 170/1507/170 846/1529/846 2244/1527/2244
f 2244/1527/2244 846/1529/846 171/1530/171 1229/1531/1229
f 1110/1528/1110 2244/1527/2244 1229/1531/1229 306/1122/306
f 411/1267/411 1372/1532/1372 2245/1533/2245 1369/1534/1369
f 1372/1532/1372 287/1535/287 1086/1536/1086 2245/1533/2245
f 2245/1533/2245 1086/1536/1086 194/1537/194 1209/1538/1209
f 1369/1534/1369 2245/1533/2245 1209/1538/1209 338/1539/338
f 290/1066/290 1231/1540/1231 2246/1541/2246 1093/1542/1093
f 1231/1540/1231 154/1543/154 831/1544/831 2246/1541/2246
f 2246/1541/2246 831/1544/831 176/603/176 1232/1545/1232
f 1093/1542/1093 2246/1541/2246 1232/1545/1232 316/1546/316
f 306/1122/306 1229/1531/1229 2247/1547/2247 1111/1123/1111
f 1229/1531/1229 171/1530/171 847/1548/847 2247/1547/2247
f 2247/1547/2247 847/1548/847 172/1445/172 1234/1442/1234
f 1111/1123/1111 2247/1547/2247 1234/1442/1234 307/1124/307
f 292/1064/292 1212/1435/1212 2248/1549/2248 1094/1065/1094
f 1212/1435/1212 156/1434/156 832/1550/832 2248/1549/2248
f 2248/1549/2248 832/1550/832 154/1543/154 1231/1540/1231
f 1094/1065/1094 2248/1549/2248 1231/1540/1231 290/1066/290
f 333/1357/333 1190/1551/1190 2249/1552/2249 1162/1553/1162
f 1190/1551/1190 189/615/189 864/1554/864 2249/1552/2249
f 2249/1552/2249 864/1554/864 187/1482/187 1228/1479/1228
f 1162/1553/1162 2249/1552/2249 1228/1479/1228 331/1478/331
f 302/1133/302 1243/1555/1243 2250/1556/2250 1107/1557/1107
f 1243/1555/1243 354/1558/354 1282/1559/1282 2250/1556/2250
f 2250/1556/2250 1282/1559/1282 353/1560/353 1242/1561/1242
f 1107/1557/1107 2250/1556/2250 1242/1561/1242 303/1562/303
f 341/1518/341 1225/1517/1225 2251/1563/2251 1176/1564/1176
f 1225/1517/1225 197/1516/197 873/1565/873 2251/1563/2251
f 2251/1563/2251 873/1565/873 199/1566/199 1236/1567/1236
f 1176/1564/1176 2251/1563/2251 1236/1567/1236 343/1568/343
f 331/1478/331 1253/1488/1253 2252/1569/2252 1162/1570/1162
f 1253/1488/1253 364/1487/364 1272/1571/1272 2252/1569/2252
f 2252/1569/2252 1272/1571/1272 365/1361/365 1254/1358/1254
f 1162/1570/1162 2252/1569/2252 1254/1358/1254 333/1357/333
f 304/1572/304 1108/1573/1108 2253/1574/2253 1247/1575/1247
f 1108/1573/1108 303/1576/303 1242/1577/1242 2253/1574/2253
f 2253/1574/2253 1242/1577/1242 353/1560/353 1281/1578/1281
f 1247/1575/1247 2253/1574/2253 1281/1578/1281 358/1205/358
f 344/1579/344 1238/1580/1238 2254/1581/2254 1177/1582/1177
f 1238/1580/1238 200/1326/200 874/1583/874 2254/1581/2254
f 2254/1581/2254 874/1583/874 198/1584/198 1230/1585/1230
f 1177/1582/1177 2254/1581/2254 1230/1585/1230 342/1586/342
f 291/1526/291 1227/1525/1227 2255/1587/2255 1096/1588/1096
f 1227/1525/1227 155/1524/155 833/1589/833 2255/1587/2255
f 2255/1587/2255 833/1589/833 157/1590/157 1239/1591/1239
f 1096/1588/1096 2255/1587/2255 1239/1591/1239 293/1592/293
f 323/1493/323 1249/1502/1249 2256/1593/2256 1150/1594/1150
f 1249/1502/1249 360/1212/360 1276/1595/1276 2256/1593/2256
f 2256/1593/2256 1276/1595/1276 361/1219/361 1250/1366/1250
f 1150/1594/1150 2256/1593/2256 1250/1366/1250 325/1365/325
f 316/1546/316 1232/1545/1232 2257/1596/2257 1131/1597/1131
f 1232/1545/1232 176/603/176 850/1598/850 2257/1596/2257
f 2257/1596/2257 850/1598/850 153/658/153 1226/1599/1226
f 1131/1597/1131 2257/1596/2257 1226/1599/1226 289/1600/289
f 229/1601/229 1030/1602/1030 2258/1603/2258 1320/1604/1320
f 1030/1602/1030 257/1605/257 834/1606/834 2258/1603/2258
f 2258/1603/2258 834/1606/834 158/1607/158 1240/1608/1240
f 1320/1604/1320 2258/1603/2258 1240/1608/1240 386/1609/386
f 386/1609/386 1240/1608/1240 2259/1610/2259 1318/1611/1318
f 1240/1608/1240 158/1607/158 835/1612/835 2259/1610/2259
f 2259/1610/2259 835/1612/835 159/1296/159 1317/1293/1317
f 1318/1611/1318 2259/1610/2259 1317/1293/1317 387/1292/387
f 293/1592/293 1239/1591/1239 2260/1613/2260 1241/1614/1241
f 1239/1591/1239 157/1590/157 957/1615/957 2260/1613/2260
f 2260/1613/2260 957/1615/957 229/1601/229 1263/1616/1263
f 1241/1614/1241 2260/1613/2260 1263/1616/1263 352/1079/352
f 347/1381/347 1185/1407/1185 2261/1617/2261 1181/1618/1181
f 1185/1407/1185 349/1619/349 1184/1620/1184 2261/1617/2261
f 2261/1617/2261 1184/1620/1184 373/1287/373 1264/1284/1264
f 1181/1618/1181 2261/1617/2261 1264/1284/1264 372/1283/372
f 345/1373/345 1182/1621/1182 2262/1622/2262 1178/1623/1178
f 1182/1621/1182 347/1624/347 1181/1625/1181 2262/1622/2262
f 2262/1622/2262 1181/1625/1181 372/1278/372 1265/1275/1265
f 1178/1623/1178 2262/1622/2262 1265/1275/1265 371/1274/371
f 343/1568/343 1236/1567/1236 2263/1626/2263 1179/1627/1179
f 1236/1567/1236 199/1566/199 875/1628/875 2263/1626/2263
f 2263/1626/2263 875/1628/875 201/1377/201 1192/1374/1192
f 1179/1627/1179 2263/1626/2263 1192/1374/1192 345/1373/345
f 341/1518/341 1176/1629/1176 2264/1630/2264 1172/1631/1172
f 1176/1629/1176 343/1632/343 1175/1633/1175 2264/1630/2264
f 2264/1630/2264 1175/1633/1175 370/1270/370 1267/1268/1267
f 1172/1631/1172 2264/1630/2264 1267/1268/1267 369/1263/369
f 410/1634/410 1368/1513/1368 2265/1635/2265 1371/1636/1371
f 1368/1513/1368 341/1518/341 1172/1631/1172 2265/1635/2265
f 2265/1635/2265 1172/1631/1172 369/1263/369 1268/1260/1268
f 1371/1636/1371 2265/1635/2265 1268/1260/1268 412/1259/412
f 340/1637/340 1213/1638/1213 2266/1639/2266 1169/1640/1169
f 1213/1638/1213 196/1641/196 869/1642/869 2266/1639/2266
f 2266/1639/2266 869/1642/869 192/705/192 1196/1643/1196
f 1169/1640/1169 2266/1639/2266 1196/1643/1196 336/1364/336
f 338/1539/338 1209/1538/1209 2267/1644/2267 1166/1462/1166
f 1209/1538/1209 194/1537/194 867/1645/867 2267/1644/2267
f 2267/1644/2267 867/1645/867 196/1641/196 1213/1638/1213
f 1166/1462/1166 2267/1644/2267 1213/1638/1213 340/1637/340
f 336/1364/336 1196/1643/1196 2268/1646/2268 1163/1647/1163
f 1196/1643/1196 192/705/192 865/1648/865 2268/1646/2268
f 2268/1646/2268 865/1648/865 189/1649/189 1190/1650/1190
f 1163/1647/1163 2268/1646/2268 1190/1650/1190 333/1651/333
f 332/1652/332 1223/1653/1223 2269/1654/2269 1161/1655/1161
f 1223/1653/1223 188/1656/188 863/1657/863 2269/1654/2269
f 2269/1654/2269 863/1657/863 190/1305/190 1207/1302/1207
f 1161/1655/1161 2269/1654/2269 1207/1302/1207 334/1301/334
f 330/1658/330 1217/1659/1217 2270/1660/2270 1158/1661/1158
f 1217/1659/1217 186/1662/186 861/1663/861 2270/1660/2270
f 2270/1660/2270 861/1663/861 188/1656/188 1223/1653/1223
f 1158/1661/1158 2270/1660/2270 1223/1653/1223 332/1652/332
f 328/1223/328 1204/1664/1204 2271/1665/2271 1155/1666/1155
f 1204/1664/1204 184/1667/184 859/1668/859 2271/1665/2271
f 2271/1665/2271 859/1668/859 186/1662/186 1217/1659/1217
f 1155/1666/1155 2271/1665/2271 1217/1659/1217 330/1658/330
f 326/1317/326 1197/1316/1197 2272/1669/2272 1152/1670/1152
f 1197/1316/1197 182/1315/182 857/1671/857 2272/1669/2272
f 2272/1669/2272 857/1671/857 184/1667/184 1204/1664/1204
f 1152/1670/1152 2272/1669/2272 1204/1664/1204 328/1223/328
f 323/1672/323 1150/1673/1150 2273/1674/2273 1235/1675/1235
f 1150/1673/1150 325/1676/325 1191/1350/1191 2273/1674/2273
f 2273/1674/2273 1191/1350/1191 181/741/181 856/1677/856
f 1235/1675/1235 2273/1674/2273 856/1677/856 179/739/179
f 322/1200/322 1221/1199/1221 2274/1678/2274 1146/1679/1146
f 1221/1199/1221 178/1198/178 853/1680/853 2274/1678/2274
f 2274/1678/2274 853/1680/853 180/1313/180 1233/1310/1233
f 1146/1679/1146 2274/1678/2274 1233/1310/1233 324/1309/324
f 308/1681/308 1130/1682/1130 2275/1683/2275 1113/1684/1113
f 1130/1682/1130 315/1207/315 1141/1685/1141 2275/1683/2275
f 2275/1683/2275 1141/1685/1141 358/1686/358 1281/1687/1281
f 1113/1684/1113 2275/1683/2275 1281/1687/1281 353/1688/353
f 309/1689/309 1116/1690/1116 2276/1691/2276 1244/1692/1244
f 1116/1690/1116 318/1074/318 1137/1693/1137 2276/1691/2276
f 2276/1691/2276 1137/1693/1137 357/1164/357 1279/1161/1279
f 1244/1692/1244 2276/1691/2276 1279/1161/1279 355/1160/355
f 313/1135/313 1127/1694/1127 2277/1695/2277 1245/1696/1245
f 1127/1694/1127 309/1175/309 1244/1697/1244 2277/1695/2277
f 2277/1695/2277 1244/1697/1244 355/1152/355 1280/1149/1280
f 1245/1696/1245 2277/1695/2277 1280/1149/1280 356/1148/356
f 303/1698/303 1215/1699/1215 2278/1700/2278 1107/1701/1107
f 1215/1699/1215 168/1702/168 843/1703/843 2278/1700/2278
f 2278/1700/2278 843/1703/843 167/1433/167 1211/1431/1211
f 1107/1701/1107 2278/1700/2278 1211/1431/1211 302/1133/302
f 314/1126/314 1117/1125/1117 2279/1704/2279 1128/1705/1128
f 1117/1125/1117 307/1124/307 1114/1138/1114 2279/1704/2279
f 2279/1704/2279 1114/1138/1114 354/1131/354 1283/1128/1283
f 1128/1705/1128 2279/1704/2279 1283/1128/1283 356/1127/356
f 318/1074/318 1133/1073/1133 2280/1706/2280 1137/1693/1137
f 1133/1073/1133 293/1072/293 1241/1707/1241 2280/1706/2280
f 2280/1706/2280 1241/1707/1241 352/1079/352 1284/1708/1284
f 1137/1693/1137 2280/1706/2280 1284/1708/1284 357/1164/357
f 381/1709/381 1295/1710/1295 2281/1711/2281 1296/1712/1296
f 1295/1710/1295 380/1713/380 1294/1714/1294 2281/1711/2281
f 2281/1711/2281 1294/1714/1294 379/1715/379 1292/1716/1292
f 1296/1712/1296 2281/1711/2281 1292/1716/1292 378/1717/378
f 376/1718/376 1289/1719/1289 2282/1720/2282 1293/1721/1293
f 1289/1719/1289 377/1722/377 1291/1723/1291 2282/1720/2282
f 2282/1720/2282 1291/1723/1291 378/1724/378 1292/1725/1292
f 1293/1721/1293 2282/1720/2282 1292/1725/1292 379/1726/379
f 374/1727/374 1290/1728/1290 2283/1729/2283 1285/1730/1285
f 1290/1728/1290 377/1731/377 1289/1732/1289 2283/1729/2283
f 2283/1729/2283 1289/1732/1289 376/1733/376 1288/1734/1288
f 1285/1730/1285 2283/1729/2283 1288/1734/1288 375/1735/375
f 375/1736/375 1297/1737/1297 2284/1738/2284 1287/1739/1287
f 1297/1737/1297 238/1740/238 999/1741/999 2284/1738/2284
f 2284/1738/2284 999/1741/999 206/1429/206 1206/1426/1206
f 1287/1739/1287 2284/1738/2284 1206/1426/1206 350/1289/350
f 379/1715/379 1299/1742/1299 2285/1743/2285 1293/1744/1293
f 1299/1742/1299 240/1745/240 997/1746/997 2285/1743/2285
f 2285/1743/2285 997/1746/997 239/1747/239 1298/1748/1298
f 1293/1744/1293 2285/1743/2285 1298/1748/1298 376/1749/376
f 380/1713/380 1300/1750/1300 2286/1751/2286 1294/1714/1294
f 1300/1750/1300 241/1752/241 996/1753/996 2286/1751/2286
f 2286/1751/2286 996/1753/996 240/1745/240 1299/1742/1299
f 1294/1714/1294 2286/1751/2286 1299/1742/1299 379/1715/379
f 381/1709/381 1305/1754/1305 2287/1755/2287 1295/1756/1295
f 1305/1754/1305 246/1757/246 1008/1758/1008 2287/1755/2287
f 2287/1755/2287 1008/1758/1008 241/1752/241 1300/1750/1300
f 1295/1756/1295 2287/1755/2287 1300/1750/1300 380/1713/380
f 381/1709/381 1296/1759/1296 2288/1760/2288 1305/1761/1305
f 1296/1759/1296 378/1762/378 1301/1763/1301 2288/1760/2288
f 2288/1760/2288 1301/1763/1301 242/1764/242 1009/1765/1009
f 1305/1761/1305 2288/1760/2288 1009/1765/1009 246/1757/246
f 377/1722/377 1302/1766/1302 2289/1767/2289 1291/1768/1291
f 1302/1766/1302 243/1769/243 1006/1770/1006 2289/1767/2289
f 2289/1767/2289 1006/1770/1006 242/1764/242 1301/1771/1301
f 1291/1768/1291 2289/1767/2289 1301/1771/1301 378/1772/378
f 374/1773/374 1303/1774/1303 2290/1775/2290 1290/1776/1290
f 1303/1774/1303 244/1777/244 1005/1778/1005 2290/1775/2290
f 2290/1775/2290 1005/1778/1005 243/1769/243 1302/1766/1302
f 1290/1776/1290 2290/1775/2290 1302/1766/1302 377/1722/377
f 373/1287/373 1184/1779/1184 2291/1780/2291 1306/1781/1306
f 1184/1779/1184 349/1411/349 1308/1782/1308 2291/1780/2291
f 2291/1780/2291 1308/1782/1308 383/1783/383 1307/1784/1307
f 1306/1781/1306 2291/1780/2291 1307/1784/1307 382/1785/382
f 245/1786/245 1004/1787/1004 2292/1788/2292 1304/1789/1304
f 1004/1787/1004 244/1777/244 1303/1790/1303 2292/1788/2292
f 2292/1788/2292 1303/1790/1303 374/1791/374 1286/1792/1286
f 1304/1789/1304 2292/1788/2292 1286/1792/1286 373/1287/373
f 376/1749/376 1298/1748/1298 2293/1793/2293 1288/1734/1288
f 1298/1748/1298 239/1747/239 998/1794/998 2293/1793/2293
f 2293/1793/2293 998/1794/998 238/1740/238 1297/1737/1297
f 1288/1734/1288 2293/1793/2293 1297/1737/1297 375/1736/375
f 383/1795/383 1308/1796/1308 2294/1797/2294 1312/1798/1312
f 1308/1796/1308 349/1799/349 1205/1800/1205 2294/1797/2294
f 2294/1797/2294 1205/1800/1205 205/1409/205 1017/1801/1017
f 1312/1798/1312 2294/1797/2294 1017/1801/1017 251/1802/251
f 383/1803/383 1311/1804/1311 2295/1805/2295 1307/1806/1307
f 1311/1804/1311 385/1807/385 1310/1808/1310 2295/1805/2295
f 2295/1805/2295 1310/1808/1310 384/1809/384 1309/1810/1309
f 1307/1806/1307 2295/1805/2295 1309/1810/1309 382/1785/382
f 382/1785/382 1314/1811/1314 2296/1812/2296 1306/1813/1306
f 1314/1811/1314 253/1814/253 1021/1815/1021 2296/1812/2296
f 2296/1812/2296 1021/1815/1021 245/1786/245 1304/1816/1304
f 1306/1813/1306 2296/1812/2296 1304/1816/1304 373/1287/373
f 385/1807/385 1311/1817/1311 2297/1818/2297 1313/1819/1313
f 1311/1817/1311 383/1795/383 1312/1798/1312 2297/1818/2297
f 2297/1818/2297 1312/1798/1312 251/1802/251 1019/1820/1019
f 1313/1819/1313 2297/1818/2297 1019/1820/1019 252/1821/252
f 384/1809/384 1315/1822/1315 2298/1823/2298 1309/1810/1309
f 1315/1822/1315 254/1824/254 1023/1825/1023 2298/1823/2298
f 2298/1823/2298 1023/1825/1023 253/1814/253 1314/1811/1314
f 1309/1810/1309 2298/1823/2298 1314/1811/1314 382/1785/382
f 384/1809/384 1310/1826/1310 2299/1827/2299 1315/1828/1315
f 1310/1826/1310 385/1807/385 1313/1819/1313 2299/1827/2299
f 2299/1827/2299 1313/1819/1313 252/1821/252 1024/1829/1024
f 1315/1828/1315 2299/1827/2299 1024/1829/1024 254/1824/254
f 387/886/387 1326/1830/1326 2300/1831/2300 1318/887/1318
f 1326/1830/1326 390/1832/390 1324/1833/1324 2300/1831/2300
f 2300/1831/2300 1324/1833/1324 391/892/391 1325/891/1325
f 1318/887/1318 2300/1831/2300 1325/891/1325 386/890/386
f 295/1087/295 1188/1834/1188 2301/1835/2301 1100/1092/1100
f 1188/1834/1188 387/1292/387 1319/1295/1319 2301/1835/2301
f 2301/1835/2301 1319/1295/1319 160/1300/160 1189/1327/1189
f 1100/1092/1100 2301/1835/2301 1189/1327/1189 296/1093/296
f 352/1079/352 1263/1616/1263 2302/1836/2302 1098/1080/1098
f 1263/1616/1263 229/1601/229 1320/1604/1320 2302/1836/2302
f 2302/1836/2302 1320/1604/1320 386/1609/386 1316/1837/1316
f 1098/1080/1098 2302/1836/2302 1316/1837/1316 294/1081/294
f 397/899/397 1338/902/1338 2303/1838/2303 1344/1839/1344
f 1338/902/1338 395/907/395 1331/1840/1331 2303/1838/2303
f 2303/1838/2303 1331/1840/1331 392/905/392 1333/904/1333
f 1344/1839/1344 2303/1838/2303 1333/904/1333 396/1841/396
f 295/908/295 1327/911/1327 2304/1842/2304 1188/909/1188
f 1327/911/1327 389/913/389 1322/1843/1322 2304/1842/2304
f 2304/1842/2304 1322/1843/1322 390/1832/390 1326/1830/1326
f 1188/909/1188 2304/1842/2304 1326/1830/1326 387/886/387
f 386/914/386 1325/917/1325 2305/1844/2305 1316/915/1316
f 1325/917/1325 391/922/391 1323/1845/1323 2305/1844/2305
f 2305/1844/2305 1323/1845/1323 388/920/388 1328/919/1328
f 1316/915/1316 2305/1844/2305 1328/919/1328 294/918/294
f 294/918/294 1328/919/1328 2306/924/2306 1099/923/1099
f 1328/919/1328 388/920/388 1321/925/1321 2306/924/2306
f 2306/924/2306 1321/925/1321 389/913/389 1327/911/1327
f 1099/923/1099 2306/924/2306 1327/911/1327 295/908/295
f 392/905/392 1331/1846/1331 2307/1847/2307 1329/1848/1329
f 1331/1846/1331 395/907/395 1332/1849/1332 2307/1847/2307
f 2307/1847/2307 1332/1849/1332 394/1850/394 1330/1851/1330
f 1329/1848/1329 2307/1847/2307 1330/1851/1330 393/929/393
f 396/1841/396 1333/904/1333 2308/1852/2308 1343/1853/1343
f 1333/904/1333 392/905/392 1329/1848/1329 2308/1852/2308
f 2308/1852/2308 1329/1848/1329 393/929/393 1335/936/1335
f 1343/1853/1343 2308/1852/2308 1335/936/1335 398/935/398
f 399/1854/399 1340/1855/1340 2309/1856/2309 1342/1857/1342
f 1340/1855/1340 394/1850/394 1332/1858/1332 2309/1856/2309
f 2309/1856/2309 1332/1858/1332 395/907/395 1338/942/1338
f 1342/1857/1342 2309/1856/2309 1338/942/1338 397/941/397
f 398/935/398 1335/936/1335 2310/1859/2310 1341/1860/1341
f 1335/936/1335 393/929/393 1330/930/1330 2310/1859/2310
f 2310/1859/2310 1330/930/1330 394/1850/394 1340/1855/1340
f 1341/1860/1341 2310/1859/2310 1340/1855/1340 399/1854/399
f 389/1861/389 1339/1862/1339 2311/1863/2311 1322/1864/1322
f 1339/1862/1339 398/1865/398 1341/954/1341 2311/1863/2311
f 2311/1863/2311 1341/954/1341 399/1866/399 1336/1867/1336
f 1322/1864/1322 2311/1863/2311 1336/1867/1336 390/1868/390
f 390/1832/390 1336/1869/1336 2312/1870/2312 1324/1833/1324
f 1336/1869/1336 399/1854/399 1342/1857/1342 2312/1870/2312
f 2312/1870/2312 1342/1857/1342 397/941/397 1334/957/1334
f 1324/1833/1324 2312/1870/2312 1334/957/1334 391/892/391
f 388/1871/388 1337/965/1337 2313/1872/2313 1321/1873/1321
f 1337/965/1337 396/1874/396 1343/1875/1343 2313/1872/2313
f 2313/1872/2313 1343/1875/1343 398/1865/398 1339/1862/1339
f 1321/1873/1321 2313/1872/2313 1339/1862/1339 389/1861/389
f 391/922/391 1334/964/1334 2314/963/2314 1323/1845/1323
f 1334/964/1334 397/899/397 1344/1839/1344 2314/963/2314
f 2314/963/2314 1344/1839/1344 396/1841/396 1337/1876/1337
f 1323/1845/1323 2314/963/2314 1337/1876/1337 388/920/388
f 174/1505/174 1214/1877/1214 2315/1878/2315 1057/1879/1057
f 1214/1877/1214 311/1115/311 1345/1880/1345 2315/1878/2315
f 2315/1878/2315 1345/1880/1345 351/1397/351 1351/1881/1351
f 1057/1879/1057 2315/1878/2315 1351/1881/1351 271/1882/271
f 301/1883/301 1349/1884/1349 2316/1885/2316 1187/1886/1187
f 1349/1884/1349 400/1887/400 1347/1888/1347 2316/1885/2316
f 2316/1885/2316 1347/1888/1347 401/1889/401 1348/1890/1348
f 1187/1886/1187 2316/1885/2316 1348/1890/1348 351/1397/351
f 166/1405/166 1063/1891/1063 2317/1892/2317 1105/1893/1105
f 1063/1891/1063 274/1894/274 1346/1895/1346 2317/1892/2317
f 2317/1892/2317 1346/1895/1346 400/1887/400 1349/1884/1349
f 1105/1893/1105 2317/1892/2317 1349/1884/1349 301/1883/301
f 274/1894/274 1064/1896/1064 2318/1897/2318 1346/1895/1346
f 1064/1896/1064 275/1898/275 1350/1899/1350 2318/1897/2318
f 2318/1897/2318 1350/1899/1350 401/1889/401 1347/1900/1347
f 1346/1895/1346 2318/1897/2318 1347/1900/1347 400/1887/400
f 407/989/407 1361/1901/1361 2319/1902/2319 1367/1903/1367
f 1361/1901/1361 403/997/403 1355/996/1355 2319/1902/2319
f 2319/1902/2319 1355/996/1355 404/995/404 1356/994/1356
f 1367/1903/1367 2319/1902/2319 1356/994/1356 406/993/406
f 403/997/403 1352/1904/1352 2320/1905/2320 1355/996/1355
f 1352/1904/1352 402/1003/402 1354/1906/1354 2320/1905/2320
f 2320/1905/2320 1354/1906/1354 405/1907/405 1353/1000/1353
f 1355/996/1355 2320/1905/2320 1353/1000/1353 404/995/404
f 408/1004/408 1362/1908/1362 2321/1006/2321 1366/1005/1366
f 1362/1908/1362 402/1003/402 1352/1909/1352 2321/1006/2321
f 2321/1006/2321 1352/1909/1352 403/997/403 1361/1901/1361
f 1366/1005/1366 2321/1006/2321 1361/1901/1361 407/989/407
f 409/1910/409 1363/1012/1363 2322/1911/2322 1365/1010/1365
f 1363/1012/1363 405/1907/405 1354/1912/1354 2322/1911/2322
f 2322/1911/2322 1354/1912/1354 402/1003/402 1362/1908/1362
f 1365/1010/1365 2322/1911/2322 1362/1908/1362 408/1004/408
f 406/1013/406 1356/1016/1356 2323/1015/2323 1364/1913/1364
f 1356/1016/1356 404/995/404 1353/1000/1353 2323/1015/2323
f 2323/1015/2323 1353/1000/1353 405/1907/405 1363/1012/1363
f 1364/1913/1364 2323/1015/2323 1363/1012/1363 409/1910/409
f 271/1018/271 1360/1021/1360 2324/1020/2324 1061/1019/1061
f 1360/1021/1360 406/1013/406 1364/1913/1364 2324/1020/2324
f 2324/1020/2324 1364/1913/1364 409/1910/409 1359/1914/1359
f 1061/1019/1061 2324/1020/2324 1359/1914/1359 275/1022/275
f 275/1022/275 1359/1914/1359 2325/1915/2325 1350/1024/1350
f 1359/1914/1359 409/1910/409 1365/1010/1365 2325/1915/2325
f 2325/1915/2325 1365/1010/1365 408/1004/408 1358/1916/1358
f 1350/1024/1350 2325/1915/2325 1358/1916/1358 401/1026/401
f 401/1026/401 1358/1916/1358 2326/1029/2326 1348/1028/1348
f 1358/1916/1358 408/1004/408 1366/1005/1366 2326/1029/2326
f 2326/1029/2326 1366/1005/1366 407/989/407 1357/1031/1357
f 1348/1028/1348 2326/1029/2326 1357/1031/1357 351/1030/351
f 351/1030/351 1357/1031/1357 2327/1917/2327 1351/1032/1351
f 1357/1031/1357 407/989/407 1367/1903/1367 2327/1917/2327
f 2327/1917/2327 1367/1903/1367 406/993/406 1360/1035/1360
f 1351/1032/1351 2327/1917/2327 1360/1035/1360 271/1034/271
f 368/1253/368 1170/1252/1170 2328/1918/2328 1270/1919/1270
f 1170/1252/1170 339/1251/339 1168/1920/1168 2328/1918/2328
f 2328/1918/2328 1168/1920/1168 337/1921/337 1167/1922/1167
f 1270/1919/1270 2328/1918/2328 1167/1922/1167 367/1923/367
f 343/1632/343 1179/1924/1179 2329/1925/2329 1175/1633/1175
f 1179/1924/1179 345/1373/345 1178/1623/1178 2329/1925/2329
f 2329/1925/2329 1178/1623/1178 371/1274/371 1266/1926/1266
f 1175/1633/1175 2329/1925/2329 1266/1926/1266 370/1270/370
f 373/1287/373 1286/1792/1286 2330/1927/2330 1262/1288/1262
f 1286/1792/1286 374/1791/374 1285/1928/1285 2330/1927/2330
f 2330/1927/2330 1285/1928/1285 375/1929/375 1287/1739/1287
f 1262/1288/1262 2330/1927/2330 1287/1739/1287 350/1289/350
f 337/1930/337 1173/1931/1173 2331/1932/2331 1167/1933/1167
f 1173/1931/1173 410/1634/410 1371/1636/1371 2331/1932/2331
f 2331/1932/2331 1371/1636/1371 412/1259/412 1370/1934/1370
f 1167/1933/1167 2331/1932/2331 1370/1934/1370 367/1459/367
f 342/1586/342 1230/1585/1230 2332/1935/2332 1174/1936/1174
f 1230/1585/1230 198/1584/198 872/1937/872 2332/1935/2332
f 2332/1935/2332 872/1937/872 287/1535/287 1372/1532/1372
f 1174/1936/1174 2332/1935/2332 1372/1532/1372 411/1267/411
f 337/1419/337 1216/1418/1216 2333/1938/2333 1173/1931/1173
f 1216/1418/1216 193/1417/193 871/1939/871 2333/1938/2333
f 2333/1938/2333 871/1939/871 286/1514/286 1373/1511/1373
f 1173/1931/1173 2333/1938/2333 1373/1511/1373 410/1510/410
f 367/1459/367 1370/1934/1370 2334/1940/2334 1256/1460/1256
f 1370/1934/1370 412/1259/412 1374/1262/1374 2334/1940/2334
f 2334/1940/2334 1374/1262/1374 411/1267/411 1369/1941/1369
f 1256/1460/1256 2334/1940/2334 1369/1941/1369 338/1461/338
f 440/100/440 1422/1942/1422 2335/102/2335 1376/101/1376
f 1422/1942/1422 441/1943/441 1415/1944/1415 2335/102/2335
f 2335/102/2335 1415/1944/1415 416/1945/416 1377/1946/1377
f 1376/101/1376 2335/102/2335 1377/1946/1377 414/104/414
f 441/109/441 1378/220/1378 2336/111/2336 1421/1947/1421
f 1378/220/1378 415/117/415 1379/1948/1379 2336/111/2336
f 2336/111/2336 1379/1948/1379 417/1949/417 1416/1950/1416
f 1421/1947/1421 2336/111/2336 1416/1950/1416 442/113/442
f 534/1951/534 1619/1952/1619 2337/1953/2337 1580/1954/1580
f 1619/1952/1619 529/126/529 1381/1955/1381 2337/1953/2337
f 2337/1953/2337 1381/1955/1381 418/124/418 1417/123/1417
f 1580/1954/1580 2337/1953/2337 1417/123/1417 443/122/443
f 443/122/443 1417/123/1417 2338/128/2338 1419/1956/1419
f 1417/123/1417 418/124/418 1382/132/1382 2338/128/2338
f 2338/128/2338 1382/132/1382 419/131/419 1418/1957/1418
f 1419/1956/1419 2338/128/2338 1418/1957/1418 444/129/444
f 444/129/444 1418/1957/1418 2339/1958/2339 1423/1959/1423
f 1418/1957/1418 419/131/419 1383/1960/1383 2339/1958/2339
f 2339/1958/2339 1383/1960/1383 420/1961/420 1407/136/1407
f 1423/1959/1423 2339/1958/2339 1407/136/1407 436/135/436
f 436/135/436 1407/136/1407 2340/1962/2340 1408/139/1408
f 1407/136/1407 420/1961/420 1384/1963/1384 2340/1962/2340
f 2340/1962/2340 1384/1963/1384 421/143/421 1409/1964/1409
f 1408/139/1408 2340/1962/2340 1409/1964/1409 424/1965/424
f 423/145/423 1387/428/1387 2341/1966/2341 1386/1967/1386
f 1387/428/1387 424/1965/424 1409/1964/1409 2341/1966/2341
f 2341/1966/2341 1409/1964/1409 421/1968/421 1385/1969/1385
f 1386/1967/1386 2341/1966/2341 1385/1969/1385 422/1970/422
f 436/1971/436 1408/155/1408 2342/1972/2342 1405/225/1405
f 1408/155/1408 424/1965/424 1406/1973/1406 2342/1972/2342
f 2342/1972/2342 1406/1973/1406 435/1974/435 1392/1975/1392
f 1405/225/1405 2342/1972/2342 1392/1975/1392 429/563/429
f 434/1976/434 1403/1977/1403 2343/1978/2343 1412/1979/1412
f 1403/1977/1403 430/1980/430 1394/1981/1394 2343/1978/2343
f 2343/1978/2343 1394/1981/1394 431/1982/431 1400/1983/1400
f 1412/1979/1412 2343/1978/2343 1400/1983/1400 438/164/438
f 533/169/533 1618/1984/1618 2344/1985/2344 1579/170/1579
f 1618/1984/1618 531/1986/531 1577/1987/1577 2344/1985/2344
f 2344/1985/2344 1577/1987/1577 426/175/426 1380/174/1380
f 1579/170/1579 2344/1985/2344 1380/174/1380 437/1988/437
f 431/1982/431 1395/180/1395 2345/1989/2345 1397/1990/1397
f 1395/180/1395 432/1991/432 1396/747/1396 2345/1989/2345
f 2345/1989/2345 1396/747/1396 530/182/530 1617/1992/1617
f 1397/1990/1397 2345/1989/2345 1617/1992/1617 531/1986/531
f 437/1988/437 1380/174/1380 2346/1993/2346 1410/758/1410
f 1380/174/1380 426/175/426 1389/189/1389 2346/1993/2346
f 2346/1993/2346 1389/189/1389 416/1945/416 1398/1994/1398
f 1410/758/1410 2346/1993/2346 1398/1994/1398 433/1995/433
f 533/169/533 1615/1996/1615 2347/191/2347 1411/190/1411
f 1615/1996/1615 532/1997/532 1401/194/1401 2347/191/2347
f 2347/191/2347 1401/194/1401 434/1998/434 1412/1999/1412
f 1411/190/1411 2347/191/2347 1412/1999/1412 438/164/438
f 434/1998/434 1402/2000/1402 2348/2001/2348 1403/2002/1403
f 1402/2000/1402 443/122/443 1419/1956/1419 2348/2001/2348
f 2348/2001/2348 1419/1956/1419 444/129/444 1404/2003/1404
f 1403/2002/1403 2348/2001/2348 1404/2003/1404 430/1980/430
f 532/199/532 1614/202/1614 2349/2004/2349 1401/200/1401
f 1614/202/1614 534/207/534 1580/206/1580 2349/2004/2349
f 2349/2004/2349 1580/206/1580 443/205/443 1402/204/1402
f 1401/200/1401 2349/2004/2349 1402/204/1402 434/203/434
f 416/1945/416 1415/210/1415 2350/2005/2350 1398/208/1398
f 1415/210/1415 441/108/441 1421/2006/1421 2350/2005/2350
f 2350/2005/2350 1421/2006/1421 442/2007/442 1399/2008/1399
f 1398/208/1398 2350/2005/2350 1399/2008/1399 433/2009/433
f 413/216/413 1375/2010/1375 2351/2011/2351 1414/217/1414
f 1375/2010/1375 415/2012/415 1378/2013/1378 2351/2011/2351
f 2351/2011/2351 1378/2013/1378 441/1943/441 1422/1942/1422
f 1414/217/1414 2351/2011/2351 1422/1942/1422 440/100/440
f 430/1980/430 1404/2003/1404 2352/2014/2352 1393/2015/1393
f 1404/2003/1404 444/129/444 1423/1959/1423 2352/2014/2352
f 2352/2014/2352 1423/1959/1423 436/135/436 1405/2016/1405
f 1393/2015/1393 2352/2014/2352 1405/2016/1405 429/2017/429
f 428/2018/428 1552/2019/1552 2353/2020/2353 1391/2021/1391
f 1552/2019/1552 491/2022/491 1484/2023/1484 2353/2020/2353
f 2353/2020/2353 1484/2023/1484 490/764/490 1549/231/1549
f 1391/2021/1391 2353/2020/2353 1549/231/1549 427/2024/427
f 439/250/439 1544/2025/1544 2354/2026/2354 1426/2027/1426
f 1544/2025/1544 497/243/497 1491/242/1491 2354/2026/2354
f 2354/2026/2354 1491/242/1491 500/241/500 1555/2028/1555
f 1426/2027/1426 2354/2026/2354 1555/2028/1555 446/248/446
f 536/529/536 1613/2029/1613 2355/2030/2355 1425/2031/1425
f 1613/2029/1613 535/531/535 1424/2032/1424 2355/2030/2355
f 2355/2030/2355 1424/2032/1424 439/2033/439 1426/2034/1426
f 1425/2031/1425 2355/2030/2355 1426/2034/1426 446/248/446
f 446/253/446 1429/256/1429 2356/2035/2356 1425/254/1425
f 1429/256/1429 448/2036/448 1428/2037/1428 2356/2035/2356
f 2356/2035/2356 1428/2037/1428 537/2038/537 1612/2039/1612
f 1425/254/1425 2356/2035/2356 1612/2039/1612 536/244/536
f 448/2036/448 1432/357/1432 2357/2040/2357 1428/2037/1428
f 1432/357/1432 450/267/450 1431/2041/1431 2357/2040/2357
f 2357/2040/2357 1431/2041/1431 538/265/538 1611/2042/1611
f 1428/2037/1428 2357/2040/2357 1611/2042/1611 537/2038/537
f 450/267/450 1435/2043/1435 2358/2044/2358 1431/2041/1431
f 1435/2043/1435 452/2045/452 1434/2046/1434 2358/2044/2358
f 2358/2044/2358 1434/2046/1434 539/271/539 1610/2047/1610
f 1431/2041/1431 2358/2044/2358 1610/2047/1610 538/265/538
f 452/2045/452 1438/275/1438 2359/274/2359 1434/2046/1434
f 1438/275/1438 454/279/454 1437/2048/1437 2359/274/2359
f 2359/274/2359 1437/2048/1437 540/506/540 1609/2049/1609
f 1434/2046/1434 2359/274/2359 1609/2049/1609 539/271/539
f 454/279/454 1441/2050/1441 2360/2051/2360 1437/2048/1437
f 1441/2050/1441 456/285/456 1440/284/1440 2360/2051/2360
f 2360/2051/2360 1440/284/1440 541/283/541 1608/2052/1608
f 1437/2048/1437 2360/2051/2360 1608/2052/1608 540/506/540
f 456/285/456 1444/2053/1444 2361/2054/2361 1440/284/1440
f 1444/2053/1444 458/2055/458 1443/2056/1443 2361/2054/2361
f 2361/2054/2361 1443/2056/1443 542/2057/542 1607/2058/1607
f 1440/284/1440 2361/2054/2361 1607/2058/1607 541/283/541
f 543/292/543 1447/2059/1447 2362/2060/2362 1604/545/1604
f 1447/2059/1447 459/300/459 1454/299/1454 2362/2060/2362
f 2362/2060/2362 1454/299/1454 463/2061/463 1453/297/1453
f 1604/545/1604 2362/2060/2362 1453/297/1453 545/2062/545
f 458/2055/458 1448/2063/1448 2363/2064/2363 1443/2056/1443
f 1448/2063/1448 459/2065/459 1447/2066/1447 2363/2064/2363
f 2363/2064/2363 1447/2066/1447 543/304/543 1606/408/1606
f 1443/2056/1443 2363/2064/2363 1606/408/1606 542/2057/542
f 610/2067/610 1603/2068/1603 2364/2069/2364 1731/2070/1731
f 1603/2068/1603 546/315/546 1592/2071/1592 2364/2069/2364
f 2364/2069/2364 1592/2071/1592 466/313/466 1457/2072/1457
f 1731/2070/1731 2364/2069/2364 1457/2072/1457 607/2073/607
f 546/315/546 1602/317/1602 2365/2074/2365 1592/2071/1592
f 1602/317/1602 547/321/547 1593/320/1593 2365/2074/2365
f 2365/2074/2365 1593/320/1593 468/2075/468 1460/318/1460
f 1592/2071/1592 2365/2074/2365 1460/318/1460 466/313/466
f 548/322/548 1600/325/1600 2366/324/2366 1594/323/1594
f 1600/325/1600 549/330/549 1595/329/1595 2366/324/2366
f 2366/324/2366 1595/329/1595 472/2076/472 1466/2077/1466
f 1594/323/1594 2366/324/2366 1466/2077/1466 470/379/470
f 549/2078/549 1599/2079/1599 2367/2080/2367 1595/2081/1595
f 1599/2079/1599 550/2082/550 1596/337/1596 2367/2080/2367
f 2367/2080/2367 1596/337/1596 474/336/474 1469/2083/1469
f 1595/2081/1595 2367/2080/2367 1469/2083/1469 472/2084/472
f 578/339/578 1666/342/1666 2368/2085/2368 1668/2086/1668
f 1666/342/1666 481/347/481 1671/346/1671 2368/2085/2368
f 2368/2085/2368 1671/346/1671 580/345/580 1476/344/1476
f 1668/2086/1668 2368/2085/2368 1476/344/1476 482/343/482
f 458/291/458 1541/2087/1541 2369/2088/2369 1448/349/1448
f 1541/2087/1541 512/355/512 1506/354/1506 2369/2088/2369
f 2369/2088/2369 1506/354/1506 513/353/513 1532/2089/1532
f 1448/349/1448 2369/2088/2369 1532/2089/1532 459/300/459
f 448/2090/448 1567/2091/1567 2370/358/2370 1432/2092/1432
f 1567/2091/1567 502/364/502 1495/363/1495 2370/358/2370
f 2370/358/2370 1495/363/1495 504/362/504 1530/2093/1530
f 1432/2092/1432 2370/358/2370 1530/2093/1530 450/2094/450
f 468/365/468 1463/2095/1463 2371/367/2371 1572/641/1572
f 1463/2095/1463 470/437/470 1527/2096/1527 2371/367/2371
f 2371/367/2371 1527/2096/1527 524/371/524 1516/370/1516
f 1572/641/1572 2371/367/2371 1516/370/1516 522/369/522
f 420/1961/420 1522/2097/1522 2372/2098/2372 1384/1963/1384
f 1522/2097/1522 482/343/482 1477/377/1477 2372/2098/2372
f 2372/2098/2372 1477/377/1477 483/376/483 1526/2099/1526
f 1384/1963/1384 2372/2098/2372 1526/2099/1526 421/143/421
f 468/2075/468 1593/2100/1593 2373/2101/2373 1463/2102/1463
f 1593/2100/1593 547/321/547 1601/2103/1601 2373/2101/2373
f 2373/2101/2373 1601/2103/1601 548/322/548 1594/2104/1594
f 1463/2102/1463 2373/2101/2373 1594/2104/1594 470/379/470
f 421/143/421 1526/2099/1526 2374/2105/2374 1385/2106/1385
f 1526/2099/1526 483/376/483 1478/387/1478 2374/2105/2374
f 2374/2105/2374 1478/387/1478 484/386/484 1528/385/1528
f 1385/2106/1385 2374/2105/2374 1528/385/1528 422/1970/422
f 451/2107/451 1542/2108/1542 2375/2109/2375 1436/2110/1436
f 1542/2108/1542 505/396/505 1498/2111/1498 2375/2109/2375
f 2375/2109/2375 1498/2111/1498 503/2112/503 1524/2113/1524
f 1436/2110/1436 2375/2109/2375 1524/2113/1524 449/392/449
f 422/1970/422 1528/385/1528 2376/2114/2376 1386/2115/1386
f 1528/385/1528 484/386/484 1479/401/1479 2376/2114/2376
f 2376/2114/2376 1479/401/1479 485/400/485 1531/2116/1531
f 1386/2115/1386 2376/2114/2376 1531/2116/1531 423/145/423
f 457/402/457 1588/2117/1588 2377/2118/2377 1446/2119/1446
f 1588/2117/1588 542/289/542 1606/2120/1606 2377/2118/2377
f 2377/2118/2377 1606/2120/1606 543/292/543 1589/2121/1589
f 1446/2119/1446 2377/2118/2377 1589/2121/1589 460/546/460
f 449/2122/449 1584/2123/1584 2378/2124/2378 1436/411/1436
f 1584/2123/1584 538/2125/538 1610/2047/1610 2378/2124/2378
f 2378/2124/2378 1610/2047/1610 539/2126/539 1585/2127/1585
f 1436/411/1436 2378/2124/2378 1585/2127/1585 451/2107/451
f 469/2128/469 1525/422/1525 2379/421/2379 1465/2129/1465
f 1525/422/1525 523/427/523 1517/426/1517 2379/421/2379
f 2379/421/2379 1517/426/1517 525/425/525 1533/424/1533
f 1465/2129/1465 2379/421/2379 1533/424/1533 471/2130/471
f 423/145/423 1531/2116/1531 2380/2131/2380 1387/428/1387
f 1531/2116/1531 485/400/485 1480/432/1480 2380/2131/2380
f 2380/2131/2380 1480/432/1480 486/431/486 1534/2132/1534
f 1387/428/1387 2380/2131/2380 1534/2132/1534 424/1965/424
f 472/2076/472 1535/2133/1535 2381/2134/2381 1466/434/1466
f 1535/2133/1535 526/440/526 1518/439/1518 2381/2134/2381
f 2381/2134/2381 1518/439/1518 524/371/524 1527/2135/1527
f 1466/434/1466 2381/2134/2381 1527/2135/1527 470/326/470
f 425/441/425 1481/973/1481 2382/2136/2382 1536/2137/1536
f 1481/973/1481 487/448/487 1696/2138/1696 2382/2136/2382
f 2382/2136/2382 1696/2138/1696 435/2139/435 1406/1973/1406
f 1536/2137/1536 2382/2136/2382 1406/1973/1406 424/1965/424
f 425/441/425 1536/2140/1536 2383/2141/2383 1388/2142/1388
f 1536/2140/1536 424/1965/424 1534/455/1534 2383/2141/2383
f 2383/2141/2383 1534/455/1534 486/431/486 1540/454/1540
f 1388/2142/1388 2383/2141/2383 1540/454/1540 488/453/488
f 471/2130/471 1533/424/1533 2384/457/2384 1468/2143/1468
f 1533/424/1533 525/425/525 1519/461/1519 2384/457/2384
f 2384/457/2384 1519/461/1519 527/460/527 1538/459/1538
f 1468/2143/1468 2384/457/2384 1538/459/1538 473/458/473
f 463/462/463 1554/2144/1554 2385/2145/2385 1451/463/1451
f 1554/2144/1554 517/470/517 1508/469/1508 2385/2145/2385
f 2385/2145/2385 1508/469/1508 515/468/515 1550/467/1550
f 1451/463/1451 2385/2145/2385 1550/467/1550 461/2146/461
f 445/2147/445 1556/2148/1556 2386/473/2386 1427/2149/1427
f 1556/2148/1556 499/2150/499 1492/2151/1492 2386/473/2386
f 2386/473/2386 1492/2151/1492 491/2022/491 1552/2019/1552
f 1427/2149/1427 2386/473/2386 1552/2019/1552 428/2018/428
f 474/2152/474 1539/2153/1539 2387/2154/2387 1469/477/1469
f 1539/2153/1539 528/481/528 1520/480/1520 2387/2154/2387
f 2387/2154/2387 1520/480/1520 526/440/526 1535/2133/1535
f 1469/477/1469 2387/2154/2387 1535/2133/1535 472/2076/472
f 426/175/426 1545/483/1545 2388/2155/2388 1389/189/1389
f 1545/483/1545 489/487/489 1482/2156/1482 2388/2155/2388
f 2388/2155/2388 1482/2156/1482 478/2157/478 1546/2158/1546
f 1389/189/1389 2388/2155/2388 1546/2158/1546 416/1945/416
f 453/504/453 1553/2159/1553 2389/2160/2389 1439/489/1439
f 1553/2159/1553 507/2161/507 1500/2162/1500 2389/2160/2389
f 2389/2160/2389 1500/2162/1500 505/396/505 1542/2108/1542
f 1439/489/1439 2389/2160/2389 1542/2108/1542 451/2107/451
f 431/1982/431 1568/2163/1568 2390/2164/2390 1395/2165/1395
f 1568/2163/1568 494/501/494 1488/500/1488 2390/2164/2390
f 2390/2164/2390 1488/500/1488 495/499/495 1571/2166/1571
f 1395/2165/1395 2390/2164/2390 1571/2166/1571 432/497/432
f 451/2107/451 1585/2127/1585 2391/2167/2391 1439/2168/1439
f 1585/2127/1585 539/2126/539 1609/276/1609 2391/2167/2391
f 2391/2167/2391 1609/276/1609 540/2169/540 1586/2170/1586
f 1439/2168/1439 2391/2167/2391 1586/2170/1586 453/488/453
f 545/2062/545 1605/2171/1605 2392/2172/2392 1591/2173/1591
f 1605/2171/1605 544/2174/544 1590/2175/1590 2392/2172/2392
f 2392/2172/2392 1590/2175/1590 462/2176/462 1449/2177/1449
f 1591/2173/1591 2392/2172/2392 1449/2177/1449 464/2178/464
f 432/497/432 1571/2166/1571 2393/2179/2393 1413/2180/1413
f 1571/2166/1571 495/499/495 1489/519/1489 2393/2179/2393
f 2393/2179/2393 1489/519/1489 497/243/497 1544/2025/1544
f 1413/2180/1413 2393/2179/2393 1544/2025/1544 439/250/439
f 459/300/459 1532/2089/1532 2394/521/2394 1454/2181/1454
f 1532/2089/1532 513/353/513 1510/522/1510 2394/521/2394
f 2394/521/2394 1510/522/1510 517/470/517 1554/2144/1554
f 1454/2181/1454 2394/521/2394 1554/2144/1554 463/462/463
f 428/2182/428 1581/2183/1581 2395/2184/2395 1427/2185/1427
f 1581/2183/1581 535/252/535 1613/530/1613 2395/2184/2395
f 2395/2184/2395 1613/530/1613 536/257/536 1582/2186/1582
f 1427/2185/1427 2395/2184/2395 1582/2186/1582 445/471/445
f 455/532/455 1562/2187/1562 2396/2188/2396 1442/2189/1442
f 1562/2187/1562 509/537/509 1502/1483/1502 2396/2188/2396
f 2396/2188/2396 1502/1483/1502 507/2161/507 1553/2159/1553
f 1442/2189/1442 2396/2188/2396 1553/2159/1553 453/504/453
f 453/488/453 1586/2170/1586 2397/2190/2397 1442/538/1442
f 1586/2170/1586 540/2169/540 1608/2191/1608 2397/2190/2397
f 2397/2190/2397 1608/2191/1608 541/283/541 1587/2192/1587
f 1442/538/1442 2397/2190/2397 1587/2192/1587 455/540/455
f 543/304/543 1604/2193/1604 2398/544/2398 1589/2194/1589
f 1604/2193/1604 545/2062/545 1591/2173/1591 2398/544/2398
f 2398/544/2398 1591/2173/1591 464/2178/464 1452/2195/1452
f 1589/2194/1589 2398/544/2398 1452/2195/1452 460/406/460
f 447/2196/447 1569/2197/1569 2399/550/2399 1430/2198/1430
f 1569/2197/1569 501/1497/501 1494/552/1494 2399/550/2399
f 2399/550/2399 1494/552/1494 499/2150/499 1556/2148/1556
f 1430/2198/1430 2399/550/2399 1556/2148/1556 445/2147/445
f 445/471/445 1582/2186/1582 2400/2199/2400 1430/2198/1430
f 1582/2186/1582 536/257/536 1612/2200/1612 2400/2199/2400
f 2400/2199/2400 1612/2200/1612 537/2201/537 1583/2202/1583
f 1430/2198/1430 2400/2199/2400 1583/2202/1583 447/556/447
f 435/2139/435 1548/2203/1548 2401/2204/2401 1392/560/1392
f 1548/2203/1548 496/567/496 1485/566/1485 2401/2204/2401
f 2401/2204/2401 1485/566/1485 492/565/492 1558/2205/1558
f 1392/560/1392 2401/2204/2401 1558/2205/1558 429/2206/429
f 606/2207/606 1730/2208/1730 2402/2209/2402 1723/2210/1723
f 1730/2208/1730 608/576/608 1725/575/1725 2402/2209/2402
f 2402/2209/2402 1725/575/1725 519/574/519 1559/573/1559
f 1723/2210/1723 2402/2209/2402 1559/573/1559 465/690/465
f 413/216/413 1560/578/1560 2403/2211/2403 1375/219/1375
f 1560/578/1560 475/583/475 1470/582/1470 2403/2211/2403
f 2403/2211/2403 1470/582/1470 477/581/477 1561/2212/1561
f 1375/219/1375 2403/2211/2403 1561/2212/1561 415/2213/415
f 429/2206/429 1558/2205/1558 2404/2214/2404 1393/2215/1393
f 1558/2205/1558 492/565/492 1486/588/1486 2404/2214/2404
f 2404/2214/2404 1486/588/1486 493/587/493 1563/586/1563
f 1393/2215/1393 2404/2214/2404 1563/586/1563 430/1980/430
f 607/2216/607 1729/592/1729 2405/2217/2405 1724/1057/1724
f 1729/592/1729 609/597/609 1726/596/1726 2405/2217/2405
f 2405/2217/2405 1726/596/1726 516/595/516 1543/2218/1543
f 1724/1057/1724 2405/2217/2405 1543/2218/1543 462/593/462
f 414/104/414 1565/600/1565 2406/599/2406 1376/598/1376
f 1565/600/1565 476/2219/476 1471/1544/1471 2406/599/2406
f 2406/599/2406 1471/1544/1471 498/2220/498 1566/2221/1566
f 1376/598/1376 2406/599/2406 1566/2221/1566 440/601/440
f 430/1980/430 1563/586/1563 2407/2222/2407 1394/1981/1394
f 1563/586/1563 493/587/493 1487/607/1487 2407/2222/2407
f 2407/2222/2407 1487/607/1487 494/501/494 1568/2163/1568
f 1394/1981/1394 2407/2222/2407 1568/2163/1568 431/1982/431
f 416/1945/416 1546/2158/1546 2408/2223/2408 1377/105/1377
f 1546/2158/1546 478/2157/478 1472/1550/1472 2408/2223/2408
f 2408/2223/2408 1472/1550/1472 476/2219/476 1565/600/1565
f 1377/105/1377 2408/2223/2408 1565/600/1565 414/104/414
f 457/610/457 1523/613/1523 2409/2224/2409 1445/2225/1445
f 1523/613/1523 511/615/511 1504/1554/1504 2409/2224/2409
f 2409/2224/2409 1504/1554/1504 509/537/509 1562/2187/1562
f 1445/2225/1445 2409/2224/2409 1562/2187/1562 455/532/455
f 426/175/426 1577/2226/1577 2410/2227/2410 1390/760/1390
f 1577/2226/1577 531/177/531 1617/181/1617 2410/2227/2410
f 2410/2227/2410 1617/181/1617 530/621/530 1576/2228/1576
f 1390/760/1390 2410/2227/2410 1576/2228/1576 427/2229/427
f 465/690/465 1559/573/1559 2411/2230/2411 1459/2231/1459
f 1559/573/1559 519/574/519 1513/628/1513 2411/2230/2411
f 2411/2230/2411 1513/628/1513 521/627/521 1570/2232/1570
f 1459/2231/1459 2411/2230/2411 1570/2232/1570 467/2233/467
f 455/540/455 1587/2192/1587 2412/2234/2412 1445/2225/1445
f 1587/2192/1587 541/283/541 1607/288/1607 2412/2234/2412
f 2412/2234/2412 1607/288/1607 542/289/542 1588/2117/1588
f 1445/2225/1445 2412/2234/2412 1588/2117/1588 457/402/457
f 428/2235/428 1391/635/1391 2413/634/2413 1581/2236/1581
f 1391/635/1391 427/2229/427 1576/620/1576 2413/634/2413
f 2413/634/2413 1576/620/1576 530/637/530 1616/636/1616
f 1581/2236/1581 2413/634/2413 1616/636/1616 535/531/535
f 468/2237/468 1572/366/1572 2414/640/2414 1460/2238/1460
f 1572/366/1572 522/369/522 1514/645/1514 2414/640/2414
f 2414/640/2414 1514/645/1514 520/644/520 1564/2239/1564
f 1460/2238/1460 2414/640/2414 1564/2239/1564 466/2240/466
f 415/2213/415 1561/2212/1561 2415/2241/2415 1379/2242/1379
f 1561/2212/1561 477/581/477 1473/651/1473 2415/2241/2415
f 2415/2241/2415 1473/651/1473 479/650/479 1573/2243/1573
f 1379/2242/1379 2415/2241/2415 1573/2243/1573 417/648/417
f 447/556/447 1583/2202/1583 2416/653/2416 1433/2244/1433
f 1583/2202/1583 537/2201/537 1611/2245/1611 2416/653/2416
f 2416/653/2416 1611/2245/1611 538/2125/538 1584/2123/1584
f 1433/2244/1433 2416/653/2416 1584/2123/1584 449/2122/449
f 440/601/440 1566/2221/1566 2417/655/2417 1414/654/1414
f 1566/2221/1566 498/2220/498 1490/2246/1490 2417/655/2417
f 2417/655/2417 1490/2246/1490 475/658/475 1560/657/1560
f 1414/654/1414 2417/655/2417 1560/657/1560 413/656/413
f 551/660/551 1670/663/1670 2418/2247/2418 1669/2248/1669
f 1670/663/1670 579/668/579 1474/667/1474 2418/2247/2418
f 2418/2247/2418 1474/667/1474 480/666/480 1574/665/1574
f 1669/2248/1669 2418/2247/2418 1574/665/1574 577/664/577
f 577/664/577 1574/665/1574 2419/670/2419 1667/669/1667
f 1574/665/1574 480/666/480 1475/671/1475 2419/670/2419
f 2419/670/2419 1475/671/1475 481/347/481 1666/342/1666
f 1667/669/1667 2419/670/2419 1666/342/1666 578/339/578
f 417/648/417 1573/2243/1573 2420/2249/2420 1575/2250/1575
f 1573/2243/1573 479/650/479 1597/675/1597 2420/2249/2420
f 2420/2249/2420 1597/675/1597 551/660/551 1598/2251/1598
f 1575/2250/1575 2420/2249/2420 1598/2251/1598 529/126/529
f 471/676/471 1468/2252/1468 2421/2253/2421 1464/2254/1464
f 1468/2252/1468 473/458/473 1467/679/1467 2421/2253/2421
f 2421/2253/2421 1467/679/1467 550/2082/550 1599/2079/1599
f 1464/2254/1464 2421/2253/2421 1599/2079/1599 549/2078/549
f 469/2255/469 1465/684/1465 2422/2256/2422 1461/2257/1461
f 1465/684/1465 471/686/471 1464/685/1464 2422/2256/2422
f 2422/2256/2422 1464/685/1464 549/330/549 1600/325/1600
f 1461/2257/1461 2422/2256/2422 1600/325/1600 548/322/548
f 467/2233/467 1570/2232/1570 2423/688/2423 1462/2258/1462
f 1570/2232/1570 521/627/521 1515/689/1515 2423/688/2423
f 2423/688/2423 1515/689/1515 523/427/523 1525/422/1525
f 1462/2258/1462 2423/688/2423 1525/422/1525 469/2128/469
f 465/2259/465 1459/2231/1459 2424/2260/2424 1455/691/1455
f 1459/2231/1459 467/2261/467 1458/2262/1458 2424/2260/2424
f 2424/2260/2424 1458/2262/1458 547/321/547 1602/317/1602
f 1455/691/1455 2424/2260/2424 1602/317/1602 546/315/546
f 606/696/606 1723/569/1723 2425/2263/2425 1728/697/1728
f 1723/569/1723 465/2259/465 1455/691/1455 2425/2263/2425
f 2425/2263/2425 1455/691/1455 546/315/546 1603/2068/1603
f 1728/697/1728 2425/2263/2425 1603/2068/1603 610/2067/610
f 464/2264/464 1547/2265/1547 2426/2266/2426 1452/2267/1452
f 1547/2265/1547 518/707/518 1509/706/1509 2426/2266/2426
f 2426/2266/2426 1509/706/1509 514/705/514 1529/2268/1529
f 1452/2267/1452 2426/2266/2426 1529/2268/1529 460/2269/460
f 462/593/462 1543/2218/1543 2427/2270/2427 1449/2271/1449
f 1543/2218/1543 516/595/516 1507/709/1507 2427/2270/2427
f 2427/2270/2427 1507/709/1507 518/707/518 1547/2265/1547
f 1449/2271/1449 2427/2270/2427 1547/2265/1547 464/2264/464
f 460/2269/460 1529/2268/1529 2428/2272/2428 1446/2273/1446
f 1529/2268/1529 514/705/514 1505/1648/1505 2428/2272/2428
f 2428/2272/2428 1505/1648/1505 511/615/511 1523/2274/1523
f 1446/2273/1446 2428/2272/2428 1523/2274/1523 457/2275/457
f 456/2276/456 1557/2277/1557 2429/2278/2429 1444/2279/1444
f 1557/2277/1557 510/720/510 1503/719/1503 2429/2278/2429
f 2429/2278/2429 1503/719/1503 512/355/512 1541/2087/1541
f 1444/2279/1444 2429/2278/2429 1541/2087/1541 458/291/458
f 454/721/454 1551/2280/1551 2430/2281/2430 1441/2282/1441
f 1551/2280/1551 508/726/508 1501/725/1501 2430/2281/2430
f 2430/2281/2430 1501/725/1501 510/720/510 1557/2277/1557
f 1441/2282/1441 2430/2281/2430 1557/2277/1557 456/2276/456
f 452/2283/452 1537/730/1537 2431/2284/2431 1438/2285/1438
f 1537/730/1537 506/732/506 1499/731/1499 2431/2284/2431
f 2431/2284/2431 1499/731/1499 508/726/508 1551/2280/1551
f 1438/2285/1438 2431/2284/2431 1551/2280/1551 454/721/454
f 450/2094/450 1530/2093/1530 2432/2286/2432 1435/733/1435
f 1530/2093/1530 504/362/504 1497/735/1497 2432/2286/2432
f 2432/2286/2432 1497/735/1497 506/732/506 1537/730/1537
f 1435/733/1435 2432/2286/2432 1537/730/1537 452/2283/452
f 447/2287/447 1433/2244/1433 2433/2288/2433 1569/2289/1569
f 1433/2244/1433 449/392/449 1524/2290/1524 2433/2288/2433
f 2433/2288/2433 1524/2290/1524 503/2112/503 1496/740/1496
f 1569/2289/1569 2433/2288/2433 1496/740/1496 501/739/501
f 446/248/446 1555/2028/1555 2434/2291/2434 1429/2292/1429
f 1555/2028/1555 500/241/500 1493/745/1493 2434/2291/2434
f 2434/2291/2434 1493/745/1493 502/364/502 1567/2091/1567
f 1429/2292/1429 2434/2291/2434 1567/2091/1567 448/2090/448
f 432/2293/432 1413/2294/1413 2435/2295/2435 1396/2296/1396
f 1413/2294/1413 439/2297/439 1424/2298/1424 2435/2295/2435
f 2435/2295/2435 1424/2298/1424 535/531/535 1616/2299/1616
f 1396/2296/1396 2435/2295/2435 1616/2299/1616 530/2300/530
f 433/187/433 1399/2301/1399 2436/2302/2436 1578/753/1578
f 1399/2301/1399 442/113/442 1420/2303/1420 2436/2302/2436
f 2436/2302/2436 1420/2303/1420 534/207/534 1614/202/1614
f 1578/753/1578 2436/2302/2436 1614/202/1614 532/199/532
f 437/1988/437 1410/2304/1410 2437/757/2437 1579/2305/1579
f 1410/2304/1410 433/2009/433 1578/2306/1578 2437/757/2437
f 2437/757/2437 1578/2306/1578 532/1997/532 1615/1996/1615
f 1579/2305/1579 2437/757/2437 1615/1996/1615 533/169/533
f 427/2024/427 1549/2307/1549 2438/2308/2438 1390/2309/1390
f 1549/2307/1549 490/2310/490 1483/2311/1483 2438/2308/2438
f 2438/2308/2438 1483/2311/1483 489/487/489 1545/483/1545
f 1390/2309/1390 2438/2308/2438 1545/483/1545 426/175/426
f 438/164/438 1400/1983/1400 2439/2312/2439 1411/2313/1411
f 1400/1983/1400 431/1982/431 1397/1990/1397 2439/2312/2439
f 2439/2312/2439 1397/1990/1397 531/1986/531 1618/1984/1618
f 1411/2313/1411 2439/2312/2439 1618/1984/1618 533/169/533
f 442/113/442 1416/1950/1416 2440/2314/2440 1420/2303/1420
f 1416/1950/1416 417/1949/417 1575/672/1575 2440/2314/2440
f 2440/2314/2440 1575/672/1575 529/126/529 1619/2315/1619
f 1420/2303/1420 2440/2314/2440 1619/2315/1619 534/207/534
f 559/2316/559 1630/2317/1630 2441/2318/2441 1631/2319/1631
f 1630/2317/1630 558/2320/558 1629/2321/1629 2441/2318/2441
f 2441/2318/2441 1629/2321/1629 557/2322/557 1627/2323/1627
f 1631/2319/1631 2441/2318/2441 1627/2323/1627 556/2324/556
f 554/780/554 1624/783/1624 2442/2325/2442 1628/2326/1628
f 1624/783/1624 555/787/555 1626/2327/1626 2442/2325/2442
f 2442/2325/2442 1626/2327/1626 556/775/556 1627/776/1627
f 1628/2326/1628 2442/2325/2442 1627/776/1627 557/2322/557
f 552/828/552 1625/2328/1625 2443/2329/2443 1620/2330/1620
f 1625/2328/1625 555/787/555 1624/795/1624 2443/2329/2443
f 2443/2329/2443 1624/795/1624 554/805/554 1623/2331/1623
f 1620/2330/1620 2443/2329/2443 1623/2331/1623 553/2332/553
f 553/796/553 1632/2333/1632 2444/2334/2444 1622/2335/1622
f 1632/2333/1632 560/801/560 1639/800/1639 2444/2334/2444
f 2444/2334/2444 1639/800/1639 528/481/528 1539/2153/1539
f 1622/2335/1622 2444/2334/2444 1539/2153/1539 474/2152/474
f 557/2322/557 1634/2336/1634 2445/803/2445 1628/802/1628
f 1634/2336/1634 562/809/562 1637/808/1637 2445/803/2445
f 2445/803/2445 1637/808/1637 561/807/561 1633/2337/1633
f 1628/802/1628 2445/803/2445 1633/2337/1633 554/2338/554
f 558/2320/558 1635/2339/1635 2446/2340/2446 1629/2321/1629
f 1635/2339/1635 563/813/563 1636/812/1636 2446/2340/2446
f 2446/2340/2446 1636/812/1636 562/809/562 1634/2336/1634
f 1629/2321/1629 2446/2340/2446 1634/2336/1634 557/2322/557
f 559/2316/559 1647/2341/1647 2447/814/2447 1630/774/1630
f 1647/2341/1647 568/817/568 1648/816/1648 2447/814/2447
f 2447/814/2447 1648/816/1648 563/813/563 1635/2339/1635
f 1630/774/1630 2447/814/2447 1635/2339/1635 558/2320/558
f 559/2316/559 1631/2319/1631 2448/2342/2448 1647/2341/1647
f 1631/2319/1631 556/2324/556 1640/2343/1640 2448/2342/2448
f 2448/2342/2448 1640/2343/1640 564/820/564 1649/819/1649
f 1647/2341/1647 2448/2342/2448 1649/819/1649 568/817/568
f 555/787/555 1641/825/1641 2449/824/2449 1626/2344/1626
f 1641/825/1641 565/827/565 1646/826/1646 2449/824/2449
f 2449/824/2449 1646/826/1646 564/820/564 1640/2345/1640
f 1626/2344/1626 2449/824/2449 1640/2345/1640 556/2346/556
f 552/845/552 1642/2347/1642 2450/2348/2450 1625/829/1625
f 1642/2347/1642 566/833/566 1645/832/1645 2450/2348/2450
f 2450/2348/2450 1645/832/1645 565/827/565 1641/825/1641
f 1625/829/1625 2450/2348/2450 1641/825/1641 555/787/555
f 550/2082/550 1467/2349/1467 2451/835/2451 1650/2350/1650
f 1467/2349/1467 473/458/473 1652/2351/1652 2451/835/2451
f 2451/835/2451 1652/2351/1652 570/850/570 1651/837/1651
f 1650/2350/1650 2451/835/2451 1651/837/1651 569/866/569
f 567/840/567 1644/843/1644 2452/2352/2452 1643/841/1643
f 1644/843/1644 566/833/566 1642/831/1642 2452/2352/2452
f 2452/2352/2452 1642/831/1642 552/828/552 1621/2353/1621
f 1643/841/1643 2452/2352/2452 1621/2353/1621 550/2082/550
f 554/2338/554 1633/2337/1633 2453/2354/2453 1623/793/1623
f 1633/2337/1633 561/807/561 1638/849/1638 2453/2354/2453
f 2453/2354/2453 1638/849/1638 560/801/560 1632/2333/1632
f 1623/793/1623 2453/2354/2453 1632/2333/1632 553/796/553
f 570/850/570 1652/2351/1652 2454/2355/2454 1656/2356/1656
f 1652/2351/1652 473/458/473 1538/856/1538 2454/2355/2454
f 2454/2355/2454 1538/856/1538 527/460/527 1657/855/1657
f 1656/2356/1656 2454/2355/2454 1657/855/1657 573/854/573
f 570/2357/570 1655/860/1655 2455/859/2455 1651/2358/1651
f 1655/860/1655 572/2359/572 1654/2360/1654 2455/859/2455
f 2455/859/2455 1654/2360/1654 571/2361/571 1653/2362/1653
f 1651/2358/1651 2455/859/2455 1653/2362/1653 569/2363/569
f 569/2364/569 1660/2365/1660 2456/2366/2456 1650/2367/1650
f 1660/2365/1660 575/872/575 1661/871/1661 2456/2366/2456
f 2456/2366/2456 1661/871/1661 567/840/567 1643/841/1643
f 1650/2367/1650 2456/2366/2456 1643/841/1643 550/2082/550
f 572/2359/572 1655/2368/1655 2457/2369/2457 1658/2370/1658
f 1655/2368/1655 570/850/570 1656/2356/1656 2457/2369/2457
f 2457/2369/2457 1656/2356/1656 573/854/573 1659/876/1659
f 1658/2370/1658 2457/2369/2457 1659/876/1659 574/875/574
f 571/2361/571 1662/2371/1662 2458/2372/2458 1653/2373/1653
f 1662/2371/1662 576/881/576 1663/880/1663 2458/2372/2458
f 2458/2372/2458 1663/880/1663 575/872/575 1660/2365/1660
f 1653/2373/1653 2458/2372/2458 1660/2365/1660 569/2364/569
f 571/2361/571 1654/884/1654 2459/2374/2459 1662/2375/1662
f 1654/884/1654 572/2359/572 1658/2370/1658 2459/2374/2459
f 2459/2374/2459 1658/2370/1658 574/875/574 1664/885/1664
f 1662/2375/1662 2459/2374/2459 1664/885/1664 576/881/576
f 578/2376/578 1677/2377/1677 2460/2378/2460 1667/2379/1667
f 1677/2377/1677 583/2380/583 1675/2381/1675 2460/2378/2460
f 2460/2378/2460 1675/2381/1675 584/2382/584 1676/2383/1676
f 1667/2379/1667 2460/2378/2460 1676/2383/1676 577/2384/577
f 419/131/419 1521/896/1521 2461/2385/2461 1383/1960/1383
f 1521/896/1521 578/339/578 1668/2086/1668 2461/2385/2461
f 2461/2385/2461 1668/2086/1668 482/343/482 1522/2097/1522
f 1383/1960/1383 2461/2385/2461 1522/2097/1522 420/1961/420
f 529/126/529 1598/2251/1598 2462/2386/2462 1381/1955/1381
f 1598/2251/1598 551/660/551 1669/2248/1669 2462/2386/2462
f 2462/2386/2462 1669/2248/1669 577/664/577 1665/898/1665
f 1381/1955/1381 2462/2386/2462 1665/898/1665 418/124/418
f 590/2387/590 1689/2388/1689 2463/2389/2463 1695/2390/1695
f 1689/2388/1689 588/2391/588 1682/2392/1682 2463/2389/2463
f 2463/2389/2463 1682/2392/1682 585/2393/585 1684/2394/1684
f 1695/2390/1695 2463/2389/2463 1684/2394/1684 589/2395/589
f 419/2396/419 1678/2397/1678 2464/2398/2464 1521/2399/1521
f 1678/2397/1678 582/2400/582 1673/2401/1673 2464/2398/2464
f 2464/2398/2464 1673/2401/1673 583/2380/583 1677/2377/1677
f 1521/2399/1521 2464/2398/2464 1677/2377/1677 578/2376/578
f 577/2402/577 1676/2403/1676 2465/2404/2465 1665/2405/1665
f 1676/2403/1676 584/2406/584 1674/2407/1674 2465/2404/2465
f 2465/2404/2465 1674/2407/1674 581/2408/581 1679/2409/1679
f 1665/2405/1665 2465/2404/2465 1679/2409/1679 418/2410/418
f 418/2410/418 1679/2409/1679 2466/2411/2466 1382/2412/1382
f 1679/2409/1679 581/2408/581 1672/2413/1672 2466/2411/2466
f 2466/2411/2466 1672/2413/1672 582/2400/582 1678/2397/1678
f 1382/2412/1382 2466/2411/2466 1678/2397/1678 419/2396/419
f 585/2393/585 1682/2414/1682 2467/2415/2467 1680/2416/1680
f 1682/2414/1682 588/2391/588 1683/2417/1683 2467/2415/2467
f 2467/2415/2467 1683/2417/1683 587/2418/587 1681/2419/1681
f 1680/2416/1680 2467/2415/2467 1681/2419/1681 586/2420/586
f 589/2395/589 1684/2394/1684 2468/2421/2468 1694/2422/1694
f 1684/2394/1684 585/2393/585 1680/2416/1680 2468/2421/2468
f 2468/2421/2468 1680/2416/1680 586/2420/586 1686/2423/1686
f 1694/2422/1694 2468/2421/2468 1686/2423/1686 591/2424/591
f 592/2425/592 1691/2426/1691 2469/2427/2469 1693/2428/1693
f 1691/2426/1691 587/2418/587 1683/2429/1683 2469/2427/2469
f 2469/2427/2469 1683/2429/1683 588/2391/588 1689/2430/1689
f 1693/2428/1693 2469/2427/2469 1689/2430/1689 590/2431/590
f 591/2424/591 1686/2423/1686 2470/2432/2470 1692/2433/1692
f 1686/2423/1686 586/2420/586 1681/2434/1681 2470/2432/2470
f 2470/2432/2470 1681/2434/1681 587/2418/587 1691/2426/1691
f 1692/2433/1692 2470/2432/2470 1691/2426/1691 592/2425/592
f 582/2435/582 1690/2436/1690 2471/2437/2471 1673/2438/1673
f 1690/2436/1690 591/2424/591 1692/2433/1692 2471/2437/2471
f 2471/2437/2471 1692/2433/1692 592/2439/592 1687/2440/1687
f 1673/2438/1673 2471/2437/2471 1687/2440/1687 583/2441/583
f 583/2380/583 1687/2442/1687 2472/2443/2472 1675/2381/1675
f 1687/2442/1687 592/2425/592 1693/2428/1693 2472/2443/2472
f 2472/2443/2472 1693/2428/1693 590/2431/590 1685/2444/1685
f 1675/2381/1675 2472/2443/2472 1685/2444/1685 584/2382/584
f 581/2445/581 1688/2446/1688 2473/2447/2473 1672/2448/1672
f 1688/2446/1688 589/2449/589 1694/2450/1694 2473/2447/2473
f 2473/2447/2473 1694/2450/1694 591/2424/591 1690/2436/1690
f 1672/2448/1672 2473/2447/2473 1690/2436/1690 582/2435/582
f 584/2406/584 1685/2451/1685 2474/2452/2474 1674/2407/1674
f 1685/2451/1685 590/2387/590 1695/2390/1695 2474/2452/2474
f 2474/2452/2474 1695/2390/1695 589/2395/589 1688/2453/1688
f 1674/2407/1674 2474/2452/2474 1688/2453/1688 581/2408/581
f 496/567/496 1548/2454/1548 2475/2455/2475 1697/966/1697
f 1548/2454/1548 435/2456/435 1696/2457/1696 2475/2455/2475
f 2475/2455/2475 1696/2457/1696 487/448/487 1706/970/1706
f 1697/966/1697 2475/2455/2475 1706/970/1706 593/969/593
f 425/449/425 1702/2458/1702 2476/2459/2476 1481/2460/1481
f 1702/2458/1702 594/979/594 1699/2461/1699 2476/2459/2476
f 2476/2459/2476 1699/2461/1699 595/977/595 1700/976/1700
f 1481/2460/1481 2476/2459/2476 1700/976/1700 487/448/487
f 488/453/488 1703/982/1703 2477/2462/2477 1388/2463/1388
f 1703/982/1703 596/984/596 1698/983/1698 2477/2462/2477
f 2477/2462/2477 1698/983/1698 594/979/594 1702/2458/1702
f 1388/2463/1388 2477/2462/2477 1702/2458/1702 425/449/425
f 596/984/596 1704/986/1704 2478/2464/2478 1698/983/1698
f 1704/986/1704 597/988/597 1705/987/1705 2478/2464/2478
f 2478/2464/2478 1705/987/1705 595/977/595 1699/2465/1699
f 1698/983/1698 2478/2464/2478 1699/2465/1699 594/979/594
f 603/2466/603 1716/2467/1716 2479/2468/2479 1722/2469/1722
f 1716/2467/1716 599/2470/599 1710/2471/1710 2479/2468/2479
f 2479/2468/2479 1710/2471/1710 600/2472/600 1711/2473/1711
f 1722/2469/1722 2479/2468/2479 1711/2473/1711 602/2474/602
f 599/2470/599 1707/2475/1707 2480/2476/2480 1710/2471/1710
f 1707/2475/1707 598/2477/598 1709/2478/1709 2480/2476/2480
f 2480/2476/2480 1709/2478/1709 601/2479/601 1708/2480/1708
f 1710/2471/1710 2480/2476/2480 1708/2480/1708 600/2472/600
f 604/2481/604 1717/2482/1717 2481/2483/2481 1721/2484/1721
f 1717/2482/1717 598/2477/598 1707/2485/1707 2481/2483/2481
f 2481/2483/2481 1707/2485/1707 599/2470/599 1716/2467/1716
f 1721/2484/1721 2481/2483/2481 1716/2467/1716 603/2466/603
f 605/2486/605 1718/2487/1718 2482/2488/2482 1720/2489/1720
f 1718/2487/1718 601/2479/601 1709/2478/1709 2482/2488/2482
f 2482/2488/2482 1709/2478/1709 598/2477/598 1717/2482/1717
f 1720/2489/1720 2482/2488/2482 1717/2482/1717 604/2481/604
f 602/2490/602 1711/2491/1711 2483/2492/2483 1719/2493/1719
f 1711/2491/1711 600/2472/600 1708/2494/1708 2483/2492/2483
f 2483/2492/2483 1708/2494/1708 601/2479/601 1718/2487/1718
f 1719/2493/1719 2483/2492/2483 1718/2487/1718 605/2486/605
f 593/2495/593 1715/2496/1715 2484/2497/2484 1701/2498/1701
f 1715/2496/1715 602/2490/602 1719/2493/1719 2484/2497/2484
f 2484/2497/2484 1719/2493/1719 605/2486/605 1714/2499/1714
f 1701/2498/1701 2484/2497/2484 1714/2499/1714 597/2500/597
f 597/2500/597 1714/2499/1714 2485/2501/2485 1705/2502/1705
f 1714/2499/1714 605/2486/605 1720/2489/1720 2485/2501/2485
f 2485/2501/2485 1720/2489/1720 604/2481/604 1713/2503/1713
f 1705/2502/1705 2485/2501/2485 1713/2503/1713 595/2504/595
f 595/2504/595 1713/2503/1713 2486/2505/2486 1700/2506/1700
f 1713/2503/1713 604/2481/604 1721/2484/1721 2486/2505/2486
f 2486/2505/2486 1721/2484/1721 603/2466/603 1712/2507/1712
f 1700/2506/1700 2486/2505/2486 1712/2507/1712 487/2508/487
f 487/2508/487 1712/2507/1712 2487/2509/2487 1706/2510/1706
f 1712/2507/1712 603/2466/603 1722/2469/1722 2487/2509/2487
f 2487/2509/2487 1722/2469/1722 602/2474/602 1715/2511/1715
f 1706/2510/1706 2487/2509/2487 1715/2511/1715 593/2512/593
f 545/2062/545 1453/297/1453 2488/2513/2488 1605/2514/1605
f 1453/297/1453 463/2061/463 1451/2515/1451 2488/2513/2488
f 2488/2513/2488 1451/2515/1451 461/1039/461 1450/2516/1450
f 1605/2514/1605 2488/2513/2488 1450/2516/1450 544/2517/544
f 467/2261/467 1462/1041/1462 2489/2518/2489 1458/2262/1458
f 1462/1041/1462 469/2255/469 1461/2257/1461 2489/2518/2489
f 2489/2518/2489 1461/2257/1461 548/322/548 1601/2519/1601
f 1458/2262/1458 2489/2518/2489 1601/2519/1601 547/321/547
f 550/2082/550 1621/2353/1621 2490/2520/2490 1596/337/1596
f 1621/2353/1621 552/828/552 1620/2521/1620 2490/2520/2490
f 2490/2520/2490 1620/2521/1620 553/796/553 1622/797/1622
f 1596/337/1596 2490/2520/2490 1622/797/1622 474/336/474
f 461/1046/461 1456/1049/1456 2491/2522/2491 1450/2523/1450
f 1456/1049/1456 606/696/606 1728/697/1728 2491/2522/2491
f 2491/2522/2491 1728/697/1728 610/2067/610 1727/2524/1727
f 1450/2523/1450 2491/2522/2491 1727/2524/1727 544/2174/544
f 466/2240/466 1564/2239/1564 2492/2525/2492 1457/2526/1457
f 1564/2239/1564 520/644/520 1512/1053/1512 2492/2525/2492
f 2492/2525/2492 1512/1053/1512 609/597/609 1729/592/1729
f 1457/2526/1457 2492/2525/2492 1729/592/1729 607/2216/607
f 461/2146/461 1550/467/1550 2493/2527/2493 1456/2528/1456
f 1550/467/1550 515/468/515 1511/1055/1511 2493/2527/2493
f 2493/2527/2493 1511/1055/1511 608/576/608 1730/2208/1730
f 1456/2528/1456 2493/2527/2493 1730/2208/1730 606/2207/606
f 544/2174/544 1727/2524/1727 2494/2529/2494 1590/2175/1590
f 1727/2524/1727 610/2067/610 1731/2070/1731 2494/2529/2494
f 2494/2529/2494 1731/2070/1731 607/2073/607 1724/1057/1724
f 1590/2175/1590 2494/2529/2494 1724/1057/1724 462/2176/462
f 638/1058/638 1733/1061/1733 2495/2530/2495 1779/2531/1779
f 1733/1061/1733 612/1066/612 1734/2532/1734 2495/2530/2495
f 2495/2530/2495 1734/2532/1734 614/2533/614 1772/2534/1772
f 1779/2531/1779 2495/2530/2495 1772/2534/1772 639/2535/639
f 639/2536/639 1778/1069/1778 2496/2537/2496 1735/2538/1735
f 1778/1069/1778 640/2539/640 1773/2540/1773 2496/2537/2496
f 2496/2537/2496 1773/2540/1773 615/1072/615 1736/2541/1736
f 1735/2538/1735 2496/2537/2496 1736/2541/1736 613/2542/613
f 679/2543/679 1886/1165/1886 2497/2544/2497 1924/2545/1924
f 1886/1165/1886 641/1083/641 1774/2546/1774 2497/2544/2497
f 2497/2544/2497 1774/2546/1774 616/1081/616 1738/2547/1738
f 1924/2545/1924 2497/2544/2497 1738/2547/1738 674/2548/674
f 641/1083/641 1776/2549/1776 2498/2550/2498 1774/2546/1774
f 1776/2549/1776 642/2551/642 1775/2552/1775 2498/2550/2498
f 2498/2550/2498 1775/2552/1775 617/1087/617 1739/1086/1739
f 1774/2546/1774 2498/2550/2498 1739/1086/1739 616/1081/616
f 642/2551/642 1780/2553/1780 2499/2554/2499 1775/2552/1775
f 1780/2553/1780 634/1095/634 1764/2555/1764 2499/2554/2499
f 2499/2554/2499 1764/2555/1764 618/2556/618 1740/2557/1740
f 1775/2552/1775 2499/2554/2499 1740/2557/1740 617/1087/617
f 634/1095/634 1765/2558/1765 2500/2559/2500 1764/2555/1764
f 1765/2558/1765 622/2560/622 1766/2561/1766 2500/2559/2500
f 2500/2559/2500 1766/2561/1766 619/1099/619 1741/1098/1741
f 1764/2555/1764 2500/2559/2500 1741/1098/1741 618/2556/618
f 621/1102/621 1743/1353/1743 2501/2562/2501 1744/2563/1744
f 1743/1353/1743 620/2564/620 1742/1108/1742 2501/2562/2501
f 2501/2562/2501 1742/1108/1742 619/2565/619 1766/1106/1766
f 1744/2563/1744 2501/2562/2501 1766/1106/1766 622/2560/622
f 634/2566/634 1762/2567/1762 2502/2568/2502 1765/2569/1765
f 1762/2567/1762 627/1117/627 1749/2570/1749 2502/2568/2502
f 2502/2568/2502 1749/2570/1749 633/1115/633 1763/2571/1763
f 1765/2569/1765 2502/2568/2502 1763/2571/1763 622/2560/622
f 632/1118/632 1769/2572/1769 2503/2573/2503 1760/1158/1760
f 1769/2572/1769 636/2574/636 1757/2575/1757 2503/2573/2503
f 2503/2573/2503 1757/2575/1757 629/1124/629 1751/2576/1751
f 1760/1158/1760 2503/2573/2503 1751/2576/1751 628/2577/628
f 678/2578/678 1885/1130/1885 2504/1129/2504 1923/2579/1923
f 1885/1130/1885 635/1135/635 1737/1134/1737 2504/1129/2504
f 2504/1129/2504 1737/1134/1737 624/1133/624 1883/2580/1883
f 1923/2579/1923 2504/1129/2504 1883/2580/1883 676/2581/676
f 629/1124/629 1754/1138/1754 2505/2582/2505 1752/1136/1752
f 1754/1138/1754 676/2581/676 1922/1559/1922 2505/2582/2505
f 2505/2582/2505 1922/1559/1922 675/2583/675 1753/2584/1753
f 1752/1136/1752 2505/2582/2505 1753/2584/1753 630/2585/630
f 635/1135/635 1767/2586/1767 2506/2587/2506 1737/1134/1737
f 1767/2586/1767 631/2588/631 1755/2589/1755 2506/2587/2506
f 2506/2587/2506 1755/2589/1755 614/2533/614 1746/1145/1746
f 1737/1134/1737 2506/2587/2506 1746/1145/1746 624/1133/624
f 678/2590/678 1768/2591/1768 2507/2592/2507 1920/2593/1920
f 1768/2591/1768 636/2574/636 1769/2594/1769 2507/2592/2507
f 2507/2592/2507 1769/2594/1769 632/2595/632 1758/1153/1758
f 1920/2593/1920 2507/2592/2507 1758/1153/1758 677/1152/677
f 632/2595/632 1760/2596/1760 2508/1157/2508 1759/2597/1759
f 1760/2596/1760 628/2577/628 1761/1159/1761 2508/1157/2508
f 2508/1157/2508 1761/1159/1761 642/2551/642 1776/2549/1776
f 1759/2597/1759 2508/1157/2508 1776/2549/1776 641/1083/641
f 677/2598/677 1758/2599/1758 2509/2600/2509 1919/2601/1919
f 1758/2599/1758 632/2595/632 1759/1156/1759 2509/2600/2509
f 2509/2600/2509 1759/1156/1759 641/1166/641 1886/1165/1886
f 1919/2601/1919 2509/2600/2509 1886/1165/1886 679/1164/679
f 614/2533/614 1755/2602/1755 2510/2603/2510 1772/1168/1772
f 1755/2602/1755 631/1147/631 1756/1174/1756 2510/2603/2510
f 2510/2603/2510 1756/1174/1756 640/2604/640 1778/1172/1778
f 1772/1168/1772 2510/2603/2510 1778/1172/1778 639/2535/639
f 611/1176/611 1771/1179/1771 2511/2605/2511 1732/1177/1732
f 1771/1179/1771 638/1058/638 1779/2531/1779 2511/2605/2511
f 2511/2605/2511 1779/2531/1779 639/2535/639 1735/2606/1735
f 1732/1177/1732 2511/2605/2511 1735/2606/1735 613/2607/613
f 628/2577/628 1750/2608/1750 2512/2609/2512 1761/1159/1761
f 1750/2608/1750 627/1117/627 1762/2610/1762 2512/2609/2512
f 2512/2609/2512 1762/2610/1762 634/1095/634 1780/2553/1780
f 1761/1159/1761 2512/2609/2512 1780/2553/1780 642/2551/642
f 626/1470/626 1748/2611/1748 2513/2612/2513 1858/2613/1858
f 1748/2611/1748 625/2614/625 1855/2615/1855 2513/2612/2513
f 2513/2612/2513 1855/2615/1855 490/2310/490 1484/2616/1484
f 1858/2613/1858 2513/2612/2513 1484/2616/1484 491/2022/491
f 637/1192/637 1783/2617/1783 2514/1194/2514 1850/1193/1850
f 1783/2617/1783 644/2618/644 1861/2619/1861 2514/1194/2514
f 2514/1194/2514 1861/2619/1861 500/1198/500 1491/1197/1491
f 1850/1193/1850 2514/1194/2514 1491/1197/1491 497/1196/497
f 681/1214/681 1782/2620/1782 2515/2621/2515 1918/2622/1918
f 1782/2620/1782 644/2623/644 1783/2624/1783 2515/2621/2515
f 2515/2621/2515 1783/2624/1783 637/1192/637 1781/1206/1781
f 1918/2622/1918 2515/2621/2515 1781/1206/1781 680/1205/680
f 644/1200/644 1782/1204/1782 2516/1209/2516 1786/2625/1786
f 1782/1204/1782 681/1214/681 1917/2626/1917 2516/1209/2516
f 2516/1209/2516 1917/2626/1917 682/2627/682 1785/1211/1785
f 1786/2625/1786 2516/1209/2516 1785/1211/1785 646/1309/646
f 646/1309/646 1785/1211/1785 2517/2628/2517 1789/2629/1789
f 1785/1211/1785 682/2627/682 1916/2630/1916 2517/2628/2517
f 2517/2628/2517 1916/2630/1916 683/2631/683 1788/2632/1788
f 1789/2629/1789 2517/2628/2517 1788/2632/1788 648/1217/648
f 648/1217/648 1788/2632/1788 2518/2633/2518 1792/1221/1792
f 1788/2632/1788 683/2631/683 1915/1226/1915 2518/2633/2518
f 2518/2633/2518 1915/1226/1915 684/1370/684 1791/1224/1791
f 1792/1221/1792 2518/2633/2518 1791/1224/1791 650/1223/650
f 650/1223/650 1791/1224/1791 2519/2634/2519 1795/1227/1795
f 1791/1224/1791 684/1370/684 1914/1452/1914 2519/2634/2519
f 2519/2634/2519 1914/1452/1914 685/1231/685 1794/2635/1794
f 1795/1227/1795 2519/2634/2519 1794/2635/1794 652/2636/652
f 652/2636/652 1794/2635/1794 2520/2637/2520 1798/1661/1798
f 1794/2635/1794 685/1231/685 1913/2638/1913 2520/2637/2520
f 2520/2637/2520 1913/2638/1913 686/1487/686 1797/2639/1797
f 1798/1661/1798 2520/2637/2520 1797/2639/1797 654/1652/654
f 654/1652/654 1797/2639/1797 2521/2640/2521 1801/1239/1801
f 1797/2639/1797 686/1487/686 1912/1571/1912 2521/2640/2521
f 2521/2640/2521 1912/1571/1912 687/2641/687 1800/2642/1800
f 1801/1239/1801 2521/2640/2521 1800/2642/1800 656/2643/656
f 688/1245/688 1909/2644/1909 2522/2645/2522 1804/2646/1804
f 1909/2644/1909 690/1253/690 1810/2647/1810 2522/2645/2522
f 2522/2645/2522 1810/2647/1810 661/2648/661 1811/1250/1811
f 1804/2646/1804 2522/2645/2522 1811/1250/1811 657/1249/657
f 656/2643/656 1800/2642/1800 2523/1255/2523 1805/2649/1805
f 1800/2642/1800 687/2641/687 1911/1258/1911 2523/1255/2523
f 2523/1255/2523 1911/1258/1911 688/2650/688 1804/1256/1804
f 1805/2649/1805 2523/1255/2523 1804/1256/1804 657/1249/657
f 734/2651/734 2014/2652/2014 2524/2653/2524 1908/1260/1908
f 2014/2652/2014 733/1267/733 1814/1266/1814 2524/2653/2524
f 2524/2653/2524 1814/1266/1814 664/2654/664 1898/1264/1898
f 1908/1260/1908 2524/2653/2524 1898/1264/1898 691/1263/691
f 691/1263/691 1898/1264/1898 2525/2655/2525 1907/1268/1907
f 1898/1264/1898 664/2654/664 1817/1273/1817 2525/2655/2525
f 2525/2655/2525 1817/1273/1817 666/2656/666 1899/1271/1899
f 1907/1268/1907 2525/2655/2525 1899/1271/1899 692/2657/692
f 693/1274/693 1900/2658/1900 2526/2659/2526 1905/2660/1905
f 1900/2658/1900 668/2661/668 1823/2662/1823 2526/2659/2526
f 2526/2659/2526 1823/2662/1823 670/1291/670 1901/1279/1901
f 1905/2660/1905 2526/2659/2526 1901/1279/1901 694/2663/694
f 694/2664/694 1901/1279/1901 2527/2665/2527 1904/2666/1904
f 1901/1279/1901 670/1291/670 1826/2667/1826 2527/2665/2527
f 2527/2665/2527 1826/2667/1826 672/2668/672 1902/1288/1902
f 1904/2666/1904 2527/2665/2527 1902/1288/1902 695/1287/695
f 709/1292/709 1959/2669/1959 2528/2670/2528 1957/2671/1957
f 1959/2669/1959 482/1300/482 1476/1299/1476 2528/2670/2528
f 2528/2670/2528 1476/1299/1476 580/1298/580 1671/1297/1671
f 1957/2671/1957 2528/2670/2528 1671/1297/1671 481/1296/481
f 656/1301/656 1805/2672/1805 2529/1303/2529 1847/2673/1847
f 1805/2672/1805 657/1249/657 1839/2674/1839 2529/1303/2529
f 2529/1303/2529 1839/2674/1839 513/1307/513 1506/1306/1506
f 1847/2673/1847 2529/1303/2529 1506/1306/1506 512/1305/512
f 646/1309/646 1789/2675/1789 2530/2676/2530 1873/2677/1873
f 1789/2675/1789 648/1317/648 1837/2678/1837 2530/2676/2530
f 2530/2676/2530 1837/2678/1837 504/1315/504 1495/1314/1495
f 1873/2677/1873 2530/2676/2530 1495/1314/1495 502/1313/502
f 666/1579/666 1878/2679/1878 2531/2680/2531 1820/2681/1820
f 1878/2679/1878 522/1326/522 1516/1325/1516 2531/2680/2531
f 2531/2680/2531 1516/1325/1516 524/1324/524 1834/2682/1834
f 1820/2681/1820 2531/2680/2531 1834/2682/1834 668/1322/668
f 618/2556/618 1741/1098/1741 2532/2683/2532 1829/2684/1829
f 1741/1098/1741 619/1099/619 1833/2685/1833 2532/2683/2532
f 2532/2683/2532 1833/2685/1833 483/1330/483 1477/1329/1477
f 1829/2684/1829 2532/2683/2532 1477/1329/1477 482/1300/482
f 666/2656/666 1820/1319/1820 2533/2686/2533 1899/2687/1899
f 1820/1319/1820 668/2661/668 1900/1337/1900 2533/2686/2533
f 2533/2686/2533 1900/1337/1900 693/1336/693 1906/1335/1906
f 1899/2687/1899 2533/2686/2533 1906/1335/1906 692/2657/692
f 619/1099/619 1742/1339/1742 2534/2688/2534 1833/2685/1833
f 1742/1339/1742 620/2564/620 1835/2689/1835 2534/2688/2534
f 2534/2688/2534 1835/2689/1835 484/1341/484 1478/1340/1478
f 1833/2685/1833 2534/2688/2534 1478/1340/1478 483/1330/483
f 649/2690/649 1793/1368/1793 2535/2691/2535 1848/1344/1848
f 1793/1368/1793 647/2692/647 1831/1350/1831 2535/2691/2535
f 2535/2691/2535 1831/1350/1831 503/1349/503 1498/1348/1498
f 1848/1344/1848 2535/2691/2535 1498/1348/1498 505/2693/505
f 620/2564/620 1743/1353/1743 2536/2694/2536 1835/2689/1835
f 1743/1353/1743 621/1102/621 1838/2695/1838 2536/2694/2536
f 2536/2694/2536 1838/2695/1838 485/1355/485 1479/1354/1479
f 1835/2689/1835 2536/2694/2536 1479/1354/1479 484/1341/484
f 655/2696/655 1803/2697/1803 2537/2698/2537 1894/2699/1894
f 1803/2697/1803 658/2700/658 1895/1491/1895 2537/2698/2537
f 2537/2698/2537 1895/1491/1895 688/1245/688 1911/1258/1911
f 1894/2699/1894 2537/2698/2537 1911/1258/1911 687/1243/687
f 647/2701/647 1793/2702/1793 2538/1367/2538 1890/1366/1890
f 1793/2702/1793 649/2703/649 1891/2704/1891 2538/1367/2538
f 2538/1367/2538 1891/2704/1891 684/2705/684 1915/1226/1915
f 1890/1366/1890 2538/1367/2538 1915/1226/1915 683/2706/683
f 667/2707/667 1822/2708/1822 2539/2709/2539 1832/1374/1832
f 1822/2708/1822 669/2710/669 1840/2711/1840 2539/2709/2539
f 2539/2709/2539 1840/2711/1840 525/1379/525 1517/1378/1517
f 1832/1374/1832 2539/2709/2539 1517/1378/1517 523/1377/523
f 621/1102/621 1744/2712/1744 2540/2713/2540 1838/2695/1838
f 1744/2712/1744 622/2560/622 1841/1385/1841 2540/2713/2540
f 2540/2713/2540 1841/1385/1841 486/1384/486 1480/1383/1480
f 1838/2695/1838 2540/2713/2540 1480/1383/1480 485/1355/485
f 670/2714/670 1823/2715/1823 2541/2716/2541 1842/2717/1842
f 1823/2715/1823 668/2718/668 1834/1391/1834 2541/2716/2541
f 2541/2716/2541 1834/1391/1834 524/1324/524 1518/1390/1518
f 1842/2717/1842 2541/2716/2541 1518/1390/1518 526/1389/526
f 623/1393/623 1843/1400/1843 2542/1395/2542 1827/1394/1827
f 1843/1400/1843 622/2560/622 1763/2719/1763 2542/1395/2542
f 2542/1395/2542 1763/2719/1763 633/2720/633 1985/2721/1985
f 1827/1394/1827 2542/1395/2542 1985/2721/1985 673/1397/673
f 623/1883/623 1745/2722/1745 2543/2723/2543 1843/1400/1843
f 1745/2722/1745 488/1405/488 1540/1404/1540 2543/2723/2543
f 2543/2723/2543 1540/1404/1540 486/1384/486 1841/2724/1841
f 1843/1400/1843 2543/2723/2543 1841/2724/1841 622/2560/622
f 669/2710/669 1825/2725/1825 2544/1406/2544 1840/2711/1840
f 1825/2725/1825 671/1619/671 1845/2726/1845 2544/1406/2544
f 2544/1406/2544 1845/2726/1845 527/1409/527 1519/1408/1519
f 1840/2711/1840 2544/1406/2544 1519/1408/1519 525/1379/525
f 661/2727/661 1808/2728/1808 2545/2729/2545 1860/2730/1860
f 1808/2728/1808 659/1930/659 1856/2731/1856 2545/2729/2545
f 2545/2729/2545 1856/2731/1856 515/1417/515 1508/1416/1508
f 1860/2730/1860 2545/2729/2545 1508/1416/1508 517/1415/517
f 643/2732/643 1784/2733/1784 2546/2734/2546 1862/2735/1862
f 1784/2733/1784 626/1470/626 1858/2613/1858 2546/2734/2546
f 2546/2734/2546 1858/2613/1858 491/2022/491 1492/2736/1492
f 1862/2735/1862 2546/2734/2546 1492/2736/1492 499/2737/499
f 672/2668/672 1826/1290/1826 2547/2738/2547 1846/2739/1846
f 1826/1290/1826 670/2714/670 1842/2717/1842 2547/2738/2547
f 2547/2738/2547 1842/2717/1842 526/1389/526 1520/1430/1520
f 1846/2739/1846 2547/2738/2547 1520/1430/1520 528/1429/528
f 624/1133/624 1746/1145/1746 2548/2740/2548 1851/2741/1851
f 1746/1145/1746 614/2533/614 1852/2742/1852 2548/2740/2548
f 2548/2740/2548 1852/2742/1852 478/1434/478 1482/2743/1482
f 1851/2741/1851 2548/2740/2548 1482/2743/1482 489/1433/489
f 651/2744/651 1796/1439/1796 2549/2745/2549 1859/1437/1859
f 1796/1439/1796 649/2690/649 1848/1344/1848 2549/2745/2549
f 2549/2745/2549 1848/1344/1848 505/2693/505 1500/2746/1500
f 1859/1437/1859 2549/2745/2549 1500/2746/1500 507/1440/507
f 629/1124/629 1752/1444/1752 2550/2747/2550 1874/2748/1874
f 1752/1444/1752 630/2749/630 1877/2750/1877 2550/2747/2550
f 2550/2747/2550 1877/2750/1877 495/1447/495 1488/1446/1488
f 1874/2748/1874 2550/2747/2550 1488/1446/1488 494/1445/494
f 649/2703/649 1796/2751/1796 2551/2752/2551 1891/2704/1891
f 1796/2751/1796 651/2753/651 1892/1454/1892 2551/2752/2551
f 2551/2752/2551 1892/1454/1892 685/2754/685 1914/2755/1914
f 1891/2704/1891 2551/2752/2551 1914/2755/1914 684/2705/684
f 690/2756/690 1897/2757/1897 2552/1457/2552 1910/1456/1910
f 1897/2757/1897 662/2758/662 1806/2759/1806 2552/1457/2552
f 2552/1457/2552 1806/2759/1806 660/2760/660 1896/2761/1896
f 1910/1456/1910 2552/1457/2552 1896/2761/1896 689/2762/689
f 630/2749/630 1770/2763/1770 2553/1464/2553 1877/2750/1877
f 1770/2763/1770 637/1192/637 1850/1193/1850 2553/1464/2553
f 2553/1464/2553 1850/1193/1850 497/1196/497 1489/1466/1489
f 1877/2750/1877 2553/1464/2553 1489/1466/1489 495/1447/495
f 657/1249/657 1811/1468/1811 2554/2764/2554 1839/2674/1839
f 1811/1468/1811 661/2727/661 1860/2730/1860 2554/2764/2554
f 2554/2764/2554 1860/2730/1860 517/1415/517 1510/1469/1510
f 1839/2674/1839 2554/2764/2554 1510/1469/1510 513/1307/513
f 626/1470/626 1784/1473/1784 2555/2765/2555 1887/2766/1887
f 1784/1473/1784 643/1477/643 1888/2767/1888 2555/2765/2555
f 2555/2765/2555 1888/2767/1888 681/2768/681 1918/2769/1918
f 1887/2766/1887 2555/2765/2555 1918/2769/1918 680/1205/680
f 653/1478/653 1799/2770/1799 2556/2771/2556 1868/2772/1868
f 1799/2770/1799 651/2744/651 1859/1437/1859 2556/2771/2556
f 2556/2771/2556 1859/1437/1859 507/1440/507 1502/2773/1502
f 1868/2772/1868 2556/2771/2556 1502/2773/1502 509/537/509
f 651/2753/651 1799/2774/1799 2557/2775/2557 1892/1454/1892
f 1799/2774/1799 653/2776/653 1893/2777/1893 2557/2775/2557
f 2557/2775/2557 1893/2777/1893 686/2778/686 1913/1238/1913
f 1892/1454/1892 2557/2775/2557 1913/1238/1913 685/2754/685
f 688/2650/688 1895/1363/1895 2558/2779/2558 1909/1248/1909
f 1895/1363/1895 658/2700/658 1809/2780/1809 2558/2779/2558
f 2558/2779/2558 1809/2780/1809 662/2758/662 1897/2757/1897
f 1909/1248/1909 2558/2779/2558 1897/2757/1897 690/2756/690
f 645/2781/645 1787/2782/1787 2559/2783/2559 1875/2784/1875
f 1787/2782/1787 643/2732/643 1862/2735/1862 2559/2783/2559
f 2559/2783/2559 1862/2735/1862 499/2737/499 1494/2785/1494
f 1875/2784/1875 2559/2783/2559 1494/2785/1494 501/2786/501
f 643/1477/643 1787/2787/1787 2560/2788/2560 1888/2767/1888
f 1787/2787/1787 645/1493/645 1889/2789/1889 2560/2788/2560
f 2560/2788/2560 1889/2789/1889 682/2790/682 1917/2791/1917
f 1888/2767/1888 2560/2788/2560 1917/2791/1917 681/2768/681
f 633/2720/633 1749/2792/1749 2561/2793/2561 1854/1503/1854
f 1749/2792/1749 627/1509/627 1864/1508/1864 2561/2793/2561
f 2561/2793/2561 1864/1508/1864 492/1507/492 1485/1506/1485
f 1854/1503/1854 2561/2793/2561 1485/1506/1485 496/1505/496
f 732/2794/732 2008/2795/2008 2562/1512/2562 2013/1511/2013
f 2008/2795/2008 663/2796/663 1865/1517/1865 2562/1512/2562
f 2562/1512/2562 1865/1517/1865 519/1516/519 1725/1515/1725
f 2013/1511/2013 2562/1512/2562 1725/1515/1725 608/1514/608
f 611/1176/611 1732/2797/1732 2563/2798/2563 1866/1519/1866
f 1732/2797/1732 613/2607/613 1867/2799/1867 2563/2798/2563
f 2563/2798/2563 1867/2799/1867 477/1524/477 1470/1523/1470
f 1866/1519/1866 2563/2798/2563 1470/1523/1470 475/1522/475
f 627/1509/627 1750/2800/1750 2564/1527/2564 1864/1508/1864
f 1750/2800/1750 628/2577/628 1869/1531/1869 2564/1527/2564
f 2564/1527/2564 1869/1531/1869 493/1530/493 1486/1529/1486
f 1864/1508/1864 2564/1527/2564 1486/1529/1486 492/1507/492
f 733/1267/733 2009/2801/2009 2565/2802/2565 2012/2803/2012
f 2009/2801/2009 660/1539/660 1849/1538/1849 2565/2802/2565
f 2565/2802/2565 1849/1538/1849 516/1537/516 1726/1536/1726
f 2012/2803/2012 2565/2802/2565 1726/1536/1726 609/1535/609
f 612/1066/612 1733/1542/1733 2566/1541/2566 1871/1540/1871
f 1733/1542/1733 638/1546/638 1872/1545/1872 2566/1541/2566
f 2566/1541/2566 1872/1545/1872 498/2804/498 1471/2805/1471
f 1871/1540/1871 2566/1541/2566 1471/2805/1471 476/2806/476
f 628/2577/628 1751/2576/1751 2567/2807/2567 1869/1531/1869
f 1751/2576/1751 629/1124/629 1874/2748/1874 2567/2807/2567
f 2567/2807/2567 1874/2748/1874 494/1445/494 1487/1548/1487
f 1869/1531/1869 2567/2807/2567 1487/1548/1487 493/1530/493
f 614/2533/614 1734/1065/1734 2568/2808/2568 1852/2742/1852
f 1734/1065/1734 612/1066/612 1871/1540/1871 2568/2808/2568
f 2568/2808/2568 1871/1540/1871 476/2806/476 1472/1550/1472
f 1852/2742/1852 2568/2808/2568 1472/1550/1472 478/1434/478
f 655/1357/655 1802/2809/1802 2569/2810/2569 1830/1650/1830
f 1802/2809/1802 653/1478/653 1868/2772/1868 2569/2810/2569
f 2569/2810/2569 1868/2772/1868 509/537/509 1504/2811/1504
f 1830/1650/1830 2569/2810/2569 1504/2811/1504 511/615/511
f 624/1133/624 1747/2812/1747 2570/2813/2570 1883/2814/1883
f 1747/2812/1747 625/2815/625 1882/2816/1882 2570/2813/2570
f 2570/2813/2570 1882/2816/1882 675/2817/675 1922/1142/1922
f 1883/2814/1883 2570/2813/2570 1922/1142/1922 676/2581/676
f 663/2796/663 1816/2818/1816 2571/1563/2571 1865/1517/1865
f 1816/2818/1816 665/2819/665 1876/1567/1876 2571/1563/2571
f 2571/1563/2571 1876/1567/1876 521/1566/521 1513/1565/1513
f 1865/1517/1865 2571/1563/2571 1513/1565/1513 519/1516/519
f 653/2776/653 1802/1553/1802 2572/2820/2572 1893/2777/1893
f 1802/1553/1802 655/2696/655 1894/2699/1894 2572/2820/2572
f 2572/2820/2572 1894/2699/1894 687/1243/687 1912/1571/1912
f 1893/2777/1893 2572/2820/2572 1912/1571/1912 686/2778/686
f 626/1470/626 1887/2821/1887 2573/1574/2573 1748/1188/1748
f 1887/2821/1887 680/1205/680 1921/2822/1921 2573/1574/2573
f 2573/1574/2573 1921/2822/1921 675/1560/675 1882/1577/1882
f 1748/1188/1748 2573/1574/2573 1882/1577/1882 625/1191/625
f 666/2656/666 1817/1582/1817 2574/2823/2574 1878/2824/1878
f 1817/1582/1817 664/2825/664 1870/1585/1870 2574/2823/2574
f 2574/2823/2574 1870/1585/1870 520/1584/520 1514/1583/1514
f 1878/2824/1878 2574/2823/2574 1514/1583/1514 522/1326/522
f 613/2607/613 1736/1588/1736 2575/2826/2575 1867/2799/1867
f 1736/1588/1736 615/1592/615 1879/2827/1879 2575/2826/2575
f 2575/2826/2575 1879/2827/1879 479/1590/479 1473/1589/1473
f 1867/2799/1867 2575/2826/2575 1473/1589/1473 477/1524/477
f 645/1493/645 1790/2828/1790 2576/2829/2576 1889/2789/1889
f 1790/2828/1790 647/2701/647 1890/1366/1890 2576/2829/2576
f 2576/2829/2576 1890/1366/1890 683/2706/683 1916/2830/1916
f 1889/2789/1889 2576/2829/2576 1916/2830/1916 682/2790/682
f 638/1546/638 1771/1597/1771 2577/2831/2577 1872/1545/1872
f 1771/1597/1771 611/1600/611 1866/1599/1866 2577/2831/2577
f 2577/2831/2577 1866/1599/1866 475/658/475 1490/2832/1490
f 1872/1545/1872 2577/2831/2577 1490/2832/1490 498/2804/498
f 551/1601/551 1960/1604/1960 2578/2833/2578 1670/1602/1670
f 1960/1604/1960 708/1609/708 1880/2834/1880 2578/2833/2578
f 2578/2833/2578 1880/2834/1880 480/1607/480 1474/1606/1474
f 1670/1602/1670 2578/2833/2578 1474/1606/1474 579/1605/579
f 708/1609/708 1958/1611/1958 2579/2835/2579 1880/2834/1880
f 1958/1611/1958 709/1292/709 1957/2671/1957 2579/2835/2579
f 2579/2835/2579 1957/2671/1957 481/1296/481 1475/1612/1475
f 1880/2834/1880 2579/2835/2579 1475/1612/1475 480/1607/480
f 615/1592/615 1881/2836/1881 2580/2837/2580 1879/2827/1879
f 1881/2836/1881 674/2548/674 1903/1616/1903 2580/2837/2580
f 2580/2837/2580 1903/1616/1903 551/1601/551 1597/1615/1597
f 1879/2827/1879 2580/2837/2580 1597/1615/1597 479/1590/479
f 669/2710/669 1821/2838/1821 2581/2839/2581 1825/1407/1825
f 1821/2838/1821 694/2664/694 1904/2666/1904 2581/2839/2581
f 2581/2839/2581 1904/2666/1904 695/1287/695 1824/1620/1824
f 1825/1407/1825 2581/2839/2581 1824/1620/1824 671/1619/671
f 667/2840/667 1818/2841/1818 2582/2842/2582 1822/1621/1822
f 1818/2841/1818 693/1274/693 1905/2660/1905 2582/2842/2582
f 2582/2842/2582 1905/2660/1905 694/2663/694 1821/2843/1821
f 1822/1621/1822 2582/2842/2582 1821/2843/1821 669/2844/669
f 665/2819/665 1819/2845/1819 2583/1626/2583 1876/1567/1876
f 1819/2845/1819 667/2707/667 1832/1374/1832 2583/1626/2583
f 2583/1626/2583 1832/1374/1832 523/1377/523 1515/1628/1515
f 1876/1567/1876 2583/1626/2583 1515/1628/1515 521/1566/521
f 663/2846/663 1812/2847/1812 2584/2848/2584 1816/2849/1816
f 1812/2847/1812 691/1263/691 1907/1268/1907 2584/2848/2584
f 2584/2848/2584 1907/1268/1907 692/2657/692 1815/2850/1815
f 1816/2849/1816 2584/2848/2584 1815/2850/1815 665/1632/665
f 732/2794/732 2011/2851/2011 2585/2852/2585 2008/1513/2008
f 2011/2851/2011 734/2651/734 1908/1260/1908 2585/2852/2585
f 2585/2852/2585 1908/1260/1908 691/1263/691 1812/2847/1812
f 2008/1513/2008 2585/2852/2585 1812/2847/1812 663/2846/663
f 662/2853/662 1809/1640/1809 2586/2854/2586 1853/1638/1853
f 1809/1640/1809 658/1364/658 1836/2855/1836 2586/2854/2586
f 2586/2854/2586 1836/2855/1836 514/705/514 1509/1642/1509
f 1853/1638/1853 2586/2854/2586 1509/1642/1509 518/1641/518
f 660/1539/660 1806/2856/1806 2587/2857/2587 1849/1538/1849
f 1806/2856/1806 662/2853/662 1853/1638/1853 2587/2857/2587
f 2587/2857/2587 1853/1638/1853 518/1641/518 1507/1645/1507
f 1849/1538/1849 2587/2857/2587 1507/1645/1507 516/1537/516
f 658/1364/658 1803/1360/1803 2588/1646/2588 1836/2855/1836
f 1803/1360/1803 655/1651/655 1830/2858/1830 2588/1646/2588
f 2588/1646/2588 1830/2858/1830 511/1649/511 1505/1648/1505
f 1836/2855/1836 2588/1646/2588 1505/1648/1505 514/705/514
f 654/1652/654 1801/1655/1801 2589/2859/2589 1863/1653/1863
f 1801/1655/1801 656/1301/656 1847/2673/1847 2589/2859/2589
f 2589/2859/2589 1847/2673/1847 512/1305/512 1503/1657/1503
f 1863/1653/1863 2589/2859/2589 1503/1657/1503 510/1656/510
f 652/1229/652 1798/1233/1798 2590/1660/2590 1857/2860/1857
f 1798/1233/1798 654/1652/654 1863/1653/1863 2590/1660/2590
f 2590/1660/2590 1863/1653/1863 510/1656/510 1501/1663/1501
f 1857/2860/1857 2590/1660/2590 1501/1663/1501 508/1662/508
f 650/1223/650 1795/1666/1795 2591/2861/2591 1844/2862/1844
f 1795/1666/1795 652/1229/652 1857/2860/1857 2591/2861/2591
f 2591/2861/2591 1857/2860/1857 508/1662/508 1499/1668/1499
f 1844/2862/1844 2591/2861/2591 1499/1668/1499 506/1667/506
f 648/1317/648 1792/2863/1792 2592/2864/2592 1837/2678/1837
f 1792/2863/1792 650/1223/650 1844/2862/1844 2592/2864/2592
f 2592/2864/2592 1844/2862/1844 506/1667/506 1497/1671/1497
f 1837/2678/1837 2592/2864/2592 1497/1671/1497 504/1315/504
f 645/1493/645 1875/2784/1875 2593/2865/2593 1790/2866/1790
f 1875/2784/1875 501/553/501 1496/2867/1496 2593/2865/2593
f 2593/2865/2593 1496/2867/1496 503/394/503 1831/2868/1831
f 1790/2866/1790 2593/2865/2593 1831/2868/1831 647/2701/647
f 644/2618/644 1786/1679/1786 2594/2869/2594 1861/2619/1861
f 1786/1679/1786 646/1309/646 1873/2677/1873 2594/2869/2594
f 2594/2869/2594 1873/2677/1873 502/1313/502 1493/1680/1493
f 1861/2619/1861 2594/2869/2594 1493/1680/1493 500/1198/500
f 630/1681/630 1753/1140/1753 2595/2870/2595 1770/2871/1770
f 1753/1140/1753 675/2872/675 1921/1687/1921 2595/2870/2595
f 2595/2870/2595 1921/1687/1921 680/2873/680 1781/1685/1781
f 1770/2871/1770 2595/2870/2595 1781/1685/1781 637/1207/637
f 631/2874/631 1884/1692/1884 2596/2875/2596 1756/2876/1756
f 1884/1692/1884 677/2598/677 1919/2601/1919 2596/2875/2596
f 2596/2875/2596 1919/2601/1919 679/1164/679 1777/2877/1777
f 1756/2876/1756 2596/2875/2596 1777/2877/1777 640/2539/640
f 635/1135/635 1885/1696/1885 2597/2878/2597 1767/1694/1767
f 1885/1696/1885 678/2590/678 1920/2593/1920 2597/2878/2597
f 2597/2878/2597 1920/2593/1920 677/1152/677 1884/2879/1884
f 1767/1694/1767 2597/2878/2597 1884/2879/1884 631/1147/631
f 625/2880/625 1747/2881/1747 2598/2882/2598 1855/2883/1855
f 1747/2881/1747 624/1133/624 1851/2741/1851 2598/2882/2598
f 2598/2882/2598 1851/2741/1851 489/1433/489 1483/2884/1483
f 1855/2883/1855 2598/2882/2598 1483/2884/1483 490/2310/490
f 636/2574/636 1768/2885/1768 2599/2886/2599 1757/2575/1757
f 1768/2885/1768 678/2578/678 1923/2579/1923 2599/2886/2599
f 2599/2886/2599 1923/2579/1923 676/2581/676 1754/1138/1754
f 1757/2575/1757 2599/2886/2599 1754/1138/1754 629/1124/629
f 640/2539/640 1777/2877/1777 2600/2887/2600 1773/2540/1773
f 1777/2877/1777 679/1164/679 1924/2888/1924 2600/2887/2600
f 2600/2887/2600 1924/2888/1924 674/2548/674 1881/2889/1881
f 1773/2540/1773 2600/2887/2600 1881/2889/1881 615/1072/615
f 703/1709/703 1936/2890/1936 2601/2891/2601 1935/2892/1935
f 1936/2890/1936 700/2893/700 1932/2894/1932 2601/2891/2601
f 2601/2891/2601 1932/2894/1932 701/1715/701 1934/2895/1934
f 1935/2892/1935 2601/2891/2601 1934/2895/1934 702/1713/702
f 698/2896/698 1933/2897/1933 2602/1720/2602 1929/1719/1929
f 1933/2897/1933 701/2898/701 1932/2899/1932 2602/1720/2602
f 2602/1720/2602 1932/2899/1932 700/1724/700 1931/2900/1931
f 1929/1719/1929 2602/1720/2602 1931/2900/1931 699/1722/699
f 696/2901/696 1925/1928/1925 2603/2902/2603 1930/1728/1930
f 1925/1928/1925 697/2903/697 1928/1734/1928 2603/2902/2603
f 2603/2902/2603 1928/1734/1928 698/2904/698 1929/1732/1929
f 1930/1728/1930 2603/2902/2603 1929/1732/1929 699/1731/699
f 697/2905/697 1927/2906/1927 2604/2907/2604 1937/2908/1937
f 1927/2906/1927 672/2668/672 1846/2739/1846 2604/2907/2604
f 2604/2907/2604 1846/2739/1846 528/1429/528 1639/1741/1639
f 1937/2908/1937 2604/2907/2604 1639/1741/1639 560/1740/560
f 701/1715/701 1933/1744/1933 2605/2909/2605 1939/2910/1939
f 1933/1744/1933 698/2911/698 1938/2912/1938 2605/2909/2605
f 2605/2909/2605 1938/2912/1938 561/1747/561 1637/1746/1637
f 1939/2910/1939 2605/2909/2605 1637/1746/1637 562/1745/562
f 702/1713/702 1934/2895/1934 2606/2913/2606 1940/2914/1940
f 1934/2895/1934 701/1715/701 1939/2910/1939 2606/2913/2606
f 2606/2913/2606 1939/2910/1939 562/1745/562 1636/1753/1636
f 1940/2914/1940 2606/2913/2606 1636/1753/1636 563/1752/563
f 703/1709/703 1935/1756/1935 2607/2915/2607 1945/2916/1945
f 1935/1756/1935 702/1713/702 1940/2914/1940 2607/2915/2607
f 2607/2915/2607 1940/2914/1940 563/1752/563 1648/1758/1648
f 1945/2916/1945 2607/2915/2607 1648/1758/1648 568/1757/568
f 703/1709/703 1945/2917/1945 2608/2918/2608 1936/2919/1936
f 1945/2917/1945 568/1757/568 1649/1765/1649 2608/2918/2608
f 2608/2918/2608 1649/1765/1649 564/1764/564 1941/2920/1941
f 1936/2919/1936 2608/2918/2608 1941/2920/1941 700/1762/700
f 699/2921/699 1931/2922/1931 2609/2923/2609 1942/2924/1942
f 1931/2922/1931 700/2893/700 1941/2925/1941 2609/2923/2609
f 2609/2923/2609 1941/2925/1941 564/1764/564 1646/1770/1646
f 1942/2924/1942 2609/2923/2609 1646/1770/1646 565/1769/565
f 696/2926/696 1930/2927/1930 2610/2928/2610 1943/2929/1943
f 1930/2927/1930 699/2921/699 1942/2924/1942 2610/2928/2610
f 2610/2928/2610 1942/2924/1942 565/1769/565 1645/1778/1645
f 1943/2929/1943 2610/2928/2610 1645/1778/1645 566/1777/566
f 695/1287/695 1946/2930/1946 2611/2931/2611 1824/2932/1824
f 1946/2930/1946 704/1785/704 1947/2933/1947 2611/2931/2611
f 2611/2931/2611 1947/2933/1947 705/2934/705 1948/1782/1948
f 1824/2932/1824 2611/2931/2611 1948/1782/1948 671/1619/671
f 567/1786/567 1944/2935/1944 2612/2936/2612 1644/1787/1644
f 1944/2935/1944 695/1287/695 1926/1792/1926 2612/2936/2612
f 2612/2936/2612 1926/1792/1926 696/2937/696 1943/2938/1943
f 1644/1787/1644 2612/2936/2612 1943/2938/1943 566/1777/566
f 698/2911/698 1928/2939/1928 2613/1793/2613 1938/2912/1938
f 1928/2939/1928 697/2905/697 1937/2908/1937 2613/1793/2613
f 2613/1793/2613 1937/2908/1937 560/1740/560 1638/1794/1638
f 1938/2912/1938 2613/1793/2613 1638/1794/1638 561/1747/561
f 705/1783/705 1952/1798/1952 2614/2940/2614 1948/2941/1948
f 1952/1798/1952 573/1802/573 1657/1801/1657 2614/2940/2614
f 2614/2940/2614 1657/1801/1657 527/1409/527 1845/2726/1845
f 1948/2941/1948 2614/2940/2614 1845/2726/1845 671/2942/671
f 705/1783/705 1947/2943/1947 2615/2944/2615 1951/2945/1951
f 1947/2943/1947 704/2946/704 1949/2947/1949 2615/2944/2615
f 2615/2944/2615 1949/2947/1949 706/1809/706 1950/1808/1950
f 1951/2945/1951 2615/2944/2615 1950/1808/1950 707/2948/707
f 704/2949/704 1946/2950/1946 2616/2951/2616 1954/1811/1954
f 1946/2950/1946 695/1287/695 1944/2952/1944 2616/2951/2616
f 2616/2951/2616 1944/2952/1944 567/1786/567 1661/1815/1661
f 1954/1811/1954 2616/2951/2616 1661/1815/1661 575/1814/575
f 707/2948/707 1953/2953/1953 2617/2954/2617 1951/1804/1951
f 1953/2953/1953 574/1821/574 1659/1820/1659 2617/2954/2617
f 2617/2954/2617 1659/1820/1659 573/1802/573 1952/1798/1952
f 1951/1804/1951 2617/2954/2617 1952/1798/1952 705/1783/705
f 706/1809/706 1949/2947/1949 2618/2955/2618 1955/2956/1955
f 1949/2947/1949 704/2949/704 1954/1811/1954 2618/2955/2618
f 2618/2955/2618 1954/1811/1954 575/1814/575 1663/1825/1663
f 1955/2956/1955 2618/2955/2618 1663/1825/1663 576/1824/576
f 706/1809/706 1955/1828/1955 2619/1827/2619 1950/1808/1950
f 1955/1828/1955 576/1824/576 1664/1829/1664 2619/1827/2619
f 2619/1827/2619 1664/1829/1664 574/1821/574 1953/2953/1953
f 1950/1808/1950 2619/1827/2619 1953/2953/1953 707/2948/707
f 709/2957/709 1958/2958/1958 2620/2959/2620 1966/2960/1966
f 1958/2958/1958 708/2961/708 1965/2962/1965 2620/2959/2620
f 2620/2959/2620 1965/2962/1965 713/2963/713 1964/2964/1964
f 1966/2960/1966 2620/2959/2620 1964/2964/1964 712/2965/712
f 617/1087/617 1740/2557/1740 2621/2966/2621 1828/1834/1828
f 1740/2557/1740 618/2556/618 1829/2684/1829 2621/2966/2621
f 2621/2966/2621 1829/2684/1829 482/1300/482 1959/2669/1959
f 1828/1834/1828 2621/2966/2621 1959/2669/1959 709/1292/709
f 674/2548/674 1738/2547/1738 2622/2967/2622 1903/1616/1903
f 1738/2547/1738 616/1081/616 1956/1837/1956 2622/2967/2622
f 2622/2967/2622 1956/1837/1956 708/1609/708 1960/1604/1960
f 1903/1616/1903 2622/2967/2622 1960/1604/1960 551/1601/551
f 719/2968/719 1984/2969/1984 2623/2970/2623 1978/2971/1978
f 1984/2969/1984 718/2972/718 1973/2973/1973 2623/2970/2623
f 2623/2970/2623 1973/2973/1973 714/2974/714 1971/2975/1971
f 1978/2971/1978 2623/2970/2623 1971/2975/1971 717/2976/717
f 617/2977/617 1828/2978/1828 2624/2979/2624 1967/2980/1967
f 1828/2978/1828 709/2957/709 1966/2960/1966 2624/2979/2624
f 2624/2979/2624 1966/2960/1966 712/2965/712 1962/2981/1962
f 1967/2980/1967 2624/2979/2624 1962/2981/1962 711/2982/711
f 708/2983/708 1956/2984/1956 2625/2985/2625 1965/2986/1965
f 1956/2984/1956 616/2987/616 1968/2988/1968 2625/2985/2625
f 2625/2985/2625 1968/2988/1968 710/2989/710 1963/2990/1963
f 1965/2986/1965 2625/2985/2625 1963/2990/1963 713/2991/713
f 616/2987/616 1739/2992/1739 2626/2993/2626 1968/2988/1968
f 1739/2992/1739 617/2977/617 1967/2980/1967 2626/2993/2626
f 2626/2993/2626 1967/2980/1967 711/2982/711 1961/2994/1961
f 1968/2988/1968 2626/2993/2626 1961/2994/1961 710/2989/710
f 714/2974/714 1969/2995/1969 2627/2996/2627 1971/2997/1971
f 1969/2995/1969 715/2998/715 1970/2999/1970 2627/2996/2627
f 2627/2996/2627 1970/2999/1970 716/3000/716 1972/3001/1972
f 1971/2997/1971 2627/2996/2627 1972/3001/1972 717/2976/717
f 718/2972/718 1983/3002/1983 2628/3003/2628 1973/2973/1973
f 1983/3002/1983 720/3004/720 1975/3005/1975 2628/3003/2628
f 2628/3003/2628 1975/3005/1975 715/2998/715 1969/2995/1969
f 1973/2973/1973 2628/3003/2628 1969/2995/1969 714/2974/714
f 721/3006/721 1982/3007/1982 2629/3008/2629 1980/3009/1980
f 1982/3007/1982 719/3010/719 1978/3011/1978 2629/3008/2629
f 2629/3008/2629 1978/3011/1978 717/2976/717 1972/3001/1972
f 1980/3009/1980 2629/3008/2629 1972/3001/1972 716/3000/716
f 720/3004/720 1981/3012/1981 2630/3013/2630 1975/3005/1975
f 1981/3012/1981 721/3006/721 1980/3009/1980 2630/3013/2630
f 2630/3013/2630 1980/3009/1980 716/3000/716 1970/2999/1970
f 1975/3005/1975 2630/3013/2630 1970/2999/1970 715/2998/715
f 711/3014/711 1962/2981/1962 2631/3015/2631 1979/3016/1979
f 1962/2981/1962 712/3017/712 1976/3018/1976 2631/3015/2631
f 2631/3015/2631 1976/3018/1976 721/3006/721 1981/3012/1981
f 1979/3016/1979 2631/3015/2631 1981/3012/1981 720/3019/720
f 712/2965/712 1964/2964/1964 2632/3020/2632 1976/3021/1976
f 1964/2964/1964 713/2963/713 1974/3022/1974 2632/3020/2632
f 2632/3020/2632 1974/3022/1974 719/3010/719 1982/3007/1982
f 1976/3021/1976 2632/3020/2632 1982/3007/1982 721/3006/721
f 710/3023/710 1961/3024/1961 2633/3025/2633 1977/3026/1977
f 1961/3024/1961 711/3014/711 1979/3016/1979 2633/3025/2633
f 2633/3025/2633 1979/3016/1979 720/3019/720 1983/3027/1983
f 1977/3026/1977 2633/3025/2633 1983/3027/1983 718/2972/718
f 713/2991/713 1963/2990/1963 2634/3028/2634 1974/3029/1974
f 1963/2990/1963 710/2989/710 1977/3030/1977 2634/3028/2634
f 2634/3028/2634 1977/3030/1977 718/2972/718 1984/2969/1984
f 1974/3029/1974 2634/3028/2634 1984/2969/1984 719/2968/719
f 496/1505/496 1697/1879/1697 2635/1878/2635 1854/3031/1854
f 1697/1879/1697 593/1882/593 1991/1881/1991 2635/1878/2635
f 2635/1878/2635 1991/1881/1991 673/1397/673 1985/1398/1985
f 1854/3031/1854 2635/1878/2635 1985/1398/1985 633/2720/633
f 623/1399/623 1827/3032/1827 2636/1885/2636 1989/3033/1989
f 1827/3032/1827 673/1397/673 1988/1890/1988 2636/1885/2636
f 2636/1885/2636 1988/1890/1988 723/1889/723 1987/3034/1987
f 1989/3033/1989 2636/1885/2636 1987/3034/1987 722/1887/722
f 488/1405/488 1745/3035/1745 2637/3036/2637 1703/1891/1703
f 1745/3035/1745 623/1399/623 1989/3033/1989 2637/3036/2637
f 2637/3036/2637 1989/3033/1989 722/1887/722 1986/3037/1986
f 1703/1891/1703 2637/3036/2637 1986/3037/1986 596/1894/596
f 596/1894/596 1986/3037/1986 2638/1897/2638 1704/1896/1704
f 1986/3037/1986 722/1887/722 1987/3034/1987 2638/1897/2638
f 2638/1897/2638 1987/3034/1987 723/1889/723 1990/1899/1990
f 1704/1896/1704 2638/1897/2638 1990/1899/1990 597/1898/597
f 729/3038/729 2007/3039/2007 2639/3040/2639 2001/3041/2001
f 2007/3039/2007 728/3042/728 1996/3043/1996 2639/3040/2639
f 2639/3040/2639 1996/3043/1996 726/3044/726 1995/3045/1995
f 2001/3041/2001 2639/3040/2639 1995/3045/1995 725/3046/725
f 725/3046/725 1995/3045/1995 2640/3047/2640 1992/3048/1992
f 1995/3045/1995 726/3044/726 1993/3049/1993 2640/3047/2640
f 2640/3047/2640 1993/3049/1993 727/3050/727 1994/3051/1994
f 1992/3048/1992 2640/3047/2640 1994/3051/1994 724/3052/724
f 730/3053/730 2006/3054/2006 2641/3055/2641 2002/3056/2002
f 2006/3054/2006 729/3038/729 2001/3041/2001 2641/3055/2641
f 2641/3055/2641 2001/3041/2001 725/3046/725 1992/3048/1992
f 2002/3056/2002 2641/3055/2641 1992/3048/1992 724/3052/724
f 731/3057/731 2005/3058/2005 2642/3059/2642 2003/3060/2003
f 2005/3058/2005 730/3053/730 2002/3056/2002 2642/3059/2642
f 2642/3059/2642 2002/3056/2002 724/3052/724 1994/3061/1994
f 2003/3060/2003 2642/3059/2642 1994/3061/1994 727/3050/727
f 728/3062/728 2004/3063/2004 2643/3064/2643 1996/3065/1996
f 2004/3063/2004 731/3057/731 2003/3060/2003 2643/3064/2643
f 2643/3064/2643 2003/3060/2003 727/3050/727 1993/3049/1993
f 1996/3065/1996 2643/3064/2643 1993/3049/1993 726/3044/726
f 593/3066/593 1701/3067/1701 2644/3068/2644 2000/3069/2000
f 1701/3067/1701 597/3070/597 1999/3071/1999 2644/3068/2644
f 2644/3068/2644 1999/3071/1999 731/3057/731 2004/3063/2004
f 2000/3069/2000 2644/3068/2644 2004/3063/2004 728/3062/728
f 597/3070/597 1990/3072/1990 2645/3073/2645 1999/3071/1999
f 1990/3072/1990 723/3074/723 1998/3075/1998 2645/3073/2645
f 2645/3073/2645 1998/3075/1998 730/3053/730 2005/3058/2005
f 1999/3071/1999 2645/3073/2645 2005/3058/2005 731/3057/731
f 723/3074/723 1988/3076/1988 2646/3077/2646 1998/3075/1998
f 1988/3076/1988 673/3078/673 1997/3079/1997 2646/3077/2646
f 2646/3077/2646 1997/3079/1997 729/3038/729 2006/3054/2006
f 1998/3075/1998 2646/3077/2646 2006/3054/2006 730/3053/730
f 673/3078/673 1991/3080/1991 2647/3081/2647 1997/3079/1997
f 1991/3080/1991 593/3082/593 2000/3083/2000 2647/3081/2647
f 2647/3081/2647 2000/3083/2000 728/3042/728 2007/3039/2007
f 1997/3079/1997 2647/3081/2647 2007/3039/2007 729/3038/729
f 690/1253/690 1910/3084/1910 2648/3085/2648 1810/2647/1810
f 1910/3084/1910 689/2762/689 1807/3086/1807 2648/3085/2648
f 2648/3085/2648 1807/3086/1807 659/1921/659 1808/3087/1808
f 1810/2647/1810 2648/3085/2648 1808/3087/1808 661/2648/661
f 665/1632/665 1815/2850/1815 2649/3088/2649 1819/3089/1819
f 1815/2850/1815 692/2657/692 1906/1335/1906 2649/3088/2649
f 2649/3088/2649 1906/1335/1906 693/1274/693 1818/2841/1818
f 1819/3089/1819 2649/3088/2649 1818/2841/1818 667/2840/667
f 695/1287/695 1902/1288/1902 2650/3090/2650 1926/1792/1926
f 1902/1288/1902 672/2668/672 1927/3091/1927 2650/3090/2650
f 2650/3090/2650 1927/3091/1927 697/1736/697 1925/3092/1925
f 1926/1792/1926 2650/3090/2650 1925/3092/1925 696/2937/696
f 659/3093/659 1807/1922/1807 2651/3094/2651 1813/1931/1813
f 1807/1922/1807 689/2762/689 2010/3095/2010 2651/3094/2651
f 2651/3094/2651 2010/3095/2010 734/2651/734 2011/2851/2011
f 1813/1931/1813 2651/3094/2651 2011/2851/2011 732/2794/732
f 664/2825/664 1814/3096/1814 2652/3097/2652 1870/1585/1870
f 1814/3096/1814 733/1267/733 2012/2803/2012 2652/3097/2652
f 2652/3097/2652 2012/2803/2012 609/1535/609 1512/1937/1512
f 1870/1585/1870 2652/3097/2652 1512/1937/1512 520/1584/520
f 659/1930/659 1813/3098/1813 2653/3099/2653 1856/2731/1856
f 1813/3098/1813 732/2794/732 2013/1511/2013 2653/3099/2653
f 2653/3099/2653 2013/1511/2013 608/1514/608 1511/1939/1511
f 1856/2731/1856 2653/3099/2653 1511/1939/1511 515/1417/515
f 689/2762/689 1896/2761/1896 2654/3100/2654 2010/3095/2010
f 1896/2761/1896 660/2760/660 2009/1534/2009 2654/3100/2654
f 2654/3100/2654 2009/1534/2009 733/1267/733 2014/2652/2014
f 2010/3095/2010 2654/3100/2654 2014/2652/2014 734/2651/734
o Torus.001
v 0.000000 2.256511 0.035716
v 0.017203 2.258862 0.035782
v 0.027835 2.265015 0.035956
v 0.027835 2.272621 0.036171
v 0.017203 2.278774 0.036345
v 0.000000 2.281124 0.036412
v -0.017203 2.278774 0.036345
v -0.027835 2.272621 0.036171
v -0.027835 2.265015 0.035956
v -0.017203 2.258862 0.035782
v 0.000000 2.265625 0.005183
v 0.017203 2.267627 0.006416
v 0.027835 2.272869 0.009643
v 0.027835 2.279349 0.013632
v 0.017203 2.284590 0.016859
v 0.000000 2.286592 0.018092
v -0.017203 2.284590 0.016859
v -0.027835 2.279349 0.013632
v -0.027835 2.272869 0.009643
v -0.017203 2.267627 0.006416
v 0.000000 2.288785 -0.016702
v 0.017203 2.289902 -0.014634
v 0.027835 2.292828 -0.009218
v 0.027835 2.296445 -0.002524
v 0.017203 2.299371 0.002892
v 0.000000 2.300488 0.004961
v -0.017203 2.299371 0.002892
v -0.027835 2.296445 -0.002524
v -0.027835 2.292828 -0.009218
v -0.017203 2.289902 -0.014634
v 0.000000 2.319784 -0.024076
v 0.017203 2.319717 -0.021726
v 0.027835 2.319543 -0.015572
v 0.027835 2.319328 -0.007967
v 0.017203 2.319154 -0.001813
v 0.000000 2.319088 0.000537
v -0.017203 2.319154 -0.001813
v -0.027835 2.319328 -0.007967
v -0.027835 2.319543 -0.015572
v -0.017203 2.319717 -0.021726
v -0.000000 2.350316 -0.014962
v 0.017203 2.349084 -0.012960
v 0.027835 2.345856 -0.007718
v 0.027835 2.341867 -0.001239
v 0.017203 2.338640 0.004003
v -0.000000 2.337407 0.006005
v -0.017203 2.338640 0.004003
v -0.027835 2.341867 -0.001239
v -0.027835 2.345856 -0.007718
v -0.017203 2.349084 -0.012960
v -0.000000 2.372202 0.008197
v 0.017203 2.370133 0.009315
v 0.027835 2.364717 0.012241
v 0.027835 2.358023 0.015857
v 0.017203 2.352607 0.018783
v -0.000000 2.350538 0.019901
v -0.017203 2.352607 0.018783
v -0.027835 2.358023 0.015857
v -0.027835 2.364717 0.012241
v -0.017203 2.370133 0.009315
v -0.015075 2.289119 0.119587
v -0.024717 2.297928 0.115173
v -0.024747 2.309039 0.109829
v -0.015170 2.318027 0.105687
v 0.000000 2.321442 0.104153
v 0.015170 2.318027 0.105687
v 0.024747 2.309039 0.109829
v 0.024717 2.297928 0.115173
v 0.015075 2.289119 0.119587
v 0.000000 2.285837 0.121279
v -0.015087 2.403979 0.069664
v -0.024725 2.393679 0.073371
v -0.024719 2.380894 0.078215
v -0.015077 2.370737 0.082263
v -0.000000 2.366937 0.083830
v 0.015077 2.370737 0.082263
v 0.024719 2.380894 0.078215
v 0.024725 2.393679 0.073371
v 0.015087 2.403979 0.069664
v -0.000000 2.407868 0.068313
v 0.000000 2.263885 0.066715
v 0.017203 2.265954 0.065597
v 0.027835 2.271369 0.062671
v 0.027835 2.278064 0.059055
v 0.017203 2.283480 0.056129
v 0.000000 2.285548 0.055011
v -0.017203 2.283480 0.056129
v -0.027835 2.278064 0.059055
v -0.027835 2.271369 0.062671
v -0.017203 2.265954 0.065597
v -0.000000 2.385833 0.042021
v -0.000000 2.363752 0.052875
v 0.027835 2.371381 0.049125
v 0.017203 2.365861 0.051839
v -0.027835 2.378205 0.045771
v -0.017203 2.383725 0.043057
v 0.017203 2.383725 0.043057
v 0.027835 2.378205 0.045771
v -0.017203 2.365861 0.051839
v -0.027835 2.371381 0.049125
v 0.027835 2.293640 0.087600
v -0.027835 2.286946 0.091216
v 0.027835 2.286946 0.091216
v 0.017203 2.281530 0.094142
v -0.027835 2.293640 0.087600
v -0.017203 2.299056 0.084674
v 0.000000 2.301125 0.083556
v 0.017203 2.299056 0.084674
v 0.000000 2.279461 0.095260
v -0.017203 2.281530 0.094142
v 0.000000 -2.256511 0.035716
v 0.017203 -2.258862 0.035782
v 0.027835 -2.265015 0.035956
v 0.027835 -2.272621 0.036171
v 0.017203 -2.278774 0.036345
v 0.000000 -2.281124 0.036412
v -0.017203 -2.278774 0.036345
v -0.027835 -2.272621 0.036171
v -0.027835 -2.265015 0.035956
v -0.017203 -2.258862 0.035782
v 0.000000 -2.265625 0.005183
v 0.017203 -2.267627 0.006416
v 0.027835 -2.272869 0.009643
v 0.027835 -2.279349 0.013632
v 0.017203 -2.284590 0.016859
v 0.000000 -2.286592 0.018092
v -0.017203 -2.284590 0.016859
v -0.027835 -2.279349 0.013632
v -0.027835 -2.272869 0.009643
v -0.017203 -2.267627 0.006416
v 0.000000 -2.288785 -0.016702
v 0.017203 -2.289902 -0.014634
v 0.027835 -2.292828 -0.009218
v 0.027835 -2.296445 -0.002524
v 0.017203 -2.299371 0.002892
v 0.000000 -2.300488 0.004961
v -0.017203 -2.299371 0.002892
v -0.027835 -2.296445 -0.002524
v -0.027835 -2.292828 -0.009218
v -0.017203 -2.289902 -0.014634
v 0.000000 -2.319784 -0.024076
v 0.017203 -2.319717 -0.021726
v 0.027835 -2.319543 -0.015572
v 0.027835 -2.319328 -0.007967
v 0.017203 -2.319154 -0.001813
v 0.000000 -2.319088 0.000537
v -0.017203 -2.319154 -0.001813
v -0.027835 -2.319328 -0.007967
v -0.027835 -2.319543 -0.015572
v -0.017203 -2.319717 -0.021726
v -0.000000 -2.350316 -0.014962
v 0.017203 -2.349084 -0.012960
v 0.027835 -2.345856 -0.007718
v 0.027835 -2.341867 -0.001239
v 0.017203 -2.338640 0.004003
v -0.000000 -2.337407 0.006005
v -0.017203 -2.338640 0.004003
v -0.027835 -2.341867 -0.001239
v -0.027835 -2.345856 -0.007718
v -0.017203 -2.349084 -0.012960
v -0.000000 -2.372202 0.008197
v 0.017203 -2.370133 0.009315
v 0.027835 -2.364717 0.012241
v 0.027835 -2.358023 0.015857
v 0.017203 -2.352607 0.018783
v -0.000000 -2.350538 0.019901
v -0.017203 -2.352607 0.018783
v -0.027835 -2.358023 0.015857
v -0.027835 -2.364717 0.012241
v -0.017203 -2.370133 0.009315
v -0.015075 -2.289119 0.119587
v -0.024717 -2.297928 0.115173
v -0.024747 -2.309039 0.109829
v -0.015170 -2.318027 0.105687
v 0.000000 -2.321442 0.104153
v 0.015170 -2.318027 0.105687
v 0.024747 -2.309039 0.109829
v 0.024717 -2.297928 0.115173
v 0.015075 -2.289119 0.119587
v 0.000000 -2.285837 0.121279
v -0.015087 -2.403979 0.069664
v -0.024725 -2.393679 0.073371
v -0.024719 -2.380894 0.078215
v -0.015077 -2.370737 0.082263
v -0.000000 -2.366937 0.083830
v 0.015077 -2.370737 0.082263
v 0.024719 -2.380894 0.078215
v 0.024725 -2.393679 0.073371
v 0.015087 -2.403979 0.069664
v -0.000000 -2.407868 0.068313
v 0.000000 -2.263885 0.066715
v 0.017203 -2.265954 0.065597
v 0.027835 -2.271369 0.062671
v 0.027835 -2.278064 0.059055
v 0.017203 -2.283480 0.056129
v 0.000000 -2.285548 0.055011
v -0.017203 -2.283480 0.056129
v -0.027835 -2.278064 0.059055
v -0.027835 -2.271369 0.062671
v -0.017203 -2.265954 0.065597
v -0.000000 -2.385833 0.042021
v -0.000000 -2.363752 0.052875
v 0.027835 -2.371381 0.049125
v 0.017203 -2.365861 0.051839
v -0.027835 -2.378205 0.045771
v -0.017203 -2.383725 0.043057
v 0.017203 -2.383725 0.043057
v 0.027835 -2.378205 0.045771
v -0.017203 -2.365861 0.051839
v -0.027835 -2.371381 0.049125
v 0.027835 -2.293640 0.087600
v -0.027835 -2.286946 0.091216
v 0.027835 -2.286946 0.091216
v 0.017203 -2.281530 0.094142
v -0.027835 -2.293640 0.087600
v -0.017203 -2.299056 0.084674
v 0.000000 -2.301125 0.083556
v 0.017203 -2.299056 0.084674
v 0.000000 -2.279461 0.095260
v -0.017203 -2.281530 0.094142
vn -0.0000 -0.9996 -0.0283
vn 0.3150 -0.9487 -0.0268
vn 0.8307 -0.5566 -0.0157
vn 0.9019 0.4318 0.0122
vn 0.3346 0.9420 0.0266
vn -0.0000 0.9996 0.0283
vn -0.3346 0.9420 0.0266
vn -0.9019 0.4318 0.0122
vn -0.8307 -0.5566 -0.0157
vn -0.3150 -0.9487 -0.0268
vn -0.0000 -0.8515 -0.5243
vn 0.3150 -0.8082 -0.4976
vn 0.8307 -0.4741 -0.2919
vn 0.9019 0.3679 0.2265
vn 0.3346 0.8025 0.4941
vn -0.0000 0.8515 0.5243
vn -0.3346 0.8025 0.4941
vn -0.9019 0.3679 0.2265
vn -0.8307 -0.4741 -0.2919
vn -0.3150 -0.8082 -0.4976
vn -0.0000 -0.4753 -0.8798
vn 0.3150 -0.4511 -0.8350
vn 0.8307 -0.2646 -0.4899
vn 0.9019 0.2053 0.3801
vn 0.3346 0.4479 0.8291
vn -0.0000 0.4753 0.8798
vn -0.3346 0.4479 0.8291
vn -0.9019 0.2053 0.3801
vn -0.8307 -0.2647 -0.4899
vn -0.3150 -0.4511 -0.8350
vn -0.0000 0.0283 -0.9996
vn 0.3150 0.0268 -0.9487
vn 0.8307 0.0157 -0.5566
vn 0.9019 -0.0122 0.4318
vn 0.3346 -0.0266 0.9420
vn -0.0000 -0.0283 0.9996
vn -0.3346 -0.0266 0.9420
vn -0.9019 -0.0122 0.4318
vn -0.8307 0.0157 -0.5566
vn -0.3150 0.0268 -0.9487
vn -0.0000 0.5243 -0.8515
vn 0.3150 0.4976 -0.8082
vn 0.8307 0.2919 -0.4741
vn 0.9019 -0.2265 0.3679
vn 0.3346 -0.4941 0.8025
vn -0.0000 -0.5243 0.8515
vn -0.3346 -0.4941 0.8025
vn -0.9019 -0.2265 0.3679
vn -0.8307 0.2919 -0.4741
vn -0.3150 0.4976 -0.8082
vn -0.0000 0.8425 -0.5387
vn 0.3171 0.7990 -0.5109
vn 0.8404 0.4549 -0.2947
vn 0.8918 -0.3820 0.2424
vn 0.3310 -0.7939 0.5100
vn -0.0000 -0.8417 0.5400
vn -0.3310 -0.7939 0.5100
vn -0.8918 -0.3820 0.2424
vn -0.8404 0.4549 -0.2947
vn -0.3171 0.7990 -0.5109
vn -0.3128 -0.3888 0.8666
vn -0.6702 -0.0231 0.7418
vn -0.6807 0.6069 0.4102
vn -0.3261 0.9277 0.1820
vn -0.0000 0.9917 0.1285
vn 0.3243 0.9291 0.1780
vn 0.6789 0.6116 0.4061
vn 0.6717 -0.0170 0.7406
vn 0.3144 -0.3846 0.8679
vn -0.0000 -0.4656 0.8850
vn -0.3406 0.9049 0.2553
vn -0.6844 0.5618 0.4647
vn -0.6802 -0.0760 0.7291
vn -0.3338 -0.4721 0.8159
vn -0.0000 -0.5657 0.8246
vn 0.3320 -0.4763 0.8142
vn 0.6786 -0.0824 0.7299
vn 0.6861 0.5566 0.4685
vn 0.3425 0.9031 0.2592
vn -0.0000 0.9788 0.2046
vn -0.0000 -0.9331 0.3597
vn 0.3174 -0.8848 0.3412
vn 0.8470 -0.4974 0.1876
vn 0.8838 0.4359 -0.1699
vn 0.3270 0.8829 -0.3369
vn -0.0000 0.9341 -0.3570
vn -0.3270 0.8829 -0.3369
vn -0.8838 0.4359 -0.1699
vn -0.8470 -0.4974 0.1876
vn -0.3174 -0.8848 0.3412
vn -0.0000 0.8648 -0.5021
vn -0.0000 -0.9670 0.2547
vn 0.8930 -0.4110 0.1831
vn 0.3896 -0.8791 0.2745
vn -0.8973 0.4103 -0.1624
vn -0.3888 0.8146 -0.4304
vn 0.3888 0.8146 -0.4304
vn 0.8973 0.4103 -0.1624
vn -0.3896 -0.8791 0.2745
vn -0.8930 -0.4110 0.1831
vn 0.8935 0.4014 -0.2014
vn -0.8902 -0.3889 0.2373
vn 0.8902 -0.3889 0.2373
vn 0.3803 -0.8415 0.3837
vn -0.8935 0.4014 -0.2014
vn -0.3796 0.7706 -0.5119
vn -0.0000 0.8104 -0.5859
vn 0.3796 0.7706 -0.5119
vn -0.0000 -0.9268 0.3757
vn -0.3803 -0.8415 0.3837
vn -0.0000 0.9996 -0.0283
vn 0.3150 0.9487 -0.0268
vn 0.8307 0.5566 -0.0157
vn 0.9019 -0.4318 0.0122
vn 0.3346 -0.9420 0.0266
vn -0.0000 -0.9996 0.0283
vn -0.3346 -0.9420 0.0266
vn -0.9019 -0.4318 0.0122
vn -0.8307 0.5566 -0.0157
vn -0.3150 0.9487 -0.0268
vn -0.0000 0.8515 -0.5243
vn 0.3150 0.8082 -0.4976
vn 0.8307 0.4741 -0.2919
vn 0.9019 -0.3679 0.2265
vn 0.3346 -0.8025 0.4941
vn -0.0000 -0.8515 0.5243
vn -0.3346 -0.8025 0.4941
vn -0.9019 -0.3679 0.2265
vn -0.8307 0.4741 -0.2919
vn -0.3150 0.8082 -0.4976
vn -0.0000 0.4753 -0.8798
vn 0.3150 0.4511 -0.8350
vn 0.8307 0.2647 -0.4899
vn 0.9019 -0.2053 0.3801
vn 0.3346 -0.4479 0.8291
vn -0.0000 -0.4753 0.8798
vn -0.3346 -0.4479 0.8291
vn -0.9019 -0.2053 0.3801
vn -0.8307 0.2647 -0.4899
vn -0.3150 0.4511 -0.8350
vn -0.0000 -0.0283 -0.9996
vn 0.3150 -0.0268 -0.9487
vn 0.8307 -0.0157 -0.5566
vn 0.9019 0.0122 0.4318
vn 0.3346 0.0266 0.9420
vn -0.0000 0.0283 0.9996
vn -0.3346 0.0266 0.9420
vn -0.9019 0.0122 0.4318
vn -0.8307 -0.0157 -0.5566
vn -0.3150 -0.0268 -0.9487
vn -0.0000 -0.5243 -0.8515
vn 0.3150 -0.4976 -0.8082
vn 0.8307 -0.2919 -0.4741
vn 0.9019 0.2265 0.3679
vn 0.3346 0.4941 0.8025
vn -0.0000 0.5243 0.8515
vn -0.3346 0.4941 0.8025
vn -0.9019 0.2265 0.3679
vn -0.8307 -0.2919 -0.4741
vn -0.3150 -0.4976 -0.8082
vn -0.0000 -0.8425 -0.5387
vn 0.3171 -0.7990 -0.5109
vn 0.8404 -0.4549 -0.2947
vn 0.8918 0.3820 0.2424
vn 0.3310 0.7939 0.5100
vn -0.0000 0.8417 0.5400
vn -0.3310 0.7939 0.5100
vn -0.8918 0.3820 0.2424
vn -0.8404 -0.4549 -0.2947
vn -0.3171 -0.7990 -0.5109
vn -0.3128 0.3888 0.8666
vn -0.6702 0.0231 0.7418
vn -0.6807 -0.6069 0.4102
vn -0.3261 -0.9277 0.1820
vn -0.0000 -0.9917 0.1285
vn 0.3243 -0.9291 0.1780
vn 0.6789 -0.6116 0.4061
vn 0.6717 0.0170 0.7406
vn 0.3144 0.3846 0.8679
vn -0.0000 0.4656 0.8850
vn -0.3406 -0.9049 0.2553
vn -0.6844 -0.5618 0.4647
vn -0.6802 0.0760 0.7291
vn -0.3338 0.4721 0.8159
vn -0.0000 0.5657 0.8246
vn 0.3320 0.4763 0.8142
vn 0.6786 0.0824 0.7299
vn 0.6861 -0.5566 0.4685
vn 0.3425 -0.9031 0.2592
vn -0.0000 -0.9788 0.2046
vn -0.0000 0.9331 0.3597
vn 0.3174 0.8848 0.3412
vn 0.8470 0.4974 0.1876
vn 0.8838 -0.4359 -0.1699
vn 0.3270 -0.8829 -0.3369
vn -0.0000 -0.9341 -0.3570
vn -0.3270 -0.8829 -0.3369
vn -0.8838 -0.4359 -0.1699
vn -0.8470 0.4974 0.1876
vn -0.3174 0.8848 0.3412
vn -0.0000 -0.8648 -0.5021
vn -0.0000 0.9670 0.2547
vn 0.8930 0.4110 0.1831
vn 0.3896 0.8791 0.2745
vn -0.8973 -0.4104 -0.1624
vn -0.3888 -0.8146 -0.4304
vn 0.3888 -0.8146 -0.4304
vn 0.8973 -0.4103 -0.1624
vn -0.3896 0.8791 0.2745
vn -0.8930 0.4110 0.1831
vn 0.8935 -0.4014 -0.2014
vn -0.8902 0.3889 0.2373
vn 0.8902 0.3889 0.2373
vn 0.3803 0.8415 0.3837
vn -0.8935 -0.4014 -0.2014
vn -0.3796 -0.7706 -0.5119
vn -0.0000 -0.8104 -0.5859
vn 0.3796 -0.7706 -0.5119
vn -0.0000 0.9268 0.3757
vn -0.3803 0.8415 0.3837
vt 0.078705 0.383528
vt 0.078716 0.368783
vt 0.087928 0.368593
vt 0.088037 0.383129
vt 0.094421 0.368318
vt 0.094625 0.382415
vt 0.098335 0.368142
vt 0.098633 0.381867
vt 0.104929 0.367686
vt 0.105379 0.380787
vt 0.114495 0.366937
vt 0.115004 0.379384
vt 0.042610 0.379042
vt 0.043028 0.366846
vt 0.052563 0.367452
vt 0.052198 0.380441
vt 0.059125 0.367987
vt 0.058864 0.381630
vt 0.063027 0.368315
vt 0.062825 0.382328
vt 0.069510 0.368644
vt 0.069383 0.383118
vt 0.078653 0.354415
vt 0.087846 0.354368
vt 0.094314 0.354364
vt 0.098204 0.354414
vt 0.104746 0.354400
vt 0.114279 0.354231
vt 0.043035 0.354248
vt 0.052565 0.354214
vt 0.059105 0.354292
vt 0.062993 0.354387
vt 0.069461 0.354434
vt 0.078580 0.340079
vt 0.087784 0.340181
vt 0.094263 0.340441
vt 0.098161 0.340711
vt 0.104716 0.341133
vt 0.114249 0.341575
vt 0.042840 0.341537
vt 0.052400 0.340924
vt 0.058981 0.340571
vt 0.062888 0.340447
vt 0.069374 0.340235
vt 0.078567 0.325445
vt 0.087855 0.325790
vt 0.094396 0.326457
vt 0.098344 0.327053
vt 0.104985 0.328063
vt 0.114561 0.329256
vt 0.042391 0.329020
vt 0.052008 0.327770
vt 0.058720 0.326839
vt 0.062704 0.326385
vt 0.069268 0.325784
vt 0.078711 0.310103
vt 0.088443 0.310954
vt 0.095201 0.312393
vt 0.099270 0.313624
vt 0.105988 0.315478
vt 0.115585 0.317510
vt 0.041376 0.317023
vt 0.050981 0.315075
vt 0.057839 0.313244
vt 0.062032 0.312031
vt 0.068921 0.310693
vt 0.184051 0.048106
vt 0.181890 0.054182
vt 0.173579 0.051634
vt 0.175474 0.047138
vt 0.148237 0.042134
vt 0.150245 0.036104
vt 0.158664 0.038245
vt 0.156923 0.042796
vt 0.172523 0.029151
vt 0.182341 0.038549
vt 0.174080 0.041825
vt 0.169493 0.037562
vt 0.159642 0.060938
vt 0.149926 0.051584
vt 0.158336 0.048028
vt 0.162839 0.052245
vt 0.173773 0.060996
vt 0.168708 0.053631
vt 0.158287 0.029151
vt 0.163553 0.036184
vt 0.078532 0.399072
vt 0.088516 0.398399
vt 0.095499 0.396846
vt 0.099717 0.395374
vt 0.106569 0.393321
vt 0.116164 0.391259
vt 0.041382 0.390642
vt 0.050952 0.392831
vt 0.057661 0.394934
vt 0.061753 0.396445
vt 0.068606 0.398119
vt 0.048175 0.294776
vt 0.055277 0.293459
vt 0.090117 0.291595
vt 0.097831 0.292820
vt 0.059859 0.292786
vt 0.067566 0.291652
vt 0.102429 0.293640
vt 0.109524 0.295203
vt 0.038486 0.296586
vt 0.078844 0.290894
vt 0.119127 0.297341
vt 0.078373 0.416369
vt 0.067115 0.415574
vt 0.118725 0.409961
vt 0.109029 0.411836
vt 0.054841 0.413072
vt 0.047757 0.411293
vt 0.097340 0.414308
vt 0.089641 0.415601
vt 0.059421 0.414155
vt 0.101919 0.413371
vt 0.038145 0.409073
s 1
f 2655/3101/2655 2665/3102/2665 2666/3103/2666 2656/3104/2656
f 2656/3104/2656 2666/3103/2666 2667/3105/2667 2657/3106/2657
f 2657/3106/2657 2667/3105/2667 2668/3107/2668 2658/3108/2658
f 2658/3108/2658 2668/3107/2668 2669/3109/2669 2659/3110/2659
f 2659/3110/2659 2669/3109/2669 2670/3111/2670 2660/3112/2660
f 2660/3113/2660 2670/3114/2670 2671/3115/2671 2661/3116/2661
f 2661/3116/2661 2671/3115/2671 2672/3117/2672 2662/3118/2662
f 2662/3118/2662 2672/3117/2672 2673/3119/2673 2663/3120/2663
f 2663/3120/2663 2673/3119/2673 2674/3121/2674 2664/3122/2664
f 2664/3122/2664 2674/3121/2674 2665/3102/2665 2655/3101/2655
f 2665/3102/2665 2675/3123/2675 2676/3124/2676 2666/3103/2666
f 2666/3103/2666 2676/3124/2676 2677/3125/2677 2667/3105/2667
f 2667/3105/2667 2677/3125/2677 2678/3126/2678 2668/3107/2668
f 2668/3107/2668 2678/3126/2678 2679/3127/2679 2669/3109/2669
f 2669/3109/2669 2679/3127/2679 2680/3128/2680 2670/3111/2670
f 2670/3114/2670 2680/3129/2680 2681/3130/2681 2671/3115/2671
f 2671/3115/2671 2681/3130/2681 2682/3131/2682 2672/3117/2672
f 2672/3117/2672 2682/3131/2682 2683/3132/2683 2673/3119/2673
f 2673/3119/2673 2683/3132/2683 2684/3133/2684 2674/3121/2674
f 2674/3121/2674 2684/3133/2684 2675/3123/2675 2665/3102/2665
f 2675/3123/2675 2685/3134/2685 2686/3135/2686 2676/3124/2676
f 2676/3124/2676 2686/3135/2686 2687/3136/2687 2677/3125/2677
f 2677/3125/2677 2687/3136/2687 2688/3137/2688 2678/3126/2678
f 2678/3126/2678 2688/3137/2688 2689/3138/2689 2679/3127/2679
f 2679/3127/2679 2689/3138/2689 2690/3139/2690 2680/3128/2680
f 2680/3129/2680 2690/3140/2690 2691/3141/2691 2681/3130/2681
f 2681/3130/2681 2691/3141/2691 2692/3142/2692 2682/3131/2682
f 2682/3131/2682 2692/3142/2692 2693/3143/2693 2683/3132/2683
f 2683/3132/2683 2693/3143/2693 2694/3144/2694 2684/3133/2684
f 2684/3133/2684 2694/3144/2694 2685/3134/2685 2675/3123/2675
f 2685/3134/2685 2695/3145/2695 2696/3146/2696 2686/3135/2686
f 2686/3135/2686 2696/3146/2696 2697/3147/2697 2687/3136/2687
f 2687/3136/2687 2697/3147/2697 2698/3148/2698 2688/3137/2688
f 2688/3137/2688 2698/3148/2698 2699/3149/2699 2689/3138/2689
f 2689/3138/2689 2699/3149/2699 2700/3150/2700 2690/3139/2690
f 2690/3140/2690 2700/3151/2700 2701/3152/2701 2691/3141/2691
f 2691/3141/2691 2701/3152/2701 2702/3153/2702 2692/3142/2692
f 2692/3142/2692 2702/3153/2702 2703/3154/2703 2693/3143/2693
f 2693/3143/2693 2703/3154/2703 2704/3155/2704 2694/3144/2694
f 2694/3144/2694 2704/3155/2704 2695/3145/2695 2685/3134/2685
f 2695/3145/2695 2705/3156/2705 2706/3157/2706 2696/3146/2696
f 2696/3146/2696 2706/3157/2706 2707/3158/2707 2697/3147/2697
f 2697/3147/2697 2707/3158/2707 2708/3159/2708 2698/3148/2698
f 2698/3148/2698 2708/3159/2708 2709/3160/2709 2699/3149/2699
f 2699/3149/2699 2709/3160/2709 2710/3161/2710 2700/3150/2700
f 2700/3151/2700 2710/3162/2710 2711/3163/2711 2701/3152/2701
f 2701/3152/2701 2711/3163/2711 2712/3164/2712 2702/3153/2702
f 2702/3153/2702 2712/3164/2712 2713/3165/2713 2703/3154/2703
f 2703/3154/2703 2713/3165/2713 2714/3166/2714 2704/3155/2704
f 2704/3155/2704 2714/3166/2714 2705/3156/2705 2695/3145/2695
f 2757/3167/2757 2755/3168/2755 2721/3169/2721 2722/3170/2722
f 2759/3171/2759 2756/3172/2756 2716/3173/2716 2717/3174/2717
f 2763/3175/2763 2758/3176/2758 2723/3177/2723 2724/3178/2724
f 2761/3179/2761 2760/3180/2760 2718/3181/2718 2719/3182/2719
f 2755/3168/2755 2762/3183/2762 2720/3184/2720 2721/3169/2721
f 2756/3172/2756 2764/3185/2764 2715/3186/2715 2716/3173/2716
f 2758/3176/2758 2757/3167/2757 2722/3170/2722 2723/3177/2723
f 2760/3180/2760 2759/3171/2759 2717/3174/2717 2718/3181/2718
f 2762/3183/2762 2761/3179/2761 2719/3182/2719 2720/3184/2720
f 2764/3185/2764 2763/3175/2763 2724/3178/2724 2715/3186/2715
f 2746/3179/2746 2748/3183/2748 2730/3184/2730 2729/3182/2729
f 2745/3175/2745 2750/3185/2750 2725/3186/2725 2734/3178/2734
f 2747/3168/2747 2752/3167/2752 2732/3170/2732 2731/3169/2731
f 2749/3172/2749 2754/3171/2754 2727/3174/2727 2726/3173/2726
f 2751/3176/2751 2745/3175/2745 2734/3178/2734 2733/3177/2733
f 2753/3180/2753 2746/3179/2746 2729/3182/2729 2728/3181/2728
f 2748/3183/2748 2747/3168/2747 2731/3169/2731 2730/3184/2730
f 2750/3185/2750 2749/3172/2749 2726/3173/2726 2725/3186/2725
f 2752/3167/2752 2751/3176/2751 2733/3177/2733 2732/3170/2732
f 2754/3171/2754 2753/3180/2753 2728/3181/2728 2727/3174/2727
f 2735/3187/2735 2655/3101/2655 2656/3104/2656 2736/3188/2736
f 2736/3188/2736 2656/3104/2656 2657/3106/2657 2737/3189/2737
f 2737/3189/2737 2657/3106/2657 2658/3108/2658 2738/3190/2738
f 2738/3190/2738 2658/3108/2658 2659/3110/2659 2739/3191/2739
f 2739/3191/2739 2659/3110/2659 2660/3112/2660 2740/3192/2740
f 2740/3193/2740 2660/3113/2660 2661/3116/2661 2741/3194/2741
f 2741/3194/2741 2661/3116/2661 2662/3118/2662 2742/3195/2742
f 2742/3195/2742 2662/3118/2662 2663/3120/2663 2743/3196/2743
f 2743/3196/2743 2663/3120/2663 2664/3122/2664 2744/3197/2744
f 2744/3197/2744 2664/3122/2664 2655/3101/2655 2735/3187/2735
f 2712/3164/2712 2711/3163/2711 2753/3198/2753 2754/3199/2754
f 2707/3158/2707 2706/3157/2706 2751/3200/2751 2752/3201/2752
f 2714/3166/2714 2713/3165/2713 2749/3202/2749 2750/3203/2750
f 2709/3160/2709 2708/3159/2708 2747/3204/2747 2748/3205/2748
f 2711/3163/2711 2710/3162/2710 2746/3206/2746 2753/3198/2753
f 2706/3157/2706 2705/3156/2705 2745/3207/2745 2751/3200/2751
f 2713/3165/2713 2712/3164/2712 2754/3199/2754 2749/3202/2749
f 2708/3159/2708 2707/3158/2707 2752/3201/2752 2747/3204/2747
f 2705/3156/2705 2714/3166/2714 2750/3203/2750 2745/3207/2745
f 2710/3161/2710 2709/3160/2709 2748/3205/2748 2746/3208/2746
f 2744/3197/2744 2735/3187/2735 2763/3209/2763 2764/3210/2764
f 2739/3191/2739 2740/3192/2740 2761/3211/2761 2762/3212/2762
f 2741/3194/2741 2742/3195/2742 2759/3213/2759 2760/3214/2760
f 2736/3188/2736 2737/3189/2737 2757/3215/2757 2758/3216/2758
f 2743/3196/2743 2744/3197/2744 2764/3210/2764 2756/3217/2756
f 2738/3190/2738 2739/3191/2739 2762/3212/2762 2755/3218/2755
f 2740/3193/2740 2741/3194/2741 2760/3214/2760 2761/3219/2761
f 2735/3187/2735 2736/3188/2736 2758/3216/2758 2763/3209/2763
f 2742/3195/2742 2743/3196/2743 2756/3217/2756 2759/3213/2759
f 2737/3189/2737 2738/3190/2738 2755/3218/2755 2757/3215/2757
f 2728/3181/2728 2729/3182/2729 2730/3184/2730 2727/3174/2727
f 2727/3174/2727 2730/3184/2730 2731/3169/2731 2726/3173/2726
f 2726/3173/2726 2731/3169/2731 2732/3170/2732 2725/3186/2725
f 2725/3186/2725 2732/3170/2732 2733/3177/2733 2734/3178/2734
f 2717/3174/2717 2720/3184/2720 2719/3182/2719 2718/3181/2718
f 2716/3173/2716 2721/3169/2721 2720/3184/2720 2717/3174/2717
f 2715/3186/2715 2722/3170/2722 2721/3169/2721 2716/3173/2716
f 2724/3178/2724 2723/3177/2723 2722/3170/2722 2715/3186/2715
f 2765/3101/2765 2766/3104/2766 2776/3103/2776 2775/3102/2775
f 2766/3104/2766 2767/3106/2767 2777/3105/2777 2776/3103/2776
f 2767/3106/2767 2768/3108/2768 2778/3107/2778 2777/3105/2777
f 2768/3108/2768 2769/3110/2769 2779/3109/2779 2778/3107/2778
f 2769/3110/2769 2770/3112/2770 2780/3111/2780 2779/3109/2779
f 2770/3113/2770 2771/3116/2771 2781/3115/2781 2780/3114/2780
f 2771/3116/2771 2772/3118/2772 2782/3117/2782 2781/3115/2781
f 2772/3118/2772 2773/3120/2773 2783/3119/2783 2782/3117/2782
f 2773/3120/2773 2774/3122/2774 2784/3121/2784 2783/3119/2783
f 2774/3122/2774 2765/3101/2765 2775/3102/2775 2784/3121/2784
f 2775/3102/2775 2776/3103/2776 2786/3124/2786 2785/3123/2785
f 2776/3103/2776 2777/3105/2777 2787/3125/2787 2786/3124/2786
f 2777/3105/2777 2778/3107/2778 2788/3126/2788 2787/3125/2787
f 2778/3107/2778 2779/3109/2779 2789/3127/2789 2788/3126/2788
f 2779/3109/2779 2780/3111/2780 2790/3128/2790 2789/3127/2789
f 2780/3114/2780 2781/3115/2781 2791/3130/2791 2790/3129/2790
f 2781/3115/2781 2782/3117/2782 2792/3131/2792 2791/3130/2791
f 2782/3117/2782 2783/3119/2783 2793/3132/2793 2792/3131/2792
f 2783/3119/2783 2784/3121/2784 2794/3133/2794 2793/3132/2793
f 2784/3121/2784 2775/3102/2775 2785/3123/2785 2794/3133/2794
f 2785/3123/2785 2786/3124/2786 2796/3135/2796 2795/3134/2795
f 2786/3124/2786 2787/3125/2787 2797/3136/2797 2796/3135/2796
f 2787/3125/2787 2788/3126/2788 2798/3137/2798 2797/3136/2797
f 2788/3126/2788 2789/3127/2789 2799/3138/2799 2798/3137/2798
f 2789/3127/2789 2790/3128/2790 2800/3139/2800 2799/3138/2799
f 2790/3129/2790 2791/3130/2791 2801/3141/2801 2800/3140/2800
f 2791/3130/2791 2792/3131/2792 2802/3142/2802 2801/3141/2801
f 2792/3131/2792 2793/3132/2793 2803/3143/2803 2802/3142/2802
f 2793/3132/2793 2794/3133/2794 2804/3144/2804 2803/3143/2803
f 2794/3133/2794 2785/3123/2785 2795/3134/2795 2804/3144/2804
f 2795/3134/2795 2796/3135/2796 2806/3146/2806 2805/3145/2805
f 2796/3135/2796 2797/3136/2797 2807/3147/2807 2806/3146/2806
f 2797/3136/2797 2798/3137/2798 2808/3148/2808 2807/3147/2807
f 2798/3137/2798 2799/3138/2799 2809/3149/2809 2808/3148/2808
f 2799/3138/2799 2800/3139/2800 2810/3150/2810 2809/3149/2809
f 2800/3140/2800 2801/3141/2801 2811/3152/2811 2810/3151/2810
f 2801/3141/2801 2802/3142/2802 2812/3153/2812 2811/3152/2811
f 2802/3142/2802 2803/3143/2803 2813/3154/2813 2812/3153/2812
f 2803/3143/2803 2804/3144/2804 2814/3155/2814 2813/3154/2813
f 2804/3144/2804 2795/3134/2795 2805/3145/2805 2814/3155/2814
f 2805/3145/2805 2806/3146/2806 2816/3157/2816 2815/3156/2815
f 2806/3146/2806 2807/3147/2807 2817/3158/2817 2816/3157/2816
f 2807/3147/2807 2808/3148/2808 2818/3159/2818 2817/3158/2817
f 2808/3148/2808 2809/3149/2809 2819/3160/2819 2818/3159/2818
f 2809/3149/2809 2810/3150/2810 2820/3161/2820 2819/3160/2819
f 2810/3151/2810 2811/3152/2811 2821/3163/2821 2820/3162/2820
f 2811/3152/2811 2812/3153/2812 2822/3164/2822 2821/3163/2821
f 2812/3153/2812 2813/3154/2813 2823/3165/2823 2822/3164/2822
f 2813/3154/2813 2814/3155/2814 2824/3166/2824 2823/3165/2823
f 2814/3155/2814 2805/3145/2805 2815/3156/2815 2824/3166/2824
f 2867/3167/2867 2832/3170/2832 2831/3169/2831 2865/3168/2865
f 2869/3171/2869 2827/3174/2827 2826/3173/2826 2866/3172/2866
f 2873/3175/2873 2834/3178/2834 2833/3177/2833 2868/3176/2868
f 2871/3179/2871 2829/3182/2829 2828/3181/2828 2870/3180/2870
f 2865/3168/2865 2831/3169/2831 2830/3184/2830 2872/3183/2872
f 2866/3172/2866 2826/3173/2826 2825/3186/2825 2874/3185/2874
f 2868/3176/2868 2833/3177/2833 2832/3170/2832 2867/3167/2867
f 2870/3180/2870 2828/3181/2828 2827/3174/2827 2869/3171/2869
f 2872/3183/2872 2830/3184/2830 2829/3182/2829 2871/3179/2871
f 2874/3185/2874 2825/3186/2825 2834/3178/2834 2873/3175/2873
f 2856/3179/2856 2839/3182/2839 2840/3184/2840 2858/3183/2858
f 2855/3175/2855 2844/3178/2844 2835/3186/2835 2860/3185/2860
f 2857/3168/2857 2841/3169/2841 2842/3170/2842 2862/3167/2862
f 2859/3172/2859 2836/3173/2836 2837/3174/2837 2864/3171/2864
f 2861/3176/2861 2843/3177/2843 2844/3178/2844 2855/3175/2855
f 2863/3180/2863 2838/3181/2838 2839/3182/2839 2856/3179/2856
f 2858/3183/2858 2840/3184/2840 2841/3169/2841 2857/3168/2857
f 2860/3185/2860 2835/3186/2835 2836/3173/2836 2859/3172/2859
f 2862/3167/2862 2842/3170/2842 2843/3177/2843 2861/3176/2861
f 2864/3171/2864 2837/3174/2837 2838/3181/2838 2863/3180/2863
f 2845/3187/2845 2846/3188/2846 2766/3104/2766 2765/3101/2765
f 2846/3188/2846 2847/3189/2847 2767/3106/2767 2766/3104/2766
f 2847/3189/2847 2848/3190/2848 2768/3108/2768 2767/3106/2767
f 2848/3190/2848 2849/3191/2849 2769/3110/2769 2768/3108/2768
f 2849/3191/2849 2850/3192/2850 2770/3112/2770 2769/3110/2769
f 2850/3193/2850 2851/3194/2851 2771/3116/2771 2770/3113/2770
f 2851/3194/2851 2852/3195/2852 2772/3118/2772 2771/3116/2771
f 2852/3195/2852 2853/3196/2853 2773/3120/2773 2772/3118/2772
f 2853/3196/2853 2854/3197/2854 2774/3122/2774 2773/3120/2773
f 2854/3197/2854 2845/3187/2845 2765/3101/2765 2774/3122/2774
f 2822/3164/2822 2864/3199/2864 2863/3198/2863 2821/3163/2821
f 2817/3158/2817 2862/3201/2862 2861/3200/2861 2816/3157/2816
f 2824/3166/2824 2860/3203/2860 2859/3202/2859 2823/3165/2823
f 2819/3160/2819 2858/3205/2858 2857/3204/2857 2818/3159/2818
f 2821/3163/2821 2863/3198/2863 2856/3206/2856 2820/3162/2820
f 2816/3157/2816 2861/3200/2861 2855/3207/2855 2815/3156/2815
f 2823/3165/2823 2859/3202/2859 2864/3199/2864 2822/3164/2822
f 2818/3159/2818 2857/3204/2857 2862/3201/2862 2817/3158/2817
f 2815/3156/2815 2855/3207/2855 2860/3203/2860 2824/3166/2824
f 2820/3161/2820 2856/3208/2856 2858/3205/2858 2819/3160/2819
f 2854/3197/2854 2874/3210/2874 2873/3209/2873 2845/3187/2845
f 2849/3191/2849 2872/3212/2872 2871/3211/2871 2850/3192/2850
f 2851/3194/2851 2870/3214/2870 2869/3213/2869 2852/3195/2852
f 2846/3188/2846 2868/3216/2868 2867/3215/2867 2847/3189/2847
f 2853/3196/2853 2866/3217/2866 2874/3210/2874 2854/3197/2854
f 2848/3190/2848 2865/3218/2865 2872/3212/2872 2849/3191/2849
f 2850/3193/2850 2871/3219/2871 2870/3214/2870 2851/3194/2851
f 2845/3187/2845 2873/3209/2873 2868/3216/2868 2846/3188/2846
f 2852/3195/2852 2869/3213/2869 2866/3217/2866 2853/3196/2853
f 2847/3189/2847 2867/3215/2867 2865/3218/2865 2848/3190/2848
f 2838/3181/2838 2837/3174/2837 2840/3184/2840 2839/3182/2839
f 2837/3174/2837 2836/3173/2836 2841/3169/2841 2840/3184/2840
f 2836/3173/2836 2835/3186/2835 2842/3170/2842 2841/3169/2841
f 2835/3186/2835 2844/3178/2844 2843/3177/2843 2842/3170/2842
f 2827/3174/2827 2828/3181/2828 2829/3182/2829 2830/3184/2830
f 2826/3173/2826 2827/3174/2827 2830/3184/2830 2831/3169/2831
f 2825/3186/2825 2826/3173/2826 2831/3169/2831 2832/3170/2832
f 2834/3178/2834 2825/3186/2825 2832/3170/2832 2833/3177/2833
o Cylinder
v -0.000000 2.233438 -0.007442
v 0.008564 2.233438 -0.001220
v 0.005293 2.233438 0.008847
v -0.005293 2.233438 0.008847
v -0.008564 2.233438 -0.001220
v 0.000000 0.000000 -0.009005
v 0.008564 0.000000 -0.002783
v 0.005293 0.000000 0.007285
v -0.005293 0.000000 0.007285
v -0.008564 0.000000 -0.002783
v 0.008564 2.261865 -0.000512
v 0.000000 2.263564 -0.006497
v 0.005293 2.259116 0.009173
v -0.005293 2.259116 0.009173
v -0.008564 2.261865 -0.000512
v 0.009900 2.292979 0.014440
v 0.000000 2.297582 0.008914
v 0.006119 2.285531 0.023383
v -0.006119 2.285531 0.023383
v -0.009900 2.292979 0.014440
v 0.009052 2.309245 0.027711
v 0.000000 2.313454 0.022658
v 0.005595 2.302435 0.035888
v -0.005594 2.302435 0.035888
v -0.009052 2.309245 0.027711
v -0.009035 2.287703 0.030945
v -0.014619 2.298702 0.017739
v 0.014619 2.298702 0.017739
v 0.009035 2.287703 0.030945
v 0.000000 2.305499 0.009578
v -0.009205 2.293239 0.035526
v 0.014895 2.304445 0.022071
v -0.014895 2.304445 0.022071
v 0.009206 2.293239 0.035526
v 0.000000 2.311370 0.013756
v -0.008564 2.246528 -0.001256
v -0.000000 2.247003 -0.007401
v 0.005293 2.245760 0.008685
v -0.005293 2.245760 0.008685
v 0.008564 2.246528 -0.001256
v -0.000000 -2.233438 -0.007442
v 0.008564 -2.233438 -0.001220
v 0.005293 -2.233438 0.008847
v -0.005293 -2.233438 0.008847
v -0.008564 -2.233438 -0.001220
v 0.008564 -2.261865 -0.000512
v 0.000000 -2.263564 -0.006497
v 0.005293 -2.259116 0.009173
v -0.005293 -2.259116 0.009173
v -0.008564 -2.261865 -0.000512
v 0.009900 -2.292979 0.014440
v 0.000000 -2.297582 0.008914
v 0.006119 -2.285531 0.023383
v -0.006119 -2.285531 0.023383
v -0.009900 -2.292979 0.014440
v 0.009052 -2.309245 0.027711
v 0.000000 -2.313454 0.022658
v 0.005595 -2.302435 0.035888
v -0.005594 -2.302435 0.035888
v -0.009052 -2.309245 0.027711
v -0.009035 -2.287703 0.030945
v -0.014619 -2.298702 0.017739
v 0.014619 -2.298702 0.017739
v 0.009035 -2.287703 0.030945
v 0.000000 -2.305499 0.009578
v -0.009205 -2.293239 0.035526
v 0.014895 -2.304445 0.022071
v -0.014895 -2.304445 0.022071
v 0.009206 -2.293239 0.035526
v 0.000000 -2.311370 0.013756
v -0.008564 -2.246528 -0.001256
v -0.000000 -2.247003 -0.007401
v 0.005293 -2.245760 0.008685
v -0.005293 -2.245760 0.008685
v 0.008564 -2.246528 -0.001256
vn -0.0000 0.0005 -1.0000
vn 0.9512 0.0009 -0.3087
vn 0.5862 0.0045 0.8102
vn -0.5862 0.0045 0.8102
vn -0.9512 0.0009 -0.3087
vn -0.0000 -0.0000 -1.0000
vn 0.9510 -0.0000 -0.3093
vn 0.5879 -0.0000 0.8089
vn -0.5879 -0.0000 0.8089
vn -0.9510 -0.0000 -0.3093
vn 0.9253 0.0766 -0.3713
vn -0.0000 0.2380 -0.9713
vn 0.6302 -0.2122 0.7469
vn -0.6302 -0.2122 0.7469
vn -0.9253 0.0766 -0.3713
vn 0.8518 -0.1101 -0.5121
vn -0.0000 0.2214 -0.9752
vn 0.5844 -0.7211 0.3722
vn -0.5844 -0.7211 0.3722
vn -0.8518 -0.1101 -0.5121
vn 0.5148 0.7633 0.3903
vn -0.0000 0.9956 0.0940
vn 0.3151 0.3916 0.8645
vn -0.3151 0.3916 0.8645
vn -0.5148 0.7633 0.3903
vn -0.5535 -0.7308 0.3994
vn -0.9086 -0.0562 -0.4138
vn 0.9086 -0.0562 -0.4138
vn 0.5535 -0.7308 0.3994
vn -0.0000 0.3714 -0.9285
vn -0.5582 -0.2469 0.7921
vn 0.9136 0.4034 -0.0510
vn -0.9136 0.4034 -0.0510
vn 0.5582 -0.2469 0.7921
vn -0.0000 0.8124 -0.5832
vn -0.9479 0.0094 -0.3184
vn -0.0000 0.0264 -0.9997
vn 0.5908 -0.0104 0.8068
vn -0.5908 -0.0104 0.8068
vn 0.9479 0.0094 -0.3184
vn -0.0000 -0.0005 -1.0000
vn 0.9512 -0.0009 -0.3087
vn 0.5862 -0.0045 0.8102
vn -0.5862 -0.0045 0.8102
vn -0.9512 -0.0009 -0.3087
vn 0.9253 -0.0766 -0.3713
vn -0.0000 -0.2380 -0.9713
vn 0.6302 0.2122 0.7469
vn -0.6302 0.2122 0.7469
vn -0.9253 -0.0766 -0.3713
vn 0.8518 0.1101 -0.5121
vn -0.0000 -0.2214 -0.9752
vn 0.5844 0.7211 0.3722
vn -0.5844 0.7211 0.3722
vn -0.8518 0.1101 -0.5121
vn 0.5148 -0.7633 0.3903
vn -0.0000 -0.9956 0.0940
vn 0.3151 -0.3916 0.8645
vn -0.3151 -0.3916 0.8645
vn -0.5148 -0.7633 0.3903
vn -0.5535 0.7308 0.3994
vn -0.9086 0.0562 -0.4138
vn 0.9086 0.0562 -0.4138
vn 0.5535 0.7308 0.3994
vn -0.0000 -0.3714 -0.9285
vn -0.5582 0.2469 0.7921
vn 0.9136 -0.4034 -0.0510
vn -0.9136 -0.4034 -0.0510
vn 0.5582 0.2469 0.7921
vn -0.0000 -0.8124 -0.5832
vn -0.9479 -0.0094 -0.3184
vn -0.0000 -0.0264 -0.9997
vn 0.5908 0.0104 0.8068
vn -0.5908 0.0104 0.8068
vn 0.9479 -0.0094 -0.3184
vt 0.507632 0.440061
vt 0.064502 0.440072
vt 0.064468 0.442172
vt 0.507632 0.442161
vt 0.064447 0.444272
vt 0.507632 0.444262
vt 0.064452 0.446373
vt 0.507632 0.446362
vt 0.061983 0.450710
vt 0.061952 0.448589
vt 0.059055 0.448885
vt 0.058939 0.451005
vt 0.064477 0.448474
vt 0.507632 0.448462
vt 0.064504 0.450575
vt 0.507632 0.450562
vt 0.052622 0.449194
vt 0.051457 0.451265
vt 0.061942 0.446416
vt 0.061906 0.444215
vt 0.059107 0.444110
vt 0.059194 0.446585
vt 0.061864 0.442068
vt 0.058861 0.441790
vt 0.061890 0.439940
vt 0.058626 0.439598
vt 0.050363 0.448356
vt 0.051767 0.446835
vt 0.050339 0.446528
vt 0.049552 0.447254
vt 0.053355 0.444341
vt 0.053669 0.446882
vt 0.050060 0.440580
vt 0.051755 0.442274
vt 0.049049 0.445231
vt 0.047423 0.446576
vt 0.050112 0.445567
vt 0.051490 0.444899
vt 0.049668 0.443795
vt 0.047897 0.449347
vt 0.046889 0.443914
vt 0.047904 0.441924
vt 0.050603 0.442942
vt 0.052513 0.444624
vt 0.052794 0.446990
vt 0.051387 0.448983
vt 0.049396 0.450734
vt 0.950798 0.442159
vt 0.950768 0.440058
vt 0.950817 0.444259
vt 0.950812 0.446360
vt 0.953294 0.450699
vt 0.956338 0.450994
vt 0.956207 0.448874
vt 0.953312 0.448578
vt 0.950789 0.448461
vt 0.950766 0.450562
vt 0.963805 0.451267
vt 0.962645 0.449200
vt 0.953317 0.446404
vt 0.956061 0.446575
vt 0.956155 0.444097
vt 0.953356 0.444201
vt 0.956413 0.441778
vt 0.953405 0.442054
vt 0.956665 0.439589
vt 0.953392 0.439925
vt 0.964951 0.448344
vt 0.965806 0.447222
vt 0.964642 0.446534
vt 0.963340 0.446864
vt 0.961558 0.446888
vt 0.961910 0.444329
vt 0.963525 0.442281
vt 0.965231 0.440601
vt 0.966218 0.445254
vt 0.965209 0.445591
vt 0.967779 0.446611
vt 0.963809 0.444881
vt 0.965602 0.443819
vt 0.967331 0.449366
vt 0.968353 0.443955
vt 0.964673 0.442958
vt 0.967365 0.441962
vt 0.962370 0.447009
vt 0.962769 0.444598
vt 0.965851 0.450741
vt 0.963907 0.448982
s 1
f 2880/3220/2880 2875/3221/2875 2876/3222/2876 2881/3223/2881
f 2881/3223/2881 2876/3222/2876 2877/3224/2877 2882/3225/2882
f 2882/3225/2882 2877/3224/2877 2878/3226/2878 2883/3227/2883
f 2911/3228/2911 2910/3229/2910 2889/3230/2889 2886/3231/2886
f 2883/3227/2883 2878/3226/2878 2879/3232/2879 2884/3233/2884
f 2884/3233/2884 2879/3232/2879 2875/3234/2875 2880/3235/2880
f 2886/3231/2886 2889/3230/2889 2894/3236/2894 2891/3237/2891
f 2913/3238/2913 2912/3239/2912 2887/3240/2887 2888/3241/2888
f 2910/3229/2910 2913/3238/2913 2888/3241/2888 2889/3230/2889
f 2912/3239/2912 2914/3242/2914 2885/3243/2885 2887/3240/2887
f 2914/3242/2914 2911/3244/2911 2886/3245/2886 2885/3243/2885
f 2907/3246/2907 2905/3247/2905 2898/3248/2898 2899/3249/2899
f 2888/3241/2888 2887/3240/2887 2892/3250/2892 2893/3251/2893
f 2885/3243/2885 2886/3245/2886 2891/3252/2891 2890/3253/2890
f 2889/3230/2889 2888/3241/2888 2893/3251/2893 2894/3236/2894
f 2887/3240/2887 2885/3243/2885 2890/3253/2890 2892/3250/2892
f 2895/3254/2895 2896/3255/2896 2899/3249/2899 2898/3248/2898 2897/3256/2897
f 2908/3257/2908 2906/3258/2906 2895/3254/2895 2897/3256/2897
f 2909/3259/2909 2907/3246/2907 2899/3249/2899 2896/3255/2896
f 2905/3247/2905 2908/3257/2908 2897/3256/2897 2898/3248/2898
f 2906/3258/2906 2909/3260/2909 2896/3255/2896 2895/3254/2895
f 2890/3253/2890 2891/3252/2891 2904/3261/2904 2902/3262/2902
f 2893/3251/2893 2892/3250/2892 2903/3263/2903 2900/3264/2900
f 2891/3237/2891 2894/3236/2894 2901/3265/2901 2904/3266/2904
f 2892/3250/2892 2890/3253/2890 2902/3262/2902 2903/3263/2903
f 2894/3236/2894 2893/3251/2893 2900/3264/2900 2901/3265/2901
f 2902/3262/2902 2904/3261/2904 2909/3260/2909 2906/3258/2906
f 2900/3264/2900 2903/3263/2903 2908/3257/2908 2905/3247/2905
f 2904/3266/2904 2901/3265/2901 2907/3246/2907 2909/3259/2909
f 2903/3263/2903 2902/3262/2902 2906/3258/2906 2908/3257/2908
f 2901/3265/2901 2900/3264/2900 2905/3247/2905 2907/3246/2907
f 2876/3222/2876 2875/3221/2875 2911/3244/2911 2914/3242/2914
f 2877/3224/2877 2876/3222/2876 2914/3242/2914 2912/3239/2912
f 2879/3232/2879 2878/3226/2878 2913/3238/2913 2910/3229/2910
f 2878/3226/2878 2877/3224/2877 2912/3239/2912 2913/3238/2913
f 2875/3234/2875 2879/3232/2879 2910/3229/2910 2911/3228/2911
f 2880/3220/2880 2881/3223/2881 2916/3267/2916 2915/3268/2915
f 2881/3223/2881 2882/3225/2882 2917/3269/2917 2916/3267/2916
f 2882/3225/2882 2883/3227/2883 2918/3270/2918 2917/3269/2917
f 2946/3271/2946 2921/3272/2921 2924/3273/2924 2945/3274/2945
f 2883/3227/2883 2884/3233/2884 2919/3275/2919 2918/3270/2918
f 2884/3233/2884 2880/3235/2880 2915/3276/2915 2919/3275/2919
f 2921/3272/2921 2926/3277/2926 2929/3278/2929 2924/3273/2924
f 2948/3279/2948 2923/3280/2923 2922/3281/2922 2947/3282/2947
f 2945/3274/2945 2924/3273/2924 2923/3280/2923 2948/3279/2948
f 2947/3282/2947 2922/3281/2922 2920/3283/2920 2949/3284/2949
f 2949/3284/2949 2920/3283/2920 2921/3285/2921 2946/3286/2946
f 2942/3287/2942 2934/3288/2934 2933/3289/2933 2940/3290/2940
f 2923/3280/2923 2928/3291/2928 2927/3292/2927 2922/3281/2922
f 2920/3283/2920 2925/3293/2925 2926/3294/2926 2921/3285/2921
f 2924/3273/2924 2929/3278/2929 2928/3291/2928 2923/3280/2923
f 2922/3281/2922 2927/3292/2927 2925/3293/2925 2920/3283/2920
f 2930/3295/2930 2932/3296/2932 2933/3289/2933 2934/3288/2934 2931/3297/2931
f 2943/3298/2943 2932/3296/2932 2930/3295/2930 2941/3299/2941
f 2944/3300/2944 2931/3297/2931 2934/3288/2934 2942/3287/2942
f 2940/3290/2940 2933/3289/2933 2932/3296/2932 2943/3298/2943
f 2941/3299/2941 2930/3295/2930 2931/3297/2931 2944/3301/2944
f 2925/3293/2925 2937/3302/2937 2939/3303/2939 2926/3294/2926
f 2928/3291/2928 2935/3304/2935 2938/3305/2938 2927/3292/2927
f 2926/3277/2926 2939/3306/2939 2936/3307/2936 2929/3278/2929
f 2927/3292/2927 2938/3305/2938 2937/3302/2937 2925/3293/2925
f 2929/3278/2929 2936/3307/2936 2935/3304/2935 2928/3291/2928
f 2937/3302/2937 2941/3299/2941 2944/3301/2944 2939/3303/2939
f 2935/3304/2935 2940/3290/2940 2943/3298/2943 2938/3305/2938
f 2939/3306/2939 2944/3300/2944 2942/3287/2942 2936/3307/2936
f 2938/3305/2938 2943/3298/2943 2941/3299/2941 2937/3302/2937
f 2936/3307/2936 2942/3287/2942 2940/3290/2940 2935/3304/2935
f 2916/3267/2916 2949/3284/2949 2946/3286/2946 2915/3268/2915
f 2917/3269/2917 2947/3282/2947 2949/3284/2949 2916/3267/2916
f 2919/3275/2919 2945/3274/2945 2948/3279/2948 2918/3270/2918
f 2918/3270/2918 2948/3279/2948 2947/3282/2947 2917/3269/2917
f 2915/3276/2915 2946/3271/2946 2945/3274/2945 2919/3275/2919
o Plane.001
v 0.073087 0.687168 0.812352
v 0.067081 0.763047 1.043084
v 0.051974 0.926773 0.763274
v 0.049390 0.989750 0.932183
v 0.083000 0.553145 0.819711
v 0.077864 0.613043 1.104117
v 0.078354 0.503778 0.806661
v 0.080709 0.550700 1.032047
v 0.065571 0.431203 0.784534
v 0.068652 0.473006 1.004156
v 0.062354 0.378810 0.751099
v 0.063025 0.422939 1.013502
v 0.063381 0.333656 0.702288
v 0.062192 0.375109 1.043658
v 0.000000 0.675429 0.791900
v 0.000000 0.766985 1.070253
v 0.000000 0.919039 0.747189
v 0.000000 0.995004 0.950611
v 0.000000 0.547976 0.793703
v 0.000000 0.619540 1.136516
v -0.000000 0.500126 0.784291
v -0.000000 0.555581 1.056481
v 0.000000 0.427967 0.761957
v 0.000000 0.477905 1.027120
v -0.000000 0.375551 0.724326
v 0.000000 0.428449 1.040564
v 0.000000 0.331188 0.670127
v -0.000000 0.381010 1.075303
v 0.100072 0.581038 0.951936
v 0.100653 0.525617 0.916353
v 0.086446 0.450965 0.894029
v 0.081858 0.399079 0.882091
v 0.075608 0.344964 0.873738
v 0.068505 0.291870 0.988440
v 0.061924 0.306938 1.096690
v 0.061485 0.262930 1.122345
v 0.067956 0.256573 1.037298
v 0.066927 0.229645 1.043514
v 0.061321 0.231084 1.089393
v 0.054848 0.209804 1.061310
v 0.057798 0.210898 1.042683
v -0.000000 0.311009 1.124341
v -0.000000 0.264535 1.143971
v -0.000000 0.231648 1.101006
v 0.000000 0.207218 1.061969
v -0.000000 0.229626 1.031101
v 0.000000 0.254593 1.015104
v -0.000000 0.287656 0.961131
v 0.000000 0.328911 0.876280
v 0.000000 0.209713 1.039241
v 0.070227 0.291475 0.773713
v 0.068692 0.290993 0.656956
v 0.063325 0.269691 0.731651
v 0.063174 0.270134 0.667726
v -0.000000 0.290992 0.627383
v 0.000000 0.267768 0.658730
v -0.000000 0.290314 0.803966
v -0.000000 0.266970 0.739259
v 0.081545 0.587582 0.822620
v 0.074731 0.657832 1.102948
v 0.000000 0.579629 0.797241
v -0.000000 0.664258 1.135197
v 0.098119 0.625136 0.952209
v 0.067391 0.961894 0.845271
v 0.090827 0.736811 0.917760
v 0.043700 1.151181 0.697857
v 0.042278 1.198958 0.823267
v 0.000000 1.145992 0.685570
v 0.000000 1.203615 0.836498
v 0.056865 1.175788 0.760182
v 0.039309 1.341834 0.628936
v 0.038237 1.377529 0.722631
v 0.000000 1.337958 0.619757
v 0.000000 1.381008 0.732516
v 0.050507 1.360218 0.675500
v -0.073087 0.687168 0.812352
v -0.067081 0.763047 1.043084
v -0.051974 0.926773 0.763274
v -0.049390 0.989750 0.932183
v -0.083000 0.553145 0.819711
v -0.077864 0.613043 1.104117
v -0.078354 0.503778 0.806661
v -0.080709 0.550700 1.032047
v -0.065571 0.431203 0.784534
v -0.068652 0.473006 1.004156
v -0.062354 0.378810 0.751099
v -0.063025 0.422939 1.013502
v -0.063381 0.333656 0.702288
v -0.062192 0.375109 1.043658
v -0.100072 0.581038 0.951936
v -0.100653 0.525617 0.916353
v -0.086446 0.450965 0.894029
v -0.081858 0.399079 0.882091
v -0.075608 0.344964 0.873738
v -0.068505 0.291870 0.988440
v -0.061924 0.306938 1.096690
v -0.061485 0.262930 1.122345
v -0.067956 0.256573 1.037298
v -0.066927 0.229645 1.043514
v -0.061321 0.231084 1.089393
v -0.054848 0.209804 1.061310
v -0.057798 0.210898 1.042683
v -0.070227 0.291475 0.773713
v -0.068692 0.290993 0.656956
v -0.063325 0.269691 0.731651
v -0.063174 0.270134 0.667726
v -0.081545 0.587582 0.822620
v -0.074731 0.657832 1.102948
v -0.098119 0.625136 0.952209
v -0.067391 0.961894 0.845271
v -0.090827 0.736811 0.917760
v -0.043700 1.151181 0.697857
v -0.042278 1.198958 0.823267
v -0.056865 1.175788 0.760182
v -0.039309 1.341834 0.628936
v -0.038237 1.377529 0.722631
v -0.050507 1.360218 0.675500
v 0.073087 -0.687168 0.812352
v 0.067081 -0.763047 1.043084
v 0.051974 -0.926773 0.763274
v 0.049390 -0.989750 0.932183
v 0.083000 -0.553145 0.819711
v 0.077864 -0.613043 1.104117
v 0.078354 -0.503778 0.806661
v 0.080709 -0.550700 1.032047
v 0.065571 -0.431203 0.784534
v 0.068652 -0.473006 1.004156
v 0.062354 -0.378810 0.751099
v 0.063025 -0.422939 1.013502
v 0.063381 -0.333656 0.702288
v 0.062192 -0.375109 1.043658
v 0.000000 -0.675429 0.791900
v 0.000000 -0.766985 1.070253
v 0.000000 -0.919039 0.747189
v 0.000000 -0.995005 0.950611
v 0.000000 -0.547976 0.793703
v 0.000000 -0.619540 1.136517
v -0.000000 -0.500126 0.784291
v -0.000000 -0.555581 1.056481
v 0.000000 -0.427967 0.761957
v 0.000000 -0.477905 1.027120
v -0.000000 -0.375551 0.724326
v 0.000000 -0.428449 1.040564
v -0.000000 -0.331188 0.670127
v 0.000000 -0.381010 1.075303
v 0.100072 -0.581038 0.951936
v 0.100653 -0.525617 0.916353
v 0.086446 -0.450965 0.894029
v 0.081858 -0.399079 0.882091
v 0.075608 -0.344964 0.873738
v 0.068505 -0.291870 0.988440
v 0.061924 -0.306938 1.096690
v 0.061485 -0.262930 1.122345
v 0.067956 -0.256573 1.037298
v 0.066927 -0.229645 1.043514
v 0.061321 -0.231084 1.089393
v 0.054848 -0.209804 1.061310
v 0.057798 -0.210898 1.042683
v 0.000000 -0.311009 1.124341
v -0.000000 -0.264535 1.143971
v -0.000000 -0.231648 1.101006
v 0.000000 -0.207218 1.061968
v -0.000000 -0.229626 1.031101
v -0.000000 -0.254593 1.015104
v -0.000000 -0.287656 0.961131
v 0.000000 -0.328911 0.876280
v -0.000000 -0.209713 1.039241
v 0.070227 -0.291475 0.773713
v 0.068692 -0.290993 0.656956
v 0.063325 -0.269691 0.731651
v 0.063174 -0.270134 0.667726
v -0.000000 -0.290992 0.627383
v 0.000000 -0.267768 0.658730
v 0.000000 -0.290314 0.803966
v -0.000000 -0.266970 0.739259
v 0.081545 -0.587582 0.822620
v 0.074731 -0.657832 1.102948
v -0.000000 -0.579629 0.797241
v -0.000000 -0.664258 1.135197
v 0.098119 -0.625136 0.952209
v 0.067391 -0.961894 0.845271
v 0.090827 -0.736811 0.917760
v 0.043700 -1.151181 0.697857
v 0.042278 -1.198958 0.823267
v 0.000000 -1.145992 0.685570
v -0.000000 -1.203615 0.836498
v 0.056865 -1.175788 0.760182
v 0.039309 -1.341834 0.628936
v 0.038237 -1.377529 0.722631
v 0.000000 -1.337958 0.619757
v 0.000000 -1.381008 0.732516
v 0.050507 -1.360218 0.675500
v -0.073087 -0.687168 0.812352
v -0.067081 -0.763047 1.043084
v -0.051974 -0.926773 0.763274
v -0.049390 -0.989750 0.932183
v -0.083000 -0.553145 0.819711
v -0.077864 -0.613043 1.104117
v -0.078354 -0.503778 0.806661
v -0.080709 -0.550700 1.032047
v -0.065571 -0.431203 0.784534
v -0.068652 -0.473006 1.004156
v -0.062354 -0.378810 0.751099
v -0.063025 -0.422939 1.013502
v -0.063381 -0.333656 0.702288
v -0.062192 -0.375109 1.043658
v -0.100072 -0.581038 0.951936
v -0.100653 -0.525617 0.916353
v -0.086446 -0.450965 0.894029
v -0.081858 -0.399079 0.882091
v -0.075608 -0.344964 0.873738
v -0.068505 -0.291870 0.988440
v -0.061924 -0.306938 1.096690
v -0.061485 -0.262930 1.122345
v -0.067956 -0.256573 1.037298
v -0.066927 -0.229645 1.043514
v -0.061321 -0.231084 1.089393
v -0.054848 -0.209804 1.061310
v -0.057798 -0.210898 1.042683
v -0.070227 -0.291475 0.773713
v -0.068692 -0.290993 0.656956
v -0.063325 -0.269691 0.731651
v -0.063174 -0.270134 0.667726
v -0.081545 -0.587582 0.822620
v -0.074731 -0.657832 1.102948
v -0.098119 -0.625136 0.952209
v -0.067391 -0.961894 0.845271
v -0.090827 -0.736811 0.917760
v -0.043700 -1.151181 0.697857
v -0.042278 -1.198958 0.823267
v -0.056865 -1.175788 0.760182
v -0.039309 -1.341834 0.628936
v -0.038237 -1.377529 0.722631
v -0.050507 -1.360218 0.675500
v 0.058139 0.868884 0.990913
v 0.062469 0.797819 0.791879
v 0.096494 0.666454 0.939672
v 0.079054 0.620819 0.821102
v 0.076064 0.634206 1.113652
v 0.095806 0.512660 0.852816
v 0.081933 0.532445 0.814459
v 0.080577 0.585591 1.070141
v 0.081387 0.439313 0.831127
v 0.071796 0.467421 0.796749
v 0.075451 0.510548 1.010644
v 0.077455 0.387011 0.806830
v 0.062836 0.402434 0.769581
v 0.064647 0.444869 1.006068
v 0.077327 0.339681 0.770008
v 0.062361 0.356312 0.728491
v 0.062398 0.401544 1.025314
v 0.000000 0.873278 1.013709
v -0.000000 0.787540 0.773749
v -0.000000 0.610390 0.797990
v 0.000000 0.641114 1.147026
v -0.000000 0.528145 0.790261
v -0.000000 0.591219 1.098710
v -0.000000 0.464093 0.774906
v -0.000000 0.515252 1.033294
v 0.000000 0.399189 0.745330
v 0.000000 0.450042 1.030602
v 0.000000 0.353179 0.698640
v -0.000000 0.407422 1.055362
v 0.036580 0.428215 0.764971
v 0.038698 0.477196 1.024008
v 0.034750 0.375803 0.727833
v 0.035212 0.427619 1.036979
v 0.035526 0.331366 0.674287
v 0.034709 0.380148 1.071171
v 0.037153 0.766425 1.066648
v 0.027198 0.994303 0.948111
v 0.041282 0.676963 0.794643
v 0.028974 0.920067 0.749198
v 0.047443 0.548586 0.797195
v 0.043912 0.618776 1.132299
v 0.044083 0.500447 0.787310
v 0.045702 0.555064 1.053187
v 0.097425 0.539777 0.982135
v 0.083505 0.463386 0.957151
v 0.077917 0.412394 0.957494
v 0.076489 0.363481 0.977041
v 0.081192 0.375929 0.876739
v 0.082777 0.422351 0.887648
v 0.094013 0.487715 0.902721
v 0.101822 0.556975 0.935570
v 0.098855 0.600532 0.957110
v 0.074997 0.299422 1.042522
v 0.069537 0.320579 0.946517
v 0.062081 0.340838 1.069618
v 0.061675 0.281723 1.116698
v 0.074428 0.259799 1.079893
v 0.068209 0.271294 1.018701
v 0.067653 0.242892 1.043874
v 0.073742 0.230296 1.066554
v 0.061459 0.246413 1.109949
v 0.059895 0.217529 1.071936
v 0.060300 0.208890 1.051057
v 0.064442 0.217865 1.042112
v 0.034619 0.310405 1.120717
v 0.034383 0.264320 1.141144
v 0.034419 0.231530 1.099491
v 0.033859 0.207714 1.061862
v -0.000000 0.217093 1.079047
v 0.000000 0.247444 1.126717
v 0.000000 0.284437 1.141679
v 0.000000 0.346080 1.100001
v 0.039324 0.229539 1.032915
v 0.040045 0.254948 1.018143
v 0.040377 0.288313 0.964627
v 0.041424 0.330413 0.875675
v 0.000000 0.314336 0.919713
v 0.000000 0.268127 0.993528
v 0.000000 0.241938 1.026273
v 0.036240 0.209723 1.039791
v -0.000000 0.205205 1.048546
v -0.000000 0.218420 1.034262
v 0.070503 0.316461 0.806690
v 0.079878 0.291379 0.715250
v 0.065991 0.310935 0.675129
v 0.069167 0.276048 0.749904
v 0.067874 0.268916 0.699230
v 0.068748 0.276941 0.656501
v 0.039268 0.290927 0.631212
v 0.000000 0.309841 0.642832
v 0.039449 0.268320 0.660270
v -0.000000 0.276640 0.633255
v 0.040611 0.290814 0.799882
v 0.000000 0.315272 0.837561
v 0.039555 0.267731 0.737969
v -0.000000 0.274175 0.773298
v 0.000000 0.264805 0.697897
v 0.082752 0.568798 0.822129
v 0.072353 0.695572 1.079953
v 0.000000 0.562568 0.795685
v 0.000000 0.700562 1.110206
v 0.094900 0.599057 1.037334
v 0.041888 0.663398 1.130982
v 0.046572 0.580654 0.800648
v 0.062653 0.978609 0.894662
v 0.064430 0.942460 0.797657
v 0.088497 0.710647 0.855274
v 0.096797 0.604050 0.875714
v 0.092113 0.644391 1.036652
v 0.098431 0.564565 0.874046
v 0.084368 0.754197 0.987707
v 0.079322 0.842118 0.885014
v 0.023381 1.203001 0.834689
v 0.024359 1.146687 0.687067
v 0.053228 1.189233 0.796313
v 0.054206 1.161808 0.724272
v 0.060465 1.073967 0.803033
v 0.046275 1.045328 0.731366
v -0.000000 1.039248 0.717248
v 0.044569 1.100282 0.876063
v -0.000000 1.105528 0.891405
v 0.021287 1.380550 0.731164
v 0.022023 1.338477 0.620876
v 0.047606 1.370264 0.702493
v 0.048343 1.349774 0.648671
v 0.041539 1.248610 0.663568
v 0.000000 1.244104 0.652899
v 0.040295 1.290097 0.772468
v 0.053719 1.269977 0.717688
v 0.000000 1.294141 0.783957
v -0.058139 0.868884 0.990913
v -0.062469 0.797819 0.791879
v -0.096494 0.666454 0.939671
v -0.079054 0.620819 0.821102
v -0.076064 0.634206 1.113652
v -0.095806 0.512660 0.852816
v -0.081933 0.532445 0.814458
v -0.080577 0.585591 1.070141
v -0.081387 0.439313 0.831127
v -0.071796 0.467421 0.796749
v -0.075451 0.510548 1.010644
v -0.077455 0.387011 0.806830
v -0.062836 0.402434 0.769580
v -0.064647 0.444869 1.006068
v -0.077327 0.339681 0.770008
v -0.062361 0.356312 0.728491
v -0.062398 0.401544 1.025314
v -0.036580 0.428215 0.764971
v -0.038698 0.477196 1.024008
v -0.034750 0.375803 0.727833
v -0.035212 0.427619 1.036979
v -0.035526 0.331366 0.674287
v -0.034709 0.380148 1.071171
v -0.037153 0.766425 1.066648
v -0.027198 0.994303 0.948111
v -0.041282 0.676963 0.794643
v -0.028974 0.920067 0.749198
v -0.047443 0.548586 0.797195
v -0.043912 0.618776 1.132299
v -0.044083 0.500447 0.787310
v -0.045702 0.555064 1.053187
v -0.097425 0.539777 0.982135
v -0.083505 0.463386 0.957151
v -0.077917 0.412394 0.957494
v -0.076489 0.363481 0.977041
v -0.081192 0.375929 0.876739
v -0.082777 0.422351 0.887648
v -0.094013 0.487715 0.902721
v -0.101822 0.556975 0.935570
v -0.098855 0.600532 0.957110
v -0.074997 0.299422 1.042522
v -0.069537 0.320579 0.946517
v -0.062081 0.340838 1.069618
v -0.061675 0.281723 1.116698
v -0.074428 0.259799 1.079893
v -0.068209 0.271294 1.018701
v -0.067653 0.242892 1.043874
v -0.073742 0.230296 1.066554
v -0.061459 0.246413 1.109949
v -0.059895 0.217529 1.071936
v -0.060300 0.208890 1.051057
v -0.064442 0.217865 1.042112
v -0.034619 0.310405 1.120717
v -0.034383 0.264320 1.141144
v -0.034419 0.231530 1.099491
v -0.033859 0.207714 1.061862
v -0.039324 0.229539 1.032916
v -0.040045 0.254948 1.018143
v -0.040377 0.288313 0.964627
v -0.041424 0.330413 0.875675
v -0.036240 0.209723 1.039791
v -0.070503 0.316461 0.806690
v -0.079878 0.291379 0.715250
v -0.065991 0.310935 0.675129
v -0.069167 0.276048 0.749904
v -0.067874 0.268916 0.699230
v -0.068748 0.276941 0.656501
v -0.039268 0.290927 0.631212
v -0.039449 0.268320 0.660270
v -0.040611 0.290814 0.799882
v -0.039555 0.267731 0.737969
v -0.082752 0.568798 0.822129
v -0.072353 0.695571 1.079953
v -0.094900 0.599057 1.037334
v -0.041888 0.663398 1.130982
v -0.046572 0.580654 0.800648
v -0.062653 0.978609 0.894662
v -0.064430 0.942460 0.797657
v -0.088497 0.710647 0.855273
v -0.096797 0.604050 0.875714
v -0.092113 0.644392 1.036652
v -0.098431 0.564565 0.874046
v -0.084368 0.754197 0.987707
v -0.079322 0.842118 0.885014
v -0.023381 1.203001 0.834689
v -0.024359 1.146687 0.687067
v -0.053228 1.189233 0.796313
v -0.054206 1.161808 0.724272
v -0.060465 1.073967 0.803033
v -0.046275 1.045328 0.731366
v -0.044569 1.100282 0.876063
v -0.021287 1.380550 0.731164
v -0.022023 1.338477 0.620876
v -0.047606 1.370264 0.702493
v -0.048343 1.349774 0.648671
v -0.041539 1.248610 0.663568
v -0.040295 1.290097 0.772468
v -0.053719 1.269977 0.717688
v 0.058139 -0.868884 0.990913
v 0.062469 -0.797819 0.791879
v 0.096494 -0.666454 0.939671
v 0.079054 -0.620819 0.821102
v 0.076064 -0.634206 1.113652
v 0.095806 -0.512660 0.852816
v 0.081933 -0.532445 0.814458
v 0.080577 -0.585591 1.070141
v 0.081387 -0.439313 0.831127
v 0.071796 -0.467421 0.796749
v 0.075451 -0.510548 1.010644
v 0.077455 -0.387011 0.806830
v 0.062836 -0.402434 0.769580
v 0.064647 -0.444869 1.006068
v 0.077327 -0.339681 0.770008
v 0.062361 -0.356312 0.728491
v 0.062398 -0.401544 1.025314
v -0.000000 -0.873278 1.013709
v 0.000000 -0.787540 0.773749
v 0.000000 -0.610390 0.797990
v -0.000000 -0.641114 1.147025
v -0.000000 -0.528145 0.790261
v -0.000000 -0.591219 1.098710
v 0.000000 -0.464093 0.774906
v 0.000000 -0.515252 1.033294
v 0.000000 -0.399189 0.745330
v 0.000000 -0.450042 1.030602
v -0.000000 -0.353179 0.698640
v -0.000000 -0.407422 1.055362
v 0.036580 -0.428215 0.764971
v 0.038698 -0.477196 1.024008
v 0.034750 -0.375803 0.727833
v 0.035212 -0.427619 1.036979
v 0.035526 -0.331366 0.674287
v 0.034709 -0.380148 1.071171
v 0.037153 -0.766425 1.066648
v 0.027198 -0.994303 0.948111
v 0.041282 -0.676963 0.794643
v 0.028974 -0.920067 0.749198
v 0.047443 -0.548586 0.797195
v 0.043912 -0.618776 1.132299
v 0.044083 -0.500447 0.787310
v 0.045702 -0.555064 1.053187
v 0.097425 -0.539777 0.982135
v 0.083505 -0.463386 0.957151
v 0.077917 -0.412394 0.957494
v 0.076489 -0.363481 0.977041
v 0.081192 -0.375929 0.876739
v 0.082777 -0.422351 0.887648
v 0.094013 -0.487715 0.902721
v 0.101822 -0.556975 0.935570
v 0.098855 -0.600532 0.957110
v 0.074997 -0.299422 1.042522
v 0.069537 -0.320579 0.946517
v 0.062081 -0.340838 1.069618
v 0.061675 -0.281723 1.116698
v 0.074428 -0.259799 1.079893
v 0.068209 -0.271294 1.018701
v 0.067653 -0.242892 1.043874
v 0.073742 -0.230296 1.066554
v 0.061459 -0.246413 1.109949
v 0.059895 -0.217529 1.071936
v 0.060300 -0.208890 1.051057
v 0.064442 -0.217865 1.042112
v 0.034619 -0.310405 1.120717
v 0.034383 -0.264320 1.141144
v 0.034419 -0.231530 1.099491
v 0.033859 -0.207714 1.061862
v 0.000000 -0.217093 1.079047
v -0.000000 -0.247444 1.126717
v 0.000000 -0.284437 1.141679
v 0.000000 -0.346080 1.100001
v 0.039324 -0.229539 1.032916
v 0.040045 -0.254948 1.018143
v 0.040377 -0.288313 0.964627
v 0.041424 -0.330413 0.875675
v 0.000000 -0.314336 0.919713
v 0.000000 -0.268127 0.993528
v -0.000000 -0.241938 1.026273
v 0.036240 -0.209723 1.039791
v -0.000000 -0.205205 1.048546
v 0.000000 -0.218420 1.034262
v 0.070503 -0.316461 0.806690
v 0.079878 -0.291379 0.715250
v 0.065991 -0.310935 0.675129
v 0.069167 -0.276048 0.749904
v 0.067874 -0.268916 0.699230
v 0.068748 -0.276941 0.656501
v 0.039268 -0.290927 0.631212
v 0.000000 -0.309841 0.642832
v 0.039449 -0.268320 0.660270
v 0.000000 -0.276640 0.633255
v 0.040611 -0.290814 0.799882
v 0.000000 -0.315272 0.837561
v 0.039555 -0.267731 0.737969
v -0.000000 -0.274175 0.773298
v -0.000000 -0.264805 0.697896
v 0.082752 -0.568798 0.822129
v 0.072353 -0.695571 1.079953
v 0.000000 -0.562568 0.795685
v 0.000000 -0.700562 1.110206
v 0.094900 -0.599057 1.037334
v 0.041888 -0.663398 1.130982
v 0.046572 -0.580654 0.800648
v 0.062653 -0.978609 0.894662
v 0.064430 -0.942460 0.797657
v 0.088497 -0.710647 0.855273
v 0.096797 -0.604050 0.875714
v 0.092113 -0.644392 1.036652
v 0.098431 -0.564565 0.874046
v 0.084368 -0.754197 0.987707
v 0.079322 -0.842118 0.885014
v 0.023381 -1.203001 0.834689
v 0.024359 -1.146687 0.687067
v 0.053228 -1.189233 0.796313
v 0.054206 -1.161808 0.724272
v 0.060465 -1.073967 0.803033
v 0.046275 -1.045328 0.731366
v -0.000000 -1.039248 0.717248
v 0.044569 -1.100282 0.876063
v 0.000000 -1.105528 0.891405
v 0.021287 -1.380550 0.731164
v 0.022023 -1.338477 0.620876
v 0.047606 -1.370264 0.702493
v 0.048343 -1.349774 0.648671
v 0.041539 -1.248610 0.663568
v -0.000000 -1.244104 0.652899
v 0.040295 -1.290097 0.772468
v 0.053719 -1.269977 0.717688
v 0.000000 -1.294141 0.783957
v -0.058139 -0.868884 0.990913
v -0.062469 -0.797819 0.791879
v -0.096494 -0.666454 0.939672
v -0.079054 -0.620819 0.821102
v -0.076064 -0.634206 1.113652
v -0.095806 -0.512660 0.852816
v -0.081933 -0.532445 0.814459
v -0.080577 -0.585591 1.070141
v -0.081387 -0.439313 0.831127
v -0.071796 -0.467421 0.796749
v -0.075451 -0.510548 1.010644
v -0.077455 -0.387011 0.806830
v -0.062836 -0.402434 0.769581
v -0.064647 -0.444869 1.006068
v -0.077327 -0.339681 0.770008
v -0.062361 -0.356312 0.728491
v -0.062398 -0.401544 1.025314
v -0.036580 -0.428215 0.764971
v -0.038698 -0.477196 1.024008
v -0.034750 -0.375803 0.727833
v -0.035212 -0.427619 1.036979
v -0.035526 -0.331366 0.674287
v -0.034709 -0.380148 1.071171
v -0.037153 -0.766425 1.066648
v -0.027198 -0.994303 0.948111
v -0.041282 -0.676963 0.794643
v -0.028974 -0.920067 0.749198
v -0.047443 -0.548586 0.797195
v -0.043912 -0.618776 1.132299
v -0.044083 -0.500447 0.787310
v -0.045702 -0.555064 1.053187
v -0.097425 -0.539777 0.982135
v -0.083505 -0.463386 0.957151
v -0.077917 -0.412394 0.957494
v -0.076489 -0.363481 0.977041
v -0.081192 -0.375929 0.876739
v -0.082777 -0.422351 0.887648
v -0.094013 -0.487715 0.902721
v -0.101822 -0.556975 0.935570
v -0.098855 -0.600532 0.957110
v -0.074997 -0.299422 1.042522
v -0.069537 -0.320579 0.946517
v -0.062081 -0.340838 1.069618
v -0.061675 -0.281723 1.116698
v -0.074428 -0.259799 1.079893
v -0.068209 -0.271294 1.018701
v -0.067653 -0.242892 1.043874
v -0.073742 -0.230296 1.066554
v -0.061459 -0.246413 1.109949
v -0.059895 -0.217529 1.071936
v -0.060300 -0.208890 1.051057
v -0.064442 -0.217865 1.042112
v -0.034619 -0.310405 1.120717
v -0.034383 -0.264320 1.141144
v -0.034419 -0.231530 1.099491
v -0.033859 -0.207714 1.061862
v -0.039324 -0.229539 1.032915
v -0.040045 -0.254948 1.018143
v -0.040377 -0.288313 0.964627
v -0.041424 -0.330413 0.875675
v -0.036240 -0.209723 1.039791
v -0.070503 -0.316461 0.806690
v -0.079878 -0.291379 0.715250
v -0.065991 -0.310935 0.675129
v -0.069167 -0.276048 0.749904
v -0.067874 -0.268916 0.699230
v -0.068748 -0.276941 0.656501
v -0.039268 -0.290927 0.631212
v -0.039449 -0.268320 0.660270
v -0.040611 -0.290814 0.799882
v -0.039555 -0.267731 0.737969
v -0.082752 -0.568798 0.822129
v -0.072353 -0.695572 1.079953
v -0.094900 -0.599057 1.037334
v -0.041888 -0.663398 1.130982
v -0.046572 -0.580654 0.800648
v -0.062653 -0.978609 0.894662
v -0.064430 -0.942460 0.797657
v -0.088497 -0.710647 0.855274
v -0.096797 -0.604050 0.875714
v -0.092113 -0.644391 1.036652
v -0.098431 -0.564565 0.874046
v -0.084368 -0.754197 0.987707
v -0.079322 -0.842118 0.885014
v -0.023381 -1.203001 0.834689
v -0.024359 -1.146687 0.687067
v -0.053228 -1.189233 0.796313
v -0.054206 -1.161808 0.724272
v -0.060465 -1.073967 0.803033
v -0.046275 -1.045328 0.731366
v -0.044569 -1.100282 0.876063
v -0.021287 -1.380550 0.731164
v -0.022023 -1.338477 0.620876
v -0.047606 -1.370264 0.702493
v -0.048343 -1.349774 0.648671
v -0.041539 -1.248610 0.663568
v -0.040295 -1.290097 0.772468
v -0.053719 -1.269977 0.717688
v 0.079336 0.434995 0.955577
v 0.077272 0.390140 0.962515
v 0.042679 0.514669 1.030211
v 0.091203 0.500613 0.964437
v 0.035018 0.399436 0.748537
v 0.036263 0.449255 1.027313
v 0.034785 0.353426 0.702518
v 0.035045 0.788892 0.776107
v 0.034811 0.406555 1.051420
v 0.047386 0.563350 0.799229
v 0.040318 0.699866 1.106224
v 0.046494 0.528593 0.793520
v 0.045562 0.590614 1.094936
v 0.077246 0.364140 0.791130
v 0.078091 0.410583 0.819836
v 0.040167 0.464355 0.777844
v 0.098561 0.542407 0.864722
v 0.097628 0.573078 1.011477
v 0.032068 0.872673 1.010652
v 0.071260 0.217473 1.056976
v 0.074240 0.244643 1.077016
v 0.074684 0.276566 1.067723
v 0.034681 0.345306 1.096029
v 0.034410 0.247272 1.124526
v 0.034146 0.217218 1.078173
v 0.035271 0.205590 1.048816
v 0.038145 0.218177 1.035364
v 0.039830 0.242081 1.028777
v 0.040201 0.268680 0.996872
v 0.078268 0.313902 0.739739
v 0.040763 0.315213 0.922584
v 0.034483 0.284054 1.138407
v 0.037369 0.309863 0.647010
v 0.079059 0.276600 0.703118
v 0.040886 0.315739 0.833719
v 0.039934 0.276750 0.636230
v 0.040297 0.274838 0.770247
v 0.039963 0.265590 0.698088
v 0.088691 0.475720 0.841722
v 0.075458 0.331010 1.009066
v 0.042788 0.640239 1.142688
v 0.044925 0.611747 0.801106
v 0.093170 0.619694 1.044856
v 0.076570 0.818438 0.830256
v 0.094685 0.641900 0.869456
v 0.097768 0.582094 0.877473
v 0.090078 0.684807 1.018039
v 0.073593 0.859226 0.944521
v 0.057575 1.057762 0.761694
v 0.025747 1.040062 0.718975
v 0.056402 1.089306 0.844811
v 0.024573 1.104835 0.889310
v 0.023213 1.244707 0.654198
v 0.050454 1.281653 0.749062
v 0.022357 1.293608 0.782386
v 0.051310 1.257838 0.686505
v -0.079336 0.434995 0.955577
v -0.077272 0.390140 0.962515
v -0.042679 0.514669 1.030211
v -0.091203 0.500613 0.964437
v -0.035018 0.399436 0.748537
v -0.036263 0.449255 1.027313
v -0.034785 0.353426 0.702518
v -0.035045 0.788892 0.776107
v -0.034811 0.406555 1.051420
v -0.047386 0.563350 0.799229
v -0.040318 0.699866 1.106225
v -0.046494 0.528593 0.793520
v -0.045562 0.590614 1.094936
v -0.077246 0.364140 0.791130
v -0.078091 0.410583 0.819836
v -0.040167 0.464355 0.777844
v -0.098561 0.542407 0.864722
v -0.097628 0.573078 1.011477
v -0.032068 0.872673 1.010652
v -0.071260 0.217473 1.056976
v -0.074240 0.244643 1.077016
v -0.074684 0.276566 1.067723
v -0.034681 0.345306 1.096029
v -0.034410 0.247272 1.124526
v -0.034146 0.217218 1.078173
v -0.035271 0.205590 1.048816
v -0.038145 0.218177 1.035364
v -0.039830 0.242081 1.028777
v -0.040201 0.268680 0.996872
v -0.078268 0.313902 0.739739
v -0.040763 0.315213 0.922584
v -0.034483 0.284054 1.138407
v -0.037369 0.309863 0.647010
v -0.079059 0.276600 0.703118
v -0.040886 0.315739 0.833719
v -0.039934 0.276750 0.636230
v -0.040297 0.274838 0.770247
v -0.039963 0.265590 0.698089
v -0.088691 0.475720 0.841722
v -0.075458 0.331010 1.009066
v -0.042788 0.640239 1.142687
v -0.044925 0.611747 0.801106
v -0.093170 0.619694 1.044856
v -0.076570 0.818438 0.830256
v -0.094685 0.641900 0.869456
v -0.097768 0.582094 0.877473
v -0.090078 0.684807 1.018039
v -0.073593 0.859226 0.944521
v -0.057575 1.057762 0.761694
v -0.025747 1.040062 0.718975
v -0.056402 1.089306 0.844811
v -0.024573 1.104835 0.889310
v -0.023213 1.244707 0.654198
v -0.050454 1.281653 0.749062
v -0.022357 1.293608 0.782386
v -0.051310 1.257838 0.686505
v 0.079336 -0.434995 0.955577
v 0.077272 -0.390140 0.962515
v 0.042679 -0.514669 1.030211
v 0.091203 -0.500613 0.964437
v 0.035018 -0.399436 0.748537
v 0.036263 -0.449255 1.027313
v 0.034785 -0.353426 0.702518
v 0.035045 -0.788892 0.776107
v 0.034811 -0.406555 1.051420
v 0.047386 -0.563350 0.799229
v 0.040318 -0.699866 1.106225
v 0.046494 -0.528593 0.793520
v 0.045562 -0.590614 1.094936
v 0.077246 -0.364140 0.791130
v 0.078091 -0.410583 0.819836
v 0.040167 -0.464355 0.777844
v 0.098561 -0.542407 0.864722
v 0.097628 -0.573078 1.011477
v 0.032068 -0.872673 1.010652
v 0.071260 -0.217473 1.056976
v 0.074240 -0.244643 1.077016
v 0.074684 -0.276566 1.067723
v 0.034681 -0.345306 1.096029
v 0.034410 -0.247272 1.124526
v 0.034146 -0.217218 1.078173
v 0.035271 -0.205590 1.048816
v 0.038145 -0.218177 1.035364
v 0.039830 -0.242081 1.028777
v 0.040201 -0.268680 0.996872
v 0.078268 -0.313902 0.739739
v 0.040763 -0.315213 0.922584
v 0.034483 -0.284054 1.138407
v 0.037369 -0.309863 0.647010
v 0.079059 -0.276600 0.703118
v 0.040886 -0.315739 0.833719
v 0.039934 -0.276750 0.636230
v 0.040297 -0.274838 0.770247
v 0.039963 -0.265590 0.698089
v 0.088691 -0.475720 0.841722
v 0.075458 -0.331010 1.009066
v 0.042788 -0.640239 1.142687
v 0.044925 -0.611747 0.801106
v 0.093170 -0.619694 1.044856
v 0.076570 -0.818438 0.830256
v 0.094685 -0.641900 0.869456
v 0.097768 -0.582094 0.877473
v 0.090078 -0.684807 1.018039
v 0.073593 -0.859226 0.944521
v 0.057575 -1.057762 0.761694
v 0.025747 -1.040062 0.718975
v 0.056402 -1.089306 0.844811
v 0.024573 -1.104835 0.889310
v 0.023213 -1.244707 0.654198
v 0.050454 -1.281653 0.749062
v 0.022357 -1.293608 0.782386
v 0.051310 -1.257838 0.686505
v -0.079336 -0.434995 0.955577
v -0.077272 -0.390140 0.962515
v -0.042679 -0.514669 1.030211
v -0.091203 -0.500613 0.964437
v -0.035018 -0.399436 0.748537
v -0.036263 -0.449255 1.027313
v -0.034785 -0.353426 0.702518
v -0.035045 -0.788892 0.776107
v -0.034811 -0.406555 1.051420
v -0.047386 -0.563350 0.799229
v -0.040318 -0.699866 1.106224
v -0.046494 -0.528593 0.793520
v -0.045562 -0.590614 1.094936
v -0.077246 -0.364140 0.791130
v -0.078091 -0.410583 0.819836
v -0.040167 -0.464355 0.777844
v -0.098561 -0.542407 0.864722
v -0.097628 -0.573078 1.011477
v -0.032068 -0.872673 1.010652
v -0.071260 -0.217473 1.056976
v -0.074240 -0.244643 1.077016
v -0.074684 -0.276566 1.067723
v -0.034681 -0.345306 1.096029
v -0.034410 -0.247272 1.124526
v -0.034146 -0.217218 1.078173
v -0.035271 -0.205590 1.048816
v -0.038145 -0.218177 1.035364
v -0.039830 -0.242081 1.028777
v -0.040201 -0.268680 0.996872
v -0.078268 -0.313902 0.739739
v -0.040763 -0.315213 0.922584
v -0.034483 -0.284054 1.138407
v -0.037369 -0.309863 0.647010
v -0.079059 -0.276600 0.703118
v -0.040886 -0.315739 0.833719
v -0.039934 -0.276750 0.636230
v -0.040297 -0.274838 0.770247
v -0.039963 -0.265590 0.698088
v -0.088691 -0.475720 0.841722
v -0.075458 -0.331010 1.009066
v -0.042788 -0.640239 1.142688
v -0.044925 -0.611747 0.801106
v -0.093170 -0.619694 1.044856
v -0.076570 -0.818438 0.830256
v -0.094685 -0.641900 0.869456
v -0.097768 -0.582094 0.877473
v -0.090078 -0.684807 1.018039
v -0.073593 -0.859226 0.944521
v -0.057575 -1.057762 0.761694
v -0.025747 -1.040062 0.718975
v -0.056402 -1.089306 0.844811
v -0.024573 -1.104835 0.889310
v -0.023213 -1.244707 0.654198
v -0.050454 -1.281653 0.749062
v -0.022357 -1.293608 0.782386
v -0.051310 -1.257838 0.686505
vn 0.7746 -0.0320 -0.6316
vn 0.8091 0.3193 0.4934
vn 0.7852 -0.0989 -0.6113
vn 0.7973 0.3057 0.5204
vn 0.7902 0.1184 -0.6014
vn 0.7459 -0.4003 0.5324
vn 0.7656 0.0602 -0.6405
vn 0.6902 -0.4658 0.5538
vn 0.7867 0.1501 -0.5989
vn 0.7829 -0.1582 0.6017
vn 0.7630 0.4202 -0.4911
vn 0.8535 0.1749 0.4909
vn 0.7470 0.5289 -0.4027
vn 0.8608 0.2954 0.4144
vn -0.0000 -0.1263 -0.9920
vn -0.0000 0.4929 0.8701
vn -0.0000 -0.2197 -0.9756
vn -0.0000 0.4659 0.8848
vn -0.0000 0.1553 -0.9879
vn -0.0000 -0.6264 0.7795
vn -0.0000 0.2297 -0.9733
vn -0.0000 -0.6446 0.7645
vn -0.0000 0.4188 -0.9081
vn -0.0000 -0.0271 0.9996
vn -0.0000 0.7102 -0.7040
vn -0.0000 0.4942 0.8693
vn -0.0000 0.7889 -0.6145
vn -0.0000 0.5895 0.8077
vn 0.9984 0.0555 0.0113
vn 0.9930 -0.1176 0.0114
vn 0.9861 -0.1654 0.0154
vn 0.9998 -0.0213 -0.0011
vn 0.8625 -0.5053 0.0274
vn 0.8159 -0.4857 -0.3138
vn 0.8293 0.3425 0.4415
vn 0.7518 -0.1667 0.6380
vn 0.8377 -0.3580 -0.4123
vn 0.7516 -0.0651 -0.6564
vn 0.5321 -0.6724 0.5145
vn 0.2441 -0.9051 0.3481
vn 0.3312 -0.7098 -0.6216
vn -0.0000 0.5625 0.8268
vn -0.0000 -0.3136 0.9496
vn -0.0000 -0.8410 0.5411
vn -0.0000 -0.9426 0.3340
vn -0.0000 -0.2925 -0.9563
vn -0.0000 -0.7583 -0.6519
vn -0.0000 -0.8483 -0.5295
vn -0.0000 -1.0000 0.0066
vn -0.0000 -0.7276 -0.6860
vn 0.7757 -0.5243 0.3512
vn 0.8135 0.2436 -0.5280
vn 0.3193 -0.9397 0.1226
vn 0.3509 -0.9189 -0.1801
vn -0.0000 0.1607 -0.9870
vn -0.0000 -0.9785 -0.2064
vn -0.0000 -0.8438 0.5367
vn -0.0000 -0.9910 0.1337
vn 0.7953 0.0436 -0.6047
vn 0.8300 0.2973 0.4719
vn -0.0000 0.0552 -0.9985
vn -0.0000 0.5101 0.8601
vn 0.9987 0.0483 0.0162
vn 0.9970 0.0774 -0.0091
vn 0.9952 0.0975 -0.0047
vn 0.7717 -0.1851 -0.6085
vn 0.7711 0.3191 0.5510
vn -0.0000 -0.3008 -0.9537
vn -0.0000 0.4945 0.8692
vn 0.9994 0.0354 0.0009
vn 0.7419 -0.2175 -0.6342
vn 0.7553 0.3380 0.5614
vn -0.0000 -0.3336 -0.9427
vn -0.0000 0.5089 0.8608
vn 0.9994 0.0344 -0.0038
vn -0.7746 -0.0320 -0.6316
vn -0.8091 0.3193 0.4934
vn -0.7852 -0.0989 -0.6113
vn -0.7973 0.3057 0.5204
vn -0.7902 0.1183 -0.6014
vn -0.7459 -0.4003 0.5324
vn -0.7656 0.0602 -0.6405
vn -0.6902 -0.4658 0.5538
vn -0.7867 0.1501 -0.5989
vn -0.7829 -0.1582 0.6017
vn -0.7630 0.4202 -0.4911
vn -0.8535 0.1749 0.4909
vn -0.7470 0.5289 -0.4027
vn -0.8608 0.2954 0.4144
vn -0.9984 0.0555 0.0113
vn -0.9930 -0.1176 0.0114
vn -0.9861 -0.1654 0.0154
vn -0.9998 -0.0213 -0.0011
vn -0.8625 -0.5053 0.0274
vn -0.8159 -0.4857 -0.3138
vn -0.8293 0.3425 0.4415
vn -0.7518 -0.1667 0.6380
vn -0.8377 -0.3580 -0.4123
vn -0.7516 -0.0651 -0.6564
vn -0.5321 -0.6724 0.5145
vn -0.2441 -0.9051 0.3481
vn -0.3312 -0.7098 -0.6216
vn -0.7757 -0.5243 0.3512
vn -0.8135 0.2436 -0.5280
vn -0.3193 -0.9397 0.1226
vn -0.3509 -0.9189 -0.1801
vn -0.7953 0.0436 -0.6047
vn -0.8300 0.2973 0.4719
vn -0.9987 0.0483 0.0162
vn -0.9970 0.0774 -0.0091
vn -0.9952 0.0975 -0.0047
vn -0.7717 -0.1851 -0.6085
vn -0.7711 0.3191 0.5510
vn -0.9994 0.0354 0.0009
vn -0.7419 -0.2175 -0.6342
vn -0.7553 0.3380 0.5614
vn -0.9994 0.0344 -0.0038
vn 0.7746 0.0320 -0.6316
vn 0.8091 -0.3193 0.4934
vn 0.7852 0.0989 -0.6113
vn 0.7973 -0.3057 0.5204
vn 0.7902 -0.1183 -0.6014
vn 0.7459 0.4003 0.5324
vn 0.7656 -0.0602 -0.6405
vn 0.6902 0.4658 0.5538
vn 0.7867 -0.1501 -0.5989
vn 0.7829 0.1582 0.6017
vn 0.7630 -0.4202 -0.4911
vn 0.8535 -0.1749 0.4909
vn 0.7470 -0.5289 -0.4027
vn 0.8608 -0.2954 0.4144
vn -0.0000 0.1263 -0.9920
vn -0.0000 -0.4929 0.8701
vn -0.0000 0.2197 -0.9756
vn -0.0000 -0.4659 0.8848
vn -0.0000 -0.1553 -0.9879
vn -0.0000 0.6264 0.7795
vn -0.0000 -0.2297 -0.9733
vn -0.0000 0.6446 0.7645
vn -0.0000 -0.4188 -0.9081
vn -0.0000 0.0271 0.9996
vn -0.0000 -0.7102 -0.7040
vn -0.0000 -0.4942 0.8693
vn -0.0000 -0.7889 -0.6145
vn -0.0000 -0.5895 0.8077
vn 0.9984 -0.0555 0.0113
vn 0.9930 0.1176 0.0114
vn 0.9861 0.1654 0.0154
vn 0.9998 0.0213 -0.0011
vn 0.8625 0.5053 0.0274
vn 0.8159 0.4857 -0.3138
vn 0.8293 -0.3425 0.4415
vn 0.7518 0.1667 0.6380
vn 0.8377 0.3580 -0.4123
vn 0.7516 0.0651 -0.6564
vn 0.5321 0.6724 0.5145
vn 0.2441 0.9051 0.3481
vn 0.3312 0.7098 -0.6216
vn -0.0000 -0.5625 0.8268
vn -0.0000 0.3136 0.9496
vn -0.0000 0.8410 0.5411
vn -0.0000 0.9426 0.3340
vn -0.0000 0.2925 -0.9563
vn -0.0000 0.7583 -0.6519
vn -0.0000 0.8483 -0.5295
vn -0.0000 1.0000 0.0066
vn -0.0000 0.7276 -0.6860
vn 0.7757 0.5243 0.3512
vn 0.8135 -0.2436 -0.5280
vn 0.3193 0.9397 0.1226
vn 0.3509 0.9189 -0.1801
vn -0.0000 -0.1607 -0.9870
vn -0.0000 0.9785 -0.2064
vn -0.0000 0.8438 0.5367
vn -0.0000 0.9910 0.1337
vn 0.7953 -0.0436 -0.6047
vn 0.8300 -0.2973 0.4719
vn -0.0000 -0.0552 -0.9985
vn -0.0000 -0.5101 0.8601
vn 0.9987 -0.0483 0.0162
vn 0.9970 -0.0774 -0.0091
vn 0.9952 -0.0975 -0.0047
vn 0.7717 0.1851 -0.6085
vn 0.7711 -0.3191 0.5510
vn -0.0000 0.3008 -0.9537
vn -0.0000 -0.4945 0.8692
vn 0.9994 -0.0354 0.0009
vn 0.7419 0.2175 -0.6342
vn 0.7553 -0.3380 0.5614
vn -0.0000 0.3336 -0.9427
vn -0.0000 -0.5089 0.8608
vn 0.9994 -0.0344 -0.0038
vn -0.7746 0.0320 -0.6316
vn -0.8091 -0.3193 0.4934
vn -0.7852 0.0989 -0.6113
vn -0.7973 -0.3057 0.5204
vn -0.7902 -0.1184 -0.6014
vn -0.7459 0.4003 0.5324
vn -0.7656 -0.0602 -0.6405
vn -0.6902 0.4658 0.5538
vn -0.7867 -0.1501 -0.5989
vn -0.7829 0.1582 0.6017
vn -0.7630 -0.4202 -0.4911
vn -0.8535 -0.1749 0.4909
vn -0.7470 -0.5289 -0.4027
vn -0.8608 -0.2954 0.4144
vn -0.9984 -0.0555 0.0113
vn -0.9930 0.1176 0.0114
vn -0.9861 0.1654 0.0154
vn -0.9998 0.0213 -0.0011
vn -0.8625 0.5053 0.0274
vn -0.8159 0.4857 -0.3138
vn -0.8293 -0.3425 0.4415
vn -0.7518 0.1667 0.6380
vn -0.8377 0.3580 -0.4123
vn -0.7516 0.0651 -0.6564
vn -0.5321 0.6724 0.5145
vn -0.2441 0.9051 0.3481
vn -0.3312 0.7098 -0.6216
vn -0.7757 0.5243 0.3512
vn -0.8135 -0.2436 -0.5280
vn -0.3193 0.9397 0.1226
vn -0.3509 0.9189 -0.1801
vn -0.7953 -0.0436 -0.6047
vn -0.8300 -0.2973 0.4719
vn -0.9987 -0.0483 0.0162
vn -0.9970 -0.0774 -0.0091
vn -0.9952 -0.0975 -0.0047
vn -0.7717 0.1851 -0.6085
vn -0.7711 -0.3191 0.5510
vn -0.9994 -0.0354 0.0009
vn -0.7419 0.2175 -0.6342
vn -0.7553 -0.3380 0.5614
vn -0.9994 -0.0344 -0.0038
vn 0.8020 0.3121 0.5093
vn 0.7761 -0.0598 -0.6277
vn 0.9975 0.0708 0.0076
vn 0.7852 0.0028 -0.6193
vn 0.8157 0.0232 0.5780
vn 0.9775 -0.0711 -0.1985
vn 0.7726 0.1050 -0.6261
vn 0.6841 -0.5291 0.5021
vn 0.9790 -0.0858 -0.1850
vn 0.7739 0.0563 -0.6308
vn 0.7317 -0.3223 0.6006
vn 0.9810 0.0931 -0.1702
vn 0.7782 0.3060 -0.5484
vn 0.8325 0.0231 0.5535
vn 0.9953 0.0430 -0.0873
vn 0.7556 0.4840 -0.4414
vn 0.8611 0.2562 0.4391
vn -0.0000 0.4650 0.8853
vn -0.0000 -0.1785 -0.9839
vn -0.0000 -0.0353 -0.9994
vn -0.0000 0.0161 0.9999
vn -0.0000 0.1921 -0.9814
vn -0.0000 -0.7821 0.6232
vn -0.0000 0.2924 -0.9563
vn -0.0000 -0.3417 0.9398
vn -0.0000 0.5851 -0.8110
vn -0.0000 0.2677 0.9635
vn -0.0000 0.7725 -0.6350
vn -0.0000 0.5858 0.8105
vn 0.2999 0.3757 -0.8769
vn 0.3259 -0.0722 0.9426
vn 0.2782 0.6751 -0.6833
vn 0.3925 0.4267 0.8148
vn 0.2775 0.7597 -0.5881
vn 0.4061 0.5382 0.7385
vn 0.3591 0.4687 0.8071
vn 0.3494 0.4425 0.8259
vn 0.3012 -0.1076 -0.9475
vn 0.3177 -0.1988 -0.9271
vn 0.3025 0.1548 -0.9405
vn 0.2924 -0.5731 0.7655
vn 0.2834 0.1985 -0.9382
vn 0.2122 -0.6393 0.7391
vn 0.9571 -0.2042 0.2053
vn 0.9615 -0.1859 0.2026
vn 0.9885 -0.0096 0.1509
vn 0.9956 -0.0180 0.0923
vn 0.9985 -0.0547 0.0031
vn 0.9969 -0.0791 0.0048
vn 0.9811 -0.1926 0.0186
vn 1.0000 -0.0004 0.0063
vn 0.9986 0.0498 0.0190
vn 0.9985 0.0171 0.0519
vn 0.8326 -0.5026 -0.2328
vn 0.8505 0.3196 0.4177
vn 0.8053 0.2677 0.5289
vn 0.9905 -0.0399 0.1315
vn 0.8042 -0.4880 -0.3394
vn 0.8327 -0.1556 -0.5314
vn 0.9564 -0.2772 0.0921
vn 0.6486 -0.5428 0.5336
vn 0.4193 -0.7617 0.4939
vn 0.4374 -0.8963 -0.0723
vn 0.6338 -0.3377 -0.6959
vn 0.3682 0.5354 0.7601
vn 0.3078 -0.2665 0.9134
vn 0.1161 -0.8260 0.5516
vn 0.0627 -0.9384 0.3397
vn -0.0000 -0.8487 0.5289
vn -0.0000 -0.7797 0.6261
vn -0.0000 0.3448 0.9387
vn -0.0000 0.5763 0.8172
vn 0.2110 -0.2090 -0.9549
vn 0.2666 -0.7141 -0.6473
vn 0.2828 -0.8102 -0.5134
vn 0.2252 -0.9742 0.0172
vn -0.0000 -0.9048 -0.4259
vn -0.0000 -0.8498 -0.5270
vn -0.0000 -0.5061 -0.8625
vn 0.0875 -0.7254 -0.6827
vn -0.0000 -0.9898 -0.1428
vn -0.0000 -0.3643 -0.9313
vn 0.8087 -0.5107 0.2918
vn 0.9998 0.0040 -0.0211
vn 0.7586 0.5121 -0.4029
vn 0.6465 -0.7140 0.2689
vn 0.3809 -0.9243 -0.0230
vn 0.7256 -0.4861 -0.4871
vn 0.3521 0.1978 -0.9148
vn -0.0000 0.7140 -0.7002
vn 0.0991 -0.9704 -0.2201
vn -0.0000 -0.7070 -0.7072
vn 0.2618 -0.8081 0.5277
vn -0.0000 -0.8872 0.4614
vn 0.0849 -0.9861 0.1430
vn -0.0000 -0.9372 0.3489
vn -0.0000 -0.9999 -0.0106
vn 0.8021 0.0856 -0.5911
vn 0.8205 0.3242 0.4709
vn -0.0000 0.1122 -0.9937
vn -0.0000 0.5412 0.8409
vn 0.9790 -0.0797 0.1874
vn 0.3762 0.4742 0.7960
vn 0.3073 0.0537 -0.9501
vn 0.9737 0.1483 0.1729
vn 0.9777 0.0160 -0.2092
vn 0.9769 0.0522 -0.2071
vn 0.9868 0.0358 -0.1576
vn 0.9833 0.1099 0.1449
vn 0.9847 0.0711 -0.1591
vn 0.9742 0.1596 0.1596
vn 0.9948 0.1010 -0.0116
vn 0.3167 0.4690 0.8245
vn 0.3008 -0.2864 -0.9097
vn 0.9721 0.1291 0.1956
vn 0.9776 -0.0456 -0.2056
vn 0.9988 0.0482 -0.0024
vn 0.7850 -0.1473 -0.6017
vn -0.0000 -0.2635 -0.9647
vn 0.7877 0.3062 0.5346
vn -0.0000 0.4797 0.8774
vn 0.2878 0.4873 0.8244
vn 0.2698 -0.3209 -0.9079
vn 0.9702 0.1374 0.1996
vn 0.9727 -0.0595 -0.2244
vn 0.7521 -0.2085 -0.6252
vn -0.0000 -0.3251 -0.9457
vn 0.7507 0.3376 0.5678
vn 0.9994 0.0353 0.0006
vn -0.0000 0.5051 0.8631
vn -0.8020 0.3121 0.5093
vn -0.7761 -0.0598 -0.6277
vn -0.9975 0.0708 0.0076
vn -0.7852 0.0028 -0.6193
vn -0.8157 0.0232 0.5780
vn -0.9775 -0.0711 -0.1985
vn -0.7726 0.1050 -0.6261
vn -0.6841 -0.5291 0.5021
vn -0.9790 -0.0858 -0.1850
vn -0.7739 0.0563 -0.6308
vn -0.7317 -0.3223 0.6006
vn -0.9810 0.0931 -0.1702
vn -0.7782 0.3060 -0.5484
vn -0.8325 0.0231 0.5535
vn -0.9953 0.0430 -0.0873
vn -0.7556 0.4840 -0.4414
vn -0.8611 0.2562 0.4391
vn -0.2999 0.3757 -0.8769
vn -0.3259 -0.0722 0.9426
vn -0.2782 0.6751 -0.6833
vn -0.3925 0.4267 0.8148
vn -0.2775 0.7597 -0.5881
vn -0.4061 0.5382 0.7385
vn -0.3591 0.4687 0.8071
vn -0.3494 0.4425 0.8259
vn -0.3012 -0.1076 -0.9475
vn -0.3177 -0.1988 -0.9271
vn -0.3025 0.1548 -0.9405
vn -0.2924 -0.5731 0.7655
vn -0.2834 0.1985 -0.9382
vn -0.2122 -0.6393 0.7391
vn -0.9571 -0.2042 0.2053
vn -0.9615 -0.1859 0.2026
vn -0.9885 -0.0096 0.1509
vn -0.9956 -0.0180 0.0923
vn -0.9985 -0.0547 0.0031
vn -0.9969 -0.0791 0.0048
vn -0.9811 -0.1926 0.0186
vn -1.0000 -0.0004 0.0063
vn -0.9986 0.0498 0.0190
vn -0.9985 0.0171 0.0519
vn -0.8326 -0.5026 -0.2328
vn -0.8505 0.3196 0.4177
vn -0.8053 0.2677 0.5290
vn -0.9905 -0.0399 0.1315
vn -0.8042 -0.4880 -0.3394
vn -0.8327 -0.1556 -0.5314
vn -0.9564 -0.2772 0.0921
vn -0.6486 -0.5428 0.5336
vn -0.4193 -0.7617 0.4939
vn -0.4374 -0.8963 -0.0723
vn -0.6338 -0.3377 -0.6959
vn -0.3682 0.5354 0.7601
vn -0.3078 -0.2665 0.9134
vn -0.1161 -0.8260 0.5516
vn -0.0627 -0.9384 0.3397
vn -0.2110 -0.2090 -0.9549
vn -0.2666 -0.7141 -0.6473
vn -0.2828 -0.8102 -0.5134
vn -0.2252 -0.9742 0.0172
vn -0.0875 -0.7254 -0.6827
vn -0.8087 -0.5107 0.2918
vn -0.9998 0.0040 -0.0211
vn -0.7586 0.5121 -0.4029
vn -0.6465 -0.7140 0.2689
vn -0.3809 -0.9243 -0.0230
vn -0.7256 -0.4861 -0.4871
vn -0.3521 0.1978 -0.9148
vn -0.0991 -0.9704 -0.2201
vn -0.2618 -0.8081 0.5277
vn -0.0849 -0.9861 0.1430
vn -0.8021 0.0856 -0.5911
vn -0.8205 0.3242 0.4709
vn -0.9790 -0.0797 0.1874
vn -0.3762 0.4742 0.7960
vn -0.3073 0.0537 -0.9501
vn -0.9737 0.1483 0.1729
vn -0.9777 0.0160 -0.2092
vn -0.9769 0.0522 -0.2071
vn -0.9868 0.0358 -0.1576
vn -0.9833 0.1099 0.1449
vn -0.9847 0.0711 -0.1591
vn -0.9742 0.1596 0.1596
vn -0.9948 0.1010 -0.0116
vn -0.3167 0.4690 0.8245
vn -0.3008 -0.2864 -0.9097
vn -0.9721 0.1291 0.1956
vn -0.9776 -0.0456 -0.2056
vn -0.9988 0.0482 -0.0024
vn -0.7850 -0.1473 -0.6017
vn -0.7877 0.3062 0.5346
vn -0.2878 0.4873 0.8244
vn -0.2698 -0.3209 -0.9079
vn -0.9702 0.1374 0.1996
vn -0.9727 -0.0595 -0.2244
vn -0.7521 -0.2085 -0.6252
vn -0.7507 0.3376 0.5678
vn -0.9994 0.0353 0.0006
vn 0.8020 -0.3121 0.5093
vn 0.7761 0.0598 -0.6277
vn 0.9975 -0.0708 0.0076
vn 0.7852 -0.0028 -0.6193
vn 0.8157 -0.0232 0.5780
vn 0.9775 0.0711 -0.1985
vn 0.7726 -0.1050 -0.6261
vn 0.6841 0.5291 0.5021
vn 0.9790 0.0858 -0.1850
vn 0.7739 -0.0563 -0.6308
vn 0.7317 0.3223 0.6006
vn 0.9810 -0.0931 -0.1702
vn 0.7782 -0.3060 -0.5484
vn 0.8325 -0.0231 0.5535
vn 0.9953 -0.0430 -0.0873
vn 0.7556 -0.4840 -0.4414
vn 0.8611 -0.2562 0.4391
vn -0.0000 -0.4650 0.8853
vn -0.0000 0.1785 -0.9839
vn -0.0000 0.0353 -0.9994
vn -0.0000 -0.0162 0.9999
vn -0.0000 -0.1921 -0.9814
vn -0.0000 0.7821 0.6232
vn -0.0000 -0.2924 -0.9563
vn -0.0000 0.3417 0.9398
vn -0.0000 -0.5851 -0.8110
vn -0.0000 -0.2677 0.9635
vn -0.0000 -0.7725 -0.6350
vn -0.0000 -0.5858 0.8105
vn 0.2999 -0.3757 -0.8769
vn 0.3259 0.0722 0.9426
vn 0.2782 -0.6751 -0.6833
vn 0.3925 -0.4267 0.8148
vn 0.2775 -0.7597 -0.5881
vn 0.4061 -0.5382 0.7385
vn 0.3591 -0.4687 0.8071
vn 0.3494 -0.4424 0.8259
vn 0.3012 0.1076 -0.9475
vn 0.3177 0.1988 -0.9271
vn 0.3025 -0.1548 -0.9405
vn 0.2924 0.5731 0.7655
vn 0.2834 -0.1985 -0.9382
vn 0.2122 0.6393 0.7391
vn 0.9571 0.2042 0.2053
vn 0.9615 0.1859 0.2026
vn 0.9885 0.0096 0.1509
vn 0.9956 0.0180 0.0923
vn 0.9985 0.0547 0.0031
vn 0.9969 0.0791 0.0048
vn 0.9811 0.1926 0.0186
vn 1.0000 0.0004 0.0063
vn 0.9986 -0.0498 0.0190
vn 0.9985 -0.0171 0.0519
vn 0.8326 0.5026 -0.2328
vn 0.8505 -0.3196 0.4177
vn 0.8053 -0.2677 0.5290
vn 0.9905 0.0399 0.1315
vn 0.8042 0.4880 -0.3394
vn 0.8327 0.1556 -0.5314
vn 0.9564 0.2772 0.0921
vn 0.6486 0.5428 0.5336
vn 0.4193 0.7617 0.4939
vn 0.4374 0.8963 -0.0723
vn 0.6338 0.3377 -0.6959
vn 0.3682 -0.5354 0.7601
vn 0.3078 0.2665 0.9134
vn 0.1161 0.8260 0.5516
vn 0.0627 0.9384 0.3397
vn -0.0000 0.8487 0.5289
vn -0.0000 0.7797 0.6261
vn -0.0000 -0.3448 0.9387
vn -0.0000 -0.5763 0.8172
vn 0.2110 0.2090 -0.9549
vn 0.2666 0.7141 -0.6473
vn 0.2828 0.8102 -0.5134
vn 0.2252 0.9742 0.0172
vn -0.0000 0.9048 -0.4259
vn -0.0000 0.8498 -0.5270
vn -0.0000 0.5061 -0.8625
vn 0.0875 0.7254 -0.6827
vn -0.0000 0.9898 -0.1428
vn -0.0000 0.3643 -0.9313
vn 0.8087 0.5107 0.2918
vn 0.9998 -0.0040 -0.0211
vn 0.7586 -0.5121 -0.4029
vn 0.6465 0.7140 0.2689
vn 0.3809 0.9243 -0.0230
vn 0.7256 0.4861 -0.4871
vn 0.3521 -0.1978 -0.9148
vn -0.0000 -0.7140 -0.7002
vn 0.0991 0.9704 -0.2201
vn -0.0000 0.7070 -0.7072
vn 0.2618 0.8081 0.5277
vn -0.0000 0.8872 0.4614
vn 0.0849 0.9861 0.1430
vn -0.0000 0.9372 0.3489
vn -0.0000 0.9999 -0.0106
vn 0.8021 -0.0856 -0.5911
vn 0.8205 -0.3242 0.4709
vn -0.0000 -0.1122 -0.9937
vn -0.0000 -0.5412 0.8409
vn 0.9790 0.0797 0.1874
vn 0.3762 -0.4742 0.7960
vn 0.3073 -0.0537 -0.9501
vn 0.9737 -0.1483 0.1729
vn 0.9777 -0.0160 -0.2092
vn 0.9769 -0.0522 -0.2071
vn 0.9868 -0.0358 -0.1576
vn 0.9833 -0.1099 0.1449
vn 0.9847 -0.0711 -0.1591
vn 0.9742 -0.1596 0.1596
vn 0.9948 -0.1010 -0.0116
vn 0.3167 -0.4690 0.8245
vn 0.3008 0.2864 -0.9097
vn 0.9721 -0.1291 0.1956
vn 0.9776 0.0456 -0.2056
vn 0.9988 -0.0482 -0.0024
vn 0.7850 0.1473 -0.6017
vn -0.0000 0.2635 -0.9647
vn 0.7877 -0.3062 0.5346
vn -0.0000 -0.4797 0.8774
vn 0.2878 -0.4873 0.8244
vn 0.2698 0.3209 -0.9079
vn 0.9702 -0.1374 0.1996
vn 0.9727 0.0595 -0.2244
vn 0.7521 0.2085 -0.6252
vn -0.0000 0.3251 -0.9457
vn 0.7507 -0.3376 0.5678
vn 0.9994 -0.0353 0.0006
vn -0.0000 -0.5051 0.8631
vn -0.8020 -0.3121 0.5093
vn -0.7761 0.0598 -0.6277
vn -0.9975 -0.0708 0.0076
vn -0.7852 -0.0028 -0.6193
vn -0.8157 -0.0232 0.5780
vn -0.9775 0.0711 -0.1985
vn -0.7726 -0.1050 -0.6261
vn -0.6841 0.5291 0.5021
vn -0.9790 0.0858 -0.1850
vn -0.7739 -0.0563 -0.6308
vn -0.7317 0.3223 0.6006
vn -0.9810 -0.0931 -0.1702
vn -0.7782 -0.3060 -0.5484
vn -0.8325 -0.0231 0.5535
vn -0.9953 -0.0430 -0.0873
vn -0.7556 -0.4840 -0.4414
vn -0.8611 -0.2562 0.4391
vn -0.2999 -0.3757 -0.8769
vn -0.3259 0.0722 0.9426
vn -0.2782 -0.6751 -0.6833
vn -0.3925 -0.4267 0.8148
vn -0.2775 -0.7597 -0.5881
vn -0.4061 -0.5382 0.7385
vn -0.3591 -0.4687 0.8071
vn -0.3494 -0.4425 0.8259
vn -0.3012 0.1076 -0.9475
vn -0.3177 0.1988 -0.9271
vn -0.3025 -0.1548 -0.9405
vn -0.2924 0.5731 0.7655
vn -0.2834 -0.1985 -0.9382
vn -0.2122 0.6393 0.7391
vn -0.9571 0.2042 0.2053
vn -0.9615 0.1859 0.2026
vn -0.9885 0.0096 0.1509
vn -0.9956 0.0180 0.0923
vn -0.9985 0.0547 0.0031
vn -0.9969 0.0791 0.0048
vn -0.9811 0.1926 0.0186
vn -1.0000 0.0004 0.0063
vn -0.9986 -0.0498 0.0190
vn -0.9985 -0.0171 0.0519
vn -0.8326 0.5026 -0.2328
vn -0.8505 -0.3196 0.4177
vn -0.8053 -0.2677 0.5289
vn -0.9905 0.0399 0.1315
vn -0.8042 0.4880 -0.3394
vn -0.8327 0.1556 -0.5314
vn -0.9564 0.2772 0.0921
vn -0.6486 0.5428 0.5336
vn -0.4193 0.7617 0.4939
vn -0.4374 0.8963 -0.0723
vn -0.6338 0.3377 -0.6959
vn -0.3682 -0.5354 0.7601
vn -0.3078 0.2665 0.9134
vn -0.1161 0.8260 0.5516
vn -0.0627 0.9384 0.3397
vn -0.2110 0.2090 -0.9549
vn -0.2666 0.7141 -0.6473
vn -0.2828 0.8102 -0.5134
vn -0.2252 0.9742 0.0172
vn -0.0875 0.7254 -0.6827
vn -0.8087 0.5107 0.2918
vn -0.9998 -0.0040 -0.0211
vn -0.7586 -0.5121 -0.4029
vn -0.6465 0.7140 0.2689
vn -0.3809 0.9243 -0.0230
vn -0.7256 0.4861 -0.4871
vn -0.3521 -0.1978 -0.9148
vn -0.0991 0.9704 -0.2201
vn -0.2618 0.8081 0.5277
vn -0.0849 0.9861 0.1430
vn -0.8021 -0.0856 -0.5911
vn -0.8205 -0.3242 0.4709
vn -0.9790 0.0797 0.1874
vn -0.3762 -0.4742 0.7960
vn -0.3073 -0.0537 -0.9501
vn -0.9737 -0.1483 0.1729
vn -0.9777 -0.0160 -0.2092
vn -0.9769 -0.0522 -0.2071
vn -0.9868 -0.0358 -0.1576
vn -0.9833 -0.1099 0.1449
vn -0.9847 -0.0711 -0.1591
vn -0.9742 -0.1596 0.1596
vn -0.9948 -0.1010 -0.0116
vn -0.3167 -0.4690 0.8245
vn -0.3008 0.2864 -0.9097
vn -0.9721 -0.1291 0.1956
vn -0.9776 0.0456 -0.2056
vn -0.9988 -0.0482 -0.0024
vn -0.7850 0.1473 -0.6017
vn -0.7877 -0.3062 0.5346
vn -0.2878 -0.4873 0.8244
vn -0.2698 0.3209 -0.9079
vn -0.9702 -0.1374 0.1996
vn -0.9727 0.0595 -0.2244
vn -0.7521 0.2085 -0.6252
vn -0.7507 -0.3376 0.5678
vn -0.9994 -0.0353 0.0006
vn 0.9805 -0.0871 0.1762
vn 0.9923 -0.0014 0.1237
vn 0.2734 -0.3600 0.8920
vn 0.9482 -0.2352 0.2135
vn 0.2909 0.5490 -0.7836
vn 0.3712 0.2058 0.9054
vn 0.2741 0.7389 -0.6156
vn 0.3082 -0.1560 -0.9384
vn 0.4026 0.5229 0.7513
vn 0.3109 0.1111 -0.9439
vn 0.3657 0.5083 0.7796
vn 0.2886 0.1803 -0.9403
vn 0.1909 -0.7603 0.6209
vn 0.9878 0.0762 -0.1361
vn 0.9833 0.0206 -0.1811
vn 0.2918 0.2482 -0.9237
vn 0.9822 0.0281 -0.1856
vn 0.9691 -0.1492 0.1964
vn 0.3549 0.4439 0.8228
vn 0.8574 -0.5146 -0.0016
vn 0.9706 -0.2003 0.1332
vn 0.9973 0.0248 0.0691
vn 0.3942 0.5377 0.7453
vn 0.1895 -0.7439 0.6409
vn 0.0839 -0.8380 0.5392
vn 0.0665 -0.9900 -0.1242
vn 0.1407 -0.3047 -0.9420
vn 0.2692 -0.4301 -0.8617
vn 0.2623 -0.8127 -0.5204
vn 0.9956 0.0829 -0.0429
vn 0.2441 -0.8860 -0.3942
vn 0.3501 0.3421 0.8720
vn 0.3025 0.6923 -0.6551
vn 0.8913 -0.4506 -0.0507
vn 0.2354 -0.8674 0.4385
vn 0.2932 -0.6240 -0.7243
vn 0.1834 -0.9114 0.3685
vn 0.0640 -0.9979 -0.0102
vn 0.9726 -0.1296 -0.1928
vn 0.9980 0.0072 0.0629
vn 0.3683 0.0272 0.9293
vn 0.3028 -0.0270 -0.9527
vn 0.9850 0.0504 0.1648
vn 0.9753 0.0464 -0.2161
vn 0.9824 0.0413 -0.1819
vn 0.9881 0.0519 -0.1445
vn 0.9791 0.1366 0.1509
vn 0.9725 0.1640 0.1656
vn 0.9791 -0.0223 -0.2023
vn 0.3159 -0.2466 -0.9162
vn 0.9741 0.1308 0.1843
vn 0.3366 0.4535 0.8252
vn 0.2802 -0.3118 -0.9079
vn 0.9689 0.1381 0.2052
vn 0.2940 0.4826 0.8250
vn 0.9748 -0.0551 -0.2161
vn -0.9805 -0.0871 0.1762
vn -0.9923 -0.0014 0.1237
vn -0.2734 -0.3600 0.8920
vn -0.9482 -0.2352 0.2135
vn -0.2909 0.5490 -0.7836
vn -0.3712 0.2058 0.9054
vn -0.2741 0.7389 -0.6156
vn -0.3082 -0.1560 -0.9384
vn -0.4026 0.5229 0.7513
vn -0.3109 0.1111 -0.9439
vn -0.3657 0.5083 0.7796
vn -0.2886 0.1803 -0.9403
vn -0.1909 -0.7603 0.6209
vn -0.9878 0.0762 -0.1361
vn -0.9833 0.0206 -0.1811
vn -0.2918 0.2482 -0.9237
vn -0.9822 0.0281 -0.1856
vn -0.9691 -0.1492 0.1964
vn -0.3549 0.4439 0.8228
vn -0.8574 -0.5146 -0.0016
vn -0.9706 -0.2003 0.1332
vn -0.9973 0.0248 0.0691
vn -0.3942 0.5377 0.7453
vn -0.1895 -0.7439 0.6409
vn -0.0839 -0.8380 0.5392
vn -0.0665 -0.9900 -0.1242
vn -0.1408 -0.3047 -0.9420
vn -0.2692 -0.4301 -0.8617
vn -0.2623 -0.8127 -0.5204
vn -0.9956 0.0829 -0.0429
vn -0.2441 -0.8860 -0.3942
vn -0.3501 0.3421 0.8720
vn -0.3025 0.6923 -0.6551
vn -0.8913 -0.4506 -0.0507
vn -0.2354 -0.8674 0.4385
vn -0.2932 -0.6240 -0.7243
vn -0.1835 -0.9113 0.3685
vn -0.0640 -0.9979 -0.0102
vn -0.9726 -0.1296 -0.1928
vn -0.9980 0.0072 0.0629
vn -0.3683 0.0272 0.9293
vn -0.3028 -0.0270 -0.9527
vn -0.9850 0.0504 0.1648
vn -0.9753 0.0464 -0.2161
vn -0.9824 0.0413 -0.1819
vn -0.9881 0.0519 -0.1445
vn -0.9791 0.1366 0.1509
vn -0.9725 0.1640 0.1656
vn -0.9791 -0.0223 -0.2023
vn -0.3159 -0.2466 -0.9162
vn -0.9741 0.1308 0.1843
vn -0.3366 0.4535 0.8252
vn -0.2802 -0.3118 -0.9079
vn -0.9689 0.1381 0.2052
vn -0.2940 0.4826 0.8250
vn -0.9748 -0.0551 -0.2161
vn 0.9805 0.0871 0.1762
vn 0.9923 0.0014 0.1237
vn 0.2734 0.3600 0.8920
vn 0.9482 0.2352 0.2135
vn 0.2909 -0.5490 -0.7836
vn 0.3712 -0.2058 0.9054
vn 0.2741 -0.7389 -0.6156
vn 0.3082 0.1560 -0.9384
vn 0.4026 -0.5229 0.7513
vn 0.3109 -0.1111 -0.9439
vn 0.3657 -0.5083 0.7796
vn 0.2886 -0.1803 -0.9403
vn 0.1909 0.7603 0.6209
vn 0.9878 -0.0762 -0.1361
vn 0.9833 -0.0206 -0.1811
vn 0.2918 -0.2482 -0.9237
vn 0.9822 -0.0281 -0.1856
vn 0.9691 0.1492 0.1964
vn 0.3549 -0.4439 0.8228
vn 0.8574 0.5146 -0.0016
vn 0.9706 0.2003 0.1332
vn 0.9973 -0.0248 0.0691
vn 0.3942 -0.5377 0.7453
vn 0.1895 0.7439 0.6409
vn 0.0839 0.8380 0.5392
vn 0.0665 0.9900 -0.1242
vn 0.1408 0.3047 -0.9420
vn 0.2692 0.4301 -0.8617
vn 0.2623 0.8127 -0.5204
vn 0.9956 -0.0829 -0.0429
vn 0.2441 0.8860 -0.3942
vn 0.3501 -0.3421 0.8720
vn 0.3025 -0.6923 -0.6551
vn 0.8913 0.4506 -0.0507
vn 0.2354 0.8674 0.4385
vn 0.2932 0.6240 -0.7243
vn 0.1835 0.9113 0.3685
vn 0.0640 0.9979 -0.0102
vn 0.9726 0.1296 -0.1928
vn 0.9980 -0.0072 0.0629
vn 0.3683 -0.0272 0.9293
vn 0.3028 0.0270 -0.9527
vn 0.9850 -0.0504 0.1648
vn 0.9753 -0.0464 -0.2161
vn 0.9824 -0.0413 -0.1819
vn 0.9881 -0.0519 -0.1445
vn 0.9791 -0.1366 0.1509
vn 0.9725 -0.1640 0.1656
vn 0.9791 0.0223 -0.2023
vn 0.3159 0.2466 -0.9162
vn 0.9741 -0.1308 0.1843
vn 0.3366 -0.4535 0.8252
vn 0.2802 0.3118 -0.9079
vn 0.9689 -0.1381 0.2052
vn 0.2940 -0.4826 0.8250
vn 0.9748 0.0551 -0.2161
vn -0.9805 0.0871 0.1762
vn -0.9923 0.0014 0.1237
vn -0.2734 0.3600 0.8920
vn -0.9482 0.2352 0.2135
vn -0.2909 -0.5490 -0.7836
vn -0.3712 -0.2058 0.9054
vn -0.2741 -0.7389 -0.6156
vn -0.3082 0.1560 -0.9384
vn -0.4026 -0.5229 0.7513
vn -0.3109 -0.1111 -0.9439
vn -0.3657 -0.5083 0.7796
vn -0.2886 -0.1803 -0.9403
vn -0.1909 0.7603 0.6209
vn -0.9878 -0.0762 -0.1361
vn -0.9833 -0.0206 -0.1811
vn -0.2918 -0.2482 -0.9237
vn -0.9822 -0.0281 -0.1856
vn -0.9691 0.1492 0.1964
vn -0.3549 -0.4439 0.8228
vn -0.8574 0.5146 -0.0016
vn -0.9706 0.2003 0.1332
vn -0.9973 -0.0248 0.0691
vn -0.3942 -0.5377 0.7453
vn -0.1895 0.7439 0.6409
vn -0.0839 0.8380 0.5392
vn -0.0665 0.9900 -0.1242
vn -0.1407 0.3047 -0.9420
vn -0.2692 0.4301 -0.8617
vn -0.2623 0.8127 -0.5204
vn -0.9956 -0.0829 -0.0429
vn -0.2441 0.8860 -0.3942
vn -0.3501 -0.3421 0.8720
vn -0.3025 -0.6923 -0.6551
vn -0.8913 0.4506 -0.0507
vn -0.2354 0.8674 0.4385
vn -0.2932 0.6240 -0.7243
vn -0.1834 0.9114 0.3685
vn -0.0640 0.9979 -0.0102
vn -0.9726 0.1296 -0.1928
vn -0.9980 -0.0072 0.0629
vn -0.3683 -0.0272 0.9293
vn -0.3028 0.0270 -0.9527
vn -0.9850 -0.0504 0.1648
vn -0.9753 -0.0464 -0.2161
vn -0.9824 -0.0413 -0.1819
vn -0.9881 -0.0519 -0.1445
vn -0.9791 -0.1366 0.1509
vn -0.9725 -0.1640 0.1656
vn -0.9791 0.0223 -0.2023
vn -0.3159 0.2466 -0.9162
vn -0.9741 -0.1308 0.1843
vn -0.3366 -0.4535 0.8252
vn -0.2802 0.3118 -0.9079
vn -0.9689 -0.1381 0.2052
vn -0.2940 -0.4826 0.8250
vn -0.9748 0.0551 -0.2161
vt 0.447108 0.211240
vt 0.455371 0.247334
vt 0.439388 0.246778
vt 0.430944 0.207782
vt 0.462523 0.279951
vt 0.447560 0.281164
vt 0.436113 0.284482
vt 0.426808 0.247537
vt 0.417881 0.204677
vt 0.417881 0.204677
vt 0.426808 0.247537
vt 0.414550 0.249768
vt 0.404664 0.201639
vt 0.436113 0.284482
vt 0.425081 0.289835
vt 0.411857 0.298807
vt 0.400425 0.257477
vt 0.383365 0.199639
vt 0.506348 0.289000
vt 0.505597 0.316260
vt 0.483355 0.308697
vt 0.483032 0.281730
vt 0.496099 0.337637
vt 0.479263 0.332380
vt 0.462427 0.327123
vt 0.465137 0.306289
vt 0.506348 0.289000
vt 0.476577 0.250017
vt 0.499391 0.256808
vt 0.462523 0.279951
vt 0.455371 0.247334
vt 0.447108 0.211240
vt 0.467957 0.215711
vt 0.489610 0.222160
vt 0.440732 0.144426
vt 0.425698 0.136438
vt 0.431248 0.112604
vt 0.444931 0.120586
vt 0.413525 0.127062
vt 0.419681 0.102761
vt 0.430201 0.086413
vt 0.439881 0.094398
vt 0.449562 0.102382
vt 0.452428 0.307395
vt 0.442597 0.310914
vt 0.465137 0.306289
vt 0.454931 0.328440
vt 0.447434 0.329758
vt 0.401917 0.115985
vt 0.407525 0.090757
vt 0.389896 0.104218
vt 0.394160 0.078760
vt 0.401549 0.060148
vt 0.415875 0.073281
vt 0.709196 0.135647
vt 0.639021 0.147653
vt 0.633990 0.126071
vt 0.705719 0.117289
vt 0.578819 0.156918
vt 0.572194 0.132174
vt 0.552981 0.110734
vt 0.631478 0.107124
vt 0.709976 0.103514
vt 0.411857 0.298807
vt 0.425081 0.289835
vt 0.432760 0.316864
vt 0.420163 0.325644
vt 0.438881 0.335851
vt 0.430327 0.341944
vt 0.524691 0.163565
vt 0.514509 0.164137
vt 0.513363 0.134982
vt 0.522180 0.135006
vt 0.506032 0.163480
vt 0.505849 0.134596
vt 0.510172 0.109189
vt 0.515147 0.109311
vt 0.520122 0.109433
vt 0.571397 0.314028
vt 0.590623 0.304550
vt 0.598844 0.331038
vt 0.579380 0.341379
vt 0.625226 0.288046
vt 0.632393 0.313036
vt 0.627466 0.339674
vt 0.604601 0.352740
vt 0.581735 0.365806
vt 0.494829 0.161223
vt 0.495388 0.133528
vt 0.479390 0.157215
vt 0.481160 0.131143
vt 0.487634 0.108682
vt 0.498903 0.108935
vt 0.528677 0.302562
vt 0.530585 0.330195
vt 0.546773 0.314814
vt 0.552516 0.342723
vt 0.560023 0.370276
vt 0.528061 0.353956
vt 0.413007 0.162435
vt 0.400774 0.154369
vt 0.401917 0.115985
vt 0.387804 0.143728
vt 0.389896 0.104218
vt 0.440732 0.144426
vt 0.441595 0.175586
vt 0.425783 0.169304
vt 0.425698 0.136438
vt 0.413007 0.162435
vt 0.413525 0.127062
vt 0.459942 0.151469
vt 0.462919 0.126732
vt 0.468598 0.105532
vt 0.506032 0.163480
vt 0.511346 0.198280
vt 0.498982 0.194086
vt 0.494829 0.161223
vt 0.521567 0.237613
vt 0.507720 0.230685
vt 0.482366 0.188106
vt 0.479390 0.157215
vt 0.489610 0.222160
vt 0.507720 0.230685
vt 0.519487 0.268304
vt 0.535145 0.278422
vt 0.528678 0.302562
vt 0.679740 0.263304
vt 0.687313 0.284338
vt 0.742525 0.235388
vt 0.749905 0.252579
vt 0.760804 0.262348
vt 0.694135 0.301011
vt 0.323895 0.308571
vt 0.328307 0.305765
vt 0.333376 0.312790
vt 0.325776 0.313013
vt 0.332660 0.302830
vt 0.339207 0.314170
vt 0.338083 0.328333
vt 0.330889 0.322289
vt 0.325198 0.318828
vt 0.356445 0.338268
vt 0.346843 0.334907
vt 0.345580 0.315760
vt 0.352563 0.314472
vt 0.338083 0.328333
vt 0.337407 0.299473
vt 0.342752 0.293501
vt 0.357570 0.265709
vt 0.370455 0.294131
vt 0.360187 0.307416
vt 0.348933 0.282633
vt 0.378817 0.325836
vt 0.366396 0.335152
vt 0.356445 0.338268
vt 0.352563 0.314472
vt 0.342752 0.293501
vt 0.378817 0.325836
vt 0.395195 0.312177
vt 0.402395 0.337831
vt 0.384061 0.349564
vt 0.408105 0.356169
vt 0.385882 0.370394
vt 0.346843 0.334907
vt 0.342789 0.351274
vt 0.330299 0.341567
vt 0.356417 0.357537
vt 0.355681 0.377360
vt 0.335801 0.365859
vt 0.315921 0.354359
vt 0.321458 0.331662
vt 0.315780 0.322843
vt 0.307632 0.340964
vt 0.299344 0.327568
vt 0.325776 0.313013
vt 0.313789 0.315353
vt 0.313632 0.308968
vt 0.298067 0.318964
vt 0.296790 0.310360
vt 0.313632 0.308968
vt 0.315552 0.303291
vt 0.328307 0.305765
vt 0.298126 0.303487
vt 0.299462 0.296615
vt 0.318362 0.297675
vt 0.342752 0.293501
vt 0.337407 0.299473
vt 0.321802 0.291388
vt 0.326008 0.282858
vt 0.318362 0.297675
vt 0.301899 0.288647
vt 0.304335 0.280679
vt 0.357570 0.265709
vt 0.348933 0.282633
vt 0.331563 0.269946
vt 0.339206 0.251874
vt 0.310498 0.265407
vt 0.316659 0.250136
vt 0.367440 0.161021
vt 0.375005 0.128353
vt 0.357025 0.141618
vt 0.364476 0.115721
vt 0.365892 0.086418
vt 0.377296 0.093407
vt 0.336933 0.198483
vt 0.355292 0.199611
vt 0.349158 0.227429
vt 0.326796 0.224309
vt 0.369701 0.241363
vt 0.357570 0.265709
vt 0.339206 0.251874
vt 0.366396 0.335152
vt 0.369403 0.356507
vt 0.370782 0.373877
vt 0.365892 0.086418
vt 0.364564 0.064589
vt 0.379095 0.069348
vt 0.377296 0.093407
vt 0.360659 0.044068
vt 0.381104 0.052108
vt 0.365892 0.086418
vt 0.357029 0.108472
vt 0.357193 0.085436
vt 0.357025 0.141618
vt 0.350226 0.128159
vt 0.345365 0.118097
vt 0.349112 0.103562
vt 0.350736 0.088202
vt 0.367440 0.161020
vt 0.349776 0.174101
vt 0.340979 0.153239
vt 0.355292 0.199611
vt 0.327844 0.176520
vt 0.318755 0.154558
vt 0.343356 0.077751
vt 0.352755 0.067376
vt 0.357193 0.085436
vt 0.330717 0.059266
vt 0.345688 0.051667
vt 0.350226 0.128159
vt 0.334991 0.136105
vt 0.332900 0.118698
vt 0.313987 0.137076
vt 0.309218 0.119595
vt 0.332900 0.118698
vt 0.336671 0.097365
vt 0.349112 0.103562
vt 0.319968 0.089431
vt 0.461792 0.181829
vt 0.459942 0.151469
vt 0.467957 0.215711
vt 0.384785 0.275529
vt 0.378817 0.325836
vt 0.370454 0.294131
vt 0.559221 0.318235
vt 0.566602 0.345736
vt 0.570879 0.368041
vt 0.542741 0.161747
vt 0.538457 0.134608
vt 0.536552 0.110083
vt 0.571397 0.314028
vt 0.559221 0.318235
vt 0.546603 0.281138
vt 0.559354 0.277361
vt 0.535145 0.278422
vt 0.521567 0.237613
vt 0.532381 0.239347
vt 0.545600 0.236371
vt 0.709196 0.135647
vt 0.716991 0.158596
vt 0.649612 0.173426
vt 0.639021 0.147653
vt 0.726404 0.184719
vt 0.661984 0.203030
vt 0.605477 0.218786
vt 0.591060 0.185682
vt 0.578819 0.156918
vt 0.605477 0.218786
vt 0.567744 0.229748
vt 0.553670 0.193444
vt 0.591060 0.185682
vt 0.533037 0.197597
vt 0.524691 0.163565
vt 0.542741 0.161747
vt 0.578819 0.156918
vt 0.521033 0.199335
vt 0.511346 0.198280
vt 0.545600 0.236371
vt 0.567744 0.229748
vt 0.580278 0.269000
vt 0.559354 0.277361
vt 0.616553 0.255036
vt 0.625226 0.288046
vt 0.590623 0.304550
vt 0.571397 0.314028
vt 0.742525 0.235388
vt 0.671781 0.234763
vt 0.734959 0.211641
vt 0.625226 0.288046
vt 0.616553 0.255036
vt 0.661984 0.203030
vt 0.726404 0.184719
vt 0.716991 0.158596
vt 0.779712 0.143400
vt 0.786965 0.166309
vt 0.709196 0.135647
vt 0.773726 0.122991
vt 0.831396 0.110232
vt 0.836429 0.128381
vt 0.842309 0.148415
vt 0.770292 0.106560
vt 0.769057 0.092670
vt 0.828138 0.081825
vt 0.828153 0.095125
vt 0.831396 0.110232
vt 0.794135 0.189378
vt 0.800860 0.209655
vt 0.848170 0.168482
vt 0.853863 0.186339
vt 0.749905 0.252579
vt 0.807223 0.224931
vt 0.813847 0.236815
vt 0.742525 0.235388
vt 0.853863 0.186339
vt 0.859591 0.200336
vt 0.866891 0.211282
vt 0.881334 0.083573
vt 0.884516 0.097401
vt 0.879007 0.071022
vt 0.929875 0.060220
vt 0.932395 0.071917
vt 0.934915 0.083615
vt 0.848170 0.168482
vt 0.898657 0.148656
vt 0.903512 0.164593
vt 0.842309 0.148415
vt 0.893813 0.131109
vt 0.943428 0.114092
vt 0.947335 0.129503
vt 0.951241 0.144914
vt 0.908636 0.177434
vt 0.914029 0.188540
vt 0.956204 0.155356
vt 0.961167 0.165798
vt 0.836429 0.128381
vt 0.888898 0.113593
vt 0.939172 0.098853
vt 0.447108 0.211240
vt 0.430944 0.207782
vt 0.439388 0.246778
vt 0.455371 0.247334
vt 0.426808 0.247537
vt 0.447560 0.281164
vt 0.417881 0.204677
vt 0.404664 0.201639
vt 0.414550 0.249768
vt 0.383365 0.199639
vt 0.411857 0.298807
vt 0.425081 0.289835
vt 0.436113 0.284482
vt 0.505597 0.316260
vt 0.462523 0.279951
vt 0.499390 0.256808
vt 0.476577 0.250017
vt 0.483032 0.281730
vt 0.489610 0.222160
vt 0.455371 0.247334
vt 0.425698 0.136438
vt 0.419681 0.102761
vt 0.413525 0.127062
vt 0.442597 0.310914
vt 0.452428 0.307395
vt 0.447560 0.281164
vt 0.465137 0.306289
vt 0.462523 0.279951
vt 0.407525 0.090757
vt 0.394160 0.078760
vt 0.389896 0.104218
vt 0.705719 0.117289
vt 0.633990 0.126071
vt 0.639021 0.147653
vt 0.572194 0.132174
vt 0.578819 0.156918
vt 0.411857 0.298807
vt 0.420163 0.325644
vt 0.432760 0.316864
vt 0.524691 0.163565
vt 0.522180 0.135006
vt 0.513363 0.134982
vt 0.514509 0.164137
vt 0.505849 0.134596
vt 0.571397 0.314028
vt 0.579380 0.341379
vt 0.598844 0.331038
vt 0.590623 0.304550
vt 0.632393 0.313036
vt 0.495388 0.133528
vt 0.481160 0.131143
vt 0.479390 0.157215
vt 0.506348 0.289000
vt 0.505597 0.316260
vt 0.528677 0.302562
vt 0.552516 0.342723
vt 0.413525 0.127062
vt 0.400774 0.154369
vt 0.413007 0.162435
vt 0.389896 0.104218
vt 0.387804 0.143728
vt 0.440732 0.144426
vt 0.425698 0.136438
vt 0.425783 0.169304
vt 0.441595 0.175586
vt 0.413007 0.162435
vt 0.462919 0.126732
vt 0.459942 0.151469
vt 0.494829 0.161223
vt 0.498982 0.194086
vt 0.511346 0.198280
vt 0.489610 0.222160
vt 0.507720 0.230685
vt 0.499390 0.256808
vt 0.519487 0.268304
vt 0.507720 0.230685
vt 0.546773 0.314814
vt 0.687313 0.284338
vt 0.679740 0.263304
vt 0.749905 0.252579
vt 0.742525 0.235388
vt 0.323895 0.308571
vt 0.325776 0.313013
vt 0.333376 0.312790
vt 0.325198 0.318828
vt 0.338083 0.328333
vt 0.332660 0.302830
vt 0.352563 0.314472
vt 0.345580 0.315760
vt 0.357570 0.265709
vt 0.348933 0.282633
vt 0.370455 0.294131
vt 0.342752 0.293501
vt 0.356445 0.338268
vt 0.366396 0.335152
vt 0.384061 0.349564
vt 0.402395 0.337831
vt 0.330299 0.341567
vt 0.342789 0.351274
vt 0.346843 0.334907
vt 0.356445 0.338268
vt 0.321459 0.331662
vt 0.313632 0.308968
vt 0.313789 0.315353
vt 0.325776 0.313013
vt 0.321802 0.291388
vt 0.337407 0.299473
vt 0.367440 0.161021
vt 0.365892 0.086418
vt 0.357025 0.141618
vt 0.349158 0.227429
vt 0.355292 0.199611
vt 0.369701 0.241363
vt 0.369403 0.356507
vt 0.379095 0.069348
vt 0.364564 0.064589
vt 0.357029 0.108472
vt 0.350736 0.088202
vt 0.345365 0.118097
vt 0.350226 0.128159
vt 0.357025 0.141618
vt 0.340979 0.153239
vt 0.349776 0.174101
vt 0.367440 0.161020
vt 0.352755 0.067376
vt 0.343356 0.077751
vt 0.332900 0.118698
vt 0.350226 0.128159
vt 0.349112 0.103562
vt 0.336671 0.097365
vt 0.459942 0.151469
vt 0.461792 0.181829
vt 0.384785 0.275529
vt 0.370454 0.294131
vt 0.378817 0.325836
vt 0.566601 0.345736
vt 0.542741 0.161747
vt 0.546603 0.281138
vt 0.545600 0.236371
vt 0.532381 0.239347
vt 0.521567 0.237613
vt 0.546773 0.314814
vt 0.639021 0.147653
vt 0.649612 0.173425
vt 0.716991 0.158596
vt 0.591060 0.185682
vt 0.605477 0.218786
vt 0.591060 0.185682
vt 0.553670 0.193444
vt 0.524691 0.163565
vt 0.533038 0.197597
vt 0.521033 0.199335
vt 0.514509 0.164137
vt 0.545600 0.236371
vt 0.580278 0.269000
vt 0.567744 0.229748
vt 0.590623 0.304550
vt 0.616553 0.255036
vt 0.734959 0.211641
vt 0.671781 0.234763
vt 0.616553 0.255036
vt 0.786965 0.166309
vt 0.716991 0.158596
vt 0.842309 0.148415
vt 0.831396 0.110232
vt 0.773726 0.122991
vt 0.773726 0.122991
vt 0.770292 0.106560
vt 0.828153 0.095125
vt 0.800860 0.209655
vt 0.794135 0.189378
vt 0.734959 0.211641
vt 0.848170 0.168482
vt 0.859591 0.200336
vt 0.800860 0.209655
vt 0.742525 0.235388
vt 0.884516 0.097401
vt 0.903512 0.164593
vt 0.893813 0.131109
vt 0.842309 0.148415
vt 0.908636 0.177434
vt 0.888898 0.113593
s 1
f 2980/3308/2980 3228/3309/3228 3640/3310/3640 3232/3311/3232
f 3228/3309/3228 2959/3312/2959 3197/3313/3197 3640/3310/3640
f 3640/3310/3640 3197/3313/3197 2961/3314/2961 3229/3315/3229
f 3232/3311/3232 3640/3310/3640 3229/3315/3229 2981/3316/2981
f 2981/3317/2981 3229/3318/3229 3641/3319/3641 3231/3320/3231
f 3229/3318/3229 2961/3321/2961 3200/3322/3200 3641/3319/3641
f 3641/3319/3641 3200/3322/3200 2963/3323/2963 3230/3324/3230
f 3231/3320/3231 3641/3319/3641 3230/3324/3230 2982/3325/2982
f 2957/3326/2957 3226/3327/3226 3642/3328/3642 3194/3329/3194
f 3226/3327/3226 2971/3330/2971 3208/3331/3208 3642/3328/3642
f 3642/3328/3642 3208/3331/3208 2973/3332/2973 3214/3333/3214
f 3194/3329/3194 3642/3328/3642 3214/3333/3214 2959/3312/2959
f 2957/3334/2957 3194/3329/3194 3643/3335/3643 3227/3336/3227
f 3194/3329/3194 2959/3337/2959 3228/3338/3228 3643/3335/3643
f 3643/3335/3643 3228/3338/3228 2980/3339/2980 3233/3340/3233
f 3227/3336/3227 3643/3335/3643 3233/3340/3233 2979/3341/2979
f 2958/3342/2958 3196/3343/3196 3644/3344/3644 3213/3345/3213
f 3196/3343/3196 2960/3346/2960 3215/3347/3215 3644/3344/3644
f 3644/3344/3644 3215/3347/3215 2974/3348/2974 3209/3349/3209
f 3213/3345/3213 3644/3344/3644 3209/3349/3209 2972/3350/2972
f 2961/3321/2961 3197/3313/3197 3645/3351/3645 3216/3352/3216
f 3197/3313/3197 2959/3312/2959 3214/3353/3214 3645/3351/3645
f 3645/3351/3645 3214/3353/3214 2973/3332/2973 3210/3354/3210
f 3216/3352/3216 3645/3351/3645 3210/3354/3210 2975/3355/2975
f 2960/3346/2960 3199/3356/3199 3646/3357/3646 3215/3347/3215
f 3199/3356/3199 2962/3358/2962 3217/3359/3217 3646/3357/3646
f 3646/3357/3646 3217/3359/3217 2976/3360/2976 3211/3361/3211
f 3215/3347/3215 3646/3357/3646 3211/3361/3211 2974/3348/2974
f 2952/3362/2952 3185/3363/3185 3647/3364/3647 3222/3365/3222
f 3185/3363/3185 2950/3366/2950 3221/3367/3221 3647/3364/3647
f 3647/3364/3647 3221/3367/3221 2964/3368/2964 3202/3369/3202
f 3222/3365/3222 3647/3364/3647 3202/3369/3202 2966/3370/2966
f 2963/3371/2963 3200/3372/3200 3648/3373/3648 3218/3374/3218
f 3200/3372/3200 2961/3321/2961 3216/3352/3216 3648/3373/3648
f 3648/3373/3648 3216/3352/3216 2975/3355/2975 3212/3375/3212
f 3218/3374/3218 3648/3373/3648 3212/3375/3212 2977/3376/2977
f 3008/3377/3008 3281/3378/3281 3649/3379/3649 3287/3380/3287
f 3281/3378/3281 2954/3381/2954 3223/3382/3223 3649/3379/3649
f 3649/3379/3649 3223/3382/3223 2968/3383/2968 3283/3384/3283
f 3287/3380/3287 3649/3379/3649 3283/3384/3283 3010/3385/3010
f 3009/3386/3009 3282/3387/3282 3650/3388/3650 3286/3389/3286
f 3282/3387/3282 2951/3390/2951 3219/3391/3219 3650/3388/3650
f 3650/3388/3650 3219/3391/3219 2965/3392/2965 3284/3393/3284
f 3286/3389/3286 3650/3388/3650 3284/3393/3284 3011/3394/3011
f 2954/3381/2954 3190/3395/3190 3651/3396/3651 3223/3382/3223
f 3190/3395/3190 2956/3397/2956 3225/3398/3225 3651/3396/3651
f 3651/3396/3651 3225/3398/3225 2970/3399/2970 3205/3400/3205
f 3223/3382/3223 3651/3396/3651 3205/3400/3205 2968/3383/2968
f 2957/3326/2957 3191/3401/3191 3652/3402/3652 3226/3327/3226
f 3191/3401/3191 2955/3403/2955 3224/3404/3224 3652/3402/3652
f 3652/3402/3652 3224/3404/3224 2969/3405/2969 3206/3406/3206
f 3226/3327/3226 3652/3402/3652 3206/3406/3206 2971/3330/2971
f 2960/3346/2960 3195/3407/3195 3653/3408/3653 3199/3409/3199
f 3195/3407/3195 2981/3317/2981 3231/3320/3231 3653/3408/3653
f 3653/3408/3653 3231/3320/3231 2982/3325/2982 3198/3410/3198
f 3199/3409/3199 3653/3408/3653 3198/3410/3198 2962/3411/2962
f 2958/3412/2958 3192/3413/3192 3654/3414/3654 3196/3415/3196
f 3192/3413/3192 2980/3308/2980 3232/3311/3232 3654/3414/3654
f 3654/3414/3654 3232/3311/3232 2981/3316/2981 3195/3416/3195
f 3196/3415/3196 3654/3414/3654 3195/3416/3195 2960/3417/2960
f 2956/3397/2956 3193/3418/3193 3655/3419/3655 3225/3398/3225
f 3193/3418/3193 2958/3342/2958 3213/3345/3213 3655/3419/3655
f 3655/3419/3655 3213/3345/3213 2972/3350/2972 3207/3420/3207
f 3225/3398/3225 3655/3419/3655 3207/3420/3207 2970/3399/2970
f 2954/3421/2954 3293/3422/3293 3656/3423/3656 3190/3424/3190
f 3293/3422/3293 2978/3425/2978 3234/3426/3234 3656/3423/3656
f 3656/3423/3656 3234/3426/3234 2979/3341/2979 3189/3427/3189
f 3190/3424/3190 3656/3423/3656 3189/3427/3189 2956/3428/2956
f 2979/3429/2979 3234/3430/3234 3657/3431/3657 3227/3336/3227
f 3234/3430/3234 2978/3425/2978 3285/3432/3285 3657/3431/3657
f 3657/3431/3657 3285/3432/3285 2955/3403/2955 3191/3433/3191
f 3227/3336/3227 3657/3431/3657 3191/3433/3191 2957/3334/2957
f 2951/3390/2951 3184/3434/3184 3658/3435/3658 3219/3391/3219
f 3184/3434/3184 2953/3436/2953 3220/3437/3220 3658/3435/3658
f 3658/3435/3658 3220/3437/3220 2967/3438/2967 3201/3439/3201
f 3219/3391/3219 3658/3435/3658 3201/3439/3201 2965/3392/2965
f 2990/3440/2990 3247/3441/3247 3659/3442/3659 3246/3443/3246
f 3247/3441/3247 2987/3444/2987 3243/3445/3243 3659/3442/3659
f 3659/3442/3659 3243/3445/3243 2988/3446/2988 3245/3447/3245
f 3246/3443/3246 3659/3442/3659 3245/3447/3245 2989/3448/2989
f 2985/3449/2985 3244/3450/3244 3660/3451/3660 3240/3452/3240
f 3244/3450/3244 2988/3453/2988 3243/3445/3243 3660/3451/3660
f 3660/3451/3660 3243/3445/3243 2987/3444/2987 3242/3454/3242
f 3240/3452/3240 3660/3451/3660 3242/3454/3242 2986/3455/2986
f 2983/3456/2983 3236/3457/3236 3661/3458/3661 3241/3459/3241
f 3236/3457/3236 2984/3460/2984 3239/3461/3239 3661/3458/3661
f 3661/3458/3661 3239/3461/3239 2985/3462/2985 3240/3463/3240
f 3241/3459/3241 3661/3458/3661 3240/3463/3240 2986/3464/2986
f 2984/3465/2984 3238/3466/3238 3662/3467/3662 3248/3468/3248
f 3238/3466/3238 2963/3371/2963 3218/3374/3218 3662/3467/3662
f 3662/3467/3662 3218/3374/3218 2977/3376/2977 3255/3469/3255
f 3248/3468/3248 3662/3467/3662 3255/3469/3255 2991/3470/2991
f 2988/3446/2988 3244/3471/3244 3663/3472/3663 3250/3473/3250
f 3244/3471/3244 2985/3462/2985 3249/3474/3249 3663/3472/3663
f 3663/3472/3663 3249/3474/3249 2992/3475/2992 3253/3476/3253
f 3250/3473/3250 3663/3472/3663 3253/3476/3253 2993/3477/2993
f 2989/3448/2989 3245/3447/3245 3664/3478/3664 3251/3479/3251
f 3245/3447/3245 2988/3446/2988 3250/3473/3250 3664/3478/3664
f 3664/3478/3664 3250/3473/3250 2993/3477/2993 3252/3480/3252
f 3251/3479/3251 3664/3478/3664 3252/3480/3252 2994/3481/2994
f 2990/3440/2990 3246/3482/3246 3665/3483/3665 3263/3484/3263
f 3246/3482/3246 2989/3448/2989 3251/3479/3251 3665/3483/3665
f 3665/3483/3665 3251/3479/3251 2994/3481/2994 3264/3485/3264
f 3263/3484/3263 3665/3483/3665 3264/3485/3264 2999/3486/2999
f 2990/3440/2990 3263/3487/3263 3666/3488/3666 3247/3489/3247
f 3263/3487/3263 2999/3486/2999 3265/3490/3265 3666/3488/3666
f 3666/3488/3666 3265/3490/3265 2995/3491/2995 3256/3492/3256
f 3247/3489/3247 3666/3488/3666 3256/3492/3256 2987/3444/2987
f 2986/3493/2986 3242/3494/3242 3667/3495/3667 3257/3496/3257
f 3242/3494/3242 2987/3444/2987 3256/3497/3256 3667/3495/3667
f 3667/3495/3667 3256/3497/3256 2995/3491/2995 3262/3498/3262
f 3257/3496/3257 3667/3495/3667 3262/3498/3262 2996/3499/2996
f 2983/3500/2983 3241/3501/3241 3668/3502/3668 3258/3503/3258
f 3241/3501/3241 2986/3493/2986 3257/3496/3257 3668/3502/3668
f 3668/3502/3668 3257/3496/3257 2996/3499/2996 3261/3504/3261
f 3258/3503/3258 3668/3502/3668 3261/3504/3261 2997/3505/2997
f 2982/3325/2982 3266/3506/3266 3669/3507/3669 3198/3410/3198
f 3266/3506/3266 3000/3508/3000 3267/3509/3267 3669/3507/3669
f 3669/3507/3669 3267/3509/3267 3001/3510/3001 3268/3511/3268
f 3198/3410/3198 3669/3507/3669 3268/3511/3268 2962/3358/2962
f 2998/3512/2998 3259/3513/3259 3670/3514/3670 3260/3515/3260
f 3259/3513/3259 2982/3325/2982 3237/3516/3237 3670/3514/3670
f 3670/3514/3670 3237/3516/3237 2983/3517/2983 3258/3518/3258
f 3260/3515/3260 3670/3514/3670 3258/3518/3258 2997/3505/2997
f 2985/3462/2985 3239/3519/3239 3671/3520/3671 3249/3474/3249
f 3239/3519/3239 2984/3465/2984 3248/3468/3248 3671/3520/3671
f 3671/3520/3671 3248/3468/3248 2991/3470/2991 3254/3521/3254
f 3249/3474/3249 3671/3520/3671 3254/3521/3254 2992/3475/2992
f 3001/3522/3001 3272/3523/3272 3672/3524/3672 3268/3525/3268
f 3272/3523/3272 3004/3526/3004 3273/3527/3273 3672/3524/3672
f 3672/3524/3672 3273/3527/3273 2976/3360/2976 3217/3359/3217
f 3268/3525/3268 3672/3524/3672 3217/3359/3217 2962/3358/2962
f 3001/3528/3001 3267/3509/3267 3673/3529/3673 3271/3530/3271
f 3267/3509/3267 3000/3531/3000 3269/3532/3269 3673/3529/3673
f 3673/3529/3673 3269/3532/3269 3002/3533/3002 3270/3534/3270
f 3271/3530/3271 3673/3529/3673 3270/3534/3270 3003/3535/3003
f 3000/3531/3000 3266/3536/3266 3674/3537/3674 3276/3538/3276
f 3266/3536/3266 2982/3325/2982 3259/3539/3259 3674/3537/3674
f 3674/3537/3674 3259/3539/3259 2998/3512/2998 3277/3540/3277
f 3276/3538/3276 3674/3537/3674 3277/3540/3277 3006/3541/3006
f 3003/3535/3003 3274/3542/3274 3675/3543/3675 3271/3544/3271
f 3274/3542/3274 3005/3545/3005 3275/3546/3275 3675/3543/3675
f 3675/3543/3675 3275/3546/3275 3004/3526/3004 3272/3523/3272
f 3271/3544/3271 3675/3543/3675 3272/3523/3272 3001/3522/3001
f 3002/3533/3002 3269/3547/3269 3676/3548/3676 3278/3549/3278
f 3269/3547/3269 3000/3531/3000 3276/3538/3276 3676/3548/3676
f 3676/3548/3676 3276/3538/3276 3006/3541/3006 3279/3550/3279
f 3278/3549/3278 3676/3548/3676 3279/3550/3279 3007/3551/3007
f 3002/3533/3002 3278/3552/3278 3677/3553/3677 3270/3554/3270
f 3278/3552/3278 3007/3551/3007 3280/3555/3280 3677/3553/3677
f 3677/3553/3677 3280/3555/3280 3005/3545/3005 3274/3542/3274
f 3270/3554/3270 3677/3553/3677 3274/3542/3274 3003/3535/3003
f 2956/3428/2956 3189/3427/3189 3678/3556/3678 3193/3557/3193
f 3189/3427/3189 2979/3341/2979 3233/3558/3233 3678/3556/3678
f 3678/3556/3678 3233/3558/3233 2980/3308/2980 3192/3413/3192
f 3193/3557/3193 3678/3556/3678 3192/3413/3192 2958/3412/2958
f 2982/3325/2982 3230/3324/3230 3679/3559/3679 3237/3516/3237
f 3230/3324/3230 2963/3323/2963 3238/3466/3238 3679/3559/3679
f 3679/3559/3679 3238/3466/3238 2984/3560/2984 3236/3561/3236
f 3237/3516/3237 3679/3559/3679 3236/3561/3236 2983/3517/2983
f 2955/3403/2955 3188/3562/3188 3680/3563/3680 3224/3404/3224
f 3188/3562/3188 3009/3386/3009 3286/3389/3286 3680/3563/3680
f 3680/3563/3680 3286/3389/3286 3011/3394/3011 3204/3564/3204
f 3224/3404/3224 3680/3563/3680 3204/3564/3204 2969/3405/2969
f 2950/3366/2950 3187/3565/3187 3681/3566/3681 3221/3367/3221
f 3187/3565/3187 3008/3377/3008 3287/3380/3287 3681/3566/3681
f 3681/3566/3681 3287/3380/3287 3010/3385/3010 3203/3567/3203
f 3221/3367/3221 3681/3566/3681 3203/3567/3203 2964/3368/2964
f 3009/3568/3009 3188/3569/3188 3682/3570/3682 3292/3571/3292
f 3188/3569/3188 2955/3403/2955 3285/3572/3285 3682/3570/3682
f 3682/3570/3682 3285/3572/3285 2978/3573/2978 3235/3574/3235
f 3292/3571/3292 3682/3570/3682 3235/3574/3235 3012/3575/3012
f 2952/3576/2952 3289/3577/3289 3683/3578/3683 3185/3579/3185
f 3289/3577/3289 3013/3580/3013 3295/3581/3295 3683/3578/3683
f 3683/3578/3683 3295/3581/3295 3014/3582/3014 3290/3583/3290
f 3185/3579/3185 3683/3578/3683 3290/3583/3290 2950/3584/2950
f 3014/3585/3014 3186/3586/3186 3684/3587/3684 3290/3588/3290
f 3186/3586/3186 3012/3575/3012 3291/3589/3291 3684/3587/3684
f 3684/3587/3684 3291/3589/3291 3008/3590/3008 3187/3591/3187
f 3290/3588/3290 3684/3587/3684 3187/3591/3187 2950/3592/2950
f 3012/3575/3012 3235/3574/3235 3685/3593/3685 3291/3589/3291
f 3235/3574/3235 2978/3573/2978 3293/3594/3293 3685/3593/3685
f 3685/3593/3685 3293/3594/3293 2954/3381/2954 3281/3378/3281
f 3291/3589/3291 3685/3593/3685 3281/3378/3281 3008/3590/3008
f 3012/3595/3012 3186/3596/3186 3686/3597/3686 3292/3598/3292
f 3186/3596/3186 3014/3585/3014 3294/3599/3294 3686/3597/3686
f 3686/3597/3686 3294/3599/3294 2951/3600/2951 3282/3601/3282
f 3292/3598/3292 3686/3597/3686 3282/3601/3282 3009/3602/3009
f 2953/3603/2953 3184/3434/3184 3687/3604/3687 3288/3605/3288
f 3184/3434/3184 2951/3606/2951 3294/3607/3294 3687/3604/3687
f 3687/3604/3687 3294/3607/3294 3014/3585/3014 3295/3608/3295
f 3288/3605/3288 3687/3604/3687 3295/3608/3295 3013/3580/3013
f 3013/3609/3013 3289/3610/3289 3688/3611/3688 3300/3612/3300
f 3289/3610/3289 2952/3613/2952 3301/3614/3301 3688/3611/3688
f 3688/3611/3688 3301/3614/3301 3015/3615/3015 3299/3616/3299
f 3300/3612/3300 3688/3611/3688 3299/3616/3299 3019/3617/3019
f 2952/3613/2952 3222/3365/3222 3689/3618/3689 3301/3614/3301
f 3222/3365/3222 2966/3370/2966 3302/3619/3302 3689/3618/3689
f 3689/3618/3689 3302/3619/3302 3017/3620/3017 3297/3621/3297
f 3301/3614/3301 3689/3618/3689 3297/3621/3297 3015/3622/3015
f 2953/3603/2953 3288/3605/3288 3690/3623/3690 3303/3624/3303
f 3288/3605/3288 3013/3609/3013 3300/3612/3300 3690/3623/3690
f 3690/3623/3690 3300/3612/3300 3019/3617/3019 3298/3625/3298
f 3303/3624/3303 3690/3623/3690 3298/3625/3298 3016/3626/3016
f 2967/3438/2967 3220/3627/3220 3691/3628/3691 3304/3629/3304
f 3220/3627/3220 2953/3630/2953 3303/3624/3303 3691/3628/3691
f 3691/3628/3691 3303/3624/3303 3016/3631/3016 3296/3632/3296
f 3304/3629/3304 3691/3628/3691 3296/3632/3296 3018/3633/3018
f 3015/3622/3015 3297/3621/3297 3692/3634/3692 3309/3635/3309
f 3297/3621/3297 3017/3620/3017 3310/3636/3310 3692/3634/3692
f 3692/3634/3692 3310/3636/3310 3022/3637/3022 3306/3638/3306
f 3309/3635/3309 3692/3634/3692 3306/3638/3306 3020/3639/3020
f 3016/3631/3016 3298/3640/3298 3693/3641/3693 3311/3642/3311
f 3298/3640/3298 3019/3643/3019 3312/3644/3312 3693/3641/3693
f 3693/3641/3693 3312/3644/3312 3024/3645/3024 3307/3646/3307
f 3311/3642/3311 3693/3641/3693 3307/3646/3307 3021/3647/3021
f 3018/3633/3018 3296/3632/3296 3694/3648/3694 3313/3649/3313
f 3296/3632/3296 3016/3631/3016 3311/3642/3311 3694/3648/3694
f 3694/3648/3694 3311/3642/3311 3021/3647/3021 3305/3650/3305
f 3313/3649/3313 3694/3648/3694 3305/3650/3305 3023/3651/3023
f 3019/3643/3019 3299/3652/3299 3695/3653/3695 3312/3644/3312
f 3299/3652/3299 3015/3622/3015 3309/3635/3309 3695/3653/3695
f 3695/3653/3695 3309/3635/3309 3020/3639/3020 3308/3654/3308
f 3312/3644/3312 3695/3653/3695 3308/3654/3308 3024/3645/3024
f 3041/3655/3041 3350/3656/3350 3696/3657/3696 3346/3658/3346
f 3350/3656/3350 3042/3317/3042 3347/3659/3347 3696/3657/3696
f 3696/3657/3696 3347/3659/3347 3036/3321/3036 3327/3660/3327
f 3346/3658/3346 3696/3657/3696 3327/3660/3327 3034/3312/3034
f 3042/3661/3042 3349/3662/3349 3697/3663/3697 3347/3318/3347
f 3349/3662/3349 3043/3664/3043 3348/3324/3348 3697/3663/3697
f 3697/3663/3697 3348/3324/3348 3038/3665/3038 3330/3666/3330
f 3347/3318/3347 3697/3663/3697 3330/3666/3330 3036/3667/3036
f 3032/3326/3032 3324/3329/3324 3698/3328/3698 3344/3668/3344
f 3324/3329/3324 3034/3669/3034 3332/3333/3332 3698/3328/3698
f 3698/3328/3698 3332/3333/3332 2973/3332/2973 3208/3331/3208
f 3344/3668/3344 3698/3328/3698 3208/3331/3208 2971/3330/2971
f 3032/3334/3032 3345/3670/3345 3699/3671/3699 3324/3672/3324
f 3345/3670/3345 3040/3673/3040 3351/3558/3351 3699/3671/3699
f 3699/3671/3699 3351/3558/3351 3041/3308/3041 3346/3674/3346
f 3324/3672/3324 3699/3671/3699 3346/3674/3346 3034/3337/3034
f 3033/3412/3033 3331/3345/3331 3700/3344/3700 3326/3675/3326
f 3331/3345/3331 2972/3350/2972 3209/3349/3209 3700/3344/3700
f 3700/3344/3700 3209/3349/3209 2974/3348/2974 3333/3676/3333
f 3326/3675/3326 3700/3344/3700 3333/3676/3333 3035/3677/3035
f 3036/3667/3036 3334/3678/3334 3701/3679/3701 3327/3680/3327
f 3334/3678/3334 2975/3355/2975 3210/3354/3210 3701/3679/3701
f 3701/3679/3701 3210/3354/3210 2973/3332/2973 3332/3681/3332
f 3327/3680/3327 3701/3679/3701 3332/3681/3332 3034/3682/3034
f 3035/3677/3035 3333/3676/3333 3702/3683/3702 3329/3356/3329
f 3333/3676/3333 2974/3348/2974 3211/3361/3211 3702/3683/3702
f 3702/3683/3702 3211/3361/3211 2976/3360/2976 3335/3684/3335
f 3329/3356/3329 3702/3683/3702 3335/3684/3335 3037/3685/3037
f 3027/3362/3027 3340/3686/3340 3703/3687/3703 3315/3688/3315
f 3340/3686/3340 2966/3370/2966 3202/3369/3202 3703/3687/3703
f 3703/3687/3703 3202/3369/3202 2964/3368/2964 3339/3689/3339
f 3315/3688/3315 3703/3687/3703 3339/3689/3339 3025/3690/3025
f 3038/3691/3038 3336/3692/3336 3704/3693/3704 3330/3372/3330
f 3336/3692/3336 2977/3376/2977 3212/3375/3212 3704/3693/3704
f 3704/3693/3704 3212/3375/3212 2975/3355/2975 3334/3678/3334
f 3330/3372/3330 3704/3693/3704 3334/3678/3334 3036/3667/3036
f 3056/3694/3056 3389/3695/3389 3705/3696/3705 3385/3697/3385
f 3389/3695/3389 3010/3385/3010 3283/3384/3283 3705/3696/3705
f 3705/3696/3705 3283/3384/3283 2968/3383/2968 3341/3698/3341
f 3385/3697/3385 3705/3696/3705 3341/3698/3341 3029/3381/3029
f 3057/3699/3057 3388/3700/3388 3706/3701/3706 3386/3702/3386
f 3388/3700/3388 3011/3394/3011 3284/3393/3284 3706/3701/3706
f 3706/3701/3706 3284/3393/3284 2965/3392/2965 3337/3703/3337
f 3386/3702/3386 3706/3701/3706 3337/3703/3337 3026/3390/3026
f 3029/3381/3029 3341/3698/3341 3707/3704/3707 3320/3395/3320
f 3341/3698/3341 2968/3383/2968 3205/3400/3205 3707/3704/3707
f 3707/3704/3707 3205/3400/3205 2970/3399/2970 3343/3705/3343
f 3320/3395/3320 3707/3704/3707 3343/3705/3343 3031/3706/3031
f 3032/3707/3032 3344/3708/3344 3708/3402/3708 3321/3709/3321
f 3344/3708/3344 2971/3330/2971 3206/3406/3206 3708/3402/3708
f 3708/3402/3708 3206/3406/3206 2969/3405/2969 3342/3710/3342
f 3321/3709/3321 3708/3402/3708 3342/3710/3342 3030/3403/3030
f 3035/3711/3035 3329/3409/3329 3709/3712/3709 3325/3713/3325
f 3329/3409/3329 3037/3714/3037 3328/3715/3328 3709/3712/3709
f 3709/3712/3709 3328/3715/3328 3043/3664/3043 3349/3662/3349
f 3325/3713/3325 3709/3712/3709 3349/3662/3349 3042/3661/3042
f 3033/3716/3033 3326/3717/3326 3710/3718/3710 3322/3719/3322
f 3326/3717/3326 3035/3677/3035 3325/3720/3325 3710/3718/3710
f 3710/3718/3710 3325/3720/3325 3042/3317/3042 3350/3656/3350
f 3322/3719/3322 3710/3718/3710 3350/3656/3350 3041/3655/3041
f 3031/3706/3031 3343/3705/3343 3711/3721/3711 3323/3722/3323
f 3343/3705/3343 2970/3399/2970 3207/3420/3207 3711/3721/3711
f 3711/3721/3711 3207/3420/3207 2972/3350/2972 3331/3345/3331
f 3323/3722/3323 3711/3721/3711 3331/3345/3331 3033/3412/3033
f 3029/3421/3029 3320/3723/3320 3712/3724/3712 3395/3725/3395
f 3320/3723/3320 3031/3397/3031 3319/3427/3319 3712/3724/3712
f 3712/3724/3712 3319/3427/3319 3040/3726/3040 3352/3727/3352
f 3395/3725/3395 3712/3724/3712 3352/3727/3352 3039/3425/3039
f 3040/3726/3040 3345/3728/3345 3713/3729/3713 3352/3730/3352
f 3345/3728/3345 3032/3334/3032 3321/3401/3321 3713/3729/3713
f 3713/3729/3713 3321/3401/3321 3030/3731/3030 3387/3432/3387
f 3352/3730/3352 3713/3729/3713 3387/3432/3387 3039/3425/3039
f 3026/3390/3026 3337/3703/3337 3714/3732/3714 3314/3733/3314
f 3337/3703/3337 2965/3392/2965 3201/3439/3201 3714/3732/3714
f 3714/3732/3714 3201/3439/3201 2967/3438/2967 3338/3734/3338
f 3314/3733/3314 3714/3732/3714 3338/3734/3338 3028/3735/3028
f 3051/3736/3051 3364/3737/3364 3715/3738/3715 3365/3441/3365
f 3364/3737/3364 3050/3739/3050 3363/3447/3363 3715/3738/3715
f 3715/3738/3715 3363/3447/3363 3049/3740/3049 3361/3445/3361
f 3365/3441/3365 3715/3738/3715 3361/3445/3361 3048/3741/3048
f 3046/3449/3046 3358/3742/3358 3716/3743/3716 3362/3450/3362
f 3358/3742/3358 3047/3464/3047 3360/3454/3360 3716/3743/3716
f 3716/3743/3716 3360/3454/3360 3048/3741/3048 3361/3445/3361
f 3362/3450/3362 3716/3743/3716 3361/3445/3361 3049/3453/3049
f 3044/3744/3044 3359/3745/3359 3717/3458/3717 3354/3746/3354
f 3359/3745/3359 3047/3747/3047 3358/3742/3358 3717/3458/3717
f 3717/3458/3717 3358/3742/3358 3046/3748/3046 3357/3749/3357
f 3354/3746/3354 3717/3458/3717 3357/3749/3357 3045/3460/3045
f 3045/3460/3045 3366/3750/3366 3718/3751/3718 3356/3466/3356
f 3366/3750/3366 2991/3470/2991 3255/3469/3255 3718/3751/3718
f 3718/3751/3718 3255/3469/3255 2977/3376/2977 3336/3692/3336
f 3356/3466/3356 3718/3751/3718 3336/3692/3336 3038/3691/3038
f 3049/3740/3049 3368/3752/3368 3719/3753/3719 3362/3754/3362
f 3368/3752/3368 2993/3477/2993 3253/3476/3253 3719/3753/3719
f 3719/3753/3719 3253/3476/3253 2992/3475/2992 3367/3474/3367
f 3362/3754/3362 3719/3753/3719 3367/3474/3367 3046/3755/3046
f 3050/3739/3050 3369/3479/3369 3720/3756/3720 3363/3447/3363
f 3369/3479/3369 2994/3481/2994 3252/3480/3252 3720/3756/3720
f 3720/3756/3720 3252/3480/3252 2993/3477/2993 3368/3752/3368
f 3363/3447/3363 3720/3756/3720 3368/3752/3368 3049/3740/3049
f 3051/3736/3051 3374/3757/3374 3721/3758/3721 3364/3759/3364
f 3374/3757/3374 2999/3486/2999 3264/3485/3264 3721/3758/3721
f 3721/3758/3721 3264/3485/3264 2994/3481/2994 3369/3479/3369
f 3364/3759/3364 3721/3758/3721 3369/3479/3369 3050/3739/3050
f 3051/3736/3051 3365/3489/3365 3722/3488/3722 3374/3757/3374
f 3365/3489/3365 3048/3741/3048 3370/3497/3370 3722/3488/3722
f 3722/3488/3722 3370/3497/3370 2995/3491/2995 3265/3490/3265
f 3374/3757/3374 3722/3488/3722 3265/3490/3265 2999/3486/2999
f 3047/3455/3047 3371/3496/3371 3723/3760/3723 3360/3761/3360
f 3371/3496/3371 2996/3499/2996 3262/3498/3262 3723/3760/3723
f 3723/3760/3723 3262/3498/3262 2995/3491/2995 3370/3497/3370
f 3360/3761/3360 3723/3760/3723 3370/3497/3370 3048/3741/3048
f 3044/3517/3044 3372/3503/3372 3724/3502/3724 3359/3459/3359
f 3372/3503/3372 2997/3505/2997 3261/3504/3261 3724/3502/3724
f 3724/3502/3724 3261/3504/3261 2996/3499/2996 3371/3496/3371
f 3359/3459/3359 3724/3502/3724 3371/3496/3371 3047/3455/3047
f 3043/3664/3043 3328/3410/3328 3725/3507/3725 3375/3762/3375
f 3328/3410/3328 3037/3685/3037 3377/3511/3377 3725/3507/3725
f 3725/3507/3725 3377/3511/3377 3053/3763/3053 3376/3509/3376
f 3375/3762/3375 3725/3507/3725 3376/3509/3376 3052/3764/3052
f 2998/3512/2998 3260/3515/3260 3726/3765/3726 3373/3766/3373
f 3260/3515/3260 2997/3505/2997 3372/3518/3372 3726/3765/3726
f 3726/3765/3726 3372/3518/3372 3044/3517/3044 3355/3767/3355
f 3373/3766/3373 3726/3765/3726 3355/3767/3355 3043/3664/3043
f 3046/3755/3046 3367/3474/3367 3727/3768/3727 3357/3519/3357
f 3367/3474/3367 2992/3475/2992 3254/3521/3254 3727/3768/3727
f 3727/3768/3727 3254/3521/3254 2991/3470/2991 3366/3750/3366
f 3357/3519/3357 3727/3768/3727 3366/3750/3366 3045/3460/3045
f 3053/3763/3053 3377/3511/3377 3728/3769/3728 3381/3770/3381
f 3377/3511/3377 3037/3358/3037 3335/3359/3335 3728/3769/3728
f 3728/3769/3728 3335/3359/3335 2976/3360/2976 3273/3527/3273
f 3381/3770/3381 3728/3769/3728 3273/3527/3273 3004/3526/3004
f 3053/3522/3053 3380/3544/3380 3729/3771/3729 3376/3509/3376
f 3380/3544/3380 3055/3772/3055 3379/3534/3379 3729/3771/3729
f 3729/3771/3729 3379/3534/3379 3054/3773/3054 3378/3774/3378
f 3376/3509/3376 3729/3771/3729 3378/3774/3378 3052/3775/3052
f 3052/3775/3052 3383/3776/3383 3730/3777/3730 3375/3778/3375
f 3383/3776/3383 3006/3541/3006 3277/3540/3277 3730/3777/3730
f 3730/3777/3730 3277/3540/3277 2998/3512/2998 3373/3539/3373
f 3375/3778/3375 3730/3777/3730 3373/3539/3373 3043/3664/3043
f 3055/3772/3055 3380/3530/3380 3731/3779/3731 3382/3780/3382
f 3380/3530/3380 3053/3763/3053 3381/3770/3381 3731/3779/3731
f 3731/3779/3731 3381/3770/3381 3004/3526/3004 3275/3546/3275
f 3382/3780/3382 3731/3779/3731 3275/3546/3275 3005/3545/3005
f 3054/3773/3054 3384/3781/3384 3732/3548/3732 3378/3782/3378
f 3384/3781/3384 3007/3551/3007 3279/3550/3279 3732/3548/3732
f 3732/3548/3732 3279/3550/3279 3006/3541/3006 3383/3776/3383
f 3378/3782/3378 3732/3548/3732 3383/3776/3383 3052/3775/3052
f 3054/3773/3054 3379/3783/3379 3733/3784/3733 3384/3781/3384
f 3379/3783/3379 3055/3772/3055 3382/3780/3382 3733/3784/3733
f 3733/3784/3733 3382/3780/3382 3005/3545/3005 3280/3555/3280
f 3384/3781/3384 3733/3784/3733 3280/3555/3280 3007/3551/3007
f 3031/3397/3031 3323/3785/3323 3734/3786/3734 3319/3427/3319
f 3323/3785/3323 3033/3716/3033 3322/3719/3322 3734/3786/3734
f 3734/3786/3734 3322/3719/3322 3041/3655/3041 3351/3558/3351
f 3319/3427/3319 3734/3786/3734 3351/3558/3351 3040/3726/3040
f 3043/3664/3043 3355/3767/3355 3735/3787/3735 3348/3324/3348
f 3355/3767/3355 3044/3517/3044 3354/3788/3354 3735/3787/3735
f 3735/3787/3735 3354/3788/3354 3045/3789/3045 3356/3466/3356
f 3348/3324/3348 3735/3787/3735 3356/3466/3356 3038/3665/3038
f 3030/3403/3030 3342/3710/3342 3736/3790/3736 3318/3569/3318
f 3342/3710/3342 2969/3405/2969 3204/3564/3204 3736/3790/3736
f 3736/3790/3736 3204/3564/3204 3011/3394/3011 3388/3700/3388
f 3318/3569/3318 3736/3790/3736 3388/3700/3388 3057/3699/3057
f 3025/3690/3025 3339/3689/3339 3737/3566/3737 3317/3791/3317
f 3339/3689/3339 2964/3368/2964 3203/3567/3203 3737/3566/3737
f 3737/3566/3737 3203/3567/3203 3010/3385/3010 3389/3695/3389
f 3317/3791/3317 3737/3566/3737 3389/3695/3389 3056/3694/3056
f 3057/3568/3057 3394/3598/3394 3738/3792/3738 3318/3569/3318
f 3394/3598/3394 3058/3793/3058 3353/3794/3353 3738/3792/3738
f 3738/3792/3738 3353/3794/3353 3039/3795/3039 3387/3572/3387
f 3318/3569/3318 3738/3792/3738 3387/3572/3387 3030/3796/3030
f 3027/3613/3027 3315/3797/3315 3739/3798/3739 3391/3799/3391
f 3315/3797/3315 3025/3584/3025 3392/3800/3392 3739/3798/3739
f 3739/3798/3739 3392/3800/3392 3060/3801/3060 3397/3608/3397
f 3391/3799/3391 3739/3798/3739 3397/3608/3397 3059/3580/3059
f 3060/3582/3060 3392/3802/3392 3740/3803/3740 3316/3596/3316
f 3392/3802/3392 3025/3592/3025 3317/3791/3317 3740/3803/3740
f 3740/3803/3740 3317/3791/3317 3056/3804/3056 3393/3805/3393
f 3316/3596/3316 3740/3803/3740 3393/3805/3393 3058/3793/3058
f 3058/3793/3058 3393/3805/3393 3741/3806/3741 3353/3794/3353
f 3393/3805/3393 3056/3804/3056 3385/3807/3385 3741/3806/3741
f 3741/3806/3741 3385/3807/3385 3029/3421/3029 3395/3594/3395
f 3353/3794/3353 3741/3806/3741 3395/3594/3395 3039/3795/3039
f 3058/3808/3058 3394/3598/3394 3742/3809/3742 3316/3810/3316
f 3394/3598/3394 3057/3602/3057 3386/3811/3386 3742/3809/3742
f 3742/3809/3742 3386/3811/3386 3026/3600/3026 3396/3812/3396
f 3316/3810/3316 3742/3809/3742 3396/3812/3396 3060/3582/3060
f 3028/3735/3028 3390/3813/3390 3743/3814/3743 3314/3434/3314
f 3390/3813/3390 3059/3580/3059 3397/3581/3397 3743/3814/3743
f 3743/3814/3743 3397/3581/3397 3060/3582/3060 3396/3815/3396
f 3314/3434/3314 3743/3814/3743 3396/3815/3396 3026/3606/3026
f 3059/3609/3059 3402/3816/3402 3744/3611/3744 3391/3817/3391
f 3402/3816/3402 3063/3818/3063 3401/3652/3401 3744/3611/3744
f 3744/3611/3744 3401/3652/3401 3061/3819/3061 3403/3820/3403
f 3391/3817/3391 3744/3611/3744 3403/3820/3403 3027/3613/3027
f 3027/3613/3027 3403/3821/3403 3745/3822/3745 3340/3686/3340
f 3403/3821/3403 3061/3622/3061 3399/3823/3399 3745/3822/3745
f 3745/3822/3745 3399/3823/3399 3017/3620/3017 3302/3619/3302
f 3340/3686/3340 3745/3822/3745 3302/3619/3302 2966/3370/2966
f 3028/3436/3028 3404/3824/3404 3746/3825/3746 3390/3826/3390
f 3404/3824/3404 3062/3631/3062 3400/3827/3400 3746/3825/3746
f 3746/3825/3746 3400/3827/3400 3063/3818/3063 3402/3816/3402
f 3390/3826/3390 3746/3825/3746 3402/3816/3402 3059/3609/3059
f 2967/3438/2967 3304/3629/3304 3747/3628/3747 3338/3627/3338
f 3304/3629/3304 3018/3633/3018 3398/3828/3398 3747/3628/3747
f 3747/3628/3747 3398/3828/3398 3062/3631/3062 3404/3829/3404
f 3338/3627/3338 3747/3628/3747 3404/3829/3404 3028/3830/3028
f 3061/3622/3061 3409/3831/3409 3748/3634/3748 3399/3823/3399
f 3409/3831/3409 3064/3639/3064 3406/3638/3406 3748/3634/3748
f 3748/3634/3748 3406/3638/3406 3022/3637/3022 3310/3636/3310
f 3399/3823/3399 3748/3634/3748 3310/3636/3310 3017/3620/3017
f 3062/3631/3062 3410/3832/3410 3749/3641/3749 3400/3640/3400
f 3410/3832/3410 3065/3647/3065 3407/3646/3407 3749/3641/3749
f 3749/3641/3749 3407/3646/3407 3066/3645/3066 3411/3833/3411
f 3400/3640/3400 3749/3641/3749 3411/3833/3411 3063/3834/3063
f 3018/3633/3018 3313/3649/3313 3750/3835/3750 3398/3828/3398
f 3313/3649/3313 3023/3651/3023 3405/3650/3405 3750/3835/3750
f 3750/3835/3750 3405/3650/3405 3065/3647/3065 3410/3832/3410
f 3398/3828/3398 3750/3835/3750 3410/3832/3410 3062/3631/3062
f 3063/3834/3063 3411/3833/3411 3751/3836/3751 3401/3616/3401
f 3411/3833/3411 3066/3645/3066 3408/3654/3408 3751/3836/3751
f 3751/3836/3751 3408/3654/3408 3064/3639/3064 3409/3831/3409
f 3401/3616/3401 3751/3836/3751 3409/3831/3409 3061/3622/3061
f 3097/3655/3097 3460/3656/3460 3752/3657/3752 3456/3658/3456
f 3460/3656/3460 3098/3317/3098 3457/3659/3457 3752/3657/3752
f 3752/3657/3752 3457/3659/3457 3078/3321/3078 3425/3660/3425
f 3456/3658/3456 3752/3657/3752 3425/3660/3425 3076/3312/3076
f 3098/3661/3098 3459/3662/3459 3753/3663/3753 3457/3318/3457
f 3459/3662/3459 3099/3664/3099 3458/3324/3458 3753/3663/3753
f 3753/3663/3753 3458/3324/3458 3080/3665/3080 3428/3666/3428
f 3457/3318/3457 3753/3663/3753 3428/3666/3428 3078/3667/3078
f 3074/3326/3074 3422/3329/3422 3754/3328/3754 3454/3668/3454
f 3422/3329/3422 3076/3669/3076 3442/3333/3442 3754/3328/3754
f 3754/3328/3754 3442/3333/3442 3090/3332/3090 3436/3331/3436
f 3454/3668/3454 3754/3328/3754 3436/3331/3436 3088/3330/3088
f 3074/3334/3074 3455/3670/3455 3755/3671/3755 3422/3672/3422
f 3455/3670/3455 3096/3673/3096 3461/3558/3461 3755/3671/3755
f 3755/3671/3755 3461/3558/3461 3097/3308/3097 3456/3674/3456
f 3422/3672/3422 3755/3671/3755 3456/3674/3456 3076/3337/3076
f 3075/3412/3075 3441/3345/3441 3756/3344/3756 3424/3675/3424
f 3441/3345/3441 3089/3350/3089 3437/3349/3437 3756/3344/3756
f 3756/3344/3756 3437/3349/3437 3091/3348/3091 3443/3676/3443
f 3424/3675/3424 3756/3344/3756 3443/3676/3443 3077/3677/3077
f 3078/3667/3078 3444/3678/3444 3757/3679/3757 3425/3680/3425
f 3444/3678/3444 3092/3355/3092 3438/3354/3438 3757/3679/3757
f 3757/3679/3757 3438/3354/3438 3090/3332/3090 3442/3681/3442
f 3425/3680/3425 3757/3679/3757 3442/3681/3442 3076/3682/3076
f 3077/3677/3077 3443/3676/3443 3758/3683/3758 3427/3356/3427
f 3443/3676/3443 3091/3348/3091 3439/3361/3439 3758/3683/3758
f 3758/3683/3758 3439/3361/3439 3093/3360/3093 3445/3684/3445
f 3427/3356/3427 3758/3683/3758 3445/3684/3445 3079/3685/3079
f 3069/3362/3069 3450/3686/3450 3759/3687/3759 3413/3688/3413
f 3450/3686/3450 3083/3370/3083 3430/3369/3430 3759/3687/3759
f 3759/3687/3759 3430/3369/3430 3081/3368/3081 3449/3689/3449
f 3413/3688/3413 3759/3687/3759 3449/3689/3449 3067/3690/3067
f 3080/3691/3080 3446/3692/3446 3760/3693/3760 3428/3372/3428
f 3446/3692/3446 3094/3376/3094 3440/3375/3440 3760/3693/3760
f 3760/3693/3760 3440/3375/3440 3092/3355/3092 3444/3678/3444
f 3428/3372/3428 3760/3693/3760 3444/3678/3444 3078/3667/3078
f 3125/3694/3125 3515/3695/3515 3761/3696/3761 3509/3697/3509
f 3515/3695/3515 3127/3385/3127 3511/3384/3511 3761/3696/3761
f 3761/3696/3761 3511/3384/3511 3085/3383/3085 3451/3698/3451
f 3509/3697/3509 3761/3696/3761 3451/3698/3451 3071/3381/3071
f 3126/3699/3126 3514/3700/3514 3762/3701/3762 3510/3702/3510
f 3514/3700/3514 3128/3394/3128 3512/3393/3512 3762/3701/3762
f 3762/3701/3762 3512/3393/3512 3082/3392/3082 3447/3703/3447
f 3510/3702/3510 3762/3701/3762 3447/3703/3447 3068/3390/3068
f 3071/3381/3071 3451/3698/3451 3763/3704/3763 3418/3395/3418
f 3451/3698/3451 3085/3383/3085 3433/3400/3433 3763/3704/3763
f 3763/3704/3763 3433/3400/3433 3087/3399/3087 3453/3705/3453
f 3418/3395/3418 3763/3704/3763 3453/3705/3453 3073/3706/3073
f 3074/3707/3074 3454/3708/3454 3764/3402/3764 3419/3709/3419
f 3454/3708/3454 3088/3330/3088 3434/3406/3434 3764/3402/3764
f 3764/3402/3764 3434/3406/3434 3086/3405/3086 3452/3710/3452
f 3419/3709/3419 3764/3402/3764 3452/3710/3452 3072/3403/3072
f 3077/3711/3077 3427/3409/3427 3765/3712/3765 3423/3713/3423
f 3427/3409/3427 3079/3714/3079 3426/3715/3426 3765/3712/3765
f 3765/3712/3765 3426/3715/3426 3099/3664/3099 3459/3662/3459
f 3423/3713/3423 3765/3712/3765 3459/3662/3459 3098/3661/3098
f 3075/3716/3075 3424/3717/3424 3766/3718/3766 3420/3719/3420
f 3424/3717/3424 3077/3677/3077 3423/3720/3423 3766/3718/3766
f 3766/3718/3766 3423/3720/3423 3098/3317/3098 3460/3656/3460
f 3420/3719/3420 3766/3718/3766 3460/3656/3460 3097/3655/3097
f 3073/3706/3073 3453/3705/3453 3767/3721/3767 3421/3722/3421
f 3453/3705/3453 3087/3399/3087 3435/3420/3435 3767/3721/3767
f 3767/3721/3767 3435/3420/3435 3089/3350/3089 3441/3345/3441
f 3421/3722/3421 3767/3721/3767 3441/3345/3441 3075/3412/3075
f 3071/3421/3071 3418/3723/3418 3768/3724/3768 3521/3725/3521
f 3418/3723/3418 3073/3397/3073 3417/3427/3417 3768/3724/3768
f 3768/3724/3768 3417/3427/3417 3096/3726/3096 3462/3727/3462
f 3521/3725/3521 3768/3724/3768 3462/3727/3462 3095/3425/3095
f 3096/3726/3096 3455/3728/3455 3769/3729/3769 3462/3730/3462
f 3455/3728/3455 3074/3334/3074 3419/3401/3419 3769/3729/3769
f 3769/3729/3769 3419/3401/3419 3072/3731/3072 3513/3432/3513
f 3462/3730/3462 3769/3729/3769 3513/3432/3513 3095/3425/3095
f 3068/3390/3068 3447/3703/3447 3770/3732/3770 3412/3733/3412
f 3447/3703/3447 3082/3392/3082 3429/3439/3429 3770/3732/3770
f 3770/3732/3770 3429/3439/3429 3084/3438/3084 3448/3734/3448
f 3412/3733/3412 3770/3732/3770 3448/3734/3448 3070/3735/3070
f 3107/3736/3107 3474/3737/3474 3771/3738/3771 3475/3441/3475
f 3474/3737/3474 3106/3739/3106 3473/3447/3473 3771/3738/3771
f 3771/3738/3771 3473/3447/3473 3105/3740/3105 3471/3445/3471
f 3475/3441/3475 3771/3738/3771 3471/3445/3471 3104/3741/3104
f 3102/3449/3102 3468/3742/3468 3772/3743/3772 3472/3450/3472
f 3468/3742/3468 3103/3464/3103 3470/3454/3470 3772/3743/3772
f 3772/3743/3772 3470/3454/3470 3104/3741/3104 3471/3445/3471
f 3472/3450/3472 3772/3743/3772 3471/3445/3471 3105/3453/3105
f 3100/3744/3100 3469/3745/3469 3773/3458/3773 3464/3746/3464
f 3469/3745/3469 3103/3747/3103 3468/3742/3468 3773/3458/3773
f 3773/3458/3773 3468/3742/3468 3102/3748/3102 3467/3749/3467
f 3464/3746/3464 3773/3458/3773 3467/3749/3467 3101/3460/3101
f 3101/3460/3101 3476/3750/3476 3774/3751/3774 3466/3466/3466
f 3476/3750/3476 3108/3470/3108 3483/3469/3483 3774/3751/3774
f 3774/3751/3774 3483/3469/3483 3094/3376/3094 3446/3692/3446
f 3466/3466/3466 3774/3751/3774 3446/3692/3446 3080/3691/3080
f 3105/3740/3105 3478/3752/3478 3775/3753/3775 3472/3754/3472
f 3478/3752/3478 3110/3477/3110 3481/3476/3481 3775/3753/3775
f 3775/3753/3775 3481/3476/3481 3109/3475/3109 3477/3474/3477
f 3472/3754/3472 3775/3753/3775 3477/3474/3477 3102/3755/3102
f 3106/3739/3106 3479/3479/3479 3776/3756/3776 3473/3447/3473
f 3479/3479/3479 3111/3481/3111 3480/3480/3480 3776/3756/3776
f 3776/3756/3776 3480/3480/3480 3110/3477/3110 3478/3752/3478
f 3473/3447/3473 3776/3756/3776 3478/3752/3478 3105/3740/3105
f 3107/3736/3107 3491/3757/3491 3777/3758/3777 3474/3759/3474
f 3491/3757/3491 3116/3486/3116 3492/3485/3492 3777/3758/3777
f 3777/3758/3777 3492/3485/3492 3111/3481/3111 3479/3479/3479
f 3474/3759/3474 3777/3758/3777 3479/3479/3479 3106/3739/3106
f 3107/3736/3107 3475/3489/3475 3778/3488/3778 3491/3757/3491
f 3475/3489/3475 3104/3741/3104 3484/3497/3484 3778/3488/3778
f 3778/3488/3778 3484/3497/3484 3112/3491/3112 3493/3490/3493
f 3491/3757/3491 3778/3488/3778 3493/3490/3493 3116/3486/3116
f 3103/3455/3103 3485/3496/3485 3779/3760/3779 3470/3761/3470
f 3485/3496/3485 3113/3499/3113 3490/3498/3490 3779/3760/3779
f 3779/3760/3779 3490/3498/3490 3112/3491/3112 3484/3497/3484
f 3470/3761/3470 3779/3760/3779 3484/3497/3484 3104/3741/3104
f 3100/3517/3100 3486/3503/3486 3780/3502/3780 3469/3459/3469
f 3486/3503/3486 3114/3505/3114 3489/3504/3489 3780/3502/3780
f 3780/3502/3780 3489/3504/3489 3113/3499/3113 3485/3496/3485
f 3469/3459/3469 3780/3502/3780 3485/3496/3485 3103/3455/3103
f 3099/3664/3099 3426/3410/3426 3781/3507/3781 3494/3762/3494
f 3426/3410/3426 3079/3685/3079 3496/3511/3496 3781/3507/3781
f 3781/3507/3781 3496/3511/3496 3118/3763/3118 3495/3509/3495
f 3494/3762/3494 3781/3507/3781 3495/3509/3495 3117/3764/3117
f 3115/3512/3115 3488/3515/3488 3782/3765/3782 3487/3766/3487
f 3488/3515/3488 3114/3505/3114 3486/3518/3486 3782/3765/3782
f 3782/3765/3782 3486/3518/3486 3100/3517/3100 3465/3767/3465
f 3487/3766/3487 3782/3765/3782 3465/3767/3465 3099/3664/3099
f 3102/3755/3102 3477/3474/3477 3783/3768/3783 3467/3519/3467
f 3477/3474/3477 3109/3475/3109 3482/3521/3482 3783/3768/3783
f 3783/3768/3783 3482/3521/3482 3108/3470/3108 3476/3750/3476
f 3467/3519/3467 3783/3768/3783 3476/3750/3476 3101/3460/3101
f 3118/3763/3118 3496/3511/3496 3784/3769/3784 3500/3770/3500
f 3496/3511/3496 3079/3358/3079 3445/3359/3445 3784/3769/3784
f 3784/3769/3784 3445/3359/3445 3093/3360/3093 3501/3527/3501
f 3500/3770/3500 3784/3769/3784 3501/3527/3501 3121/3526/3121
f 3118/3522/3118 3499/3544/3499 3785/3771/3785 3495/3509/3495
f 3499/3544/3499 3120/3772/3120 3498/3534/3498 3785/3771/3785
f 3785/3771/3785 3498/3534/3498 3119/3773/3119 3497/3774/3497
f 3495/3509/3495 3785/3771/3785 3497/3774/3497 3117/3775/3117
f 3117/3775/3117 3504/3776/3504 3786/3777/3786 3494/3778/3494
f 3504/3776/3504 3123/3541/3123 3505/3540/3505 3786/3777/3786
f 3786/3777/3786 3505/3540/3505 3115/3512/3115 3487/3539/3487
f 3494/3778/3494 3786/3777/3786 3487/3539/3487 3099/3664/3099
f 3120/3772/3120 3499/3530/3499 3787/3779/3787 3502/3780/3502
f 3499/3530/3499 3118/3763/3118 3500/3770/3500 3787/3779/3787
f 3787/3779/3787 3500/3770/3500 3121/3526/3121 3503/3546/3503
f 3502/3780/3502 3787/3779/3787 3503/3546/3503 3122/3545/3122
f 3119/3773/3119 3506/3781/3506 3788/3548/3788 3497/3782/3497
f 3506/3781/3506 3124/3551/3124 3507/3550/3507 3788/3548/3788
f 3788/3548/3788 3507/3550/3507 3123/3541/3123 3504/3776/3504
f 3497/3782/3497 3788/3548/3788 3504/3776/3504 3117/3775/3117
f 3119/3773/3119 3498/3783/3498 3789/3784/3789 3506/3781/3506
f 3498/3783/3498 3120/3772/3120 3502/3780/3502 3789/3784/3789
f 3789/3784/3789 3502/3780/3502 3122/3545/3122 3508/3555/3508
f 3506/3781/3506 3789/3784/3789 3508/3555/3508 3124/3551/3124
f 3073/3397/3073 3421/3785/3421 3790/3786/3790 3417/3427/3417
f 3421/3785/3421 3075/3716/3075 3420/3719/3420 3790/3786/3790
f 3790/3786/3790 3420/3719/3420 3097/3655/3097 3461/3558/3461
f 3417/3427/3417 3790/3786/3790 3461/3558/3461 3096/3726/3096
f 3099/3664/3099 3465/3767/3465 3791/3787/3791 3458/3324/3458
f 3465/3767/3465 3100/3517/3100 3464/3788/3464 3791/3787/3791
f 3791/3787/3791 3464/3788/3464 3101/3789/3101 3466/3466/3466
f 3458/3324/3458 3791/3787/3791 3466/3466/3466 3080/3665/3080
f 3072/3403/3072 3452/3710/3452 3792/3790/3792 3416/3569/3416
f 3452/3710/3452 3086/3405/3086 3432/3564/3432 3792/3790/3792
f 3792/3790/3792 3432/3564/3432 3128/3394/3128 3514/3700/3514
f 3416/3569/3416 3792/3790/3792 3514/3700/3514 3126/3699/3126
f 3067/3690/3067 3449/3689/3449 3793/3566/3793 3415/3791/3415
f 3449/3689/3449 3081/3368/3081 3431/3567/3431 3793/3566/3793
f 3793/3566/3793 3431/3567/3431 3127/3385/3127 3515/3695/3515
f 3415/3791/3415 3793/3566/3793 3515/3695/3515 3125/3694/3125
f 3126/3568/3126 3520/3598/3520 3794/3792/3794 3416/3569/3416
f 3520/3598/3520 3129/3793/3129 3463/3794/3463 3794/3792/3794
f 3794/3792/3794 3463/3794/3463 3095/3795/3095 3513/3572/3513
f 3416/3569/3416 3794/3792/3794 3513/3572/3513 3072/3796/3072
f 3069/3613/3069 3413/3797/3413 3795/3798/3795 3517/3799/3517
f 3413/3797/3413 3067/3584/3067 3518/3800/3518 3795/3798/3795
f 3795/3798/3795 3518/3800/3518 3131/3801/3131 3523/3608/3523
f 3517/3799/3517 3795/3798/3795 3523/3608/3523 3130/3580/3130
f 3131/3582/3131 3518/3802/3518 3796/3803/3796 3414/3596/3414
f 3518/3802/3518 3067/3592/3067 3415/3791/3415 3796/3803/3796
f 3796/3803/3796 3415/3791/3415 3125/3804/3125 3519/3805/3519
f 3414/3596/3414 3796/3803/3796 3519/3805/3519 3129/3793/3129
f 3129/3793/3129 3519/3805/3519 3797/3806/3797 3463/3794/3463
f 3519/3805/3519 3125/3804/3125 3509/3807/3509 3797/3806/3797
f 3797/3806/3797 3509/3807/3509 3071/3421/3071 3521/3594/3521
f 3463/3794/3463 3797/3806/3797 3521/3594/3521 3095/3795/3095
f 3129/3808/3129 3520/3598/3520 3798/3809/3798 3414/3810/3414
f 3520/3598/3520 3126/3602/3126 3510/3811/3510 3798/3809/3798
f 3798/3809/3798 3510/3811/3510 3068/3600/3068 3522/3812/3522
f 3414/3810/3414 3798/3809/3798 3522/3812/3522 3131/3582/3131
f 3070/3735/3070 3516/3813/3516 3799/3814/3799 3412/3434/3412
f 3516/3813/3516 3130/3580/3130 3523/3581/3523 3799/3814/3799
f 3799/3814/3799 3523/3581/3523 3131/3582/3131 3522/3815/3522
f 3412/3434/3412 3799/3814/3799 3522/3815/3522 3068/3606/3068
f 3130/3609/3130 3528/3816/3528 3800/3611/3800 3517/3817/3517
f 3528/3816/3528 3136/3818/3136 3527/3652/3527 3800/3611/3800
f 3800/3611/3800 3527/3652/3527 3132/3819/3132 3529/3820/3529
f 3517/3817/3517 3800/3611/3800 3529/3820/3529 3069/3613/3069
f 3069/3613/3069 3529/3821/3529 3801/3822/3801 3450/3686/3450
f 3529/3821/3529 3132/3622/3132 3525/3823/3525 3801/3822/3801
f 3801/3822/3801 3525/3823/3525 3134/3620/3134 3530/3619/3530
f 3450/3686/3450 3801/3822/3801 3530/3619/3530 3083/3370/3083
f 3070/3436/3070 3531/3824/3531 3802/3825/3802 3516/3826/3516
f 3531/3824/3531 3133/3631/3133 3526/3827/3526 3802/3825/3802
f 3802/3825/3802 3526/3827/3526 3136/3818/3136 3528/3816/3528
f 3516/3826/3516 3802/3825/3802 3528/3816/3528 3130/3609/3130
f 3084/3438/3084 3532/3629/3532 3803/3628/3803 3448/3627/3448
f 3532/3629/3532 3135/3633/3135 3524/3828/3524 3803/3628/3803
f 3803/3628/3803 3524/3828/3524 3133/3631/3133 3531/3829/3531
f 3448/3627/3448 3803/3628/3803 3531/3829/3531 3070/3830/3070
f 3132/3622/3132 3537/3831/3537 3804/3634/3804 3525/3823/3525
f 3537/3831/3537 3137/3639/3137 3534/3638/3534 3804/3634/3804
f 3804/3634/3804 3534/3638/3534 3139/3637/3139 3538/3636/3538
f 3525/3823/3525 3804/3634/3804 3538/3636/3538 3134/3620/3134
f 3133/3631/3133 3539/3832/3539 3805/3641/3805 3526/3640/3526
f 3539/3832/3539 3138/3647/3138 3535/3646/3535 3805/3641/3805
f 3805/3641/3805 3535/3646/3535 3141/3645/3141 3540/3833/3540
f 3526/3640/3526 3805/3641/3805 3540/3833/3540 3136/3834/3136
f 3135/3633/3135 3541/3649/3541 3806/3835/3806 3524/3828/3524
f 3541/3649/3541 3140/3651/3140 3533/3650/3533 3806/3835/3806
f 3806/3835/3806 3533/3650/3533 3138/3647/3138 3539/3832/3539
f 3524/3828/3524 3806/3835/3806 3539/3832/3539 3133/3631/3133
f 3136/3834/3136 3540/3833/3540 3807/3836/3807 3527/3616/3527
f 3540/3833/3540 3141/3645/3141 3536/3654/3536 3807/3836/3807
f 3807/3836/3807 3536/3654/3536 3137/3639/3137 3537/3831/3537
f 3527/3616/3527 3807/3836/3807 3537/3831/3537 3132/3622/3132
f 3158/3308/3158 3574/3309/3574 3808/3310/3808 3578/3311/3578
f 3574/3309/3574 3151/3312/3151 3555/3313/3555 3808/3310/3808
f 3808/3310/3808 3555/3313/3555 3153/3314/3153 3575/3315/3575
f 3578/3311/3578 3808/3310/3808 3575/3315/3575 3159/3316/3159
f 3159/3317/3159 3575/3318/3575 3809/3319/3809 3577/3320/3577
f 3575/3318/3575 3153/3321/3153 3558/3322/3558 3809/3319/3809
f 3809/3319/3809 3558/3322/3558 3155/3323/3155 3576/3324/3576
f 3577/3320/3577 3809/3319/3809 3576/3324/3576 3160/3325/3160
f 3149/3326/3149 3572/3327/3572 3810/3328/3810 3552/3329/3552
f 3572/3327/3572 3088/3330/3088 3436/3331/3436 3810/3328/3810
f 3810/3328/3810 3436/3331/3436 3090/3332/3090 3560/3333/3560
f 3552/3329/3552 3810/3328/3810 3560/3333/3560 3151/3312/3151
f 3149/3334/3149 3552/3329/3552 3811/3335/3811 3573/3336/3573
f 3552/3329/3552 3151/3337/3151 3574/3338/3574 3811/3335/3811
f 3811/3335/3811 3574/3338/3574 3158/3339/3158 3579/3340/3579
f 3573/3336/3573 3811/3335/3811 3579/3340/3579 3157/3341/3157
f 3150/3342/3150 3554/3343/3554 3812/3344/3812 3559/3345/3559
f 3554/3343/3554 3152/3346/3152 3561/3347/3561 3812/3344/3812
f 3812/3344/3812 3561/3347/3561 3091/3348/3091 3437/3349/3437
f 3559/3345/3559 3812/3344/3812 3437/3349/3437 3089/3350/3089
f 3153/3321/3153 3555/3313/3555 3813/3351/3813 3562/3352/3562
f 3555/3313/3555 3151/3312/3151 3560/3353/3560 3813/3351/3813
f 3813/3351/3813 3560/3353/3560 3090/3332/3090 3438/3354/3438
f 3562/3352/3562 3813/3351/3813 3438/3354/3438 3092/3355/3092
f 3152/3346/3152 3557/3356/3557 3814/3357/3814 3561/3347/3561
f 3557/3356/3557 3154/3358/3154 3563/3359/3563 3814/3357/3814
f 3814/3357/3814 3563/3359/3563 3093/3360/3093 3439/3361/3439
f 3561/3347/3561 3814/3357/3814 3439/3361/3439 3091/3348/3091
f 3144/3362/3144 3543/3363/3543 3815/3364/3815 3568/3365/3568
f 3543/3363/3543 3142/3366/3142 3567/3367/3567 3815/3364/3815
f 3815/3364/3815 3567/3367/3567 3081/3368/3081 3430/3369/3430
f 3568/3365/3568 3815/3364/3815 3430/3369/3430 3083/3370/3083
f 3155/3371/3155 3558/3372/3558 3816/3373/3816 3564/3374/3564
f 3558/3372/3558 3153/3321/3153 3562/3352/3562 3816/3373/3816
f 3816/3373/3816 3562/3352/3562 3092/3355/3092 3440/3375/3440
f 3564/3374/3564 3816/3373/3816 3440/3375/3440 3094/3376/3094
f 3173/3377/3173 3613/3378/3613 3817/3379/3817 3617/3380/3617
f 3613/3378/3613 3146/3381/3146 3569/3382/3569 3817/3379/3817
f 3817/3379/3817 3569/3382/3569 3085/3383/3085 3511/3384/3511
f 3617/3380/3617 3817/3379/3817 3511/3384/3511 3127/3385/3127
f 3174/3386/3174 3614/3387/3614 3818/3388/3818 3616/3389/3616
f 3614/3387/3614 3143/3390/3143 3565/3391/3565 3818/3388/3818
f 3818/3388/3818 3565/3391/3565 3082/3392/3082 3512/3393/3512
f 3616/3389/3616 3818/3388/3818 3512/3393/3512 3128/3394/3128
f 3146/3381/3146 3548/3395/3548 3819/3396/3819 3569/3382/3569
f 3548/3395/3548 3148/3397/3148 3571/3398/3571 3819/3396/3819
f 3819/3396/3819 3571/3398/3571 3087/3399/3087 3433/3400/3433
f 3569/3382/3569 3819/3396/3819 3433/3400/3433 3085/3383/3085
f 3149/3326/3149 3549/3401/3549 3820/3402/3820 3572/3327/3572
f 3549/3401/3549 3147/3403/3147 3570/3404/3570 3820/3402/3820
f 3820/3402/3820 3570/3404/3570 3086/3405/3086 3434/3406/3434
f 3572/3327/3572 3820/3402/3820 3434/3406/3434 3088/3330/3088
f 3152/3346/3152 3553/3407/3553 3821/3408/3821 3557/3409/3557
f 3553/3407/3553 3159/3317/3159 3577/3320/3577 3821/3408/3821
f 3821/3408/3821 3577/3320/3577 3160/3325/3160 3556/3410/3556
f 3557/3409/3557 3821/3408/3821 3556/3410/3556 3154/3411/3154
f 3150/3412/3150 3550/3413/3550 3822/3414/3822 3554/3415/3554
f 3550/3413/3550 3158/3308/3158 3578/3311/3578 3822/3414/3822
f 3822/3414/3822 3578/3311/3578 3159/3316/3159 3553/3416/3553
f 3554/3415/3554 3822/3414/3822 3553/3416/3553 3152/3417/3152
f 3148/3397/3148 3551/3418/3551 3823/3419/3823 3571/3398/3571
f 3551/3418/3551 3150/3342/3150 3559/3345/3559 3823/3419/3823
f 3823/3419/3823 3559/3345/3559 3089/3350/3089 3435/3420/3435
f 3571/3398/3571 3823/3419/3823 3435/3420/3435 3087/3399/3087
f 3146/3421/3146 3623/3422/3623 3824/3423/3824 3548/3424/3548
f 3623/3422/3623 3156/3425/3156 3580/3426/3580 3824/3423/3824
f 3824/3423/3824 3580/3426/3580 3157/3341/3157 3547/3427/3547
f 3548/3424/3548 3824/3423/3824 3547/3427/3547 3148/3428/3148
f 3157/3429/3157 3580/3430/3580 3825/3431/3825 3573/3336/3573
f 3580/3430/3580 3156/3425/3156 3615/3432/3615 3825/3431/3825
f 3825/3431/3825 3615/3432/3615 3147/3403/3147 3549/3433/3549
f 3573/3336/3573 3825/3431/3825 3549/3433/3549 3149/3334/3149
f 3143/3390/3143 3542/3434/3542 3826/3435/3826 3565/3391/3565
f 3542/3434/3542 3145/3436/3145 3566/3437/3566 3826/3435/3826
f 3826/3435/3826 3566/3437/3566 3084/3438/3084 3429/3439/3429
f 3565/3391/3565 3826/3435/3826 3429/3439/3429 3082/3392/3082
f 3168/3440/3168 3593/3441/3593 3827/3442/3827 3592/3443/3592
f 3593/3441/3593 3165/3444/3165 3589/3445/3589 3827/3442/3827
f 3827/3442/3827 3589/3445/3589 3166/3446/3166 3591/3447/3591
f 3592/3443/3592 3827/3442/3827 3591/3447/3591 3167/3448/3167
f 3163/3449/3163 3590/3450/3590 3828/3451/3828 3586/3452/3586
f 3590/3450/3590 3166/3453/3166 3589/3445/3589 3828/3451/3828
f 3828/3451/3828 3589/3445/3589 3165/3444/3165 3588/3454/3588
f 3586/3452/3586 3828/3451/3828 3588/3454/3588 3164/3455/3164
f 3161/3456/3161 3582/3457/3582 3829/3458/3829 3587/3459/3587
f 3582/3457/3582 3162/3460/3162 3585/3461/3585 3829/3458/3829
f 3829/3458/3829 3585/3461/3585 3163/3462/3163 3586/3463/3586
f 3587/3459/3587 3829/3458/3829 3586/3463/3586 3164/3464/3164
f 3162/3465/3162 3584/3466/3584 3830/3467/3830 3594/3468/3594
f 3584/3466/3584 3155/3371/3155 3564/3374/3564 3830/3467/3830
f 3830/3467/3830 3564/3374/3564 3094/3376/3094 3483/3469/3483
f 3594/3468/3594 3830/3467/3830 3483/3469/3483 3108/3470/3108
f 3166/3446/3166 3590/3471/3590 3831/3472/3831 3596/3473/3596
f 3590/3471/3590 3163/3462/3163 3595/3474/3595 3831/3472/3831
f 3831/3472/3831 3595/3474/3595 3109/3475/3109 3481/3476/3481
f 3596/3473/3596 3831/3472/3831 3481/3476/3481 3110/3477/3110
f 3167/3448/3167 3591/3447/3591 3832/3478/3832 3597/3479/3597
f 3591/3447/3591 3166/3446/3166 3596/3473/3596 3832/3478/3832
f 3832/3478/3832 3596/3473/3596 3110/3477/3110 3480/3480/3480
f 3597/3479/3597 3832/3478/3832 3480/3480/3480 3111/3481/3111
f 3168/3440/3168 3592/3482/3592 3833/3483/3833 3602/3484/3602
f 3592/3482/3592 3167/3448/3167 3597/3479/3597 3833/3483/3833
f 3833/3483/3833 3597/3479/3597 3111/3481/3111 3492/3485/3492
f 3602/3484/3602 3833/3483/3833 3492/3485/3492 3116/3486/3116
f 3168/3440/3168 3602/3487/3602 3834/3488/3834 3593/3489/3593
f 3602/3487/3602 3116/3486/3116 3493/3490/3493 3834/3488/3834
f 3834/3488/3834 3493/3490/3493 3112/3491/3112 3598/3492/3598
f 3593/3489/3593 3834/3488/3834 3598/3492/3598 3165/3444/3165
f 3164/3493/3164 3588/3494/3588 3835/3495/3835 3599/3496/3599
f 3588/3494/3588 3165/3444/3165 3598/3497/3598 3835/3495/3835
f 3835/3495/3835 3598/3497/3598 3112/3491/3112 3490/3498/3490
f 3599/3496/3599 3835/3495/3835 3490/3498/3490 3113/3499/3113
f 3161/3500/3161 3587/3501/3587 3836/3502/3836 3600/3503/3600
f 3587/3501/3587 3164/3493/3164 3599/3496/3599 3836/3502/3836
f 3836/3502/3836 3599/3496/3599 3113/3499/3113 3489/3504/3489
f 3600/3503/3600 3836/3502/3836 3489/3504/3489 3114/3505/3114
f 3160/3325/3160 3603/3506/3603 3837/3507/3837 3556/3410/3556
f 3603/3506/3603 3169/3508/3169 3604/3509/3604 3837/3507/3837
f 3837/3507/3837 3604/3509/3604 3170/3510/3170 3605/3511/3605
f 3556/3410/3556 3837/3507/3837 3605/3511/3605 3154/3358/3154
f 3115/3512/3115 3601/3513/3601 3838/3514/3838 3488/3515/3488
f 3601/3513/3601 3160/3325/3160 3583/3516/3583 3838/3514/3838
f 3838/3514/3838 3583/3516/3583 3161/3517/3161 3600/3518/3600
f 3488/3515/3488 3838/3514/3838 3600/3518/3600 3114/3505/3114
f 3163/3462/3163 3585/3519/3585 3839/3520/3839 3595/3474/3595
f 3585/3519/3585 3162/3465/3162 3594/3468/3594 3839/3520/3839
f 3839/3520/3839 3594/3468/3594 3108/3470/3108 3482/3521/3482
f 3595/3474/3595 3839/3520/3839 3482/3521/3482 3109/3475/3109
f 3170/3522/3170 3609/3523/3609 3840/3524/3840 3605/3525/3605
f 3609/3523/3609 3121/3526/3121 3501/3527/3501 3840/3524/3840
f 3840/3524/3840 3501/3527/3501 3093/3360/3093 3563/3359/3563
f 3605/3525/3605 3840/3524/3840 3563/3359/3563 3154/3358/3154
f 3170/3528/3170 3604/3509/3604 3841/3529/3841 3608/3530/3608
f 3604/3509/3604 3169/3531/3169 3606/3532/3606 3841/3529/3841
f 3841/3529/3841 3606/3532/3606 3171/3533/3171 3607/3534/3607
f 3608/3530/3608 3841/3529/3841 3607/3534/3607 3172/3535/3172
f 3169/3531/3169 3603/3536/3603 3842/3537/3842 3611/3538/3611
f 3603/3536/3603 3160/3325/3160 3601/3539/3601 3842/3537/3842
f 3842/3537/3842 3601/3539/3601 3115/3512/3115 3505/3540/3505
f 3611/3538/3611 3842/3537/3842 3505/3540/3505 3123/3541/3123
f 3172/3535/3172 3610/3542/3610 3843/3543/3843 3608/3544/3608
f 3610/3542/3610 3122/3545/3122 3503/3546/3503 3843/3543/3843
f 3843/3543/3843 3503/3546/3503 3121/3526/3121 3609/3523/3609
f 3608/3544/3608 3843/3543/3843 3609/3523/3609 3170/3522/3170
f 3171/3533/3171 3606/3547/3606 3844/3548/3844 3612/3549/3612
f 3606/3547/3606 3169/3531/3169 3611/3538/3611 3844/3548/3844
f 3844/3548/3844 3611/3538/3611 3123/3541/3123 3507/3550/3507
f 3612/3549/3612 3844/3548/3844 3507/3550/3507 3124/3551/3124
f 3171/3533/3171 3612/3552/3612 3845/3553/3845 3607/3554/3607
f 3612/3552/3612 3124/3551/3124 3508/3555/3508 3845/3553/3845
f 3845/3553/3845 3508/3555/3508 3122/3545/3122 3610/3542/3610
f 3607/3554/3607 3845/3553/3845 3610/3542/3610 3172/3535/3172
f 3148/3428/3148 3547/3427/3547 3846/3556/3846 3551/3557/3551
f 3547/3427/3547 3157/3341/3157 3579/3558/3579 3846/3556/3846
f 3846/3556/3846 3579/3558/3579 3158/3308/3158 3550/3413/3550
f 3551/3557/3551 3846/3556/3846 3550/3413/3550 3150/3412/3150
f 3160/3325/3160 3576/3324/3576 3847/3559/3847 3583/3516/3583
f 3576/3324/3576 3155/3323/3155 3584/3466/3584 3847/3559/3847
f 3847/3559/3847 3584/3466/3584 3162/3560/3162 3582/3561/3582
f 3583/3516/3583 3847/3559/3847 3582/3561/3582 3161/3517/3161
f 3147/3403/3147 3546/3562/3546 3848/3563/3848 3570/3404/3570
f 3546/3562/3546 3174/3386/3174 3616/3389/3616 3848/3563/3848
f 3848/3563/3848 3616/3389/3616 3128/3394/3128 3432/3564/3432
f 3570/3404/3570 3848/3563/3848 3432/3564/3432 3086/3405/3086
f 3142/3366/3142 3545/3565/3545 3849/3566/3849 3567/3367/3567
f 3545/3565/3545 3173/3377/3173 3617/3380/3617 3849/3566/3849
f 3849/3566/3849 3617/3380/3617 3127/3385/3127 3431/3567/3431
f 3567/3367/3567 3849/3566/3849 3431/3567/3431 3081/3368/3081
f 3174/3568/3174 3546/3569/3546 3850/3570/3850 3622/3571/3622
f 3546/3569/3546 3147/3403/3147 3615/3572/3615 3850/3570/3850
f 3850/3570/3850 3615/3572/3615 3156/3573/3156 3581/3574/3581
f 3622/3571/3622 3850/3570/3850 3581/3574/3581 3175/3575/3175
f 3144/3576/3144 3619/3577/3619 3851/3578/3851 3543/3579/3543
f 3619/3577/3619 3176/3580/3176 3625/3581/3625 3851/3578/3851
f 3851/3578/3851 3625/3581/3625 3177/3582/3177 3620/3583/3620
f 3543/3579/3543 3851/3578/3851 3620/3583/3620 3142/3584/3142
f 3177/3585/3177 3544/3586/3544 3852/3587/3852 3620/3588/3620
f 3544/3586/3544 3175/3575/3175 3621/3589/3621 3852/3587/3852
f 3852/3587/3852 3621/3589/3621 3173/3590/3173 3545/3591/3545
f 3620/3588/3620 3852/3587/3852 3545/3591/3545 3142/3592/3142
f 3175/3575/3175 3581/3574/3581 3853/3593/3853 3621/3589/3621
f 3581/3574/3581 3156/3573/3156 3623/3594/3623 3853/3593/3853
f 3853/3593/3853 3623/3594/3623 3146/3381/3146 3613/3378/3613
f 3621/3589/3621 3853/3593/3853 3613/3378/3613 3173/3590/3173
f 3175/3595/3175 3544/3596/3544 3854/3597/3854 3622/3598/3622
f 3544/3596/3544 3177/3585/3177 3624/3599/3624 3854/3597/3854
f 3854/3597/3854 3624/3599/3624 3143/3600/3143 3614/3601/3614
f 3622/3598/3622 3854/3597/3854 3614/3601/3614 3174/3602/3174
f 3145/3603/3145 3542/3434/3542 3855/3604/3855 3618/3605/3618
f 3542/3434/3542 3143/3606/3143 3624/3607/3624 3855/3604/3855
f 3855/3604/3855 3624/3607/3624 3177/3585/3177 3625/3608/3625
f 3618/3605/3618 3855/3604/3855 3625/3608/3625 3176/3580/3176
f 3176/3609/3176 3619/3610/3619 3856/3611/3856 3630/3612/3630
f 3619/3610/3619 3144/3613/3144 3631/3614/3631 3856/3611/3856
f 3856/3611/3856 3631/3614/3631 3178/3615/3178 3629/3616/3629
f 3630/3612/3630 3856/3611/3856 3629/3616/3629 3180/3617/3180
f 3144/3613/3144 3568/3365/3568 3857/3618/3857 3631/3614/3631
f 3568/3365/3568 3083/3370/3083 3530/3619/3530 3857/3618/3857
f 3857/3618/3857 3530/3619/3530 3134/3620/3134 3627/3621/3627
f 3631/3614/3631 3857/3618/3857 3627/3621/3627 3178/3622/3178
f 3145/3603/3145 3618/3605/3618 3858/3623/3858 3632/3624/3632
f 3618/3605/3618 3176/3609/3176 3630/3612/3630 3858/3623/3858
f 3858/3623/3858 3630/3612/3630 3180/3617/3180 3628/3625/3628
f 3632/3624/3632 3858/3623/3858 3628/3625/3628 3179/3626/3179
f 3084/3438/3084 3566/3627/3566 3859/3628/3859 3532/3629/3532
f 3566/3627/3566 3145/3630/3145 3632/3624/3632 3859/3628/3859
f 3859/3628/3859 3632/3624/3632 3179/3631/3179 3626/3632/3626
f 3532/3629/3532 3859/3628/3859 3626/3632/3626 3135/3633/3135
f 3178/3622/3178 3627/3621/3627 3860/3634/3860 3637/3635/3637
f 3627/3621/3627 3134/3620/3134 3538/3636/3538 3860/3634/3860
f 3860/3634/3860 3538/3636/3538 3139/3637/3139 3634/3638/3634
f 3637/3635/3637 3860/3634/3860 3634/3638/3634 3181/3639/3181
f 3179/3631/3179 3628/3640/3628 3861/3641/3861 3638/3642/3638
f 3628/3640/3628 3180/3643/3180 3639/3644/3639 3861/3641/3861
f 3861/3641/3861 3639/3644/3639 3183/3645/3183 3635/3646/3635
f 3638/3642/3638 3861/3641/3861 3635/3646/3635 3182/3647/3182
f 3135/3633/3135 3626/3632/3626 3862/3648/3862 3541/3649/3541
f 3626/3632/3626 3179/3631/3179 3638/3642/3638 3862/3648/3862
f 3862/3648/3862 3638/3642/3638 3182/3647/3182 3633/3650/3633
f 3541/3649/3541 3862/3648/3862 3633/3650/3633 3140/3651/3140
f 3180/3643/3180 3629/3652/3629 3863/3653/3863 3639/3644/3639
f 3629/3652/3629 3178/3622/3178 3637/3635/3637 3863/3653/3863
f 3863/3653/3863 3637/3635/3637 3181/3639/3181 3636/3654/3636
f 3639/3644/3639 3863/3653/3863 3636/3654/3636 3183/3645/3183
